id,Expression,theta,size,MSE_train,MSE_val,MSE_test,R2_train,R2_val,R2_test,nll_train,nll_val,nll_test,mdl_train,mdl_val,mdl_test
0,(Abs((Abs((x23 - (Abs(x0) ^ x14))) ^ Recip((Recip((x14 - x27)) / (Abs((Abs(x2) ^ (Abs(Recip(((x13 + (Abs((x23 - (Abs(x0) ^ x28))) ^ x16)) / x9))) ^ x16))) ^ (x14 - (Abs(x10) ^ (Abs(x25) ^ ((Abs(x3) ^ (Recip(x27) + x26)) - (x13 + -0.7265980371013102)))))))))) ^ ((Abs(x2) ^ (Abs(Recip(((x13 + ((x23 + ((Abs(x2) ^ (Abs(((Abs(x17) ^ x26) / x5)) ^ x25)) * 63.09358205094672)) / x7)) / x9))) ^ x16)) * 123.07087237530953)),-0.7265980371013102;63.09358205094672;123.07087237530953,88,1.011556841268586e-2,1.011556841268586e-2,0.5858221411574652,0.9595377263492566,0.9595377263492566,-29.474467783010173,1.011556841268586e-2,1.011556841268586e-2,0.5858221411574652,225.76569911531146,225.76569911531146,226.34140568805626
