id,Expression,theta,size,MSE_train,MSE_val,MSE_test,R2_train,R2_val,R2_test,nll_train,nll_val,nll_test,mdl_train,mdl_val,mdl_test
0,(Abs(x5) ^ (((((((x17 * (x17 * ((42.96179255905842 * x12) * Recip(x3)))) * (Abs(x7) ^ Recip(Recip(x0)))) + x7) * (x17 * 1.3679674159909039)) * (Abs(Recip((Recip((x3 / (x22 * x24))) - (Abs((Abs(x15) ^ x12)) ^ (x12 - (Abs((Abs(x5) ^ (x12 * 29.40332828338446))) ^ x27)))))) ^ 49.0778227040656)) * (Abs(((x29 + x20) + (x22 / Recip((Recip((x28 + (x17 * ((x1 * -2.3405398046903247) * x22)))) + x25))))) ^ Recip(Recip(x28)))) + x7)),42.96179255905842;1.3679674159909039;29.40332828338446;49.0778227040656;-2.3405398046903247,82,0.12423061351774436,0.12423061351774436,Infinity,0.5030775459290225,0.5030775459290225,-Infinity,0.12423061351774436,0.12423061351774436,Infinity,228.86137216203312,228.86137216203312,Infinity
