id,Expression,theta,size,MSE_train,MSE_val,MSE_test,R2_train,R2_val,R2_test,nll_train,nll_val,nll_test,mdl_train,mdl_val,mdl_test
0,((((Abs((0.14926172175122038 - x21)) ^ (Abs(-0.3011549155057768) ^ (x5 * ((x27 * Recip(((Abs((x25 - x26)) ^ x10) * (x15 * (Abs(((((Recip((Abs((x1 - (0.9810187881010303 - x30))) ^ x27)) - x30) + ((-0.6139272402616394 - x30) - x30)) / (x15 + x24)) - (Recip((x1 - (Recip((Abs(-4.607064707147902e-3) ^ x27)) - x30))) + (0.6141218736288955 / (Recip((Abs(-4.226621208591648e-3) ^ x25)) * Recip((x11 * x11))))))) ^ Recip(((Abs(x0) ^ -0.8870574474653112) / (Recip(x14) / x26)))))))) * (x7 / x4))))) + 0.8930130329545477) - x30) - (Abs(x27) ^ x27)),0.14926172175122038;-0.3011549155057768;0.9810187881010303;-0.6139272402616394;-4.607064707147902e-3;0.6141218736288955;-4.226621208591648e-3;-0.8870574474653112;0.8930130329545477,92,6.654328625075792e-2,6.654328625075792e-2,0.16127212117018766,0.7338268549969683,0.7338268549969683,-7.389375743272842,6.654328625075792e-2,6.654328625075792e-2,0.16127212117018766,256.623066914991,256.623066914991,256.71779574991047
