id,Expression,theta,size,MSE_train,MSE_val,MSE_test,R2_train,R2_val,R2_test,nll_train,nll_val,nll_test,mdl_train,mdl_val,mdl_test
0,Recip((Recip(((-0.8296100661278344 + x22) + ((Abs(x22) ^ x5) + Recip((((x5 * x2) * (Abs((((x5 * x2) * (Abs(x21) ^ x22)) + Recip((((Abs((x18 - x5)) ^ 0.490018256021133) * (x20 / (((Abs((x18 / x16)) ^ (x25 + (Abs((Abs(x16) ^ x23)) ^ x3))) / (Abs((((x20 + x11) + x29) * (x8 + x2))) ^ x18)) - x21))) / (Abs((x18 - x5)) ^ x10))))) ^ (x10 * 12.769622650167317))) / (Abs(((Abs((((((Abs(x9) ^ x2) / x5) / x19) * x23) + x5)) ^ x25) / x16)) ^ -1.7894464075593286)))))) + (x13 + Recip(((x5 * (x13 / x15)) / (Abs(x4) ^ 0.27836036315837404)))))),-0.8296100661278344;0.490018256021133;12.769622650167317;-1.7894464075593286;0.27836036315837404,111,6.1007178737500015e-2,6.1007178737500015e-2,NaN,0.75597128505,0.75597128505,NaN,6.1007178737500015e-2,6.1007178737500015e-2,NaN,319.35446790484275,319.35446790484275,NaN
