id,Expression,theta,size,MSE_train,MSE_val,MSE_test,R2_train,R2_val,R2_test,nll_train,nll_val,nll_test,mdl_train,mdl_val,mdl_test
0,(Recip(((Abs((((Abs(((Abs((0.635232605663286 * x27)) ^ x23) * Recip((((x0 - x7) + x9) + 0.7307725309910437)))) ^ ((((Abs(x8) ^ x26) + x28) / x11) / x27)) + x6) + ((((x5 / (Abs(x24) ^ x25)) / x11) * x26) + x20))) ^ x21) + (Abs((x27 * x26)) ^ x23))) - ((Recip((Recip(((-0.430360829774048 * x27) + 8.889073273801618e-2)) * x30)) - Recip(Recip(((x27 - (x21 * Recip((Recip((x4 + 0.37860985619278836)) * (Abs(((((Abs(x8) ^ x26) + x8) / x11) * -0.9742865266435263)) ^ x21))))) - x3)))) + -0.7477756924381359)),0.635232605663286;0.7307725309910437;-0.430360829774048;8.889073273801618e-2;0.37860985619278836;-0.9742865266435263;-0.7477756924381359,93,0.1119146554718818,0.1119146554718818,0.3923164945056666,0.5523413781124729,0.5523413781124729,-19.408304044183996,0.1119146554718818,0.1119146554718818,0.3923164945056666,273.71635976926893,273.71635976926893,273.99676160830273
