id,Expression,theta,size,MSE_train,MSE_val,MSE_test,R2_train,R2_val,R2_test,nll_train,nll_val,nll_test,mdl_train,mdl_val,mdl_test
0,Recip((Recip((Abs(((((x24 * x10) * x13) + (x9 * -0.6098160227115574)) / (x25 - x13))) ^ (((x21 + -0.991357661691828) + ((Abs(x23) ^ x26) + x18)) + Recip((Recip((Abs((x30 / (x29 - (x11 * x12)))) ^ (x18 + -1.2079428470008364))) * (((x19 * x3) + x22) / x29)))))) - (((x21 + 0.6863120001318926) + (x18 - x7)) - (Abs((x9 / x21)) ^ (x24 * x10))))),-0.6098160227115574;-0.991357661691828;-1.2079428470008364;0.6863120001318926,67,6.527165670635163e-2,6.527165670635163e-2,0.1943661139701759,0.7389133731745935,0.7389133731745935,-9.110925248728163,6.527165670635163e-2,6.527165670635163e-2,0.1943661139701759,200.28266296862694,200.28266296862694,200.41175742589076
