id,Expression,theta,size,MSE_train,MSE_val,MSE_test,R2_train,R2_val,R2_test,nll_train,nll_val,nll_test,mdl_train,mdl_val,mdl_test
0,(Abs(((Recip(Recip(x26)) / Recip((Recip((x13 + (x8 / x13))) + -14.62224481704739))) / Recip(((Recip((x13 + (x25 / ((x23 - x24) * x1)))) + (Abs(x2) ^ 72.64227416090677)) / (((x23 - x24) * Recip((Abs(x23) ^ x26))) * x20))))) ^ ((((-220.35944188281124 * x21) * Recip(((Abs((x27 + x6)) ^ x17) / x4))) / (Abs((Abs(Recip(x9)) ^ x15)) ^ (Abs(-25.051026734217228) ^ ((-42.66300883000558 * x11) + (Abs(x28) ^ x5))))) / ((x13 + x1) + (Recip(((Abs((x6 + (Abs((x27 / x4)) ^ ((-90.35068395476856 * x11) + (Abs(x14) ^ x5))))) ^ x28) * x4)) + x15)))),-14.62224481704739;72.64227416090677;-220.35944188281124;-25.051026734217228;-42.66300883000558;-90.35068395476856,104,7.494101564000846e-2,7.494101564000846e-2,2.8091355730996298e20,0.7002359374399661,0.7002359374399661,-1.4613123251263716e22,7.494101564000846e-2,7.494101564000846e-2,2.8091355730996298e20,306.58776955404267,306.58776955404267,2.8091355730996298e20
