id,Expression,theta,size,MSE_train,MSE_val,MSE_test,R2_train,R2_val,R2_test,nll_train,nll_val,nll_test,mdl_train,mdl_val,mdl_test
0,(Abs((x29 * x12)) ^ (Abs((Abs(((x9 - (x15 - ((((x16 * x29) - x2) - (((x24 - x5) * x21) / x21)) - x29))) / Recip(((Abs((((Recip(((x30 / x25) / (x15 * Recip((x16 * x13))))) / (Abs(x24) ^ ((x9 - (((x12 - x5) * x30) / x21)) * (x12 - x5)))) * ((x4 - x8) - Recip(Recip((x1 / x27))))) + ((((x12 - x5) * x5) / x21) * x25))) ^ x24) + (x9 * 28.887211834256707))))) ^ (x29 - x24))) ^ -14.050903306924598)),28.887211834256707;-14.050903306924598,89,1.4951862118208996e-2,1.4951862118208996e-2,7.822644921244545e-2,0.940192551527164,0.940192551527164,-3.0693398880312577,1.4951862118208996e-2,1.4951862118208996e-2,7.822644921244545e-2,263.3964660001668,263.3964660001668,263.459740587261
