id,Expression,theta,size,MSE_train,MSE_val,MSE_test,R2_train,R2_val,R2_test,nll_train,nll_val,nll_test,mdl_train,mdl_val,mdl_test
0,(Abs((Abs((Abs(x26) ^ (Abs((x14 / (5.8785901426920105e-3 + x21))) ^ x4))) ^ (Abs((x14 / (x22 + (x5 + (x2 + (9.109757378337921 / ((x18 / x14) + (((Recip(((-5.6374947638282e-2 / x22) + -0.19405702512839076)) / (Recip((x4 + 0.3918818757045219)) / ((x23 / x19) * (x22 - x18)))) + Recip(((-0.8402781554850556 / ((Abs(((x28 + x15) + Recip(x21))) ^ x14) / x14)) + x7))) + x25)))))))) ^ (((Recip((x17 + x9)) - x0) * x5) / x14)))) ^ (Abs((Recip((((Recip((x17 + x26)) - x0) / x14) + (x20 - x29))) - x14)) ^ x23)),5.8785901426920105e-3;9.109757378337921;-5.6374947638282e-2;-0.19405702512839076;0.3918818757045219;-0.8402781554850556,97,5.509291845375425e-2,5.509291845375425e-2,0.5464992095628742,0.779628326184983,0.779628326184983,-27.428888881459635,5.509291845375425e-2,5.509291845375425e-2,0.5464992095628742,293.2837813403871,293.2837813403871,293.77518763149624
