id,Expression,theta,size,MSE_train,MSE_val,MSE_test,R2_train,R2_val,R2_test,nll_train,nll_val,nll_test,mdl_train,mdl_val,mdl_test
0,((-2.106056784995541 - (x0 * -15.53095341196203)) + (Abs(Recip(((x0 - (Abs(Recip(((x0 - (Recip(x1) + ((Recip(Recip(Recip(x3))) + (Abs((x25 / (x15 * -0.6432901302403994))) ^ (Abs(x17) ^ (x7 / x17)))) * x8))) - (((x17 - x5) + x20) + Recip(x9))))) ^ (Abs(x12) ^ x28))) - (((x24 / Recip((Recip(x5) + Recip(Recip((x7 - x12)))))) + (x0 + (x18 + -0.48258826484827944))) + x3)))) ^ x9)),-2.106056784995541;-15.53095341196203;-0.6432901302403994;-0.48258826484827944,73,0.10485203529643547,0.10485203529643547,0.3307950994073594,0.5805918588142581,0.5805918588142581,-16.20796107117018,0.10485203529643547,0.10485203529643547,0.3307950994073594,210.2957388636619,210.2957388636619,210.52168192777285
