id,Expression,theta,size,MSE_train,MSE_val,MSE_test,R2_train,R2_val,R2_test,nll_train,nll_val,nll_test,mdl_train,mdl_val,mdl_test
0,Recip((x13 - ((((x17 * (x28 * (Abs((Abs(x18) ^ (Abs(x22) ^ x15))) ^ (Abs((((x9 * x3) * (x2 / (x15 + x19))) / x9)) ^ x11)))) - (Abs(x27) ^ ((x26 * x14) * ((Abs(x15) ^ -0.7465933436702432) - (Recip(x13) + (11.11474179803675 * (Abs((Abs(x0) ^ (x2 + x30))) ^ x13))))))) - Recip(x22)) / ((x26 * x14) * ((Abs(x15) ^ -1.056341529444769) - (Recip(x13) + (18.33654674128488 * (Abs((Abs(x0) ^ (x2 + x30))) ^ x13)))))))),-0.7465933436702432;11.11474179803675;-1.056341529444769;18.33654674128488,84,9.43761493156562e-3,9.43761493156562e-3,5.700959590876827e-3,0.9622495402737375,0.9622495402737375,0.7034360820825989,9.43761493156562e-3,9.43761493156562e-3,5.700959590876827e-3,228.9005153777595,228.9005153777595,228.89677872241882
