id,Expression,theta,size,MSE_train,MSE_val,MSE_test,R2_train,R2_val,R2_test,nll_train,nll_val,nll_test,mdl_train,mdl_val,mdl_test
0,(Abs(Recip(Recip(x20))) ^ (Abs(((Recip((x19 * (Abs((Abs((x26 * x11)) ^ -0.2384351525834806)) ^ x9))) * (((Recip(x1) * ((((Abs((((Abs(x24) ^ x27) + x7) + x1)) ^ (((x10 - x30) / (x27 / x30)) - (Abs(x1) ^ Recip(((0.39275310608356473 / x20) * x25))))) * ((x24 / x20) * x25)) / x20) * x25)) * -2.275983126582202) * x25)) / (x20 + x20))) ^ (Abs((((Abs(x24) ^ x27) + x7) + (Abs((Abs(x20) ^ -1.2684640491379895)) ^ Recip((Abs(Recip((x6 - x13))) ^ x23))))) ^ (((Recip((x28 + x1)) * 2.6796385438316537) + x25) - (Abs(x1) ^ Recip((Abs(x13) ^ x30))))))),-0.2384351525834806;0.39275310608356473;-2.275983126582202;-1.2684640491379895;2.6796385438316537,108,7.888609052210118e-33,7.888609052210118e-33,2.502802467383596e-2,1.0,1.0,-0.3019578435328969,7.888609052210118e-33,7.888609052210118e-33,2.502802467383596e-2,294.73645629734006,294.73645629734006,294.76148432201387
