id,Expression,theta,size,MSE_train,MSE_val,MSE_test,R2_train,R2_val,R2_test,nll_train,nll_val,nll_test,mdl_train,mdl_val,mdl_test
0,((-2.442129707337375 + (x8 + ((Abs(55.58326992115663) ^ ((x6 - (x19 + x8)) * x28)) + (((-3.274359124746093 / x15) * ((x21 + (((((-2.9538931998187494 + (((x9 * (Abs((x6 - (((x9 * (Abs(x9) ^ 0.4205132679717575)) * x15) + x8))) ^ x1)) + (x23 - x0)) * x26)) + x11) - (x6 - (x19 + x8))) * x24) + (x6 * (-3.672619062635406 + x11)))) * x15)) - (((Abs(-7.438611261550023e-3) ^ ((x6 - (x19 + x8)) * x28)) * ((x30 * (Abs(x9) ^ -1.595454120021382)) * x15)) + (-16.453732754184024 * x18)))))) * (x11 / (Abs((Abs(20.659211079038787) ^ x24)) ^ x8))),-2.442129707337375;55.58326992115663;-3.274359124746093;-2.9538931998187494;0.4205132679717575;-3.672619062635406;-7.438611261550023e-3;-1.595454120021382;-16.453732754184024;20.659211079038787,98,3.859760577080956e-2,3.859760577080956e-2,6906.128593218095,0.8456095769167618,0.8456095769167618,-359255.8094191916,3.859760577080956e-2,3.859760577080956e-2,6906.128593218095,277.0901394386023,277.0901394386023,7183.180135050927
