id,Expression,theta,size,MSE_train,MSE_val,MSE_test,R2_train,R2_val,R2_test,nll_train,nll_val,nll_test,mdl_train,mdl_val,mdl_test
0,(Abs(Recip((Abs((x10 / x0)) ^ (Abs(Recip((Abs((((x14 - (Abs(x20) ^ -7.033110898806464)) * x11) + (Abs(x30) ^ (Abs(x24) ^ (x24 * x3))))) ^ (Abs(x24) ^ (0.6928392730385889 - ((x0 - x8) / (Abs(x17) ^ x24))))))) ^ Recip(Recip((x6 - ((x9 + x20) * -4.427031321947949)))))))) ^ (Abs((x14 / (Abs(Recip((Abs(x5) ^ x10))) ^ x9))) ^ -3.812461196021232)),-7.033110898806464;0.6928392730385889;-4.427031321947949;-3.812461196021232,66,1.5574430743819112e-2,1.5574430743819112e-2,3.4062810472177275e103,0.9377022770247235,0.9377022770247235,-1.7719474007625944e105,1.5574430743819112e-2,1.5574430743819112e-2,3.4062810472177275e103,161.7851172026593,161.7851172026593,3.4062810472177275e103
