id,Expression,theta,size,MSE_train,MSE_val,MSE_test,R2_train,R2_val,R2_test,nll_train,nll_val,nll_test,mdl_train,mdl_val,mdl_test
0,((Abs(((((Abs(((Abs(Recip((x28 * Recip(Recip(x2))))) ^ (((x14 + x20) / (x14 - (x3 - x14))) - ((x17 - x28) * x0))) - ((((x7 + (Abs(x11) ^ x3)) / (Abs(x27) ^ x14)) * (x11 / Recip(x7))) + x21))) ^ ((Abs(x5) ^ x0) / x28)) + (x16 / (Abs(Recip(((x15 * -15.911506192525769) + Recip((Abs(((Recip(((Abs(x2) ^ x26) + (x22 + x28))) / (x14 * x3)) + (x23 / x15))) ^ x29))))) ^ 11.697277267246738))) * x10) * (Abs(x3) ^ (Abs(x15) ^ x10)))) ^ (((x16 / (Abs(x19) ^ x21)) - Recip(x3)) / (x16 / (x22 * x3)))) + 7.871444770113681e-3),-15.911506192525769;11.697277267246738;7.871444770113681e-3,111,6.1583739643135085e-2,6.1583739643135085e-2,9.370172978556479,0.7536650414274597,0.7536650414274597,-486.43639834448936,6.1583739643135085e-2,6.1583739643135085e-2,9.370172978556479,326.3494334740717,326.3494334740717,335.65802271298503
