id,Expression,theta,size,MSE_train,MSE_val,MSE_test,R2_train,R2_val,R2_test,nll_train,nll_val,nll_test,mdl_train,mdl_val,mdl_test
0,Recip((Recip((Abs(x27) ^ x17)) + (Abs((x8 * x8)) ^ (((-0.9090947111204183 * (Abs((x26 - (Abs((Abs(x20) ^ x0)) ^ x7))) ^ x13)) - (Abs((Abs((x27 + x17)) ^ (x30 * (x17 - (((-22.977469301135024 * (Abs((Abs(x9) ^ x14)) ^ x7)) - (Abs(x27) ^ x17)) + (x6 / ((x27 + Recip(((((x26 - (x14 - x9)) + x19) + x13) + ((((x9 - x17) * Recip(x25)) * Recip(x25)) + (x5 * (Abs(0.9394926123638401) ^ (x24 * x12))))))) - x17))))))) ^ (x6 / ((x26 + x17) - x17)))) + (x6 / ((x15 + x17) - x17)))))),-0.9090947111204183;-22.977469301135024;0.9394926123638401,103,6.892454393853513e-2,6.892454393853513e-2,0.12149364822847318,0.7243018242458594,0.7243018242458594,-5.320099580844934,6.892454393853513e-2,6.892454393853513e-2,0.12149364822847318,296.205500431813,296.205500431813,296.25806953610294
