id,Expression,theta,size,MSE_train,MSE_val,MSE_test,R2_train,R2_val,R2_test,nll_train,nll_val,nll_test,mdl_train,mdl_val,mdl_test
0,(Abs(x16) ^ (Abs((Recip(x28) - (((x11 / x28) + (Abs((x6 + x10)) ^ (x7 / x10))) + (x11 + -0.9406754612958895)))) ^ Recip((((x0 + x4) / ((((x10 + x16) - Recip((((x3 - Recip(x25)) / x11) / ((Abs((((x11 / Recip((Recip(x28) - (((x11 / x28) + x8) + (x11 + -10.881711564626372))))) / x26) * x9)) ^ x0) / x8)))) / ((Abs(-6.6178646661803215) ^ ((x12 / x6) * x21)) - x30)) + 35.19624292721644)) / x25)))),-0.9406754612958895;-10.881711564626372;-6.6178646661803215;35.19624292721644,80,6.734675694965381e-2,6.734675694965381e-2,Infinity,0.7306129722013848,0.7306129722013848,-Infinity,6.734675694965381e-2,6.734675694965381e-2,Infinity,235.22941295163588,235.22941295163588,Infinity
