id,Expression,theta,size,MSE_train,MSE_val,MSE_test,R2_train,R2_val,R2_test,nll_train,nll_val,nll_test,mdl_train,mdl_val,mdl_test
0,((Abs((((x5 + x15) / ((x17 / (Abs((-0.15423017016484272 * ((Abs((((Abs((x17 * -0.8842941417747725)) ^ x22) / x15) * Recip(((Abs((0.14533167692006066 * (x1 * x15))) ^ (Abs(x25) ^ (x11 + -0.18915300215488184))) - x3)))) ^ (Abs(x19) ^ (Abs(((Abs((0.9730248147503385 * (Abs((-0.6569133459712978 * (x4 * x15))) ^ 0.603308603778947))) ^ (Abs(x25) ^ ((Abs((x25 * (x1 * x15))) ^ (Abs(x25) ^ (x5 + -0.6054974499622577))) + 0.23338491201599304))) * Recip(((x13 - x9) - ((x4 - x11) + 0.6751894107542759))))) ^ (Abs((x5 + 0.9489549719108489)) ^ x14)))) * x15))) ^ (Abs(x25) ^ (x15 + -1.3689527966638846)))) * x15)) * Recip(x8))) ^ x3) + 6.335935481796553e-3),-0.15423017016484272;-0.8842941417747725;0.14533167692006066;-0.18915300215488184;0.9730248147503385;-0.6569133459712978;0.603308603778947;-0.6054974499622577;0.23338491201599304;0.6751894107542759;0.9489549719108489;-1.3689527966638846;6.335935481796553e-3,107,0.10593301315482855,0.10593301315482855,0.23879607593836863,0.5762679473806858,0.5762679473806858,-11.422171870313463,0.10593301315482855,0.10593301315482855,0.23879607593836863,280.2019972837097,280.2019972837097,280.33486034649326
