id,Expression,theta,size,MSE_train,MSE_val,MSE_test,R2_train,R2_val,R2_test,nll_train,nll_val,nll_test,mdl_train,mdl_val,mdl_test
0,Recip(((Abs((x20 - (((x14 + x12) + -6.729965994624082e-2) / (x26 + x6)))) ^ (x10 + 10.971249228760051)) + (Abs(((x24 / x26) + (((x6 / x4) + Recip(x27)) / x7))) ^ (((x2 + Recip(x7)) * (Abs(((x20 - x18) - (Abs(x7) ^ x30))) ^ ((51.775493001388256 + x30) / (x6 + (Abs(x16) ^ (((Abs(((x26 * 0.2831467091759054) + x3)) ^ ((x10 + (Abs(Recip(x16)) ^ x15)) * x6)) + ((x24 / Recip(x27)) + (((x6 / x4) + Recip(x27)) / x13))) / x14)))))) * x1)))),-6.729965994624082e-2;10.971249228760051;51.775493001388256;0.2831467091759054,90,4.0865787056520685e-2,4.0865787056520685e-2,8.391481696993632e-2,0.8365368517739172,0.8365368517739172,-3.3652487787759204,4.0865787056520685e-2,4.0865787056520685e-2,8.391481696993632e-2,267.2075592511172,267.2075592511172,267.25060828103057
