id,Expression,theta,size,MSE_train,MSE_val,MSE_test,R2_train,R2_val,R2_test,nll_train,nll_val,nll_test,mdl_train,mdl_val,mdl_test
0,Recip(((((x18 + 12.171338068335595) / (x2 + ((Abs(x3) ^ (((x30 * x16) + (x6 / Recip((x26 * (x23 / x24))))) - ((((((((x9 / (Abs(x9) ^ x11)) - (Abs(x8) ^ x8)) + ((x29 + (x25 - x8)) + 0.3350755102828589)) + (x12 * x28)) / (Abs((x30 * x16)) ^ Recip(x12))) + x10) / (Abs((((x14 + -0.8751967005379577) + Recip(x17)) / ((x29 - x24) / x25))) ^ x26)) - x11))) + (x13 - (((0.9220182959911254 - x13) + (x10 * x6)) - ((Abs(x6) ^ x0) / (x17 + (x22 + x29)))))))) + x0) / (x15 * 0.4665006714072138))),12.171338068335595;0.3350755102828589;-0.8751967005379577;0.9220182959911254;0.4665006714072138,101,7.714561393733858e-2,7.714561393733858e-2,0.11256556488721858,0.6914175442506456,0.6914175442506456,-4.855660685432888,7.714561393733858e-2,7.714561393733858e-2,0.11256556488721858,323.1908968718421,323.1908968718421,323.226316822792
