id,Expression,theta,size,MSE_train,MSE_val,MSE_test,R2_train,R2_val,R2_test,nll_train,nll_val,nll_test,mdl_train,mdl_val,mdl_test
0,Recip(((Abs(((x18 * 7.144950527675198) + x9)) ^ ((-77.96057351415237 / Recip((x0 + x7))) + (x7 - x8))) + (Abs(x14) ^ x12))),7.144950527675198;-77.96057351415237,23,4.4404829376873324e-2,4.4404829376873324e-2,7.827099111464625e-2,0.8223806824925067,0.8223806824925067,-3.071656957783742,4.4404829376873324e-2,4.4404829376873324e-2,7.827099111464625e-2,55.4646087512973,55.4646087512973,55.498474913035075
