id,Expression,theta,size,MSE_train,MSE_val,MSE_test,R2_train,R2_val,R2_test,nll_train,nll_val,nll_test,mdl_train,mdl_val,mdl_test
0,(Abs((Abs(x30) ^ (Abs(x25) ^ (x24 + (Abs((Abs(x30) ^ (Abs(x30) ^ ((((x16 / x6) + (x16 * x16)) * Recip(Recip((x24 - Recip(x18))))) + ((Abs(Recip((x16 * x25))) ^ ((x24 + x15) - x15)) + ((Abs(x7) ^ x14) + (x7 / x17))))))) ^ x2))))) ^ (Abs((Abs((Abs(((Recip((x16 * (x16 / (x9 / x16)))) - (-2.650009516195735 + (x13 / x30))) - x2)) ^ (Abs(x26) ^ ((x22 + x30) - (x18 * Recip(x26)))))) ^ x15)) ^ (x12 * -3.6145479868507193))),-2.650009516195735;-3.6145479868507193,91,8.535778185788097e-2,8.535778185788097e-2,0.1620260651188509,0.6585688725684762,0.6585688725684762,-7.428595907482302,8.535778185788097e-2,8.535778185788097e-2,0.1620260651188509,247.7894008402607,247.7894008402607,247.86606912352167
