id,Expression,theta,size,MSE_train,MSE_val,MSE_test,R2_train,R2_val,R2_test,nll_train,nll_val,nll_test,mdl_train,mdl_val,mdl_test
0,((((x0 - (Abs(((3.063066841006024 * x16) + (3.3173707451699426 * (x15 * Recip(((x10 * (Abs((x7 + x22)) ^ (x0 + x9))) - x15)))))) ^ ((Recip(x16) * x11) + (0.44366491523602647 * (x7 - (3.393901938081348 * x0)))))) - (-12.179420394086579 * x3)) + 3.491198101516028) * x7),3.063066841006024;3.3173707451699426;0.44366491523602647;3.393901938081348;-12.179420394086579;3.491198101516028,45,0.10240744830590236,0.10240744830590236,10.213308840090574,0.5903702067763905,0.5903702067763905,-530.2963258614914,0.10240744830590236,0.10240744830590236,10.213308840090574,116.54856609570093,116.54856609570093,126.65946748748561
