id,Expression,theta,size,MSE_train,MSE_val,MSE_test,R2_train,R2_val,R2_test,nll_train,nll_val,nll_test,mdl_train,mdl_val,mdl_test
0,(Recip(((((x12 * x28) * (Abs(x18) ^ x22)) - x18) - (Abs(((Abs(((Recip(Recip((x18 - x9))) / (0.23413748836421394 * ((x6 - (x6 / x3)) * 0.5335095329364712))) * ((Recip(Recip(x12)) / (x3 * (x12 + x20))) * ((x12 * x28) * Recip((Abs(x24) ^ x7)))))) ^ x8) + ((x30 / ((x7 * x25) + ((x28 * -0.4337638141359706) * x7))) - x0))) ^ (((x9 + 7.75808842940665) * (x16 - x21)) * (x16 - x3))))) + 0.9262646542406087),0.23413748836421394;0.5335095329364712;-0.4337638141359706;7.75808842940665;0.9262646542406087,79,8.853642054819494e-2,8.853642054819494e-2,0.1823150279034695,0.6458543178072202,0.6458543178072202,-8.484027751538122,8.853642054819494e-2,8.853642054819494e-2,0.1823150279034695,235.2506026152344,235.2506026152344,235.34438122258967
