id,Expression,theta,size,MSE_train,MSE_val,MSE_test,R2_train,R2_val,R2_test,nll_train,nll_val,nll_test,mdl_train,mdl_val,mdl_test
0,((((x30 - (Abs((((x24 + (((x6 - (x16 + x0)) / x27) / ((Abs(((Recip(((x7 + Recip(x11)) + Recip(x16))) + Recip(((Abs((((x30 - (Abs(Recip(x0)) ^ x27)) * x7) + Recip(x0))) ^ x6) * x27))) * 0.7595187845887705)) ^ ((x24 + ((x20 / x6) * (x17 + (Abs(x23) ^ x15)))) + x21)) * (x6 * (x2 - x12))))) + Recip(x0)) * x27)) ^ x27)) * (Abs(1.0461276016375767) ^ (Abs(x23) ^ x6))) / Recip((x17 + 0.4726547753234808))) + ((x3 + Recip(x0)) * 6.747878570966293e-2)),0.7595187845887705;1.0461276016375767;0.4726547753234808;6.747878570966293e-2,91,5.1118945093920225e-2,5.1118945093920225e-2,8.932335634778396e-2,0.7955242196243191,0.7955242196243191,-3.646600997211544,5.1118945093920225e-2,5.1118945093920225e-2,8.932335634778396e-2,263.43263308314255,263.43263308314255,263.4708374943964
