id,Expression,theta,size,MSE_train,MSE_val,MSE_test,R2_train,R2_val,R2_test,nll_train,nll_val,nll_test,mdl_train,mdl_val,mdl_test
0,(Abs(4.5580447112431e-3) ^ (Abs((Abs((Abs((Abs(((-0.12470871463610478 + x16) * -0.7260467704706781)) ^ x24)) ^ (((Abs((Abs((Abs((Abs(((x8 + x16) * x13)) ^ x23)) ^ ((x13 - x25) + x6))) ^ Recip(x26))) ^ (-0.186459757660393 + x25)) * (x3 + x0)) - (x2 + x0)))) ^ Recip(x26))) ^ ((Abs((Abs((Abs(x30) ^ x24)) ^ ((x13 - x25) + x6))) ^ Recip(x26)) - x27))),4.5580447112431e-3;-0.12470871463610478;-0.7260467704706781;-0.186459757660393,68,4.939852412274005e-2,4.939852412274005e-2,7.346528269714529e-2,0.8024059035090398,0.8024059035090398,-2.8216640059053524,4.939852412274005e-2,4.939852412274005e-2,7.346528269714529e-2,164.9379813574434,164.9379813574434,164.9620481160178
