id,Expression,theta,size,MSE_train,MSE_val,MSE_test,R2_train,R2_val,R2_test,nll_train,nll_val,nll_test,mdl_train,mdl_val,mdl_test
0,((Abs(x11) ^ (x30 * (x17 * Recip(((x28 + ((x18 - x17) / (0.7746930834464725 / x18))) / ((x1 + ((x7 + (((x0 + 6.613781286111034e-2) / (0.6742881052582039 / x22)) + (-0.9603915382250545 / x22))) / (-0.33204295940342493 / x16))) / x13)))))) * Recip(Recip((Recip((Recip(Recip(((Recip(x1) + ((x25 + x7) / (x28 / x22))) / (x28 / x13)))) / (x2 * x15))) + Recip((Abs(-0.9579378415056503) ^ (x8 - Recip(x2)))))))),0.7746930834464725;6.613781286111034e-2;0.6742881052582039;-0.9603915382250545;-0.33204295940342493;-0.9579378415056503,72,9.932775058455157e-2,9.932775058455157e-2,1.3245308652649455e274,0.6026889976617937,0.6026889976617937,-6.890209561107983e275,9.932775058455157e-2,9.932775058455157e-2,1.3245308652649455e274,216.4722994856667,216.4722994856667,1.3245308652649455e274
