id,Expression,theta,size,MSE_train,MSE_val,MSE_test,R2_train,R2_val,R2_test,nll_train,nll_val,nll_test,mdl_train,mdl_val,mdl_test
0,Recip(Recip((Abs(x20) ^ (Abs(x2) ^ (Abs((Abs((Abs(x9) ^ (x26 + 3.407863869515313e-2))) ^ x4)) ^ Recip(Recip((Abs((((Abs((Abs(x9) ^ Recip(x9))) ^ (x26 + x20)) - (((-22.83803059322593 - x0) - (Abs(x13) ^ x0)) - (Abs(x13) ^ x0))) / x30)) ^ (Abs(x2) ^ (Abs((Abs(x12) ^ ((Abs((Abs(x9) ^ x26)) ^ (x26 + ((((Abs((Abs((Abs((x5 * x9)) ^ x21)) ^ ((Abs(x13) ^ x16) + (((((Abs(x9) ^ Recip(x26)) - x6) + x0) + x20) - x7)))) ^ (x26 + (Abs(x9) ^ (Abs(x12) ^ x26)))) - x2) / x9) * x4))) / x11))) ^ (Abs((Abs(x24) ^ ((Abs(x12) ^ x30) / x10))) ^ x16))))))))))),3.407863869515313e-2;-22.83803059322593,122,0.10748157649005792,0.10748157649005792,0.1385490314285982,0.5700736940397684,0.5700736940397684,-6.207320614915402,0.10748157649005792,0.10748157649005792,0.1385490314285982,308.3787031202408,308.3787031202408,308.4097705751794
