id,Expression,theta,size,MSE_train,MSE_val,MSE_test,R2_train,R2_val,R2_test,nll_train,nll_val,nll_test,mdl_train,mdl_val,mdl_test
0,(Recip(((Abs(((x28 + x28) / x4)) ^ (((x21 / (Abs((2.0210265542826655 * (x29 + x20))) ^ (((Abs(x21) ^ x26) / x30) + (Abs(x21) ^ x26)))) + -1.1125750949789273) + x27)) + ((x7 / Recip(((Abs((x28 / (x29 - x24))) ^ (x27 + (((x15 / x0) + Recip(x1)) + -3.780177692999716))) + ((x7 / x22) / (x24 + (x22 / x29)))))) / (x20 + ((x13 / (x28 / (x17 + x21))) + x9))))) - (Recip((Recip(x20) / (x13 - (Abs(((x16 + x24) * x1)) ^ ((x17 * x9) + (x29 - x24)))))) * (Abs(Recip(x15)) ^ x15))),2.0210265542826655;-1.1125750949789273;-3.780177692999716,102,4.6407242734828984e-2,4.6407242734828984e-2,89.99015566661427,0.814371029060684,0.814371029060684,-4680.287897777096,4.6407242734828984e-2,4.6407242734828984e-2,89.99015566661427,305.83961060521386,305.83961060521386,395.78335902909333
