id,Expression,theta,size,MSE_train,MSE_val,MSE_test,R2_train,R2_val,R2_test,nll_train,nll_val,nll_test,mdl_train,mdl_val,mdl_test
0,Recip(((Abs((((Abs(x17) ^ (Abs(x11) ^ x12)) / Recip((Abs((Abs((((((Abs(x17) ^ x13) + x21) / x27) * x4) + (x0 - x5))) ^ (x25 + x0))) ^ ((Abs(x17) ^ x13) + (x23 + 11.310069911877033))))) * -71.9201966269403)) ^ (Abs((x0 - (x20 - (Abs(x11) ^ x12)))) ^ -61.17941698800795)) + (Abs((x3 - (x20 - (Abs(x11) ^ x12)))) ^ (-117.34193206392779 - x21)))),11.310069911877033;-71.9201966269403;-61.17941698800795;-117.34193206392779,68,3.32376693586777e-2,3.32376693586777e-2,1.6933809421050172,0.8670493225652892,0.8670493225652892,-87.08967660829963,3.32376693586777e-2,3.32376693586777e-2,1.6933809421050172,170.78997726193614,170.78997726193614,172.4501205346825
