id,Expression,theta,size,MSE_train,MSE_val,MSE_test,R2_train,R2_val,R2_test,nll_train,nll_val,nll_test,mdl_train,mdl_val,mdl_test
0,(Abs(((x29 / ((Recip(x6) / x10) / (x27 * x14))) * (x2 / (Abs(Recip(((x14 + Recip(Recip(x2))) / x19))) ^ (x1 - x22))))) ^ (Abs((x2 * (x3 + -0.1251727368328675))) ^ ((x19 - x20) / (Abs((x2 * (x3 + -1.3057365142200268))) ^ ((x19 - x20) / x14))))),-0.1251727368328675;-1.3057365142200268,51,3.2312211291899054e-2,3.2312211291899054e-2,0.1193913634159858,0.8707511548324038,0.8707511548324038,-5.210738724899344,3.2312211291899054e-2,3.2312211291899054e-2,0.1193913634159858,135.87978483241162,135.87978483241162,135.9668639845357
