id,Expression,theta,size,MSE_train,MSE_val,MSE_test,R2_train,R2_val,R2_test,nll_train,nll_val,nll_test,mdl_train,mdl_val,mdl_test
0,((((Abs((((Recip(x23) - (x4 * x3)) - ((x19 - x23) * x22)) + x18)) ^ Recip(Recip(Recip((Recip(x11) + Recip((x0 / x18))))))) * ((Recip((x0 / x18)) + (x20 - ((x8 + 0.18260898787244578) / (((Abs(((((Recip((x24 - x30)) * (x5 + x2)) - ((Abs(x23) ^ (Abs((x7 + x18)) ^ Recip(Recip(Recip((Recip(x11) + (x15 * 0.4456057976864226))))))) * x16)) + x13) - ((x3 / x11) + (x0 / x18)))) ^ (x22 - x9)) - x6) * x7)))) + ((Abs(x20) ^ x6) * (x10 + x18)))) + (x3 * 30.086752416974665)) * x6),0.18260898787244578;0.4456057976864226;30.086752416974665,100,4.4538558674466246e-2,4.4538558674466246e-2,0.2034832851109829,0.821845765302135,0.821845765302135,-9.585200491472925,4.4538558674466246e-2,4.4538558674466246e-2,0.2034832851109829,316.6039670253188,316.6039670253188,316.7629117517553
