id,Expression,theta,size,MSE_train,MSE_val,MSE_test,R2_train,R2_val,R2_test,nll_train,nll_val,nll_test,mdl_train,mdl_val,mdl_test
0,(Abs(Recip(Recip((Abs(((0.9973445715026185 / ((x10 + x12) + ((Abs(x20) ^ -0.4657101276124696) * Recip(x10)))) + 2.4003355866506933e-2)) ^ (((((x17 * x3) + (Abs(Recip(((x10 / Recip(x17)) * -1.0900047996630557))) ^ (x18 + x11))) * (x0 + x8)) / ((x3 + x19) / (Abs(x11) ^ (x12 + x27)))) + (x24 / x18)))))) ^ Recip((Abs(((1.5207245537453993 / ((x10 + x12) + x2)) + -2.3038706280024743)) ^ ((((Abs(x8) ^ x22) - x19) / ((x3 + x19) / (Abs(x6) ^ (x12 + x27)))) + (x24 / x18))))),0.9973445715026185;-0.4657101276124696;2.4003355866506933e-2;-1.0900047996630557;1.5207245537453993;-2.3038706280024743,89,6.388906288993365e-2,6.388906288993365e-2,0.1345541526381694,0.7444437484402654,0.7444437484402654,-5.999507020237305,6.388906288993365e-2,6.388906288993365e-2,0.1345541526381694,250.43832778491353,250.43832778491353,250.50899287466177
