id,Expression,theta,size,MSE_train,MSE_val,MSE_test,R2_train,R2_val,R2_test,nll_train,nll_val,nll_test,mdl_train,mdl_val,mdl_test
0,(Abs(Recip((((Abs(x26) ^ 0.3944944608092125) + (Abs(x11) ^ x10)) / x17))) ^ (((x12 + x3) * (x24 / ((Abs(x4) ^ x30) + x29))) + (((Abs(((((x6 + x18) * ((x10 - x26) + Recip(x11))) * 4.656793413128701) + (Abs(x1) ^ (2.9071652119802427 - x0)))) ^ (Abs(((x9 * x29) - Recip((x3 - x30)))) ^ ((x6 + x18) * ((x10 - x26) + Recip(x11))))) - x26) * x12))),0.3944944608092125;4.656793413128701;2.9071652119802427,72,1.3386688826184205e-2,1.3386688826184205e-2,Infinity,0.9464532446952632,0.9464532446952632,-Infinity,1.3386688826184205e-2,1.3386688826184205e-2,Infinity,200.93114615711673,200.93114615711673,Infinity
