id,Expression,theta,size,MSE_train,MSE_val,MSE_test,R2_train,R2_val,R2_test,nll_train,nll_val,nll_test,mdl_train,mdl_val,mdl_test
0,(Abs((((x25 + x23) * (Abs((Abs(x24) ^ x11)) ^ ((x26 + x5) + 40.48488811840053))) / (((((x24 * -0.23773870219222065) + ((Abs(x14) ^ x3) - x21)) - x14) - (((Abs(x11) ^ x12) * ((Abs(x25) ^ (x26 + x5)) + 12.606127876644205)) + Recip((x26 + x5)))) * ((((Abs(x25) ^ Recip((Abs(x8) ^ x11))) + x6) / Recip((x25 * x4))) + ((x24 * -2.2981618056160777) - (Abs((x11 / x12)) ^ x12)))))) ^ (Abs(Recip((14.316656439572611 - Recip(((x24 * -0.6310360642168741) + x29))))) ^ Recip((Abs(Recip(((Abs((-0.26961848270331795 - x25)) ^ 0.3955465666334407) - (Recip((x26 + x5)) - Recip(((x24 * -0.23624165143854048) + x29)))))) ^ x21)))),40.48488811840053;-0.23773870219222065;12.606127876644205;-2.2981618056160777;14.316656439572611;-0.6310360642168741;-0.26961848270331795;0.3955465666334407;-0.23624165143854048,110,3.0858330424218604e-2,3.0858330424218604e-2,0.10857520918185697,0.8765666783031256,0.8765666783031256,-4.648082381639984,3.0858330424218604e-2,3.0858330424218604e-2,0.10857520918185697,298.3940572273197,298.3940572273197,298.47177410607736
