id,Expression,theta,size,MSE_train,MSE_val,MSE_test,R2_train,R2_val,R2_test,nll_train,nll_val,nll_test,mdl_train,mdl_val,mdl_test
0,(Abs(Recip((Recip((((Abs((Abs(x0) ^ x9)) ^ (Abs((Abs((x19 - (x23 - Recip((Abs(Recip((x21 * 2.2675357255358816e-3))) ^ ((x5 * x28) - ((Abs(x4) ^ x18) - ((Abs(x16) ^ x1) - ((x16 * x25) / x30))))))))) ^ (x25 * 5.321665429690891))) ^ x28)) * x9) / (x17 / x23))) / x26))) ^ (Abs(((10.954314688943823 / Recip(x15)) - (x24 * (x2 / x28)))) ^ Recip(Recip(Recip(Recip(Recip((((x12 / ((x3 / x21) / (((Abs(x28) ^ x15) * x2) + x25))) + x6) * ((x28 / x21) / ((x26 * (x8 / (Recip((23.122356159239253 + x22)) / Recip(x15)))) + x25)))))))))),2.2675357255358816e-3;5.321665429690891;10.954314688943823;23.122356159239253,107,4.059935980766025e-2,4.059935980766025e-2,7.246555849031601e-2,0.837602560769359,0.837602560769359,-2.7696583526660947,4.059935980766025e-2,4.059935980766025e-2,7.246555849031601e-2,329.95674538103674,329.95674538103674,329.98861157971936
