id,Expression,theta,size,MSE_train,MSE_val,MSE_test,R2_train,R2_val,R2_test,nll_train,nll_val,nll_test,mdl_train,mdl_val,mdl_test
0,Recip(Recip(Recip((((Abs((Abs((x6 * -0.42206008735718087)) ^ (x25 + ((-19.14365356833696 - x11) / ((Abs(((Recip(((x1 * x24) / (Abs(x16) ^ x20))) + x29) / (x28 - (x30 * (x23 / (x5 / x20)))))) ^ ((Abs(x23) ^ (Abs((x5 / x15)) ^ x9)) / (x10 + x22))) * (((Abs(x9) ^ x0) + Recip(((Abs(x13) ^ (x15 - (x8 * 6.358701266408801))) * x29))) + (Abs((x20 + x18)) ^ x23))))))) ^ x29) / ((x6 * 17.555471221234686) - (Abs((x2 * (-38.497243083115094 - x15))) ^ x8))) - x6)))),-0.42206008735718087;-19.14365356833696;6.358701266408801;17.555471221234686;-38.497243083115094,92,9.498040520282623e-2,9.498040520282623e-2,0.6869940820179474,0.620078379188695,0.620078379188695,-34.73743214657226,9.498040520282623e-2,9.498040520282623e-2,0.6869940820179474,273.3357502395695,273.3357502395695,273.92776391638466
