id,Expression,theta,size,MSE_train,MSE_val,MSE_test,R2_train,R2_val,R2_test,nll_train,nll_val,nll_test,mdl_train,mdl_val,mdl_test
0,(((((x30 / ((x30 / x16) + x6)) / Recip(x28)) + 1.0970789749262522) / Recip((Abs(Recip(((x18 * 9.996270478205002e15) * x27))) ^ (Abs(x6) ^ (x5 / x24))))) / Recip((Abs(((x29 * x15) / ((((x8 / (x27 / x25)) * (x25 / x27)) * Recip(Recip((Abs(Recip(x6)) ^ (x5 / x24))))) / Recip((((x8 / (((x8 / (x27 / x4)) * x18) + x18)) * x18) + x18))))) ^ x8))),1.0970789749262522;9.996270478205002e15,73,6.253711506395902e-2,6.253711506395902e-2,6.455372933918911e-2,0.7498515397441639,0.7498515397441639,-2.3580850002244893,6.253711506395902e-2,6.253711506395902e-2,6.455372933918911e-2,203.2288266775483,203.2288266775483,203.23084329182356
