id,Expression,theta,size,MSE_train,MSE_val,MSE_test,R2_train,R2_val,R2_test,nll_train,nll_val,nll_test,mdl_train,mdl_val,mdl_test
0,((x4 + (((Abs(x13) ^ x9) + x11) + (-1.461174357150994 * Recip(((Abs(((Recip((((((Recip((Abs(Recip(x20)) ^ (x19 + x14))) - x15) - x15) * x5) + 0.2183578696390394) / x4)) * x20) - x15)) ^ (x0 * (Recip(x3) * ((((x24 * x5) - (x3 - (Abs(x2) ^ x15))) * 0.1330387768848118) + -0.22960531429953412)))) + ((Abs(x24) ^ Recip(x0)) + Recip(Recip(x25)))))))) + (x24 * Recip((-5.011608214454618e-2 - (Abs(x2) ^ x28))))),-1.461174357150994;0.2183578696390394;0.1330387768848118;-0.22960531429953412;-5.011608214454618e-2,76,6.87791419089904e-2,6.87791419089904e-2,0.15337086941305011,0.7248834323640384,0.7248834323640384,-6.978352626866562,6.87791419089904e-2,6.87791419089904e-2,0.15337086941305011,216.4417508769911,216.4417508769911,216.52634260449517
