id,Expression,theta,size,MSE_train,MSE_val,MSE_test,R2_train,R2_val,R2_test,nll_train,nll_val,nll_test,mdl_train,mdl_val,mdl_test
0,(Abs((-2.822724878592033e-5 / Recip(x12))) ^ (Abs(((Abs((x23 / x8)) ^ -0.27041881140604523) * Recip((x30 / x26)))) ^ (Abs(((-0.27297403748658083 / (x28 * -6.962056942939121)) - ((((((Abs((x30 / x26)) ^ x15) + x12) - Recip((((Recip((0.3832068198472391 * x9)) + (x28 + (x12 / (x28 * 0.765655608397263)))) + x3) + (x1 + x17)))) * x9) - Recip((((1.6227282876475906 + (x28 + x17)) + x29) + 1.3413590657827101))) / (Abs(x24) ^ (Abs((0.876503751495035 - x27)) ^ x23))))) ^ 1.2672899627414196))),-2.822724878592033e-5;-0.27041881140604523;-0.27297403748658083;-6.962056942939121;0.3832068198472391;0.765655608397263;1.6227282876475906;1.3413590657827101;0.876503751495035;1.2672899627414196,79,1.7786897058987783e-2,1.7786897058987783e-2,0.10727528873366403,0.9288524117640489,0.9288524117640489,-4.58046051992499,1.7786897058987783e-2,1.7786897058987783e-2,0.10727528873366403,219.22340241314544,219.22340241314544,219.3128908048201
