id,Expression,theta,size,MSE_train,MSE_val,MSE_test,R2_train,R2_val,R2_test,nll_train,nll_val,nll_test,mdl_train,mdl_val,mdl_test
0,(((x6 * (Abs(x14) ^ -0.15892670641846543)) - (((x10 - x9) - (-0.10555565856358136 / x11)) * x30)) * Recip((Recip((x10 - (x12 * (((x23 * x19) / ((((((x29 / x20) + x25) - (-0.386361447561229 / x21)) / x15) - x13) * -0.7735191721745032)) - x14)))) / ((((x12 + (x13 * x20)) + x23) + 1.758826017463961) / x19)))),-0.15892670641846543;-0.10555565856358136;-0.386361447561229;-0.7735191721745032;1.758826017463961,56,4.735364145119275e-2,4.735364145119275e-2,1.772954362495469,0.810585434195229,0.810585434195229,-91.22908593701077,4.735364145119275e-2,4.735364145119275e-2,1.772954362495469,170.05468857615858,170.05468857615858,171.78028929720287
