id,Expression,theta,size,MSE_train,MSE_val,MSE_test,R2_train,R2_val,R2_test,nll_train,nll_val,nll_test,mdl_train,mdl_val,mdl_test
0,(Abs(((Abs((x0 / x9)) ^ 70.29977714993083) / (Abs(x15) ^ -22.422476268537736))) ^ Recip((Recip(((x0 * (Abs(x18) ^ x24)) + (Abs((Abs(x24) ^ x18)) ^ (x12 / x16)))) + (Abs(((Abs((Abs(((Recip(x16) - ((Abs(Recip((Recip((x25 - x0)) * ((x13 + x6) * x25)))) ^ (Abs(x16) ^ (x25 + (x25 - x11)))) + x15)) / ((Abs(x12) ^ 53.49863542095977) / (Abs(x15) ^ 54.35072094617165)))) ^ (x24 + x18))) ^ ((x12 + x19) / (x5 + x6))) - x9)) ^ (x12 / x16))))),70.29977714993083;-22.422476268537736;53.49863542095977;54.35072094617165,89,5.322267906526397e-2,5.322267906526397e-2,2.8844275033773324e48,0.7871092837389442,0.7871092837389442,-1.5004791872568311e50,5.322267906526397e-2,5.322267906526397e-2,2.8844275033773324e48,227.72887546916857,227.72887546916857,2.8844275033773324e48
