id,Expression,theta,size,MSE_train,MSE_val,MSE_test,R2_train,R2_val,R2_test,nll_train,nll_val,nll_test,mdl_train,mdl_val,mdl_test
0,(Abs((x26 * ((x3 - x15) * (((Recip((x21 * 20.88851737429271)) * (((x26 * x14) + (((Recip((x27 - x7)) / Recip(x30)) * (Abs(((x18 + 4.116173399498013) + ((x18 / x21) + x16))) ^ x4)) + x25)) + (Abs((Abs((-2.007732001383032 / x27)) ^ x21)) ^ x28))) - (x21 * x26)) * ((x30 / x0) / ((x10 + (((Recip((x5 * x5)) * (x0 * x18)) - (Abs(x21) ^ (-1.2886084487334153 * x25))) + x8)) - ((Abs(((x1 * x5) * ((((x4 + (x5 * x15)) - x10) * -0.1486907633500361) * x24))) ^ x8) + x28))))))) ^ x29),20.88851737429271;4.116173399498013;-2.007732001383032;-1.2886084487334153;-0.1486907633500361,99,9.273082738816836e-2,9.273082738816836e-2,Infinity,0.6290766904473266,0.6290766904473266,-Infinity,9.273082738816836e-2,9.273082738816836e-2,Infinity,306.6055593657908,306.6055593657908,Infinity
