id,Expression,theta,size,MSE_train,MSE_val,MSE_test,R2_train,R2_val,R2_test,nll_train,nll_val,nll_test,mdl_train,mdl_val,mdl_test
0,(Recip((Abs((Abs((Recip((((x26 + (Abs(((x4 / (Abs(x15) ^ x23)) * -2.0959758391927887)) ^ 9.666370240444682)) + (Abs((x25 * x21)) ^ x27)) + (x26 + (Abs(((x4 / x24) * 1.1841849804525668)) ^ 5.379169441043308)))) * (((Recip(((x9 + x20) + ((Recip((x25 + x19)) / ((x25 * x27) / x23)) - ((x0 - (((((Abs(Recip(x29)) ^ (Abs((((Abs(0.8578633323063865) ^ x7) - x1) + x13)) ^ (x11 * -0.8132230426295347))) / x13) * x17) * x18) / x3)) - x16)))) * 4.4018625642998035e-2) - ((x0 - x9) - x16)) / x7))) ^ x3)) ^ -3.359103493062551)) * x1),-2.0959758391927887;9.666370240444682;1.1841849804525668;5.379169441043308;0.8578633323063865;-0.8132230426295347;4.4018625642998035e-2;-3.359103493062551,97,3.0414960213456573e-2,3.0414960213456573e-2,2.8133141928929007e-2,0.8783401591461737,0.8783401591461737,-0.46348604314283115,3.0414960213456573e-2,3.0414960213456573e-2,2.8133141928929007e-2,293.2644118556314,293.2644118556314,293.2621300373469
