id,Expression,theta,size,MSE_train,MSE_val,MSE_test,R2_train,R2_val,R2_test,nll_train,nll_val,nll_test,mdl_train,mdl_val,mdl_test
0,(Recip(((Abs(x7) ^ ((x4 / (((((((((x3 * Recip(x25)) * (Abs((Abs(x21) ^ x21)) ^ -20.38343633466225)) * x13) + x3) * Recip(x25)) * (Abs((Abs(x18) ^ x21)) ^ 2.6264263644058317)) * x13) * x10) * x28)) - (Abs((x14 + (x14 + (Abs((x7 / ((Recip(x28) / Recip(x18)) / x27))) ^ (Abs((((Abs((Abs((Abs(x19) ^ x27)) ^ -1.5811698366823728)) ^ ((((Abs(x16) ^ x4) / (x21 + (x15 * x6))) - x7) + -8.219017843656681e-2)) + (x5 / (x25 - x5))) + x15)) ^ (6.4561218806779275 - x20)))))) ^ x29))) - (x29 - (Abs(((Abs(x9) ^ x9) + (Abs(x9) ^ x20))) ^ x20)))) - x29),-20.38343633466225;2.6264263644058317;-1.5811698366823728;-8.219017843656681e-2;6.4561218806779275,111,2.4587235762157406e-2,2.4587235762157406e-2,5.058688974810251e-2,0.9016510569513704,0.9016510569513704,-1.631530004696192,2.4587235762157406e-2,2.4587235762157406e-2,5.058688974810251e-2,312.80185488582447,312.80185488582447,312.8278545398104
