id,Expression,theta,size,MSE_train,MSE_val,MSE_test,R2_train,R2_val,R2_test,nll_train,nll_val,nll_test,mdl_train,mdl_val,mdl_test
0,(Abs((((Abs((Abs((((((Abs(x25) ^ x12) + (x17 - x22)) * Recip(Recip((x10 / Recip(x17))))) - x7) + x25)) ^ x10)) ^ (x26 * x18)) * ((Abs(x25) ^ (1.7920386296866069 * x12)) + (x17 - x22))) + ((((Abs(((x26 * x24) / x29)) ^ (Abs((x5 / x18)) ^ Recip(x14))) + (Abs(((x27 - (x20 + (x2 - (x24 * 0.1805053023870293)))) / (x24 / ((x18 - x27) - x24)))) ^ (x26 * x25))) / Recip((x26 + x26))) - ((x17 - (x30 - x24)) + (Abs(Recip((Abs((Abs(Recip(x25)) ^ x15)) ^ (x24 * -0.9528768993307567)))) ^ x1))))) ^ (Abs(x29) ^ x20)),1.7920386296866069;0.1805053023870293;-0.9528768993307567,108,5.823715110017263e-2,5.823715110017263e-2,0.23563623696890612,0.7670513955993095,0.7670513955993095,-11.257797047122029,5.823715110017263e-2,5.823715110017263e-2,0.23563623696890612,309.0703163384474,309.0703163384474,309.24771542431614
