id,Expression,theta,size,MSE_train,MSE_val,MSE_test,R2_train,R2_val,R2_test,nll_train,nll_val,nll_test,mdl_train,mdl_val,mdl_test
0,(Abs(((Abs(Recip((x0 / (Abs((x17 + x1)) ^ 1.899846826945753)))) ^ Recip(((Abs(((Abs(x24) ^ (Abs(((x17 * ((x6 - x8) - x8)) / x17)) ^ (x21 / x5))) - x4)) ^ x22) / x22))) * (((Abs(Recip((((Recip(x26) / (Abs(x25) ^ x2)) / (x29 / (x23 - x17))) * (Abs((x26 * x4)) ^ ((Abs(x5) ^ x17) + (x3 - x2)))))) ^ (Abs((x14 + -1.8113336954427282)) ^ (x11 + x19))) * (Abs(x24) ^ (Abs(-0.9659890158176893) ^ x6))) + Recip((Abs(x28) ^ x26))))) ^ Recip((0.737874934668891 - (Abs((x28 * (x21 / x22))) ^ x12)))),1.899846826945753;-1.8113336954427282;-0.9659890158176893;0.737874934668891,102,2.107269030031435e-2,2.107269030031435e-2,Infinity,0.9157092387987426,0.9157092387987426,-Infinity,2.107269030031435e-2,2.107269030031435e-2,Infinity,289.92286507554303,289.92286507554303,Infinity
