id,Expression,theta,size,MSE_train,MSE_val,MSE_test,R2_train,R2_val,R2_test,nll_train,nll_val,nll_test,mdl_train,mdl_val,mdl_test
0,(-5.682731004195244 * (x0 * Recip((((Abs(x30) ^ (((x27 / x29) * x14) + x30)) - Recip((Abs(x24) ^ (Abs((x4 - (x0 - Recip(x22)))) ^ ((x30 / ((x30 / ((x23 - (x28 / x6)) + 4.15915172137239)) * (0.15669170933142704 / x6))) / (Abs((x24 - x2)) ^ (x13 * (-8.198298497809365e-3 * x13)))))))) - ((x0 + x19) * ((Abs((x30 / ((x6 / x0) * (x22 * (0.5825711643579832 / x6))))) ^ ((x5 + 7.425146981531983e-2) * (((x19 + x30) * (Abs(x30) ^ x19)) * 0.4002860059331882))) - (x30 * (Abs(x30) ^ x0)))))))),-5.682731004195244;4.15915172137239;0.15669170933142704;-8.198298497809365e-3;0.5825711643579832;7.425146981531983e-2;0.4002860059331882,93,9.06751548756396e-2,9.06751548756396e-2,9.092652316270673e-2,0.6372993804974416,0.6372993804974416,-3.729997734923823,9.06751548756396e-2,9.06751548756396e-2,9.092652316270673e-2,265.9203261436908,265.9203261436908,265.92057751197785
