id,Expression,theta,size,MSE_train,MSE_val,MSE_test,R2_train,R2_val,R2_test,nll_train,nll_val,nll_test,mdl_train,mdl_val,mdl_test
0,(Recip(((Abs(Recip((Abs(x15) ^ x23))) ^ 17.0863402758395) - ((x14 * Recip((x15 * x13))) - (-92.4075230154172 / ((x15 / (((x28 + 2.982962111227293) - (x14 * x16)) + Recip(x15))) + (Recip(x16) + (x15 * -128.0561032400612))))))) + (x3 + x15)),17.0863402758395;-92.4075230154172;2.982962111227293;-128.0561032400612,42,0.11614500829488897,0.11614500829488897,2.4762758502337845,0.5354199668204441,0.5354199668204441,-127.81586972915653,0.11614500829488897,0.11614500829488897,2.4762758502337845,105.67843819290523,105.67843819290523,108.03856903484413
