id,Expression,theta,size,MSE_train,MSE_val,MSE_test,R2_train,R2_val,R2_test,nll_train,nll_val,nll_test,mdl_train,mdl_val,mdl_test
0,Recip((Abs(((x2 / (Abs((x26 * x22)) ^ (x1 - (Abs(x30) ^ x10)))) * ((Abs((((Recip(((((Abs((x20 / (Abs((x6 / (x20 + x4))) ^ x20))) ^ (x7 * -3.8262584944236813)) - (x7 * x8)) + ((Abs((Abs(x8) ^ (Abs(x30) ^ x10))) ^ x6) + (x24 - x23))) / (Abs((Abs(x7) ^ x16)) ^ (x23 * (x22 + (Abs(x8) ^ x11)))))) + Recip((Abs((x20 / x2)) ^ (x8 / (x26 * x25))))) + x19) / x5)) ^ (x21 * (Abs(x1) ^ -2.7377304913550575))) * ((x9 + (Abs(x5) ^ x18)) + (Abs(x3) ^ (x1 * -0.48056226527783275)))))) ^ x7)),-3.8262584944236813;-2.7377304913550575;-0.48056226527783275,106,2.1648403945559235e-2,2.1648403945559235e-2,3.179049941924238e33,0.9134063842177631,0.9134063842177631,-1.6537417797889254e35,2.1648403945559235e-2,2.1648403945559235e-2,3.179049941924238e33,303.07827310272825,303.07827310272825,3.179049941924238e33
