id,Expression,theta,size,MSE_train,MSE_val,MSE_test,R2_train,R2_val,R2_test,nll_train,nll_val,nll_test,mdl_train,mdl_val,mdl_test
0,(Abs((((((Abs(x21) ^ x1) / (Abs(x3) ^ x24)) - ((x0 * x28) * (Abs(x30) ^ (x30 * x12)))) / (Abs(Recip(x22)) ^ (((((Recip((Abs(x20) ^ (x26 / x18))) + (Abs(x18) ^ x21)) - ((((x11 + -1.3302653364033894) * (Abs(x16) ^ (Abs(x23) ^ (x15 * x30)))) - (-0.6201974170714543 * (x18 * x6))) / x22)) - x22) * (x14 / (Abs(((Recip((-7.165850148301301 + x14)) + x21) / (x14 * x13))) ^ (Abs(x22) ^ x13)))) + -0.9032683862872661))) * (x21 / x10))) ^ (x26 + x13)),-1.3302653364033894;-0.6201974170714543;-7.165850148301301;-0.9032683862872661,91,4.827561489454832e-2,4.827561489454832e-2,Infinity,0.8068975404218067,0.8068975404218067,-Infinity,4.827561489454832e-2,4.827561489454832e-2,Infinity,263.71522489524085,263.71522489524085,Infinity
