id,Expression,theta,size,MSE_train,MSE_val,MSE_test,R2_train,R2_val,R2_test,nll_train,nll_val,nll_test,mdl_train,mdl_val,mdl_test
0,((((-1.8226877633675937 * (Abs(-1.517696126825681e-2) ^ x7)) * ((x18 - (Abs(x17) ^ Recip(((Abs(x19) ^ x4) + ((x0 + (-0.47653115227390624 * x7)) - (x15 * x21)))))) + 3.012213345371381e-2)) + (x27 + (Abs((x19 * x11)) ^ ((x13 - (((1.4322968033840149 * ((-4.155297832046502e-2 * x7) + (Abs(0.3210824208203861) ^ (Abs((((Abs(x23) ^ Recip(x8)) * x11) - ((x8 * x9) * Recip((Recip(x21) * x24))))) ^ ((Abs(-0.4989613897419793) ^ (x19 * x11)) * ((Abs(x24) ^ 0.8510260044658593) + (x5 + x8))))))) + x25) * -0.48685389797221174)) * (x25 + 0.7669625250016046))))) * 2.0551421607777303),-1.8226877633675937;-1.517696126825681e-2;-0.47653115227390624;3.012213345371381e-2;1.4322968033840149;-4.155297832046502e-2;0.3210824208203861;-0.4989613897419793;0.8510260044658593;-0.48685389797221174;0.7669625250016046;2.0551421607777303,92,0.1154597929305247,0.1154597929305247,0.4228428152210328,0.5381608282779011,0.5381608282779011,-20.996283247797283,0.1154597929305247,0.1154597929305247,0.4228428152210328,260.36147971505,260.36147971505,260.6688627373405
