id,Expression,theta,size,MSE_train,MSE_val,MSE_test,R2_train,R2_val,R2_test,nll_train,nll_val,nll_test,mdl_train,mdl_val,mdl_test
0,((Abs(((x26 * ((0.3918677906511246 * (x15 - x14)) + x8)) * ((Abs(((x26 * x26) * x21)) ^ x16) * ((x26 * (x16 + x4)) * ((Abs(((x26 * (x16 + (x15 * x4))) * x16)) ^ x16) * ((0.6290084618510288 * ((Recip(((x15 * x4) + x2)) / (Abs(((x3 / x29) / (x26 * (x18 * ((Abs(((x26 * (x15 * x12)) * x16)) ^ x16) * ((x16 * (x16 + x4)) + x24)))))) ^ x8)) - x14)) + x29)))))) ^ x16) * ((0.2291796447498632 * Recip(x4)) + x29)),0.3918677906511246;0.6290084618510288;0.2291796447498632,90,0.10565808456283078,0.10565808456283078,0.14749136460849052,0.5773676617486769,0.5773676617486769,-6.672500786933384,0.10565808456283078,0.10565808456283078,0.14749136460849052,254.74290133665207,254.74290133665207,254.78473461669773
