id,Expression,theta,size,MSE_train,MSE_val,MSE_test,R2_train,R2_val,R2_test,nll_train,nll_val,nll_test,mdl_train,mdl_val,mdl_test
0,(Abs(x15) ^ ((x16 * x20) + (x24 + (Abs((x14 - ((x12 / x2) * (Abs(x30) ^ x29)))) ^ ((Recip(Recip((Abs(x3) ^ (0.3761256657477473 - (x6 * (Abs((x14 - (x12 - x29))) ^ ((Abs(x16) ^ x11) * -4.096135509222916))))))) * (Abs(x16) ^ x11)) - (x15 * x20)))))),0.3761256657477473;-4.096135509222916,52,0.1269605641907666,0.1269605641907666,0.21899471511321783,0.4921577432369336,0.4921577432369336,-10.392105080189157,0.1269605641907666,0.1269605641907666,0.21899471511321783,132.62671462668058,132.62671462668058,132.71874877760303
