id,Expression,theta,size,MSE_train,MSE_val,MSE_test,R2_train,R2_val,R2_test,nll_train,nll_val,nll_test,mdl_train,mdl_val,mdl_test
0,(Abs((x25 * ((((x25 - (x18 * x28)) - (1.2950036511266274 * (Abs(x23) ^ (x0 / x4)))) - (Abs(Recip((Abs(x11) ^ ((((x15 / x6) / (Abs(x0) ^ (x30 * (Abs(Recip(x24)) ^ ((-9.875864146415642e-2 - x11) - Recip(x16)))))) - (-0.6245381766122244 * x16)) - (Abs(-1.04104538433036) ^ (-0.2104070225788776 * x18)))))) ^ (-34.40238752133746 * x30))) - x2))) ^ ((x13 + (Abs(Recip(x17)) ^ ((4.97264532668097 - x11) - Recip(x16)))) / (Abs(Recip(((x16 / Recip(((x25 - x9) - (x14 / x19)))) / x23))) ^ x4))),1.2950036511266274;-9.875864146415642e-2;-0.6245381766122244;-1.04104538433036;-0.2104070225788776;-34.40238752133746;4.97264532668097,89,2.7919544353968213e-2,2.7919544353968213e-2,5.29781359706866e31,0.8883218225841272,0.8883218225841272,-2.755922633195012e33,2.7919544353968213e-2,2.7919544353968213e-2,5.29781359706866e31,257.53798553381,257.53798553381,5.29781359706866e31
