id,Expression,theta,size,MSE_train,MSE_val,MSE_test,R2_train,R2_val,R2_test,nll_train,nll_val,nll_test,mdl_train,mdl_val,mdl_test
0,((Recip(Recip(x2)) + (((x8 / ((x15 - x24) + x28)) * ((x15 - (x24 / x14)) - ((((x30 + x13) / x19) / (((((Abs(((Abs(x14) ^ x4) - ((x20 - x8) * -0.3889631546969293))) ^ (x24 / (x2 + x29))) * ((x22 - (x15 - (x19 / x14))) - ((x3 / ((x9 + (x22 + x11)) / (Recip(((x15 * x18) * -13.725088839187368)) + x24))) - x3))) + (x3 - x2)) + -2.850112217992248e-2) / x12)) - x25))) / (x22 + ((x30 / x11) / x7)))) * 1.3284565357834124),-0.3889631546969293;-13.725088839187368;-2.850112217992248e-2;1.3284565357834124,88,4.6338964859397175e-2,4.6338964859397175e-2,0.7404178262800569,0.8146441405624113,0.8146441405624113,-37.51653532308709,4.6338964859397175e-2,4.6338964859397175e-2,0.7404178262800569,283.4883094412317,283.4883094412317,284.1823883026524
