id,Expression,theta,size,MSE_train,MSE_val,MSE_test,R2_train,R2_val,R2_test,nll_train,nll_val,nll_test,mdl_train,mdl_val,mdl_test
0,(((Abs((Abs(((x6 - x21) / x27)) ^ 0.5056952161052244)) ^ (x28 * 0.8190795854840793)) * (Recip((Abs((Recip((Abs((Abs((Abs(Recip((x30 - x20))) ^ x14)) ^ (x5 + x12))) ^ (Recip((Recip(x28) * x30)) + (x29 + x21)))) - (((x2 * -1.5346449961315668e-2) - ((Abs(x18) ^ -6.026825829271115e-2) + x8)) - (x26 + x2)))) ^ (((((((x25 + x10) + x1) * x20) - x12) - (x20 - (Recip(x28) * (1.6513344147574511 * x30)))) + x4) + ((x12 + -0.883448332597696) + (x8 + x30))))) + 0.554458636998397)) + ((x1 + ((x8 - (x10 * x12)) * x20)) + -1.2748649527487856)),0.5056952161052244;0.8190795854840793;-1.5346449961315668e-2;-6.026825829271115e-2;1.6513344147574511;-0.883448332597696;0.554458636998397;-1.2748649527487856,98,0.14733238715445224,0.14733238715445224,0.20971461022586776,0.41067045138219105,0.41067045138219105,-9.909354023949223,0.14733238715445224,0.14733238715445224,0.20971461022586776,293.0650324501607,293.0650324501607,293.1274146732321
