id,Expression,theta,size,MSE_train,MSE_val,MSE_test,R2_train,R2_val,R2_test,nll_train,nll_val,nll_test,mdl_train,mdl_val,mdl_test
0,(Abs(x9) ^ (Abs(((x1 + x13) * (x16 * x3))) ^ ((x29 + -0.30998997007668716) * 4.678745406814363))),-0.30998997007668716;4.678745406814363,17,1.9847514116301156e-2,1.9847514116301156e-2,9.430063918901545e-2,0.9206099435347954,0.9206099435347954,-3.9055192506123966,1.9847514116301156e-2,1.9847514116301156e-2,9.430063918901545e-2,34.55862390902699,34.55862390902699,34.633077034099706
