id,Expression,theta,size,MSE_train,MSE_val,MSE_test,R2_train,R2_val,R2_test,nll_train,nll_val,nll_test,mdl_train,mdl_val,mdl_test
0,Recip(((Abs((Abs((Abs(x24) ^ x9)) ^ (((Abs(Recip((x1 + x7))) ^ ((3.51187723771879 + x4) / (x24 / x2))) / x1) * ((Abs(((-2.9421756726398676 + x4) / (x26 / x2))) ^ x10) + (x26 - (x10 / x6)))))) ^ x18) + (Abs((Abs(((-3.050014722272207 + x4) / (x26 / x29))) ^ x9)) ^ (((Abs((Abs(0.19389370226538816) ^ x19)) ^ Recip(Recip((Recip(((x15 + x14) + (Abs(x9) ^ Recip(x10)))) + x6)))) / x1) * ((Abs(x12) ^ x10) + ((x28 + -4.6535361719113455) - x15)))))),3.51187723771879;-2.9421756726398676;-3.050014722272207;0.19389370226538816;-4.6535361719113455,88,3.897248293768472e-2,3.897248293768472e-2,308005.4370169508,0.8441100682492612,0.8441100682492612,-1.602244183362117e7,3.897248293768472e-2,3.897248293768472e-2,308005.4370169508,241.4720271094822,241.4720271094822,308246.8700715774
