id,Expression,theta,size,MSE_train,MSE_val,MSE_test,R2_train,R2_val,R2_test,nll_train,nll_val,nll_test,mdl_train,mdl_val,mdl_test
0,((Recip((Abs(x13) ^ x3)) * ((Abs((x0 + x5)) ^ (Abs((x23 * 8.268831905033289e-2)) ^ x1)) + Recip(Recip(((Recip((Abs(((Abs(x13) ^ x3) / x27)) ^ (x0 + x5))) - Recip(((Abs(x16) ^ ((Abs((x0 + x5)) ^ x16) + ((x4 * 3.073370865369969) - x3))) + (Abs(x14) ^ 0.1990586027107711)))) * (Abs(x2) ^ x5)))))) - (-0.19690087711906373 * ((x4 * -4.531646881548033) - x22))),8.268831905033289e-2;3.073370865369969;0.1990586027107711;-0.19690087711906373;-4.531646881548033,67,9.116756977004417e-2,9.116756977004417e-2,0.13170452837521018,0.6353297209198233,0.6353297209198233,-5.851269566078171,9.116756977004417e-2,9.116756977004417e-2,0.13170452837521018,170.8686283614236,170.8686283614236,170.90916532002876
