id,Expression,theta,size,MSE_train,MSE_val,MSE_test,R2_train,R2_val,R2_test,nll_train,nll_val,nll_test,mdl_train,mdl_val,mdl_test
0,Recip((((x5 + ((x0 + x18) + (x27 / x3))) / (Abs(((x18 + x9) - x18)) ^ Recip(Recip((Recip((x16 / x19)) - (x9 / Recip((x21 * 67.60328988586096)))))))) + (((Abs((((Recip((Recip((Recip((x16 / x5)) - (x9 / Recip((x21 * -282.42434679930346))))) / x0)) + x17) / x6) * x22)) ^ ((((Abs(x18) ^ x24) + x13) / (Abs(((x17 + (Abs(x16) ^ x24)) - (Abs(x27) ^ (x9 / x14)))) ^ (x16 / x1))) + (((Abs(x26) ^ (x18 - x0)) + (x10 * ((x3 + x4) - x14))) - x18))) - x0) + (x25 / x14)))),67.60328988586096;-282.42434679930346,103,0.10687140120265552,0.10687140120265552,0.18326109969364163,0.5725143951893779,0.5725143951893779,-8.533242406062874,0.10687140120265552,0.10687140120265552,0.18326109969364163,316.5072105376183,316.5072105376183,316.58360023610925
