id,Expression,theta,size,MSE_train,MSE_val,MSE_test,R2_train,R2_val,R2_test,nll_train,nll_val,nll_test,mdl_train,mdl_val,mdl_test
0,((Abs((Abs((Abs(x8) ^ ((x9 * x20) / x29))) ^ ((Abs(x10) ^ x6) * Recip(x3)))) ^ x16) / (((Abs(Recip((Abs(x6) ^ 1.0196237520111084))) ^ (Abs(x8) ^ (Abs(-1.654576378575064e-6) ^ ((x3 - x9) + (x0 + (((Abs((Abs((x8 * x2)) ^ x12)) ^ x2) - x10) - (x6 * 6.268896654604283))))))) + -0.4169456706633371) + (Abs(((x13 / (Abs(x21) ^ x30)) / (Abs(x21) ^ x21))) ^ (Abs(Recip((Abs(x10) ^ x21))) ^ x20)))),1.0196237520111084;-1.654576378575064e-6;6.268896654604283;-0.4169456706633371,79,3.1153865497506116e-2,3.1153865497506116e-2,6.2864121325378526e25,0.8753845380099755,0.8753845380099755,-3.270191591346066e27,3.1153865497506116e-2,3.1153865497506116e-2,6.2864121325378526e25,194.8805898797966,194.8805898797966,6.2864121325378526e25
