id,Expression,theta,size,MSE_train,MSE_val,MSE_test,R2_train,R2_val,R2_test,nll_train,nll_val,nll_test,mdl_train,mdl_val,mdl_test
0,Recip((((x0 + x25) / x21) * ((Abs((x22 / Recip(((Recip(((x0 * (x22 - x26)) - x6)) / (Recip((1.5207000114314355 - ((Abs(x11) ^ ((Abs(x10) ^ x25) + x22)) * x6))) * (Abs((x0 + x3)) ^ ((-2.02052019765784 - ((Abs(x1) ^ (4.440090020284776 + x22)) * (x15 - (x21 / x6)))) - (((((((x27 - x26) - x21) * x3) / x3) - x21) * x3) / x9))))) - (x6 * ((((x27 - x26) - x21) * x3) / x3)))))) ^ x21) / x1))),1.5207000114314355;-2.02052019765784;4.440090020284776,86,2.6439379302397804e-2,2.6439379302397804e-2,2.3076911051725654e-2,0.8942424827904087,0.8942424827904087,-0.20046091291072266,2.6439379302397804e-2,2.6439379302397804e-2,2.3076911051725654e-2,242.68075353717566,242.68075353717566,242.677391068925
