id,Expression,theta,size,MSE_train,MSE_val,MSE_test,R2_train,R2_val,R2_test,nll_train,nll_val,nll_test,mdl_train,mdl_val,mdl_test
0,(Abs((x22 * (((x25 - (x22 * (Abs((Abs((Abs(x17) ^ Recip(((x22 + x29) + (x12 + x10))))) ^ x6)) ^ (x25 + x14)))) / (x15 / (x10 * x8))) / (x15 / ((((Abs(Recip(x1)) ^ (x28 + x0)) + (x27 * 51.65466034779053)) * x12) / x14))))) ^ (x18 * (Abs((x9 / ((x27 * ((Abs(x18) ^ (-57.852903465096105 + (110.88363127426577 * x3))) / x3)) * (Abs(x25) ^ 109.54746791501255)))) ^ (x18 / x10)))),51.65466034779053;-57.852903465096105;110.88363127426577;109.54746791501255,77,3.313272639479595e-2,3.313272639479595e-2,Infinity,0.8674690944208162,0.8674690944208162,-Infinity,3.313272639479595e-2,3.313272639479595e-2,Infinity,219.31884702040304,219.31884702040304,Infinity
