id,Expression,theta,size,MSE_train,MSE_val,MSE_test,R2_train,R2_val,R2_test,nll_train,nll_val,nll_test,mdl_train,mdl_val,mdl_test
0,(Abs((((((Abs(Recip((((((x25 - x8) * (x23 - x10)) - Recip((Abs(x3) ^ (x27 - x0)))) / (Abs(((x30 + x2) + -5.45538155497506)) ^ Recip((Recip(x0) / x0)))) / ((((x19 / x25) + (Abs(x10) ^ -5.870511193814761)) - ((Abs(x1) ^ x20) / x18)) * (((x30 * x5) + x6) / Recip(((x2 / x23) - x17))))))) ^ (x22 * 27.694620990778553)) / Recip(x15)) / Recip(x30)) + ((Abs((x3 - x13)) ^ x15) + Recip(x17))) * Recip(((x17 * (x15 + x17)) * Recip(x30))))) ^ Recip((Recip(x15) * ((x3 - x13) - x20)))),-5.45538155497506;-5.870511193814761;27.694620990778553,100,4.6231299908270566e-2,4.6231299908270566e-2,2.2265449312103533e137,0.8150748003669177,0.8150748003669177,-1.1582486732155815e139,4.6231299908270566e-2,4.6231299908270566e-2,2.2265449312103533e137,303.0492093359061,303.0492093359061,2.2265449312103533e137
