id,Expression,theta,size,MSE_train,MSE_val,MSE_test,R2_train,R2_val,R2_test,nll_train,nll_val,nll_test,mdl_train,mdl_val,mdl_test
0,((Abs((Abs(x7) ^ x3)) ^ (Abs(x30) ^ (8.191686013660904 * x11))) - (Abs((Abs((Abs(x25) ^ ((Abs((x1 * ((Abs(x19) ^ x11) * x25))) ^ (x5 / x19)) / Recip((x6 * x14))))) ^ ((Abs((x1 * ((Abs(x19) ^ (Abs(x17) ^ (((((x17 * x29) * ((x0 - x30) - x26)) * x16) + x11) + -0.7438238977499144))) * x30))) ^ (x5 / x1)) / x16))) ^ ((Abs((Recip(x16) + x19)) ^ (x13 * (Abs(x0) ^ x17))) / (x12 / (Abs(x30) ^ ((((x18 * x10) / (Abs(x24) ^ (x14 + 0.8304743010506496))) * (x4 + x17)) + -0.3658585718761755)))))),8.191686013660904;-0.7438238977499144;0.8304743010506496;-0.3658585718761755,104,5.118103217222567e-2,5.118103217222567e-2,0.18055513958923802,0.7952758713110973,0.7952758713110973,-8.392478361431804,5.118103217222567e-2,5.118103217222567e-2,0.18055513958923802,296.61738243776534,296.61738243776534,296.74675654518234
