id,Expression,theta,size,MSE_train,MSE_val,MSE_test,R2_train,R2_val,R2_test,nll_train,nll_val,nll_test,mdl_train,mdl_val,mdl_test
0,(((Abs(1.3281722887094163) ^ (x24 - x23)) * x6) * (Abs(9.605564959781578) ^ (Abs((x23 * x2)) ^ (Abs(Recip(Recip(((Abs(x26) ^ x10) / (Abs(172.03751271264645) ^ x19))))) ^ (Abs(-145.17450970222268) ^ (x24 - x5)))))),1.3281722887094163;9.605564959781578;172.03751271264645;-145.17450970222268,36,7.615127645604229e-2,7.615127645604229e-2,0.10832011224661671,0.6953948941758308,0.6953948941758308,-4.634812239068786,7.615127645604229e-2,7.615127645604229e-2,0.10832011224661671,76.60881383529853,76.60881383529853,76.6409826710891
