id,Expression,theta,size,MSE_train,MSE_val,MSE_test,R2_train,R2_val,R2_test,nll_train,nll_val,nll_test,mdl_train,mdl_val,mdl_test
0,(Abs(((Abs(x27) ^ Recip(x27)) / Recip((x9 - (Abs(x1) ^ (x30 + (x26 * (x14 / x12)))))))) ^ (Abs((x13 + (x4 * x17))) ^ (Abs(((x18 + (((Recip(x30) + -2.117247893090556) / ((x23 - x25) + (x19 * (Abs(x28) ^ x9)))) * ((Abs((Abs(x8) ^ x29)) ^ ((x14 + x15) - Recip(x29))) + x1))) * (x16 + (x29 / x11)))) ^ (((x3 / x4) + x13) / Recip(((x30 + (x4 * ((((x27 + x30) - Recip(x30)) + 9.233496900434353) - x26))) * (x10 + x16))))))),-2.117247893090556;9.233496900434353,93,1.0512779586286315e-2,1.0512779586286315e-2,6.956111010074845e-2,0.9579488816548547,0.9579488816548547,-2.618568947440796,1.0512779586286315e-2,1.0512779586286315e-2,6.956111010074845e-2,286.2306583284366,286.2306583284366,286.28970665895105
