id,Expression,theta,size,MSE_train,MSE_val,MSE_test,R2_train,R2_val,R2_test,nll_train,nll_val,nll_test,mdl_train,mdl_val,mdl_test
0,(Abs((x2 * ((x27 + (Abs(x4) ^ 1.73365012258319)) * ((Abs(x17) ^ x18) * (x4 * x3))))) ^ ((Abs(((x5 / ((Abs(x17) ^ x18) + (x27 + -1.2047146032470246))) / (Abs((x21 - x5)) ^ ((Abs((Abs(x17) ^ x18)) ^ (Abs(-1.5907300446163537) ^ ((Abs((Abs(((x29 * x13) / Recip(x29))) ^ x18)) ^ (5.7989183423630866e-2 - (x8 * (x18 - (x26 - (Recip(x26) * (x26 * x10))))))) - (x26 - x5)))) - (x26 * x19))))) ^ (Abs(((((x29 * x4) + -7.302927092419907) * x22) - x5)) ^ ((Abs((Abs(x21) ^ x18)) ^ (1.362660810058293 - (x8 * (x18 - (x26 - x5))))) - x18))) * x19)),1.73365012258319;-1.2047146032470246;-1.5907300446163537;5.7989183423630866e-2;-7.302927092419907;1.362660810058293,109,6.769830798428247e-2,6.769830798428247e-2,0.16527731003646517,0.7292067680628701,0.7292067680628701,-7.59772566809659,6.769830798428247e-2,6.769830798428247e-2,0.16527731003646517,293.7167313770243,293.7167313770243,293.81431037907646
