id,Expression,theta,size,MSE_train,MSE_val,MSE_test,R2_train,R2_val,R2_test,nll_train,nll_val,nll_test,mdl_train,mdl_val,mdl_test
0,((Abs((x6 + -1.0238308845921356)) ^ ((Abs((((x18 - ((Abs(((x26 * -2.6402043844689187) * (((-1.580031278659371e-2 + x13) + (0.9397842677636575 + x23)) / Recip(Recip(((x18 / x19) - ((Recip(((((x0 / (x8 - x11)) / x11) * -1.3802175750579082) - x15)) * x14) * -3.128468869295252))))))) ^ x11) * x11)) - (x18 / x11)) + x21)) ^ -9.606516760131123) * Recip((Abs(((x26 * x17) * x26)) ^ (x26 * 7.119530684120099))))) - (x0 / (-0.7969510441172678 / ((((x5 * x12) * ((x18 / x19) / (x8 - Recip(Recip((Abs(x6) ^ (x26 * -0.2517401891407947))))))) * ((Abs((Recip((x7 - x30)) * x14)) ^ x15) / x6)) * x7)))),-1.0238308845921356;-2.6402043844689187;-1.580031278659371e-2;0.9397842677636575;-1.3802175750579082;-3.128468869295252;-9.606516760131123;7.119530684120099;-0.7969510441172678;-0.2517401891407947,104,1.1211236371451579e-2,1.1211236371451579e-2,Infinity,0.9551550545141937,0.9551550545141937,-Infinity,1.1211236371451579e-2,1.1211236371451579e-2,Infinity,311.4604866104701,311.4604866104701,Infinity
