id,Expression,theta,size,MSE_train,MSE_val,MSE_test,R2_train,R2_val,R2_test,nll_train,nll_val,nll_test,mdl_train,mdl_val,mdl_test
0,(Abs(-0.8025329058377512) ^ ((x19 * -0.6456341101061185) + (Abs((((x16 / x13) / x2) / (((((x8 + (Abs(((Abs(x28) ^ x16) - x7)) ^ (x25 + x25))) * Recip((x17 * ((x16 / x19) / x2)))) + Recip((Abs(Recip(x6)) ^ x17))) + Recip((x10 + -0.14772358424594903))) / (x17 * ((x16 / ((Recip(((x19 / x8) + x27)) / ((x28 / x19) / x28)) * x20)) / x2))))) ^ ((Abs(x19) ^ x17) + x17)))),-0.8025329058377512;-0.6456341101061185;-0.14772358424594903,76,2.5991754886778032e-2,2.5991754886778032e-2,0.11930376046165952,0.8960329804528879,0.8960329804528879,-5.206181619215291,2.5991754886778032e-2,2.5991754886778032e-2,0.11930376046165952,209.72725090366615,209.72725090366615,209.82056290924103
