id,Expression,theta,size,MSE_train,MSE_val,MSE_test,R2_train,R2_val,R2_test,nll_train,nll_val,nll_test,mdl_train,mdl_val,mdl_test
0,(Abs(((Abs(x20) ^ (x26 * x21)) / (Abs(Recip((x24 + (x20 - x6)))) ^ (x22 + (x1 * x5))))) ^ (((Abs((-1.1457804283422999 + (x1 / (((x26 + x27) + x12) * (Abs((Abs(x8) ^ x28)) ^ x22))))) ^ -9.786480136902986) / (Abs(x19) ^ (x25 * (((x7 - x21) - x11) - x18)))) / (Abs((((Abs(((Recip((((x26 + x27) + x12) * (Abs(x12) ^ x22))) * x18) / (x18 - x26))) ^ ((9.048181716759662e-2 + x18) - (Abs(x14) ^ x19))) * (Abs(Recip(((x28 * -3.620602338057784) + x11))) ^ (((x11 * ((1.728111732668357 + x21) * -2.125000529832544)) / x19) * -4.60024676074338))) + x9)) ^ (x28 * -1.6373607398534715)))),-1.1457804283422999;-9.786480136902986;9.048181716759662e-2;-3.620602338057784;1.728111732668357;-2.125000529832544;-4.60024676074338;-1.6373607398534715,110,4.519014833348844e-5,4.519014833348844e-5,7.447761988782352e7,0.9998192394066661,0.9998192394066661,-3.8743257855644317e9,4.519014833348844e-5,4.519014833348844e-5,7.447761988782352e7,319.2935059162536,319.2935059162536,7.447793918128425e7
