id,Expression,theta,size,MSE_train,MSE_val,MSE_test,R2_train,R2_val,R2_test,nll_train,nll_val,nll_test,mdl_train,mdl_val,mdl_test
0,(Abs((Abs(x9) ^ x13)) ^ ((Abs((Abs(x29) ^ (Abs((Abs(x19) ^ x14)) ^ x22))) ^ (Abs(((x27 + Recip(x30)) * x18)) ^ x3)) / (Abs(((Abs(x16) ^ x20) + ((Abs(Recip((Abs(x2) ^ (Abs(x6) ^ ((x30 * (-123.80361701746085 * ((Abs((x23 / Recip((Abs(x21) ^ x29)))) ^ x15) * x28))) / Recip((x0 / x29))))))) ^ ((x19 + x2) * x2)) * (Recip(x15) / x16)))) ^ ((x30 * (-215.61217221738943 * (x15 * x28))) / Recip((x0 / x18)))))),-123.80361701746085;-215.61217221738943,87,7.555239454452471e-2,7.555239454452471e-2,0.19250217416665955,0.6977904218219011,0.6977904218219011,-9.013963100149248,7.555239454452471e-2,7.555239454452471e-2,0.19250217416665955,235.05348760992317,235.05348760992317,235.1704373895453
