id,Expression,theta,size,MSE_train,MSE_val,MSE_test,R2_train,R2_val,R2_test,nll_train,nll_val,nll_test,mdl_train,mdl_val,mdl_test
0,((((((1.219461370547428 - (x11 + x6)) * x15) / ((x28 / (Abs(((x9 + (Abs(x20) ^ -0.27911766202944926)) + (Recip(((Abs(x3) ^ (x9 * x27)) + (x8 + (Abs(x20) ^ (Abs(x28) ^ (x28 * (x2 - x3))))))) + ((x0 + x9) + (Abs((Abs(x26) ^ (2.1242404412953406 / x26))) ^ Recip((x8 + x25))))))) ^ x2)) + x13)) + ((4.058200912170439 + (x5 + x5)) * x30)) - x1) - ((Abs(Recip(((x28 - (Abs(x9) ^ (x9 * x27))) + x5))) ^ ((x13 + x6) * (x28 * x28))) * 0.25567713830818023)),1.219461370547428;-0.27911766202944926;2.1242404412953406;4.058200912170439;0.25567713830818023,93,4.764307182641435e-2,4.764307182641435e-2,134.69438045882694,0.8094277126943425,0.8094277126943425,-7005.801671467909,4.764307182641435e-2,4.764307182641435e-2,134.69438045882694,267.00416482105385,267.00416482105385,401.6509022080544
