id,Expression,theta,size,MSE_train,MSE_val,MSE_test,R2_train,R2_val,R2_test,nll_train,nll_val,nll_test,mdl_train,mdl_val,mdl_test
0,(Abs((x10 / (((Abs((Abs(x26) ^ (((x1 - x29) - Recip(x24)) - (Recip(Recip((x10 * x10))) - Recip(((x15 * x2) + x3)))))) ^ 326.6661020265358) + (x14 + ((((Abs((Abs(x26) ^ ((x26 * x14) * (Abs(267.25365079066563) ^ x0)))) ^ -235.34876384113477) + x2) + x14) * (x15 * x2)))) + x10))) ^ x18),326.6661020265358;267.25365079066563;-235.34876384113477,57,8.212886551814265e-2,8.212886551814265e-2,0.17481977655055758,0.6714845379274295,0.6714845379274295,-8.094124776159658,8.212886551814265e-2,8.212886551814265e-2,0.17481977655055758,147.49108851822254,147.49108851822254,147.58377942925495
