id,Expression,theta,size,MSE_train,MSE_val,MSE_test,R2_train,R2_val,R2_test,nll_train,nll_val,nll_test,mdl_train,mdl_val,mdl_test
0,(Abs((Abs((((Abs(x30) ^ ((x20 + (x10 - x0)) / (x16 / x4))) * -5.380006879730618) * (x10 - (x20 + (x10 - x0))))) ^ x29)) ^ (Recip(Recip((Abs((x30 - x4)) ^ x26))) * (((160.02892623986506 * ((x0 - x30) * x11)) / x11) + 11.45126641185714))),-5.380006879730618;160.02892623986506;11.45126641185714,47,5.0548571253626905e-2,5.0548571253626905e-2,0.42334672244194393,0.7978057149854924,0.7978057149854924,-21.022496501429085,5.0548571253626905e-2,5.0548571253626905e-2,0.42334672244194393,119.27186362756422,119.27186362756422,119.64466177875254
