id,Expression,theta,size,MSE_train,MSE_val,MSE_test,R2_train,R2_val,R2_test,nll_train,nll_val,nll_test,mdl_train,mdl_val,mdl_test
0,(Abs(Recip(((Recip((Recip(x5) - x29)) + (((Abs((x0 / (Abs(x20) ^ x10))) ^ (x20 + (((Abs((Abs((x7 + x16)) ^ x13)) ^ 4.863585463973757) * (Recip(x16) - x29)) + x2))) * (Recip(x11) - x29)) + x2)) + (((Abs(((Abs(x5) ^ x11) / x28)) ^ -4.399425241755896) * (Recip(x20) - x29)) + (Abs(((Abs((x17 - (x19 - x7))) ^ (Abs(x19) ^ x9)) * ((x3 - x23) * ((Abs(x11) ^ (Abs(x14) ^ x2)) * x28)))) ^ ((Abs(Recip((x29 * x3))) ^ (((Recip(x2) + x1) + x4) * x4)) * x20)))))) ^ (Abs((x2 + x11)) ^ 0.5805697335592579)),4.863585463973757;-4.399425241755896;0.5805697335592579,107,0.12374515042628693,0.12374515042628693,0.3049279332085406,0.5050193982948523,0.5050193982948523,-14.862351085507676,0.12374515042628693,0.12374515042628693,0.3049279332085406,303.1267231864241,303.1267231864241,303.3079059692064
