id,Expression,theta,size,MSE_train,MSE_val,MSE_test,R2_train,R2_val,R2_test,nll_train,nll_val,nll_test,mdl_train,mdl_val,mdl_test
0,(((((x1 + (x6 + 1.3687650984478583)) + (x6 + (Abs(1.464527576376682e-2) ^ x2))) * ((Abs(x0) ^ (((Abs(x0) ^ x6) * x10) + Recip(x13))) + (x18 / Recip((((Abs(x0) ^ ((Recip((Abs(x0) ^ x6)) * x0) + (x0 + x3))) + (x18 / Recip(((Abs(x7) ^ -0.9628610782032038) * Recip((Abs(x0) ^ x6)))))) * Recip(x24)))))) + (((x13 * x24) - x7) * ((x7 + (x18 / ((Abs(((x28 * x0) - x14)) ^ 2.7935212501457658e-2) * (((Abs((((x13 * x24) * x10) + x15)) ^ x27) - Recip(x6)) * x14)))) * 0.8874735779503272))) * x27),1.3687650984478583;1.464527576376682e-2;-0.9628610782032038;2.7935212501457658e-2;0.8874735779503272,99,0.11104741099524666,0.11104741099524666,0.15662388321776377,0.5558103560190133,0.5558103560190133,-7.147574404987759,0.11104741099524666,0.11104741099524666,0.15662388321776377,274.1180668061033,274.1180668061033,274.1636432783258
