id,Expression,theta,size,MSE_train,MSE_val,MSE_test,R2_train,R2_val,R2_test,nll_train,nll_val,nll_test,mdl_train,mdl_val,mdl_test
0,Recip((Abs((((Abs(x15) ^ x3) + (Abs((x21 - (x16 - x4))) ^ (((Abs(((Recip((Abs((x26 / x7)) ^ x22)) - (Abs(x20) ^ x14)) - Recip(((x9 + x30) - (x8 * (x25 - x29)))))) ^ (x30 / (x9 + x19))) / x15) * (x19 - x24)))) / ((Abs(x19) ^ x24) - x11))) ^ (((x20 + x25) * (Abs(1.4771771032889245) ^ (Abs(Recip((x10 - x24))) ^ -0.664852336353467))) + (((((x3 + x16) / (Abs(x30) ^ x11)) + ((x18 * x5) - (x0 * x2))) + x24) * (Abs(-2.712862495251038) ^ (Abs(Recip((Abs(x5) ^ x9))) ^ 1.7802842645060524)))))),1.4771771032889245;-0.664852336353467;-2.712862495251038;1.7802842645060524,103,0.11128698369239473,0.11128698369239473,Infinity,0.5548520652304211,0.5548520652304211,-Infinity,0.11128698369239473,0.11128698369239473,Infinity,306.21905133328636,306.21905133328636,Infinity
