id,Expression,theta,size,MSE_train,MSE_val,MSE_test,R2_train,R2_val,R2_test,nll_train,nll_val,nll_test,mdl_train,mdl_val,mdl_test
0,(Abs(6.825564618860537e-3) ^ (Abs(Recip(((Abs(((Recip(x11) - (Abs(x11) ^ (((x28 + 13.562701831388878) - x27) * x11))) - x7)) ^ Recip((Abs((x11 - (x12 - x7))) ^ x12))) * x7))) ^ Recip((((x16 / x9) / Recip(((x16 / x9) / (-149.3437470686547 * x0)))) / ((Recip(x11) - (Abs(x11) ^ ((x26 / x9) - x3))) * x11))))),6.825564618860537e-3;13.562701831388878;-149.3437470686547,61,3.785066989058822e-2,3.785066989058822e-2,9.815856672399209e-2,0.8485973204376471,0.8485973204376471,-4.106208640981873,3.785066989058822e-2,3.785066989058822e-2,9.815856672399209e-2,155.86458459298248,155.86458459298248,155.92489248981587
