id,Expression,theta,size,MSE_train,MSE_val,MSE_test,R2_train,R2_val,R2_test,nll_train,nll_val,nll_test,mdl_train,mdl_val,mdl_test
0,((Abs(x1) ^ ((Abs((x15 * (x27 * ((Recip(x1) * ((((x16 + (Abs(1.2808626514199958e12) ^ (x0 * x1))) + (x6 / (x10 * x28))) + (Abs(-1.0759026619456143e13) ^ (x27 - Recip(Recip(x20))))) + (x10 / (x10 * x28)))) / x21)))) ^ (8.148578073484888e14 / Recip(Recip(x28)))) - Recip(((((x0 * Recip(Recip(Recip(x20)))) * (x28 * (x21 - (x0 * x27)))) * x28) + (x10 * 9.966739153631958e15))))) + Recip(((Recip(x1) * ((x16 + (Abs(-23.746980777196033) ^ ((Abs(((((x24 - x14) - x5) / x16) / x1)) ^ x25) - x5))) + (x6 / (x10 * x28)))) / x21))),1.2808626514199958e12;-1.0759026619456143e13;8.148578073484888e14;9.966739153631958e15;-23.746980777196033,102,1.1725514157075102e-6,1.1725514157075102e-6,Infinity,0.9999953097943372,0.9999953097943372,-Infinity,1.1725514157075102e-6,1.1725514157075102e-6,Infinity,292.27415519400006,292.27415519400006,Infinity
