id,Expression,theta,size,MSE_train,MSE_val,MSE_test,R2_train,R2_val,R2_test,nll_train,nll_val,nll_test,mdl_train,mdl_val,mdl_test
0,((((Abs(((x12 * 1.2751658550261733) * x27)) ^ x22) / (x24 / (((x17 * 0.2930107353333906) * (x23 * (x20 / x3))) - ((x22 + -0.12144480822801569) * x17)))) * (x22 + -3.3114940401155577)) + x17),1.2751658550261733;0.2930107353333906;-0.12144480822801569;-3.3114940401155577,32,2.9650604174043624e-2,2.9650604174043624e-2,7.78754550906164e-2,0.8813975833038254,0.8813975833038254,-3.05108117381371,2.9650604174043624e-2,2.9650604174043624e-2,7.78754550906164e-2,81.84042782224705,81.84042782224705,81.88865267316363
