id,Expression,theta,size,MSE_train,MSE_val,MSE_test,R2_train,R2_val,R2_test,nll_train,nll_val,nll_test,mdl_train,mdl_val,mdl_test
0,((3.1765808898816172 * ((Abs(x14) ^ (x23 * 0.4545542247173255)) - (Abs(x16) ^ (x9 - (x26 - x22))))) + (x27 * -3.527483328282504)),3.1765808898816172;0.4545542247173255;-3.527483328282504,21,7.892199417545102e-2,7.892199417545102e-2,1.0518766400091062,0.6843120232981958,0.6843120232981958,-53.718622813271615,7.892199417545102e-2,7.892199417545102e-2,1.0518766400091062,47.292148340147456,47.292148340147456,48.26510298598111
