id,Expression,theta,size,MSE_train,MSE_val,MSE_test,R2_train,R2_val,R2_test,nll_train,nll_val,nll_test,mdl_train,mdl_val,mdl_test
0,(1.1312263215259382 * (((-0.26763961501588485 * x8) * (x19 * 0.6506089505383069)) + ((Abs(x26) ^ x29) / (Abs(((Abs(Recip(((((x20 / x26) * (Abs(Recip(((((x8 / x28) / (5.419699403699249e-2 / Recip(x29))) - x6) + x7))) ^ ((x27 + x18) * x4))) - Recip((x6 + (Recip((x4 + x27)) - x9)))) / (-0.2677445089319054 + (Recip(x3) / (Abs(Recip((x7 / x6))) ^ x1)))))) ^ x29) / (Abs((x24 * (x21 + x11))) ^ ((Abs(((((x13 / ((x6 / x10) / (x10 * x13))) - (x13 / x9)) - Recip(x9)) + x21)) ^ x22) - (Abs(x9) ^ x7))))) ^ ((x17 * 11.438194448660923) * x13))))),1.1312263215259382;-0.26763961501588485;0.6506089505383069;5.419699403699249e-2;-0.2677445089319054;11.438194448660923,107,5.889413727552602e-2,5.889413727552602e-2,8.928309645498382e-2,0.764423450897896,0.764423450897896,-3.6445066775880806,5.889413727552602e-2,5.889413727552602e-2,8.928309645498382e-2,329.9471406446207,329.9471406446207,329.9775296038002
