id,Expression,theta,size,MSE_train,MSE_val,MSE_test,R2_train,R2_val,R2_test,nll_train,nll_val,nll_test,mdl_train,mdl_val,mdl_test
0,Recip(((Abs(((x8 + x26) / (((x15 + x2) + x2) / (Abs(x13) ^ ((x29 * x19) / (x21 * (Abs((x26 / x16)) ^ x7))))))) ^ (((x3 * x7) + ((Recip(Recip((x0 * 41.0056846072747))) / x13) - x28)) / (((x3 * x29) / x21) + (x16 * Recip(x15))))) + (Abs((((x2 - (Recip(x2) / x13)) * (Abs(x7) ^ (x3 - (x21 + x13)))) + x14)) ^ (Abs(((Abs(x7) ^ Recip(x17)) / (Abs((((x15 + x2) - x6) - (x29 + x0))) ^ x13))) ^ (Abs((x9 - ((x3 * x29) / (x0 * -4.272408837205918)))) ^ Recip(Recip((x0 * 20.55643050907214)))))))),41.0056846072747;-4.272408837205918;20.55643050907214,108,2.7005800726817873e-2,2.7005800726817873e-2,9.726506062651262e-2,0.8919767970927285,0.8919767970927285,-4.059728453790993,2.7005800726817873e-2,2.7005800726817873e-2,9.726506062651262e-2,314.6543350051735,314.6543350051735,314.72459426507316
