id,Expression,theta,size,MSE_train,MSE_val,MSE_test,R2_train,R2_val,R2_test,nll_train,nll_val,nll_test,mdl_train,mdl_val,mdl_test
0,((Abs(x0) ^ (4.042043701266501 * ((x5 / (((Abs((x22 + x14)) ^ x22) - ((x25 * x25) * x3)) + (Abs((Abs((x20 / (x19 / (x28 / (x26 * (x28 * (x26 / ((x27 / x17) / (x28 + x24))))))))) ^ (x4 + x4))) ^ ((((Abs((x30 - x25)) ^ x13) + (x1 - x9)) + x29) + x19)))) / x25))) + -0.1541667718815536),4.042043701266501;-0.1541667718815536,64,0.1365883008572779,0.1365883008572779,0.7546842008082071,0.45364679657088836,0.45364679657088836,-38.25867212604143,0.1365883008572779,0.1365883008572779,0.7546842008082071,190.05026196808112,190.05026196808112,190.66835786803205
