id,Expression,theta,size,MSE_train,MSE_val,MSE_test,R2_train,R2_val,R2_test,nll_train,nll_val,nll_test,mdl_train,mdl_val,mdl_test
0,(1.027120517880057 - Recip((Abs(((x8 / (Abs((((((x18 - (x7 + x10)) * (Abs((((Abs((x6 / x12)) ^ x19) / x26) * x9)) ^ (x7 * x2))) + 32.82922066228812) * x24) * (x21 / (Abs(x12) ^ (x18 - (x1 + (x18 - (x7 + x22)))))))) ^ x6)) - x0)) ^ ((-1.9573299839152967 / (Abs(x12) ^ (x18 - (x19 - x9)))) / (Recip(x1) + (Abs(((x26 + (x26 * x0)) / x18)) ^ (((-0.39380458658941786 * x23) + ((Abs((Recip(((x11 * -0.1589339746213181) / (Abs(-2.2103883537245643) ^ (Abs(x22) ^ (x26 * x3))))) + x16)) ^ (x30 + x12)) * (x14 / x20))) - x29))))))),1.027120517880057;32.82922066228812;-1.9573299839152967;-0.39380458658941786;-0.1589339746213181;-2.2103883537245643,106,0.1186367681514326,0.1186367681514326,0.22192983693833598,0.5254529273942696,0.5254529273942696,-10.544790117531797,0.1186367681514326,0.1186367681514326,0.22192983693833598,326.63358540771833,326.63358540771833,326.73687847650524
