id,Expression,theta,size,MSE_train,MSE_val,MSE_test,R2_train,R2_val,R2_test,nll_train,nll_val,nll_test,mdl_train,mdl_val,mdl_test
0,(((9.802191772563441 * ((0.9402732465260495 * (Abs(x1) ^ (x14 + x17))) - (Abs(((Abs(x28) ^ (Abs(x1) ^ (Abs((Recip(x4) - (((Abs((Abs(Recip(x21)) ^ (x23 - x17))) ^ x27) / x3) + x5))) ^ x5))) * x10)) ^ x20))) / (((Abs(x17) ^ (x18 - (x25 + (((((Abs((x13 / Recip(Recip(x12)))) ^ ((Abs(x16) ^ (Abs(x15) ^ x15)) * x17)) * -1.3271836622725708) - ((((x14 + 1.5885437925571007) * x24) + (x25 + x14)) / x14)) * (Abs(x23) ^ x22)) * x24)))) / x22) + x28)) + 1.093308439146038),9.802191772563441;0.9402732465260495;-1.3271836622725708;1.5885437925571007;1.093308439146038,93,0.15760377350725624,0.15760377350725624,0.6298963148024792,0.36958490597097504,0.36958490597097504,-31.767206296023716,0.15760377350725624,0.15760377350725624,0.6298963148024792,267.1203899198579,267.1203899198579,267.5926824611531
