id,Expression,theta,size,MSE_train,MSE_val,MSE_test,R2_train,R2_val,R2_test,nll_train,nll_val,nll_test,mdl_train,mdl_val,mdl_test
0,(Recip(((((Abs((x14 / x26)) ^ x4) * (Abs((Abs((x7 * x9)) ^ x16)) ^ ((x7 / x26) + x0))) * (x11 / x6)) + (((Abs(x16) ^ x30) - x6) - (((((Abs(x16) ^ x30) - x6) - ((x3 + (x1 + x3)) * x4)) - x6) * x4)))) / ((Recip((Abs(x30) ^ (x2 + -0.7971106354237061))) / ((Abs(x22) ^ x5) * x15)) + (((Abs(x10) ^ x10) * x16) / ((((x7 * x10) - (x15 * x7)) + x3) * Recip(x3))))),-0.7971106354237061,86,9.860293200975877e-2,9.860293200975877e-2,9.589286800566893e-2,0.6055882719609649,0.6055882719609649,-3.988346993654707,9.860293200975877e-2,9.860293200975877e-2,9.589286800566893e-2,247.9868016991495,247.9868016991495,247.98409163514543
