id,Expression,theta,size,MSE_train,MSE_val,MSE_test,R2_train,R2_val,R2_test,nll_train,nll_val,nll_test,mdl_train,mdl_val,mdl_test
0,(Abs(x30) ^ (((x30 * (Abs(((-3.927261327766831e-2 / x5) + ((-0.9275090637086949 + (x27 - (Abs((((Abs((x12 * x23)) ^ (-0.6135625817046444 + x7)) * x27) + ((Abs(x20) ^ (x2 + -0.6616145323742452)) + x5))) ^ -0.7024629153795862))) * (x24 - x7)))) ^ (Abs(((x5 + ((x5 + 0.7966398187054959) + x4)) - x4)) ^ x0))) / Recip((Abs((Abs((Recip(((x4 / x5) + (x21 / x23))) + Recip(x2))) ^ (Abs((x7 + x5)) ^ (x5 + 0.9323553614553499)))) ^ x4))) * (((x30 * x27) * (Abs(((0.20818879467517937 / x5) + (x5 / x27))) ^ (Abs((x23 * x2)) ^ (-0.7603557484479636 + x7)))) / Recip((Abs(x19) ^ x4))))),-3.927261327766831e-2;-0.9275090637086949;-0.6135625817046444;-0.6616145323742452;-0.7024629153795862;0.7966398187054959;0.9323553614553499;0.20818879467517937;-0.7603557484479636,107,5.512561681123007e-4,5.512561681123007e-4,6.585798997160155e-2,0.9977949753275508,0.9977949753275508,-2.4259326383225823,5.512561681123007e-4,5.512561681123007e-4,6.585798997160155e-2,284.5951172437973,284.5951172437973,284.6604239776008
