id,Expression,theta,size,MSE_train,MSE_val,MSE_test,R2_train,R2_val,R2_test,nll_train,nll_val,nll_test,mdl_train,mdl_val,mdl_test
0,Recip((Abs(((((x10 + (x2 / x26)) - x15) - (-3.7378388921021126 * x30)) * 75.25567936268084)) ^ (((((Recip((Abs((x27 + (x7 * 7.867312901378802))) ^ ((x22 * (x3 / x27)) / Recip((-10.878973818946497 * x30))))) + x21) + x25) - (7.365896264168846 * x30)) * 60.78510731013036) * (Abs(x30) ^ (x27 + (((((Recip((Abs(((x26 + (x2 / x26)) - ((Abs(x18) ^ x12) + x12))) ^ (-5.31711168622357 * (Abs(((x12 * x15) * x24)) ^ x16)))) + x21) + x25) - x18) * x9) / x10)))))),-3.7378388921021126;75.25567936268084;7.867312901378802;-10.878973818946497;7.365896264168846;60.78510731013036;-5.31711168622357,85,2.1984721831999298e-2,2.1984721831999298e-2,2.5292158875577264e25,0.9120611126720028,0.9120611126720028,-1.315698104707479e27,2.1984721831999298e-2,2.1984721831999298e-2,2.5292158875577264e25,247.72602778023483,247.72602778023483,2.5292158875577264e25
