id,Expression,theta,size,MSE_train,MSE_val,MSE_test,R2_train,R2_val,R2_test,nll_train,nll_val,nll_test,mdl_train,mdl_val,mdl_test
0,Recip(((Abs((Abs(x25) ^ (x17 / (Abs(Recip((-0.3981356646099487 - x16))) ^ (x4 * x26))))) ^ (((Recip((x12 + Recip(x27))) - x7) / Recip(x30)) * x3)) + ((Abs((x5 / ((Abs(x27) ^ (((x14 - x10) + Recip(((x22 + x1) + x6))) * (Recip(x4) + (x4 / x17)))) + 40.93822753407058))) ^ (x22 * 41.47509602398408)) + (((Abs(Recip(x7)) ^ (x0 + 1.4627284234412707)) / ((Abs(Recip(x5)) ^ x10) + (x0 + 78.96532158310208))) / ((((x28 / (x28 / x16)) * x29) * x1) * x29))))),-0.3981356646099487;40.93822753407058;41.47509602398408;1.4627284234412707;78.96532158310208,89,2.5564259554831326e-2,2.5564259554831326e-2,2.673483785668598e-2,0.8977429617806747,0.8977429617806747,-0.39074626530475154,2.5564259554831326e-2,2.5564259554831326e-2,2.673483785668598e-2,267.18948037731633,267.18948037731633,267.1906509556182
