id,Expression,theta,size,MSE_train,MSE_val,MSE_test,R2_train,R2_val,R2_test,nll_train,nll_val,nll_test,mdl_train,mdl_val,mdl_test
0,(Abs((((x11 * x19) * (Abs(((Recip(x19) / (x6 + x26)) * x16)) ^ -1.7646460900250927)) * Recip((Abs(x6) ^ (x6 + ((Abs((Abs((Abs(x12) ^ -3.2721322581707346)) ^ -3.229832508629806)) ^ (x9 + (Abs(x26) ^ x24))) / Recip((x25 - (x21 * x9))))))))) ^ ((Abs((Abs((Abs(x24) ^ ((-178.39875955915892 - x20) * x6))) ^ (Abs((Abs(x21) ^ x26)) ^ -2.8145803216549146))) ^ x6) / Recip((x21 * x9)))),-1.7646460900250927;-3.2721322581707346;-3.229832508629806;-178.39875955915892;-2.8145803216549146,71,6.488170482956862e-2,6.488170482956862e-2,Infinity,0.7404731806817255,0.7404731806817255,-Infinity,6.488170482956862e-2,6.488170482956862e-2,Infinity,170.59681542070328,170.59681542070328,Infinity
