id,Expression,theta,size,MSE_train,MSE_val,MSE_test,R2_train,R2_val,R2_test,nll_train,nll_val,nll_test,mdl_train,mdl_val,mdl_test
0,(Abs(Recip(Recip((x2 + x2)))) ^ (Abs(Recip(((Recip(Recip(((x19 * x16) + x2))) * x23) + x2))) ^ Recip((0.43019573885002155 - x2)))),0.43019573885002155,25,2.0012712258374216e-6,2.0012712258374216e-6,0.20974402139877768,0.9999919949150966,0.9999919949150966,-9.910883993163997,2.0012712258374216e-6,2.0012712258374216e-6,0.20974402139877768,52.959459140134285,52.959459140134285,53.169201160261835
