id,Expression,theta,size,MSE_train,MSE_val,MSE_test,R2_train,R2_val,R2_test,nll_train,nll_val,nll_test,mdl_train,mdl_val,mdl_test
0,(Recip(((x27 * x27) + (Abs(((Abs(((Abs((((x14 / x22) - x12) + ((-9.267799533851337 + (((((x18 * x11) - x13) * x13) * (Abs(x27) ^ x17)) * x27)) * ((x5 - x13) - (x27 * 27.72258047187416))))) ^ x17) + (x17 * x8))) ^ (x27 * (Abs(Recip(Recip(Recip(Recip(Recip(x4)))))) ^ ((((x17 * x30) - x22) - (x23 - (x1 * 14.788058937748755))) * (Recip((Abs(x20) ^ x20)) - (Abs(x2) ^ x17)))))) + x4)) ^ (Abs(((((((x5 * x17) - x3) / x1) * x18) + x19) - x29)) ^ (x0 * -4.895321840088889))))) - (x23 * x17)),-9.267799533851337;27.72258047187416;14.788058937748755;-4.895321840088889,102,0.10767283318245482,0.10767283318245482,0.13147266515019346,0.5693086672701807,0.5693086672701807,-5.839208041112803,0.10767283318245482,0.10767283318245482,0.13147266515019346,309.9163382375894,309.9163382375894,309.9401380695571
