id,Expression,theta,size,MSE_train,MSE_val,MSE_test,R2_train,R2_val,R2_test,nll_train,nll_val,nll_test,mdl_train,mdl_val,mdl_test
0,Recip(((Recip((Abs(-10.89011587000762) ^ (x1 * (Abs((((x19 * x15) + Recip(x9)) + -4.2112581485845375)) ^ (((x0 + -6.828316217556189) - x18) * x7))))) * Recip((Abs((Abs((Recip(Recip(x10)) * x23)) ^ x17)) ^ ((x8 * (38.62417928598174 + (Abs((3.0295646823797187 * x23)) ^ x17))) + ((Abs((x26 * x23)) ^ x3) + (Recip(Recip((1.320418357094305 * (x2 * (Abs((((x19 * x15) + Recip(x9)) + 14.925950906427447)) ^ (Abs(((Abs((Recip(x9) * x23)) ^ x7) * 16.24289456373897)) ^ x17)))))) - (x9 - x20))))))) + (x2 * Recip(Recip(((Abs(x17) ^ Recip(Recip(x19))) / x27)))))),-10.89011587000762;-4.2112581485845375;-6.828316217556189;38.62417928598174;3.0295646823797187;1.320418357094305;14.925950906427447;16.24289456373897,99,2.6169458442481718e-2,2.6169458442481718e-2,12.113652180625474,0.8953221662300731,0.8953221662300731,-629.1521864361131,2.6169458442481718e-2,2.6169458442481718e-2,12.113652180625474,279.0851546761368,279.0851546761368,291.1726373983198
