id,Expression,theta,size,MSE_train,MSE_val,MSE_test,R2_train,R2_val,R2_test,nll_train,nll_val,nll_test,mdl_train,mdl_val,mdl_test
0,((Recip(Recip((Abs(x28) ^ x10))) - ((Abs(Recip(((x15 * (Abs(x18) ^ x26)) / (Recip((x15 + x21)) * x7)))) ^ x15) - ((Abs(((Abs(Recip(((((x6 / x20) - Recip(x16)) * x17) / ((x21 + x6) * (x25 + x28))))) ^ x15) - (x25 + x28))) ^ x20) + -0.9028588083505483))) + (-7.495412229704095 * (((Abs(((Abs(Recip(x17)) ^ x15) - (x25 + x28))) ^ x20) / ((((x3 - (x3 / (((x30 + x17) + (x30 + (x3 + x30))) - Recip((x6 * -0.8731418635047177))))) + -6.488885790725866) * 0.43582623730375336) - Recip((x21 + x17)))) + (x6 * (x0 / x1))))),-0.9028588083505483;-7.495412229704095;-0.8731418635047177;-6.488885790725866;0.43582623730375336,103,7.314762527920875e-2,7.314762527920875e-2,0.16229845458492984,0.707409498883165,0.707409498883165,-7.442765607507727,7.314762527920875e-2,7.314762527920875e-2,0.16229845458492984,301.0805923544776,301.0805923544776,301.1697431837833
