id,Expression,theta,size,MSE_train,MSE_val,MSE_test,R2_train,R2_val,R2_test,nll_train,nll_val,nll_test,mdl_train,mdl_val,mdl_test
0,(Abs(x18) ^ (Abs(x5) ^ (Abs(((Recip((Abs(x7) ^ (x9 + x5))) / (Abs(x18) ^ (20.774949260394262 * x2))) + (x25 - (((x6 - x3) + (((Recip(x23) + ((x2 + x10) / (Recip((Abs((x22 / x24)) ^ (Recip(x3) * Recip(x24)))) / x0))) * x26) - x2)) / (Recip((Abs((x22 / x24)) ^ ((Abs(x6) ^ ((Abs((Recip(x22) + x20)) ^ (x11 / x21)) - (Recip(x3) / (x15 - ((Abs(x5) ^ x17) * (x6 - x25)))))) * Recip(x22)))) / x11))))) ^ ((-9.306944813781476 + Recip(x18)) / ((-5.640428051393151 + x4) / (6.476592733072595 * x0)))))),20.774949260394262;-9.306944813781476;-5.640428051393151;6.476592733072595,103,7.102288599787387e-2,7.102288599787387e-2,0.28946710780889046,0.7159084560085045,0.7159084560085045,-14.058078948217906,7.102288599787387e-2,7.102288599787387e-2,0.28946710780889046,306.5838514244005,306.5838514244005,306.8022956462115
