id,Expression,theta,size,MSE_train,MSE_val,MSE_test,R2_train,R2_val,R2_test,nll_train,nll_val,nll_test,mdl_train,mdl_val,mdl_test
0,(511.89992638063484 * ((((x23 * (Abs(x12) ^ ((((((x14 - ((((x12 - (-0.7127696232272119 - x9)) - Recip(x14)) + x18) - (((Abs(0.7153136120460062) ^ x15) * x16) * x19))) - (x14 - (-1.06840037823682 - (((-0.1826582658502493 * (x0 * -0.49053036508268305)) + (Abs(x4) ^ x18)) + 0.6435686661877354)))) * (x27 - ((Abs((x12 * x2)) ^ x16) * x1))) * x14) - ((Abs(x4) ^ x18) - (10.58356271307073 - x9))) * (x7 * (x22 / (Abs(x30) ^ x2)))))) / x13) / Recip(x7)) / (x19 + (Recip(x12) + (x7 * (x22 / (Abs(x30) ^ x2))))))),511.89992638063484;-0.7127696232272119;0.7153136120460062;-1.06840037823682;-0.1826582658502493;-0.49053036508268305;0.6435686661877354;10.58356271307073,95,7.668421919253351e-2,7.668421919253351e-2,0.18169732394030064,0.6932631232298659,0.6932631232298659,-8.451894791374077,7.668421919253351e-2,7.668421919253351e-2,0.18169732394030064,279.74542128981176,279.74542128981176,279.8504343945595
