id,Expression,theta,size,MSE_train,MSE_val,MSE_test,R2_train,R2_val,R2_test,nll_train,nll_val,nll_test,mdl_train,mdl_val,mdl_test
0,(((Abs(Recip(Recip(x16))) ^ (((x2 * x22) + x12) * (x12 + 5.5945182247691685))) - (((Abs((1.2292539800834967 - x4)) ^ (Recip(Recip((x11 * x29))) * (x8 / x17))) + (x15 - (Abs(x26) ^ x16))) - (Abs((x7 * x14)) ^ Recip((Abs(x22) ^ ((-3.713167994190256 - x4) * (x29 - x26))))))) * (Abs(((-6.549737523993769e-2 + x22) - (x0 - ((Abs(x0) ^ 1.680503448516294) + -0.14441365668477452)))) ^ ((x16 + ((x8 * (Abs(x27) ^ (x21 - (Abs(x16) ^ x16)))) - x13)) * (Abs(x8) ^ (Abs(((Abs(x22) ^ (x29 - x12)) + (x22 - (Abs(x26) ^ x16)))) ^ x19))))),5.5945182247691685;1.2292539800834967;-3.713167994190256;-6.549737523993769e-2;1.680503448516294;-0.14441365668477452,103,8.037605484350706e-2,8.037605484350706e-2,12810.536282692154,0.6784957806259717,0.6784957806259717,-666403.0974256203,8.037605484350706e-2,8.037605484350706e-2,12810.536282692154,289.77920029298156,289.77920029298156,13100.235106930291
