id,Expression,theta,size,MSE_train,MSE_val,MSE_test,R2_train,R2_val,R2_test,nll_train,nll_val,nll_test,mdl_train,mdl_val,mdl_test
0,Recip(((((-5.486873799691011 - (x23 * (x3 * ((x1 + x23) - x20)))) * (Abs(x22) ^ x27)) / ((x15 / ((x17 / x10) * x22)) * (Recip((x20 + x10)) / (x18 - Recip(((x1 + x0) + x22)))))) + (Recip(((11.104870011343555 * x3) - x23)) + (Abs((((x26 - Recip((((-9.078413866821307 + (x1 + x4)) * (x20 - Recip(x13))) - x23))) - x18) / (x21 / ((x26 - (-1.5740268755814821 + x4)) - x18)))) ^ (-0.736438226949676 + ((x1 + x23) + (Recip(Recip((((-0.4330710246566064 - x21) + -1.6541831125638233) + x29))) + ((0.5225579151907719 * x3) * x23)))))))),-5.486873799691011;11.104870011343555;-9.078413866821307;-1.5740268755814821;-0.736438226949676;-0.4330710246566064;-1.6541831125638233;0.5225579151907719,97,6.704277107064258e-2,6.704277107064258e-2,0.13216063105398726,0.7318289157174297,0.7318289157174297,-5.874996027428154,6.704277107064258e-2,6.704277107064258e-2,0.13216063105398726,297.93899328433986,297.93899328433986,298.0041111443232
