id,Expression,theta,size,MSE_train,MSE_val,MSE_test,R2_train,R2_val,R2_test,nll_train,nll_val,nll_test,mdl_train,mdl_val,mdl_test
0,((Abs(x20) ^ (Abs((x27 - (x7 / (Abs((x2 * 0.9890887563003634)) ^ 1.8266519761969164)))) ^ Recip(x7))) - (((Abs(x8) ^ (Abs((Recip((Abs((((Abs(x8) ^ (Abs((Recip((Abs((x2 * x30)) ^ (Abs((x6 * x5)) ^ -0.7222312257716437))) - x8)) ^ Recip(x7))) / ((x28 * Recip((Abs(x8) ^ x5))) - Recip(x18))) * Recip(x22))) ^ Recip((Recip(x7) + ((Abs((-0.7999168077029122 * x8)) ^ 0.6966549879958543) - x18))))) - (0.630735809961624 / x17))) ^ Recip(x7))) / Recip(x7)) * Recip(((x6 * x22) + x27)))),0.9890887563003634;1.8266519761969164;-0.7222312257716437;-0.7999168077029122;0.6966549879958543;0.630735809961624,89,7.798886483690256e-3,7.798886483690256e-3,Infinity,0.968804454065239,0.968804454065239,-Infinity,7.798886483690256e-3,7.798886483690256e-3,Infinity,226.7296002822996,226.7296002822996,Infinity
