id,Expression,theta,size,MSE_train,MSE_val,MSE_test,R2_train,R2_val,R2_test,nll_train,nll_val,nll_test,mdl_train,mdl_val,mdl_test
0,(Abs(x0) ^ Recip((Abs(((x11 / (x22 + x0)) * (Abs(((Abs((x14 + x25)) ^ x0) - x22)) ^ x30))) ^ (Abs(x7) ^ ((((x28 / (Abs(((Abs((x5 + x18)) ^ (x14 - x10)) / x3)) ^ (Recip((Recip(x9) + (x22 + x16))) - ((Abs((x14 + x25)) ^ x0) - (((x16 * x3) + x25) * (((x22 + x0) - (0.6830919077035523 - Recip((Abs(x21) ^ -0.37988449970090005)))) / x7)))))) + ((Abs(x27) ^ ((Abs((x21 / (Abs(x20) ^ x17))) ^ Recip(x2)) / x16)) * (0.15803131065430528 / x7))) * -7.002286026379818e-2) - x30))))),0.6830919077035523;-0.37988449970090005;0.15803131065430528;-7.002286026379818e-2,98,3.259999881480499e-2,3.259999881480499e-2,0.10292744193075853,0.86960000474078,0.86960000474078,-4.354285529237854,3.259999881480499e-2,3.259999881480499e-2,0.10292744193075853,280.2289022686623,280.2289022686623,280.29922971177825
