id,Expression,theta,size,MSE_train,MSE_val,MSE_test,R2_train,R2_val,R2_test,nll_train,nll_val,nll_test,mdl_train,mdl_val,mdl_test
0,Recip((((x16 + x27) / x21) + ((x9 * ((((((((Abs(x29) ^ x12) * (((Abs(x27) ^ x12) / Recip((x17 * x21))) - (49.18660283273352 + x28))) * (Abs(x27) ^ x12)) * x18) - (x21 - x7)) * Recip((x17 * x21))) / Recip((x17 * x21))) - (x27 - (x29 / (Abs(((Abs(x30) ^ x20) + x30)) ^ ((((104.66303879461552 * x19) + x18) + 635.3718814729186) / (((Abs(x27) ^ x30) * x15) + (x21 + x22)))))))) * ((x16 + x27) / x21)))),49.18660283273352;104.66303879461552;635.3718814729186,85,7.542736237567436e-2,7.542736237567436e-2,3.4750401131164117,0.6982905504973025,0.6982905504973025,-179.77158668430883,7.542736237567436e-2,7.542736237567436e-2,3.4750401131164117,244.26778117768265,244.26778117768265,247.6673939284234
