id,Expression,theta,size,MSE_train,MSE_val,MSE_test,R2_train,R2_val,R2_test,nll_train,nll_val,nll_test,mdl_train,mdl_val,mdl_test
0,Recip((Abs((x5 - (((Recip((x5 - x4)) + x15) + Recip(((x3 + -2.6645800558502555) * x30))) / x22))) ^ ((Recip((x5 - x4)) + x1) * ((x3 * x21) * ((2.6086425682919874 * x10) - (Recip(Recip((Abs(((x3 + x18) - (x23 / ((x9 * ((x23 * (-6.391817264721863 + x0)) - ((-1.7741495017922657 + (x21 + x18)) + x5))) / Recip((x11 * 6.202096022199437)))))) ^ (x23 - (5.8170345811623205 - x3))))) + (Abs((x29 * ((x9 * ((x22 / x19) - (x4 * -0.5121865251923327))) / Recip(((Abs(x12) ^ (x7 - x27)) + x3))))) ^ ((Abs(((x0 * x20) * x28)) ^ x24) * x3)))))))),-2.6645800558502555;2.6086425682919874;-6.391817264721863;-1.7741495017922657;6.202096022199437;5.8170345811623205;-0.5121865251923327,104,2.1918025522674127e-2,2.1918025522674127e-2,0.20216204612436478,0.9123278979093035,0.9123278979093035,-9.516469639389054,2.1918025522674127e-2,2.1918025522674127e-2,0.20216204612436478,333.3842051941836,333.3842051941836,333.5644492147853
