id,Expression,theta,size,MSE_train,MSE_val,MSE_test,R2_train,R2_val,R2_test,nll_train,nll_val,nll_test,mdl_train,mdl_val,mdl_test
0,Recip(((x0 + (Abs(x24) ^ ((-292.605331907858 - x19) / (Abs((Abs(x25) ^ x12)) ^ -30.503507548557533)))) + (x25 / (Abs(((((x0 + (Abs(x24) ^ ((-206.13459187480802 - x27) / (Abs((Abs(x20) ^ x2)) ^ -20.999925164256688)))) + (x30 / x20)) + (Abs(x20) ^ -61.05886181640406)) + x25)) ^ (Recip((Recip(x25) / ((Abs(x22) ^ x28) - x20))) + (Abs((x9 + -559.8900325735763)) ^ (Abs((((x17 + (x6 / (x28 - x10))) * x1) * x9)) ^ x13))))))),-292.605331907858;-30.503507548557533;-206.13459187480802;-20.999925164256688;-61.05886181640406;-559.8900325735763,79,4.429512781941361e-2,4.429512781941361e-2,4.713516493204332e-2,0.8228194887223456,0.8228194887223456,-1.4519712797647997,4.429512781941361e-2,4.429512781941361e-2,4.713516493204332e-2,216.15195559147975,216.15195559147975,216.15479562859235
