id,Expression,theta,size,MSE_train,MSE_val,MSE_test,R2_train,R2_val,R2_test,nll_train,nll_val,nll_test,mdl_train,mdl_val,mdl_test
0,(x8 * (((x8 * ((((x28 * -0.871578644038336) * x23) + -4.74156895112951) - (3.116342879404667 - (x22 - ((x11 * ((x26 - x30) - (x18 - (x22 - x26)))) + (x10 * x6)))))) + 7.778191235896857) - ((Abs((Recip(((Abs((x12 * (-1.0875888117498946 / (x8 + x26)))) ^ ((((x30 - (x27 + x26)) - x1) - ((x11 * (((3.8881559138057596e-2 * x8) + -0.13066543593062918) - (x18 - (x22 - x26)))) + (x10 * x6))) * (x17 / x23))) + Recip(Recip((x6 / x1))))) + (-0.4613927571339983 + (Abs(Recip((0.6865308961447818 / (-0.8360265557021084 - ((x27 + 0.8024402948233766) - x18))))) ^ x6)))) ^ -3.2589114256037894) - (x22 - x26)))),-0.871578644038336;-4.74156895112951;3.116342879404667;7.778191235896857;-1.0875888117498946;3.8881559138057596e-2;-0.13066543593062918;-0.4613927571339983;0.6865308961447818;-0.8360265557021084;0.8024402948233766;-3.2589114256037894,102,0.10308070532173877,0.10308070532173877,1.125412519882553,0.5876771787130449,0.5876771787130449,-57.54395928428817,0.10308070532173877,0.10308070532173877,1.125412519882553,301.51080203994064,301.51080203994064,302.53313385450144
