id,Expression,theta,size,MSE_train,MSE_val,MSE_test,R2_train,R2_val,R2_test,nll_train,nll_val,nll_test,mdl_train,mdl_val,mdl_test
0,Recip((x22 + (((x9 * (Abs(((((x23 / x4) * -0.10367081390134489) * (Abs(-2.7819678939104002) ^ ((Abs(x10) ^ (0.23217769160683796 + x26)) / x4))) / (x17 / x16))) ^ (x14 + 1.7463008739680528))) / x29) + (Recip((((x22 * ((Abs((((Abs(-0.1311674585909384) ^ (Abs(x27) ^ x26)) * -0.47094159857976525) + (Abs(x2) ^ x8))) ^ x19) / (((Recip((x14 + (Abs((Abs(x27) ^ x23)) ^ (x2 / (Abs(x2) ^ x8))))) * 0.5873958989054454) / x21) - (((((x17 * x3) / x21) / x2) * x16) - x19)))) - x19) + 7.341968331922552)) / x7)))),-0.10367081390134489;-2.7819678939104002;0.23217769160683796;1.7463008739680528;-0.1311674585909384;-0.47094159857976525;0.5873958989054454;7.341968331922552,92,6.191884190787774e-2,6.191884190787774e-2,0.20553581084052364,0.752324632368489,0.752324632368489,-9.69197287992363,6.191884190787774e-2,6.191884190787774e-2,0.20553581084052364,260.66233293043945,260.66233293043945,260.8059498993721
