id,Expression,theta,size,MSE_train,MSE_val,MSE_test,R2_train,R2_val,R2_test,nll_train,nll_val,nll_test,mdl_train,mdl_val,mdl_test
0,(0.9009919249202369 + (((Abs((Abs(((Abs(((Abs(((0.7502672440581906 + (Abs((x15 * (Recip((x15 - x12)) / Recip(((Abs(x17) ^ x19) / x30))))) ^ x5)) / x24)) ^ x30) + (x16 - x30))) ^ (Abs((((x18 / x20) - (Abs(x24) ^ Recip(x30))) + ((x6 - (Abs(x12) ^ x7)) + Recip(Recip(x2))))) ^ x20)) * (((x7 * 0.733046404372976) * x14) * x6))) ^ x4)) ^ (x2 / x28)) * ((x15 / (x13 / x28)) + -1.1493173819087208)) - ((((((Abs(x4) ^ (Abs(x5) ^ x26)) * Recip(x15)) + x0) - (x29 * x9)) * x5) * (((-1.3923780672875925 + x5) * 2.58056833036215) * (x27 - x21))))),0.9009919249202369;0.7502672440581906;0.733046404372976;-1.1493173819087208;-1.3923780672875925;2.58056833036215,108,5.305284489241119e-2,5.305284489241119e-2,Infinity,0.7877886204303552,0.7877886204303552,-Infinity,5.305284489241119e-2,5.305284489241119e-2,Infinity,329.9691988661215,329.9691988661215,Infinity
