id,Expression,theta,size,MSE_train,MSE_val,MSE_test,R2_train,R2_val,R2_test,nll_train,nll_val,nll_test,mdl_train,mdl_val,mdl_test
0,Recip(Recip((Abs(-0.3181172086934448) ^ (Abs((Recip((0.14184211906512567 * Recip(Recip(Recip(Recip((Abs(Recip(Recip(x0))) ^ (Abs(((Abs(((x4 + (Abs(x20) ^ x23)) * x25)) ^ (x3 - (Abs((Recip(Recip(x4)) * ((x30 + ((Recip(Recip((-0.13636574957825157 * Recip(Recip(x0))))) - x25) - x1)) + (x15 - x1)))) ^ x1))) * (Recip(Recip((1.236135726138042 * Recip(Recip(x0))))) - x25))) ^ 0.9272586669940025)))))))) * (x23 - x25))) ^ 5.547131078556128)))),-0.3181172086934448;0.14184211906512567;-0.13636574957825157;1.236135726138042;0.9272586669940025;5.547131078556128,73,5.7794317889471786e-2,5.7794317889471786e-2,0.1525396435288175,0.7688227284421129,0.7688227284421129,-6.935112256368783,5.7794317889471786e-2,5.7794317889471786e-2,0.1525396435288175,178.78910759063533,178.78910759063533,178.8838529162747
