id,Expression,theta,size,MSE_train,MSE_val,MSE_test,R2_train,R2_val,R2_test,nll_train,nll_val,nll_test,mdl_train,mdl_val,mdl_test
0,(Recip((Abs((Abs(x8) ^ ((Abs(x15) ^ ((x2 * x23) + x14)) - (x21 / x3)))) ^ x10)) * (Abs(Recip(((((Abs((Abs(x22) ^ (Abs((Abs(x15) ^ (x0 / x20))) ^ ((x14 - x29) + x14)))) ^ (Abs(x15) ^ x6)) * (Recip(x5) * Recip((x24 + x22)))) - x19) + (Abs((-4.58628106415241 * (Abs((x12 - x8)) ^ (x7 / x27)))) ^ Recip((((Abs((Abs(x14) ^ x1)) ^ (x2 * 0.8231165148490718)) * (Recip((((((Abs(x2) ^ (x10 * -3.615122893974314)) * 0.23797916228862073) + 1.6855168911034195) - (x19 + x7)) + x10)) * Recip((((x21 / x3) + 0.3304958698927396) + x22)))) - x19)))))) ^ x2)),-4.58628106415241;0.8231165148490718;-3.615122893974314;0.23797916228862073;1.6855168911034195;0.3304958698927396,108,9.3299041623082e-2,9.3299041623082e-2,0.26407052292262934,0.626803833507672,0.626803833507672,-12.736948602434653,9.3299041623082e-2,9.3299041623082e-2,0.26407052292262934,309.90196444603004,309.90196444603004,310.0727359273296
