id,Expression,theta,size,MSE_train,MSE_val,MSE_test,R2_train,R2_val,R2_test,nll_train,nll_val,nll_test,mdl_train,mdl_val,mdl_test
0,(Abs((((Abs(x0) ^ x9) - x5) - (x30 - (Abs((x2 * (x2 - (x5 - x30)))) ^ (-1.9138566825889365 / (((Recip(x26) + (Abs((Abs(x5) ^ x26)) ^ 0.8889652871658217)) / (x11 + (((1.2628451730686105 / ((x19 + (x19 - x30)) + (((Abs(x0) ^ x9) - Recip((x7 / (x26 + x17)))) * ((Abs(x7) ^ x26) / (Abs(x0) ^ ((((Abs(x0) ^ x9) + x2) + x6) / Recip(x18))))))) - x5) - (x5 - (Abs(((((x14 + x20) * -0.5271218502954338) / x5) * (x2 - (x5 - x30)))) ^ (-1.3474644302305538 / ((((x28 - x23) + x26) * 0.6781262893409061) + x19))))))) + x19)))))) ^ -0.8448464470821967),-1.9138566825889365;0.8889652871658217;1.2628451730686105;-0.5271218502954338;-1.3474644302305538;0.6781262893409061;-0.8448464470821967,108,9.907594489165718e-2,9.907594489165718e-2,0.36546204432799023,0.6036962204333713,0.6036962204333713,-18.011335545941325,9.907594489165718e-2,9.907594489165718e-2,0.36546204432799023,307.3775091059483,307.3775091059483,307.6438952053847
