id,Expression,theta,size,MSE_train,MSE_val,MSE_test,R2_train,R2_val,R2_test,nll_train,nll_val,nll_test,mdl_train,mdl_val,mdl_test
0,(10.925824571846054 * (x22 / Recip(((Abs(x6) ^ (x22 / Recip((3.9997477287646026 + (Recip(x22) + x6))))) + (x6 / Recip(((((((1.1271446157469078 + x6) + x29) + (x10 + ((x15 * Recip((-5.8771536914580755 + x6))) / (x6 / 9.647769681721606)))) / (x17 + (x19 + x10))) + (x29 + ((x10 + x10) * x30))) + 1.2264048674028067))))))),10.925824571846054;3.9997477287646026;1.1271446157469078;-5.8771536914580755;9.647769681721606;1.2264048674028067,55,6.596568368557856e-2,6.596568368557856e-2,0.1002417397554815,0.7361372652576857,0.7361372652576857,-4.214575302079948,6.596568368557856e-2,6.596568368557856e-2,0.1002417397554815,142.57506148290955,142.57506148290955,142.60933753897945
