id,Expression,theta,size,MSE_train,MSE_val,MSE_test,R2_train,R2_val,R2_test,nll_train,nll_val,nll_test,mdl_train,mdl_val,mdl_test
0,(Abs(x6) ^ (Abs((x29 + (Abs(x17) ^ x26))) ^ (Abs(x9) ^ ((x29 * -218.49438505733303) / (Abs(((Abs((Abs((Abs(x21) ^ x17)) ^ x12)) ^ (Abs(x6) ^ (Abs(((Abs(Recip(x4)) ^ (Abs(x4) ^ x19)) + x13)) ^ x4))) + x29)) ^ ((Abs(Recip(x15)) ^ 1.6574479586922668) - Recip((Abs(x21) ^ x17)))))))),-218.49438505733303;1.6574479586922668,58,1.5352722951211404e-2,1.5352722951211404e-2,6.529865034567811e-2,0.9385891081951544,0.9385891081951544,-2.3968357909820455,1.5352722951211404e-2,1.5352722951211404e-2,6.529865034567811e-2,127.19171007038244,127.19171007038244,127.24165599777692
