id,Expression,theta,size,MSE_train,MSE_val,MSE_test,R2_train,R2_val,R2_test,nll_train,nll_val,nll_test,mdl_train,mdl_val,mdl_test
0,(Abs(((Abs(((Abs(x5) ^ (x21 - (x7 + 0.1265458338517965))) + ((((Abs(x8) ^ (3.2121559278749414 * x18)) * x30) + ((x11 + -3.3878822822264834) * x18)) + (((((Abs(x20) ^ (((Abs(x22) ^ (Abs(x2) ^ (Abs((x2 - x6)) ^ x18))) * (x26 + x30)) + (x25 / x7))) - x6) - (x30 + x30)) * (2.4866260976199634 * (Abs(x8) ^ x1))) * x10)))) ^ -23.710728087813862) / (Recip(((((Abs(Recip((((((x28 / x30) - (Abs(x0) ^ x10)) / x13) / x29) * (Abs(x6) ^ x26)))) ^ (Abs(x14) ^ x18)) - ((x21 - x21) * x2)) * (x0 + x30)) * x12)) * (x13 + (x22 * x18))))) ^ x29),0.1265458338517965;3.2121559278749414;-3.3878822822264834;2.4866260976199634;-23.710728087813862,112,6.267394173237417e-2,6.267394173237417e-2,1.430534202053194e13,0.7493042330705033,0.7493042330705033,-7.441638919080421e14,6.267394173237417e-2,6.267394173237417e-2,1.430534202053194e13,329.95092044907756,329.95092044907756,1.4305342020861828e13
