id,Expression,theta,size,MSE_train,MSE_val,MSE_test,R2_train,R2_val,R2_test,nll_train,nll_val,nll_test,mdl_train,mdl_val,mdl_test
0,(Abs((Recip((((Abs((Recip(x11) / x22)) ^ (x27 * (x26 * (Abs(x6) ^ x13)))) + (x22 + x28)) / (x11 + (Abs(-282.9421625465198) ^ x3)))) - (((x3 / (Abs((x20 + x11)) ^ (Recip(x11) - (Abs((x5 * x17)) ^ Recip(((x22 + x20) - (Recip(x11) / (x20 + x11)))))))) - (x11 + (Abs(x24) ^ x3))) * Recip((Abs(x6) ^ x13))))) ^ (((x25 + ((x26 * ((x7 + x22) - x21)) + x25)) + (Abs(Recip((x26 * x24))) ^ (x21 * (x3 * 255.58053918140112)))) / ((x22 - ((x24 * (526.1873257793009 + x25)) / x18)) - Recip((Abs(x21) ^ x11))))),-282.9421625465198;255.58053918140112;526.1873257793009,107,4.8922285702422574e-2,4.8922285702422574e-2,Infinity,0.8043108571903097,0.8043108571903097,-Infinity,4.8922285702422574e-2,4.8922285702422574e-2,Infinity,304.19186123082994,304.19186123082994,Infinity
