id,Expression,theta,size,MSE_train,MSE_val,MSE_test,R2_train,R2_val,R2_test,nll_train,nll_val,nll_test,mdl_train,mdl_val,mdl_test
0,Recip(Recip((Abs((Abs((Recip(((((Abs(x28) ^ -1.8915139783295023) + (x30 / x27)) * x24) + x1)) / (Abs((-7.820895128244896 * (((x11 - ((Recip(((x25 - x16) / x28)) - (2.745649304599098 * x29)) * x28)) / x28) * ((Abs((Abs(x28) ^ ((Abs(x12) ^ x5) + x12))) ^ x12) + Recip(((Abs((x18 - x10)) ^ (x6 * -2.492280154233915)) + Recip(Recip(((Abs(x25) ^ 2.62507722680403) * (Abs(x13) ^ x4)))))))))) ^ (((-11.004501980984818 * x9) + (Abs(x18) ^ (x10 + (Abs(x10) ^ x11)))) - x3)))) ^ (-6.812672969964737 - x7))) ^ x12))),-1.8915139783295023;-7.820895128244896;2.745649304599098;-2.492280154233915;2.62507722680403;-11.004501980984818;-6.812672969964737,94,7.452545317006469e-2,7.452545317006469e-2,24.08289445043892,0.7018981873197412,0.7018981873197412,-1251.7921693117848,7.452545317006469e-2,7.452545317006469e-2,24.08289445043892,267.23844157093157,267.23844157093157,291.24681056820043
