id,Expression,theta,size,MSE_train,MSE_val,MSE_test,R2_train,R2_val,R2_test,nll_train,nll_val,nll_test,mdl_train,mdl_val,mdl_test
0,(Abs(Recip(((x29 + Recip((Abs(x10) ^ x11))) * 43.863667871031666))) ^ (Abs(((x25 * x2) / (Abs(((Recip(x25) + (x18 + -1.1583520740862565)) * (Recip(x6) / (((Recip(x25) + x20) * 8.059474626832646) - x11)))) ^ (x3 + 52.79716388488044)))) ^ x23)),43.863667871031666;-1.1583520740862565;8.059474626832646;52.79716388488044,42,3.4716033921828565e-2,3.4716033921828565e-2,7.59890837912739e-2,0.8611358643126857,0.8611358643126857,-2.9529521388219178,3.4716033921828565e-2,3.4716033921828565e-2,7.59890837912739e-2,107.69682310805804,107.69682310805804,107.73809615792749
