id,Expression,theta,size,MSE_train,MSE_val,MSE_test,R2_train,R2_val,R2_test,nll_train,nll_val,nll_test,mdl_train,mdl_val,mdl_test
0,((Abs((x23 - (Recip((Abs(Recip(Recip(((x17 + x11) - (x21 / ((x20 - ((x16 * x12) - (Abs(x16) ^ (x14 + x25)))) + (Abs(x2) ^ (x8 + x3)))))))) ^ ((Abs((7.61086667679005 / (x6 + (((Recip(x10) * (x25 + x12)) / (Recip(x28) + (x3 / x16))) * ((Abs(Recip(x24)) ^ (Abs(x1) ^ (x16 * ((Abs(x6) ^ x17) * 0.692309244562294)))) * ((x23 + x3) * (x25 - x21))))))) ^ (Abs(7.065934350214224e-2) ^ (Abs((Recip((x21 / (x2 + x17))) + -1.1891089098347363)) ^ -6.602686920568226))) * (x25 + x12)))) / x21))) ^ (x6 * ((Abs(0.26907525508662644) ^ x8) * 0.8759358577023061))) * x17),7.61086667679005;0.692309244562294;7.065934350214224e-2;-1.1891089098347363;-6.602686920568226;0.26907525508662644;0.8759358577023061,107,5.905624651064509e-2,5.905624651064509e-2,0.6530550614366639,0.7637750139574196,0.7637750139574196,-32.97192429593396,5.905624651064509e-2,5.905624651064509e-2,0.6530550614366639,305.15222395991344,305.15222395991344,305.74622277483945
