id,Expression,theta,size,MSE_train,MSE_val,MSE_test,R2_train,R2_val,R2_test,nll_train,nll_val,nll_test,mdl_train,mdl_val,mdl_test
0,(Abs((Abs(x11) ^ x3)) ^ (Abs(Recip((((((x11 / (x22 / x25)) + ((x12 * x24) / x6)) / (x24 + x22)) / (Abs((x1 * 0.7930823690616526)) ^ Recip(Recip(((x30 / x29) + (Abs(0.5541729976123906) ^ (Abs((0.25990920756322905 - x14)) ^ (Abs(x15) ^ x21)))))))) - ((((((Abs(x14) ^ (Abs(x29) ^ x13)) * (Recip((Abs((x22 - x30)) ^ x17)) - ((Abs((Abs(x27) ^ (Abs(x3) ^ (x17 - (x22 + -0.22140815214090273))))) ^ x26) * Recip((-0.4857265551245331 - (x21 + x22)))))) + x17) / x27) * x12) / x6)))) ^ ((Abs(-7.423384398907319e-4) ^ x0) - Recip((Recip((Abs(x16) ^ x25)) - (Abs((x11 + x13)) ^ Recip((Abs(x28) ^ x27)))))))),0.7930823690616526;0.5541729976123906;0.25990920756322905;-0.22140815214090273;-0.4857265551245331;-7.423384398907319e-4,116,8.221734169376294e-2,8.221734169376294e-2,0.21781901553603758,0.6711306332249483,0.6711306332249483,-10.330945188184241,8.221734169376294e-2,8.221734169376294e-2,0.21781901553603758,326.3700670761223,326.3700670761223,326.5056687499646
