id,Expression,theta,size,MSE_train,MSE_val,MSE_test,R2_train,R2_val,R2_test,nll_train,nll_val,nll_test,mdl_train,mdl_val,mdl_test
0,Recip((Abs(Recip(((x26 * 3.2863975050420637e-3) / Recip(Recip(((x14 / x23) - x24)))))) ^ Recip((Abs((Abs(((Abs(Recip(x5)) ^ Recip((Abs((Abs((Recip((x30 - x14)) + x18)) ^ ((x6 + x14) + x18))) ^ (x25 + (x11 + -4.165753400558066))))) + Recip((Recip(Recip(x13)) + (Abs((Recip((x30 - x14)) + x18)) ^ x21))))) ^ x21)) ^ x15)))),3.2863975050420637e-3;-4.165753400558066,62,2.1089319068280862e-2,2.1089319068280862e-2,8.064602896105902e-2,0.9156427237268765,0.9156427237268765,-3.1952064265541296,2.1089319068280862e-2,2.1089319068280862e-2,8.064602896105902e-2,164.78636436453777,164.78636436453777,164.84592107443058
