id,Expression,theta,size,MSE_train,MSE_val,MSE_test,R2_train,R2_val,R2_test,nll_train,nll_val,nll_test,mdl_train,mdl_val,mdl_test
0,((Abs(Recip((Abs((Abs((x5 + 74.80666850485116)) ^ 0.31419848249313653)) ^ x16))) ^ Recip((Abs((Abs((x5 + Recip((Abs(x26) ^ x8)))) ^ -121.11824039107782)) ^ x16))) + ((x27 * (Abs(x6) ^ (x10 / x3))) / (Abs((Abs(Recip((x26 + ((Recip((Abs((Abs((x5 + 0.9353807830458216)) ^ -0.6400706554851697)) ^ x16)) + x0) + x3)))) ^ x22)) ^ x3))),74.80666850485116;0.31419848249313653;-121.11824039107782;0.9353807830458216;-0.6400706554851697,59,9.985089470239972e-2,9.985089470239972e-2,0.14962552471146054,0.6005964211904011,0.6005964211904011,-6.78351979548988,9.985089470239972e-2,9.985089470239972e-2,0.14962552471146054,133.1841095622119,133.1841095622119,133.23388419222096
