id,Expression,theta,size,MSE_train,MSE_val,MSE_test,R2_train,R2_val,R2_test,nll_train,nll_val,nll_test,mdl_train,mdl_val,mdl_test
0,(Abs((Abs(((x16 / ((Abs((x14 / x11)) ^ x7) / (x4 * x18))) * 39.72493526088445)) ^ 331.9892807806364)) ^ ((Abs(((x26 + (((((Abs(x22) ^ x10) - (x4 / (Abs(x20) ^ x15))) - (((((Abs(x4) ^ x15) - ((x4 + x16) + (((Abs(x22) ^ x10) + (x24 + x21)) * x25))) / (Abs((Abs(x14) ^ x7)) ^ x10)) * ((x5 + x15) * (x11 + ((Abs(x14) ^ x14) * x20)))) * (x16 - x9))) - ((((x15 / x0) / (x18 + (x20 * x5))) * x6) - x23)) + x21)) * (Abs(x19) ^ (x11 * 107.42631113400145)))) ^ (x23 + (x6 - x3))) * x24)),39.72493526088445;331.9892807806364;107.42631113400145,109,1.633154277104113e-2,1.633154277104113e-2,133538.91297734424,0.9346738289158355,0.9346738289158355,-6946693.253081182,1.633154277104113e-2,1.633154277104113e-2,133538.91297734424,319.71250754519093,319.71250754519093,133858.60915334665
