id,Expression,theta,size,MSE_train,MSE_val,MSE_test,R2_train,R2_val,R2_test,nll_train,nll_val,nll_test,mdl_train,mdl_val,mdl_test
0,((x1 * Recip(((-5.1529335034893896e-2 / x3) - ((((Abs((x3 + Recip((x20 + (x5 + x5))))) ^ (x2 / x25)) * (x27 / (9.962281598315675 + (((Abs(x18) ^ x24) * (x3 + Recip(Recip(x20)))) + x24)))) - (x11 - ((Abs(x18) ^ x24) * ((x15 + 0.29444261885809125) + Recip(Recip(x20)))))) + x11)))) - Recip(Recip(((x26 - x1) * 1.6133865666609937)))),-5.1529335034893896e-2;9.962281598315675;0.29444261885809125;1.6133865666609937,62,1.627977481092828e-2,1.627977481092828e-2,7.150351457227837e-2,0.9348809007562868,0.9348809007562868,-2.7196128280497787,1.627977481092828e-2,1.627977481092828e-2,7.150351457227837e-2,173.7381795456309,173.7381795456309,173.79340328539226
