id,Expression,theta,size,MSE_train,MSE_val,MSE_test,R2_train,R2_val,R2_test,nll_train,nll_val,nll_test,mdl_train,mdl_val,mdl_test
0,((x19 + (Abs(((x27 * (x27 * -4.765775471977565)) * (((x15 - (Abs((x15 / x30)) ^ (-4.408588639939712 - x7))) * (Abs((Abs(x14) ^ ((x15 - x0) + (x28 - (Abs((x18 / x3)) ^ x23))))) ^ x16)) * ((-0.22355421706196427 + (Abs(-0.9061907737767834) ^ x1)) + ((Abs(x20) ^ x18) / (x1 + -2.4881120656444464)))))) ^ x10)) - x4),-4.765775471977565;-4.408588639939712;-0.22355421706196427;-0.9061907737767834;-2.4881120656444464,58,8.62298570085661e-2,8.62298570085661e-2,2.9238164624748304,0.6550805719657355,0.6550805719657355,-151.09693237793485,8.62298570085661e-2,8.62298570085661e-2,2.9238164624748304,157.72939497828267,157.72939497828267,160.56698158374894
