id,Expression,theta,size,MSE_train,MSE_val,MSE_test,R2_train,R2_val,R2_test,nll_train,nll_val,nll_test,mdl_train,mdl_val,mdl_test
0,(-0.10861318009965605 + ((Abs((Abs(1.4718714700606399e-5) ^ ((Abs(((Abs(-0.4471053858649173) ^ (Recip(((Abs(0.6740565087951903) ^ (x16 * (x7 / x27))) - (Recip(x8) / x21))) * ((Abs(((Abs(x10) ^ (x16 * (x16 / x27))) + x16)) ^ x12) * (x8 - x28)))) + 0.8981389310961588)) ^ (x21 * (x6 / x26))) + 0.6096905138925105))) ^ (Abs(-0.12607280915281943) ^ (x16 * (x17 / x27)))) + x6)),-0.10861318009965605;1.4718714700606399e-5;-0.4471053858649173;0.6740565087951903;0.8981389310961588;0.6096905138925105;-0.12607280915281943,63,5.525842601605373e-2,5.525842601605373e-2,7.27377625972317e-2,0.778966295935785,0.778966295935785,-2.7838184103078487,5.525842601605373e-2,5.525842601605373e-2,7.27377625972317e-2,159.0257051103051,159.0257051103051,159.04318444688627
