id,Expression,theta,size,MSE_train,MSE_val,MSE_test,R2_train,R2_val,R2_test,nll_train,nll_val,nll_test,mdl_train,mdl_val,mdl_test
0,Recip((Recip(((0.17706790164511102 * (Recip((Recip((((x28 * x26) * x2) + 0.5401408194549295)) / (Abs(Recip((x26 + 5.111794130523666e-2))) ^ (Recip(x0) * ((x20 / x24) * (((x7 - x15) - x3) * 0.9850380094877158)))))) / Recip(((x15 + x24) * (x7 + x9))))) - (((-0.27670566803273217 + x17) * ((x20 / x24) * (((((Abs(0.9732320970512084) ^ x29) + x30) / ((x14 / x19) + Recip(x12))) - (Abs(x28) ^ x3)) * 0.6073064054746838))) / ((((Recip(x2) + Recip(x28)) + x14) + x14) - x26)))) + (Abs(x7) ^ 1.0294512028877177e-3))),0.17706790164511102;0.5401408194549295;5.111794130523666e-2;0.9850380094877158;-0.27670566803273217;0.9732320970512084;0.6073064054746838;1.0294512028877177e-3,89,3.378446373111711e-5,3.378446373111711e-5,3.717687579000773e-2,0.9998648621450755,0.9998648621450755,-0.9339410785961284,3.378446373111711e-5,3.378446373111711e-5,3.717687579000773e-2,266.5170421384414,266.5170421384414,266.5541852297677
