id,Expression,theta,size,MSE_train,MSE_val,MSE_test,R2_train,R2_val,R2_test,nll_train,nll_val,nll_test,mdl_train,mdl_val,mdl_test
0,(1.5838448824431928 * (Abs((Abs((Abs(-9.52492951910589e-2) ^ (Abs((Recip((((x7 * -0.43381192425850906) / Recip((x28 + (Abs(x30) ^ x12)))) + (x28 - x15))) - (Abs((Recip((0.11807533382500396 * (x27 * x5))) + ((((x22 * -0.31277990771333564) - x25) - x6) * x6))) ^ ((x4 * x4) * ((x8 - (Abs(0.5953901000143568) ^ x4)) * x7))))) ^ x26))) ^ (x19 + (Abs((Recip(x11) * (x18 / x11))) ^ (((((Abs((Abs(x10) ^ x4)) ^ x30) - (x21 / x4)) + x12) - x29) + Recip((x14 + x12))))))) ^ (Recip((((x7 * ((x28 - x20) * 0.27993734010427773)) / x11) + (x28 - x20))) + (x11 - (Abs(x23) ^ x23))))),1.5838448824431928;-9.52492951910589e-2;-0.43381192425850906;0.11807533382500396;-0.31277990771333564;0.5953901000143568;0.27993734010427773,110,2.8657632924925305e-2,2.8657632924925305e-2,Infinity,0.8853694683002988,0.8853694683002988,-Infinity,2.8657632924925305e-2,2.8657632924925305e-2,Infinity,333.3909448015859,333.3909448015859,Infinity
