id,Expression,theta,size,MSE_train,MSE_val,MSE_test,R2_train,R2_val,R2_test,nll_train,nll_val,nll_test,mdl_train,mdl_val,mdl_test
0,(Abs(x9) ^ ((((((x22 + -3.8084142563781045) - ((x1 + x21) - x28)) + (Abs(x9) ^ (-3.0135182621634824 + Recip((Abs(((((x22 + -0.8229499106750301) - ((x1 + x22) - (x0 - x2))) + (Abs(x9) ^ (x5 + Recip((Recip(x7) * x17))))) - (((x6 - (x29 + x0)) + x22) - ((Abs((x21 + x2)) ^ x27) - x2)))) ^ (Abs((((x10 * x20) * x17) * (x10 - x22))) ^ x30)))))) - (x10 - (Abs((Recip(((Recip(x0) * x9) + 0.7266225138665166)) - (x7 - (Abs(x9) ^ -5.0113523026875795)))) ^ (x30 + x2)))) * x6) + x5)),-3.8084142563781045;-3.0135182621634824;-0.8229499106750301;0.7266225138665166;-5.0113523026875795,98,7.175881289296465e-2,7.175881289296465e-2,0.1102868475052391,0.7129647484281414,0.7129647484281414,-4.7371218072223185,7.175881289296465e-2,7.175881289296465e-2,0.1102868475052391,278.2655796151414,278.2655796151414,278.3041076497537
