id,Expression,theta,size,MSE_train,MSE_val,MSE_test,R2_train,R2_val,R2_test,nll_train,nll_val,nll_test,mdl_train,mdl_val,mdl_test
0,(Abs(((x4 - (((0.14318135816889815 * ((1.2789671528868842 - (-4.405012024081824e-2 * x20)) - x23)) - x5) - (x9 * 6.621653096834686e-2))) * -2.3325537316551204)) ^ ((0.11325878803966435 * x20) + ((((Abs(((Abs((Abs((x16 * (x28 * x9))) ^ x16)) ^ (x22 / x10)) * x9)) ^ (x4 / x10)) - (1.0318503896217097 * ((-0.7323324562716717 - (-0.5112384379909245 * x20)) - ((x4 - (((0.8015908358955744 * ((0.4809990526250151 - (5.721873132923165e-2 * x20)) - x23)) - x5) - (x1 - (x6 / x1)))) * -1.3866034642163219)))) * (((x18 + x18) / (Abs(((Abs(x26) ^ x24) / x1)) ^ x21)) + ((Abs(x26) ^ x24) / (x19 / x29)))) + (Abs(x21) ^ x8)))),0.14318135816889815;1.2789671528868842;-4.405012024081824e-2;6.621653096834686e-2;-2.3325537316551204;0.11325878803966435;1.0318503896217097;-0.7323324562716717;-0.5112384379909245;0.8015908358955744;0.4809990526250151;5.721873132923165e-2;-1.3866034642163219,103,5.761802429014894e-3,5.761802429014894e-3,1.1423831372913729,0.9769527902839404,0.9769527902839404,-58.42677080189494,5.761802429014894e-3,5.761802429014894e-3,1.1423831372913729,301.92087568548385,301.92087568548385,303.0574970203462
