id,Expression,theta,size,MSE_train,MSE_val,MSE_test,R2_train,R2_val,R2_test,nll_train,nll_val,nll_test,mdl_train,mdl_val,mdl_test
0,(Recip((Abs(((x18 - x29) * (((x0 / x8) * Recip((x18 - x23))) + ((Abs((((x26 + x0) + (x22 + x1)) / (Recip(x21) + Recip((x2 / x5))))) ^ (x13 / Recip((x0 * Recip(x20))))) * ((Abs(((x15 + -0.5310136552693412) / ((x26 - (-0.49531791954796184 * x15)) + Recip((x2 / x5))))) ^ (Recip(x18) / (7.47415689455088e-2 - (x15 * x11)))) * (Abs((x15 * (Recip(x21) + Recip((x2 / x5))))) ^ x18)))))) ^ (Abs((Abs(x6) ^ x8)) ^ Recip(x20)))) * (x18 - (-6.888040468912345 * x15))),-0.5310136552693412;-0.49531791954796184;7.47415689455088e-2;-6.888040468912345,92,0.1154851427464247,0.1154851427464247,Infinity,0.5380594290143013,0.5380594290143013,-Infinity,0.1154851427464247,0.1154851427464247,Infinity,269.7679877126533,269.7679877126533,Infinity
