id,Expression,theta,size,MSE_train,MSE_val,MSE_test,R2_train,R2_val,R2_test,nll_train,nll_val,nll_test,mdl_train,mdl_val,mdl_test
0,((Abs((Abs((Abs((Recip((Abs(x15) ^ x29)) - x12)) ^ ((((((15.738010285283181 - x26) - x18) * (x6 - ((Abs(x11) ^ x18) * x30))) - x18) * (x11 - ((Abs(x26) ^ x18) * (Abs(x0) ^ x7)))) - x13))) ^ x29)) ^ ((Abs((x11 + x30)) ^ -3.532045951514536) - x29)) * (Abs((Abs(((Recip((Abs((Abs((Recip(x16) - x15)) ^ (((x20 + 5.739782644679161) * (x29 - x14)) - x13))) ^ x7)) - x12) / x1)) ^ (((x0 * x27) + -1.9230354746415863) * x4))) ^ x11)),15.738010285283181;-3.532045951514536;5.739782644679161;-1.9230354746415863,88,0.10339902011292608,0.10339902011292608,1.154224118976394e27,0.5864039195482957,0.5864039195482957,-6.004273866914972e28,0.10339902011292608,0.10339902011292608,1.154224118976394e27,241.63549012655682,241.63549012655682,1.154224118976394e27
