id,Expression,theta,size,MSE_train,MSE_val,MSE_test,R2_train,R2_val,R2_test,nll_train,nll_val,nll_test,mdl_train,mdl_val,mdl_test
0,(Abs(((Abs(((((Abs((x4 + ((Recip(x24) - x3) / (x0 / x21)))) ^ x9) - (((((x4 + x17) - (x27 - x15)) - (x29 + (x15 * x15))) + x15) + x2)) * x12) + ((-4.6765921734511426e-2 + (Abs((x26 * x6)) ^ (x19 + x21))) - (0.521038517551073 - (Abs(((Recip(x13) / ((((Abs(x4) ^ x10) * x23) / x15) / x1)) - (x7 + x7))) ^ -83.03095224625156))))) ^ x23) / ((Abs(x5) ^ x4) - x20))) ^ (-286.7238009225514 * (x15 * x18))),-4.6765921734511426e-2;0.521038517551073;-83.03095224625156;-286.7238009225514,84,8.752908349695333e-2,8.752908349695333e-2,1.5885170408313508e37,0.6498836660121867,0.6498836660121867,-8.263465646404371e38,8.752908349695333e-2,8.752908349695333e-2,1.5885170408313508e37,261.97972747148293,261.97972747148293,1.5885170408313508e37
