id,Expression,theta,size,MSE_train,MSE_val,MSE_test,R2_train,R2_val,R2_test,nll_train,nll_val,nll_test,mdl_train,mdl_val,mdl_test
0,(Abs((Abs(((x23 * (x15 * x12)) * (Abs(x11) ^ (Abs(((x20 + x2) / ((x23 * ((Recip(x6) * (x6 - x19)) - ((((x20 + x15) - x25) - x2) / x6))) - x17))) ^ ((x4 * x0) * (Abs(x11) ^ x9)))))) ^ (Abs(x25) ^ x3))) ^ (Abs((Recip((Abs(-0.503899895877208) ^ x1)) * (x23 + (Abs((x15 + x11)) ^ x15)))) ^ ((x26 * ((Recip((x15 * x12)) / (Abs(5.5099210431342845e-5) ^ x1)) + (x23 * (((x28 - x27) - (-0.16360100929636925 + x15)) * x1)))) * x11))),-0.503899895877208;5.5099210431342845e-5;-0.16360100929636925,92,5.08919999265184e-5,5.08919999265184e-5,3.36459587817224e-2,0.9997964320002939,0.9997964320002939,-0.7502627758251323,5.08919999265184e-5,5.08919999265184e-5,3.36459587817224e-2,263.9478685311924,263.9478685311924,263.9814635979742
