id,Expression,theta,size,MSE_train,MSE_val,MSE_test,R2_train,R2_val,R2_test,nll_train,nll_val,nll_test,mdl_train,mdl_val,mdl_test
0,((Abs(x15) ^ (Abs(((x18 * 13.248356721283633) + x0)) ^ (Abs(((x16 * (x18 * (4.923463293671359 / x28))) / (((x4 / (Abs(x6) ^ x1)) - ((x11 / Recip((x2 + 2.8883101601314145))) * x4)) * x1))) ^ (Abs((x4 + ((x19 * Recip(((x16 + (x2 * Recip(x30))) + x4))) - x6))) ^ x7)))) + (((Recip(x27) + (Abs(x28) ^ x17)) * ((x6 * (x16 * ((x4 + -0.970901745960639) * Recip(((x29 + Recip((x10 * x0))) / (x2 * Recip(x30))))))) * (x18 * x19))) / ((((Abs(x28) ^ x17) * x1) + Recip((x27 + -0.6740951517158195))) / (x4 - x11)))),13.248356721283633;4.923463293671359;2.8883101601314145;-0.970901745960639;-0.6740951517158195,104,2.724453352517959e-2,2.724453352517959e-2,3.492866844506571e-2,0.8910218658992817,0.8910218658992817,-0.8169893325122486,2.724453352517959e-2,2.724453352517959e-2,3.492866844506571e-2,308.2984660772759,308.2984660772759,308.3061502121958
