id,Expression,theta,size,MSE_train,MSE_val,MSE_test,R2_train,R2_val,R2_test,nll_train,nll_val,nll_test,mdl_train,mdl_val,mdl_test
0,((Abs(x1) ^ ((((Abs(x8) ^ x1) + ((Abs(((((Abs(x20) ^ (x19 / x27)) + 8.371837531892307) - x29) * 6.412112663689708)) ^ (Abs(0.3908022735167969) ^ (x21 * x6))) / Recip((Abs(x24) ^ (Abs(Recip(x4)) ^ (x2 / Recip((x9 / x4)))))))) + x22) * (x12 * 2.8554524902916683))) / ((x6 + (Recip((x19 + 18.037578652632302)) / (((Abs(x1) ^ (x7 - x0)) - x28) * x6))) + ((Recip((x19 + 18.768862630287114)) / ((Abs(-2.7289928355015007) ^ x24) * x6)) / (11.646137338820319 * (Abs((x17 + (x28 / Recip((Abs(x24) ^ (Abs(x10) ^ x14)))))) ^ (Abs(x25) ^ (x2 / x9))))))),8.371837531892307;6.412112663689708;0.3908022735167969;2.8554524902916683;18.037578652632302;18.768862630287114;-2.7289928355015007;11.646137338820319,102,0.11347413211466106,0.11347413211466106,0.15630235999794098,0.5461034715413557,0.5461034715413557,-7.13084876709258,0.11347413211466106,0.11347413211466106,0.15630235999794098,296.6796755377078,296.6796755377078,296.72250376559106
