id,Expression,theta,size,MSE_train,MSE_val,MSE_test,R2_train,R2_val,R2_test,nll_train,nll_val,nll_test,mdl_train,mdl_val,mdl_test
0,(Abs((((((Abs(x3) ^ x3) + -31881.78736335969) / (((Abs((x12 + x7)) ^ x10) + 281242.18882047787) * (Abs((x12 + x7)) ^ (x6 / Recip(x4))))) + x10) * Recip((Abs(-2.221208421591591) ^ ((Abs(x22) ^ x6) * x7))))) ^ (((Abs(Recip(x4)) ^ x30) + x3) + ((Abs(Recip((699.8740178645849 * ((Abs(Recip((20.981669236023254 * (x28 + 37.06603041777495)))) ^ x3) + 299.1644156326246)))) ^ x4) + (x3 - ((Abs(x10) ^ (((Abs(x12) ^ x30) + x3) + ((Abs(Recip((-267.0721400939367 * x30))) ^ ((x23 + x3) * (Abs(((x6 + x30) + x7)) ^ x12))) + (x1 - (x25 + x10))))) + x10))))),-31881.78736335969;281242.18882047787;-2.221208421591591;699.8740178645849;20.981669236023254;37.06603041777495;299.1644156326246;-267.0721400939367,104,5.1689898493231065e-2,5.1689898493231065e-2,0.10469087515425785,0.7932404060270757,0.7932404060270757,-4.446019325524285,5.1689898493231065e-2,5.1689898493231065e-2,0.10469087515425785,267.9956370026393,267.9956370026393,268.0486379793003
