id,Expression,theta,size,MSE_train,MSE_val,MSE_test,R2_train,R2_val,R2_test,nll_train,nll_val,nll_test,mdl_train,mdl_val,mdl_test
0,(Abs(((Recip((Recip(x7) * ((x1 + (Abs(x6) ^ x21)) / x6))) * Recip((x25 / ((x6 / x26) * 1.8144661524433894)))) / Recip(((x23 / Recip(x6)) + ((x7 - x0) - ((x3 * -0.5890020695261118) * -0.8968216929589413)))))) ^ (Abs(((Recip(Recip(((x14 / x30) + ((x10 * x18) / x28)))) * x0) * Recip(Recip((((Abs(2.8803523518182064) ^ (x3 / x26)) * Recip((x10 * 2.1028104414509654))) * x5))))) ^ Recip(Recip(Recip(Recip(Recip((-3.2324239826901153 + ((((x1 + (Abs(x5) ^ x4)) / x30) + (x23 / (Recip((x3 * -0.8319362568570283)) + (x17 + x18)))) + ((-4.012290235343455e-2 * (x10 * x18)) * x11)))))))))),1.8144661524433894;-0.5890020695261118;-0.8968216929589413;2.8803523518182064;2.1028104414509654;-3.2324239826901153;-0.8319362568570283;-4.012290235343455e-2,104,1.5770092297797522e-2,1.5770092297797522e-2,6.101722095803082e-2,0.9369196308088099,0.9369196308088099,-2.174115834236642,1.5770092297797522e-2,1.5770092297797522e-2,6.101722095803082e-2,318.6844767542496,318.6844767542496,318.72972388290987
