id,Expression,theta,size,MSE_train,MSE_val,MSE_test,R2_train,R2_val,R2_test,nll_train,nll_val,nll_test,mdl_train,mdl_val,mdl_test
0,(Abs((Abs((Abs(x6) ^ (Abs((x1 / (x27 + x17))) ^ Recip((x16 * (x0 + x29)))))) ^ (Abs(x9) ^ (Abs((x8 * x3)) ^ ((x8 - x14) / (x4 - Recip(x27))))))) ^ (Abs((Recip(x12) * ((x9 / (x15 + x29)) * (Abs(x0) ^ (x4 * -43.7228798003852))))) ^ (Abs(x9) ^ (Abs((x8 * x3)) ^ (x14 / Recip(((Abs((Recip((x16 * (((Abs((x28 - (x8 - x14))) ^ x27) + x4) + -110.65827104778586))) - x5)) ^ x0) * ((25.097981754919747 * x12) + x29)))))))),-43.7228798003852;-110.65827104778586;25.097981754919747,90,6.567059217639462e-2,6.567059217639462e-2,0.14005568137210975,0.7373176312944215,0.7373176312944215,-6.285696544976871,6.567059217639462e-2,6.567059217639462e-2,0.14005568137210975,244.63421943465005,244.63421943465005,244.70860452384576
