id,Expression,theta,size,MSE_train,MSE_val,MSE_test,R2_train,R2_val,R2_test,nll_train,nll_val,nll_test,mdl_train,mdl_val,mdl_test
0,((0.362383511019953 + x15) * (x21 + (Recip((Abs((Abs(((Abs((x27 * x28)) ^ x3) * x18)) ^ x3)) ^ (Abs((x10 * Recip((((x24 + (x14 + x14)) / x19) / x9)))) ^ x8))) + (((-5.902916058675551e-2 + x15) / x30) - (Abs((Abs((-0.6657802345413382 * (-0.7471697288709642 + x15))) ^ x3)) ^ x3))))),0.362383511019953;-5.902916058675551e-2;-0.6657802345413382;-0.7471697288709642,53,0.14165549220653756,0.14165549220653756,0.17976947858403447,0.43337803117384976,0.43337803117384976,-8.351608275941116,0.14165549220653756,0.14165549220653756,0.17976947858403447,140.94107234924408,140.94107234924408,140.9791863356216
