id,Expression,theta,size,MSE_train,MSE_val,MSE_test,R2_train,R2_val,R2_test,nll_train,nll_val,nll_test,mdl_train,mdl_val,mdl_test
0,(Abs((Recip((x0 + x30)) / (((Recip((x2 + 0.5046082884559473)) + x18) / x20) * (Recip(x6) - (x7 - x17))))) ^ ((Abs((Recip((Recip(x8) - Recip(x16))) - (x19 + ((x14 * x18) + (x25 / (Abs(x30) ^ (Abs(x15) ^ x29))))))) ^ (((((((x5 + x16) / Recip(Recip(x6))) * x26) * x9) * x7) / Recip(x25)) * ((x1 + ((x10 * x10) * (x6 - x26))) / x9))) * (Abs(x30) ^ Recip((-2.5737148475045078e-2 / (x25 + (Recip((x1 + -5.026940207347597)) + x18))))))),0.5046082884559473;-2.5737148475045078e-2;-5.026940207347597,89,8.00862892366516e-2,8.00862892366516e-2,0.13889007697134542,0.6796548430533935,0.6796548430533935,-6.225061804049113,8.00862892366516e-2,8.00862892366516e-2,0.13889007697134542,276.93038303360026,276.93038303360026,276.98918682133495
