id,Expression,theta,size,MSE_train,MSE_val,MSE_test,R2_train,R2_val,R2_test,nll_train,nll_val,nll_test,mdl_train,mdl_val,mdl_test
0,((x14 * (x17 - x19)) - (-0.2676945299526224 / (Recip(((Recip(x0) + (x0 + (x23 * x15))) * x5)) / ((((x12 * x9) + (x9 * x21)) + (Abs((x17 + (x18 / ((((x12 + x2) + x6) * (0.13626611570286004 - x14)) / x23)))) ^ x14)) / (Abs((Abs(((Abs(x17) ^ (x26 + (Abs(x12) ^ (x21 + 0.44102175159879753)))) + (x26 + (Recip((Recip(((x12 + x2) * x15)) * (Abs(((x26 + (Abs(x0) ^ (x21 + (x14 * (x16 - x19))))) / x13)) ^ ((x12 + x30) * -0.892883350707078)))) + x0)))) ^ x2)) ^ Recip(((x6 + x15) / x2))))))),-0.2676945299526224;0.13626611570286004;0.44102175159879753;-0.892883350707078,103,4.382582881621415e-2,4.382582881621415e-2,0.4550370231241622,0.8246966847351433,0.8246966847351433,-22.671025942918014,4.382582881621415e-2,4.382582881621415e-2,0.4550370231241622,305.13699354221905,305.13699354221905,305.54820473652694
