id,Expression,theta,size,MSE_train,MSE_val,MSE_test,R2_train,R2_val,R2_test,nll_train,nll_val,nll_test,mdl_train,mdl_val,mdl_test
0,(Abs(x27) ^ (Abs(Recip(((Abs((x2 * x10)) ^ x4) / x26))) ^ (Abs(((Recip((x7 + x17)) - Recip(((0.4610298260709322 / x9) - Recip(x21)))) - (Abs(x25) ^ x4))) ^ Recip(Recip((((x6 - ((x26 * ((x26 * x6) * (4.623790697429393 / x9))) * (4.708738681467989 / x9))) + (((-1.3327606690674254 / x9) * x27) + x17)) * x10)))))),0.4610298260709322;4.623790697429393;4.708738681467989;-1.3327606690674254,60,7.148695637173463e-2,7.148695637173463e-2,0.17776765253695034,0.7140521745130615,0.7140521745130615,-8.247473284971804,7.148695637173463e-2,7.148695637173463e-2,0.17776765253695034,159.04193364066077,159.04193364066077,159.148214336826
