id,Expression,theta,size,MSE_train,MSE_val,MSE_test,R2_train,R2_val,R2_test,nll_train,nll_val,nll_test,mdl_train,mdl_val,mdl_test
0,(Abs(x15) ^ (Abs((Recip(x28) * ((Abs(Recip(x24)) ^ (x21 * (Recip((x20 + x14)) + ((x21 / x12) * -18.31457296194706)))) * -15.509413631679205))) ^ x14)),-18.31457296194706;-15.509413631679205,27,0.13478348541464924,0.13478348541464924,0.19084036354905443,0.46086605834140304,0.46086605834140304,-8.927515711821432,0.13478348541464924,0.13478348541464924,0.19084036354905443,61.69356806449154,61.69356806449154,61.74962494262594
