id,Expression,theta,size,MSE_train,MSE_val,MSE_test,R2_train,R2_val,R2_test,nll_train,nll_val,nll_test,mdl_train,mdl_val,mdl_test
0,Recip((((x7 / Recip((x28 - x29))) * Recip((Recip(Recip(x22)) - ((x15 - ((x16 + x19) / (x12 * x16))) / (x12 * x3))))) + (Recip((Abs(Recip(x28)) ^ (x19 - (x2 + (Recip((x16 - (x15 - ((x19 + (x16 / (x9 + x2))) / ((x0 + x16) * x3))))) * (18.72235384000543 - x18)))))) + (Abs((Abs(Recip(x28)) ^ ((Abs(x6) ^ x8) / ((x18 * x0) - x25)))) ^ ((Recip(Recip((Abs(x9) ^ ((Abs(x20) ^ x29) * -0.2678164593568913)))) / (Recip((x16 / x10)) + 1.1381305668698547)) - Recip(((Recip((Abs(x8) ^ (x15 * -5.838839250567601))) / x8) * x21))))))),18.72235384000543;-0.2678164593568913;1.1381305668698547;-5.838839250567601,106,5.7885363594889674e-2,5.7885363594889674e-2,0.14844494687783844,0.7684585456204414,0.7684585456204414,-6.722106136584861,5.7885363594889674e-2,5.7885363594889674e-2,0.14844494687783844,322.60944262772165,322.60944262772165,322.7000022110046
