id,Expression,theta,size,MSE_train,MSE_val,MSE_test,R2_train,R2_val,R2_test,nll_train,nll_val,nll_test,mdl_train,mdl_val,mdl_test
0,((((((((Abs(x8) ^ (x10 + x4)) + (Abs(x29) ^ 0.21470846835620336)) - (Recip(((Abs(x12) ^ (Abs(x8) ^ (x10 + x4))) - (x12 - x4))) + x3)) + (x14 * x24)) * -0.5078839907446085) - ((Abs(x1) ^ (x27 * 4.549059658684055)) + (Abs((Abs(x30) ^ (x27 * x28))) ^ 2.0706171483218636))) + x2) + 1.1865885415044988),0.21470846835620336;-0.5078839907446085;4.549059658684055;2.0706171483218636;1.1865885415044988,55,0.1173066356563378,0.1173066356563378,0.37417825726694476,0.5307734573746488,0.5307734573746488,-18.464752943025722,0.1173066356563378,0.1173066356563378,0.37417825726694476,141.45037763564548,141.45037763564548,141.70724925725608
