id,Expression,theta,size,MSE_train,MSE_val,MSE_test,R2_train,R2_val,R2_test,nll_train,nll_val,nll_test,mdl_train,mdl_val,mdl_test
0,(Abs((Abs((Abs((x25 - x26)) ^ (Abs(x19) ^ (Abs(((((x16 + x27) + ((x30 + x11) - ((x29 * x8) - ((Abs(x15) ^ x23) * (0.11177605499853754 + (0.7305621122515784 + x27)))))) / Recip((x27 + (x4 + ((Recip(Recip(x6)) / ((Abs(x15) ^ x23) - ((x13 / x18) + x22))) * x8))))) / (Abs(((Abs(Recip(((((x25 * x11) / x1) + Recip(x27)) * x0))) ^ (Recip(x6) + ((((x0 - x12) * x25) / (x17 * (x4 / x26))) + Recip(x6)))) + ((Abs(x15) ^ Recip(x28)) / x1))) ^ x29))) ^ (Abs(x30) ^ (2.183014996388387 * x0)))))) ^ x30)) ^ (x30 * 416.04700221510575)),0.11177605499853754;0.7305621122515784;2.183014996388387;416.04700221510575,110,6.906919164955876e-2,6.906919164955876e-2,0.1080290468601302,0.7237232334017649,0.7237232334017649,-4.619671017663759,6.906919164955876e-2,6.906919164955876e-2,0.1080290468601302,329.9573156989947,329.9573156989947,329.9962755542053
