id,Expression,theta,size,MSE_train,MSE_val,MSE_test,R2_train,R2_val,R2_test,nll_train,nll_val,nll_test,mdl_train,mdl_val,mdl_test
0,(Abs((((Abs(x2) ^ -8.468873091677065e-2) / (Abs(((x5 - (Abs(x12) ^ (1.4004965230924005 * (x19 / x17)))) * Recip((((Abs((Abs(((x29 * Recip((((Abs(x17) ^ x27) + (Abs(0.29038184193294825) ^ x4)) - Recip(x7)))) - ((x25 / x4) * (x23 / x25)))) ^ (x30 / x28))) ^ x27) + (Abs(x25) ^ x4)) - Recip(x7))))) ^ x7)) / (x24 + (((Recip(x17) * x24) / x12) + 0.9659318271650723)))) ^ (Abs(((x10 / x28) - ((x8 / ((Abs(x2) ^ -0.770106866512645) / (Abs(x17) ^ x7))) * (x23 / x17)))) ^ x1)),-8.468873091677065e-2;1.4004965230924005;0.29038184193294825;0.9659318271650723;-0.770106866512645,94,8.58447348190613e-2,8.58447348190613e-2,0.20338164260621236,0.6566210607237548,0.6566210607237548,-9.579913048374763,8.58447348190613e-2,8.58447348190613e-2,0.20338164260621236,260.6862588233506,260.6862588233506,260.80379573113777
