id,Expression,theta,size,MSE_train,MSE_val,MSE_test,R2_train,R2_val,R2_test,nll_train,nll_val,nll_test,mdl_train,mdl_val,mdl_test
0,(Abs((x28 * x8)) ^ (Abs((x29 / ((Recip((Recip((((Abs(x30) ^ (x0 / x27)) - Recip(x25)) - (x14 * x24))) * Recip(x7))) * ((((Abs(x29) ^ x13) / (x18 / x28)) / Recip((Abs((x2 * (Abs((Abs(x7) ^ x12)) ^ x28))) ^ (x11 / x22)))) / ((x22 + ((Abs(((x22 + ((Abs((x0 / x27)) ^ -1.2729598542548288) / (x11 * x8))) * x24)) ^ -49.652067061862134) / (x0 / x27))) * x24))) * (x22 + ((Abs((x0 / x27)) ^ 102.65939362708795) / (-7.446538038881694 * x8)))))) ^ x23)),-1.2729598542548288;-49.652067061862134;102.65939362708795;-7.446538038881694,92,8.982954081512604e-3,8.982954081512604e-3,Infinity,0.9640681836739495,0.9640681836739495,-Infinity,8.982954081512604e-3,8.982954081512604e-3,Infinity,260.60939704261307,260.60939704261307,Infinity
