id,Expression,theta,size,MSE_train,MSE_val,MSE_test,R2_train,R2_val,R2_test,nll_train,nll_val,nll_test,mdl_train,mdl_val,mdl_test
0,(Abs(((((x18 - x6) + (((Abs(x7) ^ x27) * -1.122584028959804) * x18)) / (Abs(x7) ^ x18)) * (((x6 * ((((Abs(-0.6370685696851196) ^ x19) * x22) * (Abs(x30) ^ x27)) / x27)) * (x25 / (Abs(0.267082665130209) ^ x19))) / x18))) ^ (Abs(x30) ^ (0.4951059781628697 * (Abs((((((x6 * ((((Abs(-2.1833384487939904) ^ (Abs(x4) ^ x15)) * x4) * 2.16744371224844) / x27)) * (x25 / x6)) / (Abs((x27 - x30)) ^ x18)) / x18) * ((x22 * ((((Abs(x17) ^ x27) * x22) * (Abs(x18) ^ x27)) / (x25 / x6))) * -2.202550962406242))) ^ (Abs(x30) ^ x19))))),-1.122584028959804;-0.6370685696851196;0.267082665130209;0.4951059781628697;-2.1833384487939904;2.16744371224844;-2.202550962406242,103,3.371084592347518e-2,3.371084592347518e-2,6.69450423401759e-2,0.8651566163060993,0.8651566163060993,-2.482481102535817,3.371084592347518e-2,3.371084592347518e-2,6.69450423401759e-2,252.18969846692673,252.18969846692673,252.2229326633434
