id,Expression,theta,size,MSE_train,MSE_val,MSE_test,R2_train,R2_val,R2_test,nll_train,nll_val,nll_test,mdl_train,mdl_val,mdl_test
0,(Abs(x17) ^ (Abs((Recip((Abs(((((x1 - x24) / x5) + -1.9848328986825163) - x4)) ^ (((Abs((Recip(Recip(x15)) * Recip(((Abs((Recip((Abs(x2) ^ x10)) / (Abs((x21 * x23)) ^ x17))) ^ x20) - (x14 / (x21 * (x23 - ((x14 + (x29 * x12)) * ((1.990097989572409 + (x2 + (x25 + x30))) * (x29 * x6)))))))))) ^ (x3 + x20)) + 24.136566411557848) * x28))) * (x12 / ((((((x2 * x4) * x16) / x5) + x21) - x4) * ((x17 * (Abs(1.6601704563988278) ^ Recip((Recip((Abs(Recip((Abs(x2) ^ x10))) ^ x15)) / x26)))) - x4))))) ^ x18)),-1.9848328986825163;1.990097989572409;24.136566411557848;1.6601704563988278,105,7.001230390476827e-2,7.001230390476827e-2,Infinity,0.719950784380927,0.719950784380927,-Infinity,7.001230390476827e-2,7.001230390476827e-2,Infinity,319.9631161526198,319.9631161526198,Infinity
