id,Expression,theta,size,MSE_train,MSE_val,MSE_test,R2_train,R2_val,R2_test,nll_train,nll_val,nll_test,mdl_train,mdl_val,mdl_test
0,(Abs(x27) ^ (x10 * (x11 * ((x28 * x4) * ((Abs(((Abs(x14) ^ (x12 + -38.83250846509993)) + (x22 - (x4 * x2)))) ^ x27) + ((Recip(Recip(x21)) * (((x10 * x28) * (Abs((x9 + x0)) ^ (x12 + -7.204844665195291))) * x14)) * x0)))))),-38.83250846509993;-7.204844665195291,47,8.752692452122914e-2,8.752692452122914e-2,0.17654265891011292,0.6498923019150835,0.6498923019150835,-8.183749116503723,8.752692452122914e-2,8.752692452122914e-2,0.17654265891011292,124.3735125140563,124.3735125140563,124.46252824844518
