id,Expression,theta,size,MSE_train,MSE_val,MSE_test,R2_train,R2_val,R2_test,nll_train,nll_val,nll_test,mdl_train,mdl_val,mdl_test
0,(Abs(((Recip(((Abs(((Recip((Abs((((x24 - Recip(x25)) * (x7 * (Abs(((2.0535711521468567 + x26) + x19)) ^ Recip(x25)))) * x24)) ^ x3)) - ((((Abs((Abs(x5) ^ Recip(x15))) ^ (Abs(x5) ^ x10)) + Recip(((x19 - x23) * x8))) + Recip(Recip(x1))) + Recip(Recip((x9 / (x14 - x2)))))) * x21)) ^ x1) + x6)) - Recip((x29 - Recip(((x11 / x26) - x0))))) * (x11 * (Abs(((((-32.94037895325486 * x20) + 0.7755648790618818) - x10) * (x2 * x23))) ^ Recip(x7))))) ^ x3),2.0535711521468567;-32.94037895325486;0.7755648790618818,92,1.932174521111035e-2,1.932174521111035e-2,6.667107051788282e-2,0.9227130191555586,0.9227130191555586,-2.4682290883401317,1.932174521111035e-2,1.932174521111035e-2,6.667107051788282e-2,279.92450059992825,279.92450059992825,279.971849925235
