id,Expression,theta,size,MSE_train,MSE_val,MSE_test,R2_train,R2_val,R2_test,nll_train,nll_val,nll_test,mdl_train,mdl_val,mdl_test
0,Recip(((Abs((x22 * (x14 - (-3.8646192351821425 - x10)))) ^ x10) - (Recip((((-18.314413054867064 + (Abs(x23) ^ (x13 * x29))) * x9) - x5)) / Recip((Recip(Recip(Recip((x15 + 7.473226534114779)))) - (Recip((((x6 * 25.58539885685174) * (x4 - (Abs(((Recip((Recip((-9.479282061153652 + x21)) - ((Abs(0.8749222897912755) ^ x14) * x30))) + -13.123383414408622) * (Abs(x16) ^ -66.76585590231106))) ^ (x30 * x21)))) - x5)) / (x21 * (x14 + x3)))))))),-3.8646192351821425;-18.314413054867064;7.473226534114779;25.58539885685174;-9.479282061153652;0.8749222897912755;-13.123383414408622;-66.76585590231106,73,8.708198159457183e-2,8.708198159457183e-2,0.1596764499589588,0.6516720736217128,0.6516720736217128,-7.306368926864719,8.708198159457183e-2,8.708198159457183e-2,0.1596764499589588,210.27796880996004,210.27796880996004,210.35056327832444
