id,Expression,theta,size,MSE_train,MSE_val,MSE_test,R2_train,R2_val,R2_test,nll_train,nll_val,nll_test,mdl_train,mdl_val,mdl_test
0,((Abs((((((Abs((x28 + x19)) ^ ((Abs(((x24 - (Abs((((x19 / (Recip((x18 + x18)) * x11)) - (x1 / (((Abs(Recip((Recip(x0) + x14))) ^ (x19 * x11)) / Recip((Abs((((x18 * x3) * 0.5814929229294223) * x3)) ^ x3))) * x23))) * x28)) ^ 3.7556228961817384)) + (((x18 + x2) * x20) * Recip(x10)))) ^ x7) * (x30 / (Abs(x7) ^ x28)))) - Recip((Abs(x4) ^ x14))) * ((x3 + x2) - x18)) - (Abs((Recip((x7 + x18)) * x11)) ^ x14)) + (Abs(x4) ^ x26))) ^ 0.4156606616681684) * ((x18 * x3) * 46.50249606578199)),0.5814929229294223;3.7556228961817384;0.4156606616681684;46.50249606578199,102,4.439216116403988e-2,4.439216116403988e-2,Infinity,0.8224313553438405,0.8224313553438405,-Infinity,4.439216116403988e-2,4.439216116403988e-2,Infinity,292.425344553175,292.425344553175,Infinity
