id,Expression,theta,size,MSE_train,MSE_val,MSE_test,R2_train,R2_val,R2_test,nll_train,nll_val,nll_test,mdl_train,mdl_val,mdl_test
0,Recip(((Abs((Abs((Abs(((x11 / x9) - x17)) ^ x25)) ^ (x5 - x9))) ^ (x22 * Recip(x12))) - ((((x9 * x9) + ((x12 + x20) / (Recip(x19) * (Abs(x4) ^ ((x11 - x15) * (x13 * 234.72691441319373)))))) / Recip(((((x13 * (x7 / (x9 * x26))) - x24) / (((Recip(x19) * (x9 * x26)) - x0) + (Abs((Abs(x12) ^ (x11 - x15))) ^ (x13 * x3)))) - (Abs((((x12 + ((Abs(x8) ^ (x2 + x1)) + (Abs(x5) ^ x9))) / x14) / (x3 - (x12 + x20)))) ^ (x13 * (x7 / (x26 * x24))))))) / Recip(x9)))),234.72691441319373,108,4.390573191982968e-2,4.390573191982968e-2,0.10789107275118798,0.8243770723206812,0.8243770723206812,-4.612493604516584,4.390573191982968e-2,4.390573191982968e-2,0.10789107275118798,329.932152239265,329.932152239265,329.9961375800964
