id,Expression,theta,size,MSE_train,MSE_val,MSE_test,R2_train,R2_val,R2_test,nll_train,nll_val,nll_test,mdl_train,mdl_val,mdl_test
0,(Abs((0.9952928250370651 * (Abs(x17) ^ 3.175680094707197e-3))) ^ (Abs(((Recip((x10 - ((Abs((x22 - x23)) ^ Recip((Abs(x11) ^ (Abs(x30) ^ Recip(Recip((((x14 + x7) * (x5 * (x15 / x14))) - ((Abs(x18) ^ x16) * (x14 - x13))))))))) * x18))) / (Abs((((x27 * (x1 * -0.14417174635135965)) - (Abs(x16) ^ (x18 * (x28 + x10)))) * x23)) ^ (28.027614723987845 + x27))) * (Abs(x23) ^ x5))) ^ x15)),0.9952928250370651;3.175680094707197e-3;-0.14417174635135965;28.027614723987845,75,7.246765491853015e-2,7.246765491853015e-2,9.013339287358284e-2,0.7101293803258795,0.7101293803258795,-3.6887390972836007,7.246765491853015e-2,7.246765491853015e-2,9.013339287358284e-2,203.87959169031328,203.87959169031328,203.89725742826832
