id,Expression,theta,size,MSE_train,MSE_val,MSE_test,R2_train,R2_val,R2_test,nll_train,nll_val,nll_test,mdl_train,mdl_val,mdl_test
0,((Abs(Recip((Abs((x15 / x27)) ^ Recip(Recip((x27 + x27)))))) ^ ((((-1.8058550310795065 + (x30 * -0.8126959143454962)) * x1) + ((x25 * ((x27 - x20) / (Abs(x20) ^ 0.13709951513434682))) + ((x2 + 2.0775534666787343) - x21))) / ((Abs((x20 / x24)) ^ x1) - ((x30 - x16) - x22)))) + (((-0.12774218417267635 - ((Abs((Abs((((Abs(x17) ^ x2) + x30) * -0.5931500959979111)) ^ -0.25050139638399666)) ^ x8) - x9)) - ((x30 - (Abs(x24) ^ (Abs((Abs(x29) ^ 4.920025866564453)) ^ x24))) / (Abs(x29) ^ -3.250483509612019e-2))) - (((x7 - ((Abs((x29 * 0.8547090091464709)) ^ x15) - x16)) / x10) * ((x30 * 0.24342916914823592) / Recip((x25 * x16)))))),-1.8058550310795065;-0.8126959143454962;0.13709951513434682;2.0775534666787343;-0.12774218417267635;-0.5931500959979111;-0.25050139638399666;4.920025866564453;-3.250483509612019e-2;0.8547090091464709;0.24342916914823592,109,7.513254438776215e-2,7.513254438776215e-2,0.12368129796588095,0.6994698224489514,0.6994698224489514,-5.433901120184881,7.513254438776215e-2,7.513254438776215e-2,0.12368129796588095,308.3463540881385,308.3463540881385,308.39490284171666
