id,Expression,theta,size,MSE_train,MSE_val,MSE_test,R2_train,R2_val,R2_test,nll_train,nll_val,nll_test,mdl_train,mdl_val,mdl_test
0,Recip((((Abs((x21 + x27)) ^ (x25 * x30)) - (Abs(x21) ^ Recip(x9))) + (((x0 + x26) / (((x25 * x30) - Recip((x6 + x5))) / (x7 * -4514.307521807882))) * (Abs((Abs(x15) ^ (Abs(x23) ^ x17))) ^ ((x15 * (Abs(x26) ^ ((x21 + x27) - ((Abs(x28) ^ x5) + x24)))) - (x17 / x6)))))),-4514.307521807882,61,6.398256167145407e-2,6.398256167145407e-2,0.19456924011799348,0.7440697533141838,0.7440697533141838,-9.121491870937634,6.398256167145407e-2,6.398256167145407e-2,0.19456924011799348,166.98027504302053,166.98027504302053,167.11086172146707
