id,Expression,theta,size,MSE_train,MSE_val,MSE_test,R2_train,R2_val,R2_test,nll_train,nll_val,nll_test,mdl_train,mdl_val,mdl_test
0,(Abs((((((x9 / x27) * (((x30 * 5.317401942228907) - x28) - (x30 / x29))) / x17) * x11) / ((Recip(((x18 * Recip(x2)) + Recip(((x28 + x17) * (Abs(x19) ^ (x26 * x18)))))) / (x24 / (Abs(((x9 + x29) + x28)) ^ (-1.2805889230455951 / (Abs(x27) ^ (Abs(((x21 / (x0 * ((Recip(x30) + x17) * x15))) * 67.04772404786067)) ^ x21)))))) - (((x11 - (x28 * (x1 - (x24 / (((x28 - x4) * x11) / (Abs(x29) ^ (26.305790553887384 / (Abs(x27) ^ x29)))))))) - (x8 + 112.64228214870916)) * (x15 * x24))))) ^ x9),5.317401942228907;-1.2805889230455951;67.04772404786067;26.305790553887384;112.64228214870916,100,1.748905865379819e-2,1.748905865379819e-2,8.40632490988557e-2,0.9300437653848073,0.9300437653848073,-3.3729702181223065,1.748905865379819e-2,1.748905865379819e-2,8.40632490988557e-2,299.37294077139643,299.37294077139643,299.4395149618415
