id,Expression,theta,size,MSE_train,MSE_val,MSE_test,R2_train,R2_val,R2_test,nll_train,nll_val,nll_test,mdl_train,mdl_val,mdl_test
0,(Abs((Abs((x19 + x9)) ^ x9)) ^ ((Abs(((Recip(((Abs((x19 + x12)) ^ (x2 + -0.7427244336593536)) * (1.133833065179778 * (Abs((Abs((x19 + x3)) ^ x3)) ^ ((Abs(((x24 + (7.007302968565218e-2 * x26)) * -0.5279478862651041)) ^ (-0.7075950616036828 - x3)) + x5))))) + (((Recip((Recip((x2 * (Abs(x6) ^ x19))) * x17)) + (x15 * x22)) * Recip((x9 / x17))) * (-0.238517064358008 - x3))) * ((Abs(x26) ^ ((x27 * Recip(x25)) / (x29 + x3))) / (Abs(x29) ^ x12)))) ^ (-3.9906000646847266 - x18)) + x5)),-0.7427244336593536;1.133833065179778;7.007302968565218e-2;-0.5279478862651041;-0.7075950616036828;-0.238517064358008;-3.9906000646847266,90,9.895224764201753e-3,9.895224764201753e-3,2.567194087726862e72,0.9604191009431929,0.9604191009431929,-1.3354543644354626e74,9.895224764201753e-3,9.895224764201753e-3,2.567194087726862e72,250.84943249909617,250.84943249909617,2.567194087726862e72
