id,Expression,theta,size,MSE_train,MSE_val,MSE_test,R2_train,R2_val,R2_test,nll_train,nll_val,nll_test,mdl_train,mdl_val,mdl_test
0,((Abs(-1.9281095231684055e-2) ^ (x25 + (x26 + x21))) / (Abs((x12 / x6)) ^ ((0.638633429509343 + ((Abs(x28) ^ (Abs(x5) ^ x17)) * (((-1.0778891404868505 - x6) / (((Abs((x26 + (Abs(Recip((((Abs(((Abs(x13) ^ x12) / x25)) ^ x28) - x27) - x23))) ^ x27))) ^ (x10 + x21)) / (x10 + (((Abs(x9) ^ Recip((x24 + x10))) + (x21 + x3)) - (x19 * x12)))) / x0)) * (Recip((((Abs(x5) ^ x10) + x19) - x6)) + ((Abs(x17) ^ x20) - (x28 + x19)))))) * (((Abs((Recip(Recip(x28)) - x27)) ^ (x12 / x15)) + -2.076627065381799) + x27)))),-1.9281095231684055e-2;0.638633429509343;-1.0778891404868505;-2.076627065381799,106,8.480688697860134e-2,8.480688697860134e-2,68516.31129248482,0.6607724520855947,0.6607724520855947,-3564217.513434924,8.480688697860134e-2,8.480688697860134e-2,68516.31129248482,306.34588146099793,306.34588146099793,68822.57236705885
