id,Expression,theta,size,MSE_train,MSE_val,MSE_test,R2_train,R2_val,R2_test,nll_train,nll_val,nll_test,mdl_train,mdl_val,mdl_test
0,(Abs(((x25 * -8.984516784796823e-3) / x13)) ^ ((Recip((x5 - (Recip((((x30 * x20) * x21) - ((Abs((x28 / (x5 * (Abs((x16 / x19)) ^ (((x13 - (Abs(x12) ^ x9)) + (x28 - x1)) + x3))))) ^ x30) + 0.804577198566032))) - (Abs((x25 * (((x25 * -2.166168220489226) / x13) / x1))) ^ ((2.7813965991682386 - x20) + (x27 + x25)))))) / ((Abs(((x5 / x25) / (x5 * (Abs(((x25 * x12) / (Abs(-0.2613469635850647) ^ x2))) ^ ((((x11 / Recip(x13)) - (Abs(x0) ^ x9)) + ((Abs(-0.4624224424872671) ^ x28) - x1)) + x3))))) ^ x30) + 0.20622118481597332)) + (x13 + -0.22108409056583028))),-8.984516784796823e-3;0.804577198566032;-2.166168220489226;2.7813965991682386;-0.2613469635850647;-0.4624224424872671;0.20622118481597332;-0.22108409056583028,106,4.4856163077154364e-2,4.4856163077154364e-2,4.2703372824889396e-2,0.8205753476913825,0.8205753476913825,-1.2214294543506616,4.4856163077154364e-2,4.4856163077154364e-2,4.2703372824889396e-2,305.13802387647996,305.13802387647996,305.1358710862277
