id,Expression,theta,size,MSE_train,MSE_val,MSE_test,R2_train,R2_val,R2_test,nll_train,nll_val,nll_test,mdl_train,mdl_val,mdl_test
0,(Abs(((x16 * x1) / (Abs(x26) ^ (x21 - x25)))) ^ Recip((Abs(0.29604362689474584) ^ (x5 - x13)))),0.29604362689474584,19,3.7549128641552174e-2,3.7549128641552174e-2,7.238543919308593e-2,0.8498034854337913,0.8498034854337913,-2.765490546824186,3.7549128641552174e-2,3.7549128641552174e-2,7.238543919308593e-2,41.07673884802614,41.07673884802614,41.11157515857767
