id,Expression,theta,size,MSE_train,MSE_val,MSE_test,R2_train,R2_val,R2_test,nll_train,nll_val,nll_test,mdl_train,mdl_val,mdl_test
0,(x4 + ((((3.2444302703227276e-2 + (((x24 + (((Abs(Recip(Recip((Abs((Recip(Recip((Abs((Abs(0.956089568488441) ^ Recip(x30))) ^ Recip(((Abs(0.8794145031068834) ^ x1) + x0))))) * x18)) ^ Recip((x11 + x0)))))) ^ x11) + ((-1.4220712567220763 + x0) + x0)) + x6)) + 0.35608931072308225) + x6)) + (((Abs(Recip((x16 + (((Abs(x28) ^ x30) + ((x12 / x0) + -0.24253771848743946)) + x6)))) ^ x1) + ((-0.6672647100079531 / Recip(x30)) + x27)) + -0.9417628439749359)) + (x22 + 0.18376123338803368)) + x25)),3.2444302703227276e-2;0.956089568488441;0.8794145031068834;-1.4220712567220763;0.35608931072308225;-0.24253771848743946;-0.6672647100079531;-0.9417628439749359;0.18376123338803368,81,4.932449211098779e-2,4.932449211098779e-2,0.7868478235195474,0.8027020315560488,0.8027020315560488,-39.93182377948529,4.932449211098779e-2,4.932449211098779e-2,0.7868478235195474,221.73351273510633,221.73351273510633,222.47103606651487
