id,Expression,theta,size,MSE_train,MSE_val,MSE_test,R2_train,R2_val,R2_test,nll_train,nll_val,nll_test,mdl_train,mdl_val,mdl_test
0,((Abs((x5 * (Abs(x10) ^ 404.0745426963452))) ^ (x13 * (Abs((Abs(x10) ^ 31.826133860905095)) ^ x24))) / (Abs((Abs(x9) ^ (Abs((((x9 / x13) * Recip((Abs(x10) ^ 64.46405875010736))) * x27)) ^ (x13 * (Abs((Abs(x10) ^ 76.85113614263369)) ^ x24))))) ^ ((x10 * x18) + ((((Abs(x18) ^ Recip((Abs((Abs(x9) ^ (x17 - (x2 + -75.19556872659489)))) ^ x4))) * x28) - ((x20 + x26) - (x15 - x24))) * (Abs(Recip((((x22 * x18) - x13) * x14))) ^ (x13 * (Abs((Abs(x10) ^ 108.55096323953194)) ^ x24))))))),404.0745426963452;31.826133860905095;64.46405875010736;76.85113614263369;-75.19556872659489;108.55096323953194,94,3.925981092132451e-2,3.925981092132451e-2,Infinity,0.8429607563147019,0.8429607563147019,-Infinity,3.925981092132451e-2,3.925981092132451e-2,Infinity,244.60780865339498,244.60780865339498,Infinity
