id,Expression,theta,size,MSE_train,MSE_val,MSE_test,R2_train,R2_val,R2_test,nll_train,nll_val,nll_test,mdl_train,mdl_val,mdl_test
0,(Abs(((Abs(x30) ^ (x17 + x17)) * x22)) ^ Recip((x21 + (((((Abs(((x4 * x14) - (((Abs((x3 / x8)) ^ x15) - x30) * x11))) ^ (Abs((x18 - x22)) ^ (x21 + x17))) + (x28 + (((x19 * x21) / Recip((x16 + x28))) * (629.0396371372528 + x19)))) / Recip((((x19 * x21) / Recip((x18 + x17))) * (37.22585887529797 + x22)))) + (Abs(x28) ^ ((Abs(x30) ^ (x17 + x17)) * x22))) - x0)))),629.0396371372528;37.22585887529797,80,5.570580360814347e-2,5.570580360814347e-2,0.104891521152994,0.7771767855674261,0.7771767855674261,-4.45645693037854,5.570580360814347e-2,5.570580360814347e-2,0.104891521152994,225.7018048987652,225.7018048987652,225.75099061631008
