id,Expression,theta,size,MSE_train,MSE_val,MSE_test,R2_train,R2_val,R2_test,nll_train,nll_val,nll_test,mdl_train,mdl_val,mdl_test
0,(Abs((Abs(Recip((Abs((x4 + ((((x13 + x11) / x21) - x11) + (x18 - x10)))) ^ (((x0 * (Recip(x12) + -8.603483761150574)) + x2) / (Abs(x4) ^ x2))))) ^ x28)) ^ (Abs(Recip((Abs(x12) ^ x17))) ^ ((x12 - (x29 + ((Abs(x12) ^ x19) + x7))) - ((Abs(((x18 - x11) + 7.880704275886319)) ^ (((Abs(Recip((Abs(x1) ^ x17))) ^ x24) + x7) * x13)) * -14.049146793757481)))),-8.603483761150574;7.880704275886319;-14.049146793757481,73,1.5666827930684683e-2,1.5666827930684683e-2,Infinity,0.9373326882772612,0.9373326882772612,-Infinity,1.5666827930684683e-2,1.5666827930684683e-2,Infinity,197.5518024314671,197.5518024314671,Infinity
