id,Expression,theta,size,MSE_train,MSE_val,MSE_test,R2_train,R2_val,R2_test,nll_train,nll_val,nll_test,mdl_train,mdl_val,mdl_test
0,(Abs((x22 * x20)) ^ (Abs((-1.6534845172979336 / (-0.5991902799182235 / ((x15 - (x22 * x26)) * (Abs(((((x15 - (x22 * (1.2611522552721846 - x0))) * (Abs(((Recip(((x22 + x9) + (-0.10568426429373624 * x22))) * (x12 - x13)) / (Abs(x16) ^ x26))) ^ (-0.5904800002586463 - (x20 * x21)))) * (x12 - x13)) / (Abs(x16) ^ x26))) ^ ((-2.241414266854777 / (Recip(x29) + -0.5603200978667151)) - x4)))))) ^ (x14 + (4.3954991285104015 - x0)))),-1.6534845172979336;-0.5991902799182235;1.2611522552721846;-0.10568426429373624;-0.5904800002586463;-2.241414266854777;-0.5603200978667151;4.3954991285104015,73,3.565992484140871e-2,3.565992484140871e-2,6.696365244033833e-2,0.8573603006343652,0.8573603006343652,-2.4834491999462673,3.565992484140871e-2,3.565992484140871e-2,6.696365244033833e-2,200.7497222529588,200.7497222529588,200.78102598055773
