id,Expression,theta,size,MSE_train,MSE_val,MSE_test,R2_train,R2_val,R2_test,nll_train,nll_val,nll_test,mdl_train,mdl_val,mdl_test
0,(Recip(((((((x9 + (Abs(x11) ^ 0.2261960774062917)) + x21) * x17) + 5.92091474193339) + x21) - (x3 + -4.884711887292882))) - (Recip((Recip((((((-0.3598326416826703 * x18) * (Abs(x26) ^ (((x3 + -1.9464238818817279) + x21) * x17))) / x16) + x27) - (Abs((Abs(x11) ^ 5.791441719463181)) ^ x22))) - ((Abs((Abs(x2) ^ (x17 + x1))) ^ Recip((0.682737574529586 * x30))) * x9))) / Recip(((((x3 + -1.2485390839887378) + x9) * x19) + (Abs((Abs(x27) ^ (((x22 + (Abs(x13) ^ -3.424807406733297)) + (Abs((x13 - x7)) ^ (((x3 + -1.017128783710608) + x21) * x17))) * x17))) ^ x22))))),0.2261960774062917;5.92091474193339;-4.884711887292882;-0.3598326416826703;-1.9464238818817279;5.791441719463181;0.682737574529586;-1.2485390839887378;-3.424807406733297;-1.017128783710608,100,8.082546791181403e-2,8.082546791181403e-2,0.1335016608772707,0.6766981283527439,0.6766981283527439,-5.944756398835356,8.082546791181403e-2,8.082546791181403e-2,0.1335016608772707,282.2753049015353,282.2753049015353,282.32798109450073
