id,Expression,theta,size,MSE_train,MSE_val,MSE_test,R2_train,R2_val,R2_test,nll_train,nll_val,nll_test,mdl_train,mdl_val,mdl_test
0,((Abs((Abs(x11) ^ x4)) ^ (((Abs(((Abs(Recip(Recip((Abs(x24) ^ x0)))) ^ x0) * ((x28 / (x2 - x19)) + x28))) ^ x26) + (Abs(((Abs(x7) ^ (((-0.7996311036510907 / (x26 / (x9 + x21))) + x18) - Recip(Recip(x11)))) + ((Abs((Abs((x26 / x1)) ^ ((-0.2647437113134601 / (x26 / x1)) + x18))) ^ ((x24 - x8) / (((-0.31433763713096824 + x12) - x1) * x21))) * x16))) ^ (((Abs(x2) ^ x0) - ((x12 + x28) - x12)) + (Abs(x20) ^ x17)))) * ((((x16 / x24) + x9) - x4) * x13))) * 1.145570692474095),-0.7996311036510907;-0.2647437113134601;-0.31433763713096824;1.145570692474095,100,3.830653735879143e-2,3.830653735879143e-2,Infinity,0.8467738505648343,0.8467738505648343,-Infinity,3.830653735879143e-2,3.830653735879143e-2,Infinity,290.0088984212707,290.0088984212707,Infinity
