id,Expression,theta,size,MSE_train,MSE_val,MSE_test,R2_train,R2_val,R2_test,nll_train,nll_val,nll_test,mdl_train,mdl_val,mdl_test
0,(Abs(x25) ^ (((((Abs((x7 / (x2 + (x25 / x26)))) ^ Recip((Abs((x7 - x16)) ^ (x0 * x12)))) / (((Abs(x2) ^ Recip(((x25 + ((((x30 + (-0.363447734691662 - Recip(x11))) / x7) / x13) / x19)) / ((x22 * x11) / ((Abs(x23) ^ (Abs(x16) ^ x9)) - x11))))) / (Abs(x25) ^ ((Recip((((x12 + x7) * x1) / ((x12 / x6) + -14.778091580611255))) * x15) + ((x12 / (x7 / x12)) - x7)))) * Recip(((x22 + x3) / (Abs(x23) ^ (Abs(x16) ^ x9)))))) + 16.748119830352294) * x15) + ((x12 / (x7 / (x19 + -2.099298731351147))) - x7))),-0.363447734691662;-14.778091580611255;16.748119830352294;-2.099298731351147,107,4.021138420689035e-3,4.021138420689035e-3,0.21196097448414625,0.9839154463172438,0.9839154463172438,-10.026209892664866,4.021138420689035e-3,4.021138420689035e-3,0.21196097448414625,315.45385197550434,315.45385197550434,315.6617918115678
