id,Expression,theta,size,MSE_train,MSE_val,MSE_test,R2_train,R2_val,R2_test,nll_train,nll_val,nll_test,mdl_train,mdl_val,mdl_test
0,((Abs(Recip(Recip(x23))) ^ (Abs((x14 - (((Abs(4.88187853799263) ^ (Abs(x20) ^ x2)) * (x20 + x20)) + (4.846079141628361 * (x27 - x19))))) ^ Recip(((x20 / x22) / (Recip(((Abs(x9) ^ (6.709448112870934 / Recip(x27))) - (x25 - (Abs(x29) ^ ((x20 / x3) + (x7 + (x1 * x24))))))) / Recip(x26)))))) * (Abs(x29) ^ 5.2439582634501956e-2)),4.88187853799263;4.846079141628361;6.709448112870934;5.2439582634501956e-2,62,8.670279839891312e-2,8.670279839891312e-2,8.956402357043505e15,0.6531888064043475,0.6531888064043475,-4.6591205061338534e17,8.670279839891312e-2,8.670279839891312e-2,8.956402357043505e15,170.0940377331063,170.0940377331063,8.956402357043675e15
