id,Expression,theta,size,MSE_train,MSE_val,MSE_test,R2_train,R2_val,R2_test,nll_train,nll_val,nll_test,mdl_train,mdl_val,mdl_test
0,(Abs((Abs(x28) ^ Recip(Recip((((Abs(((x26 * x4) / (0.1352879592249968 - x6))) ^ ((x24 + x4) / x19)) * (Abs((Abs((Abs(x29) ^ x20)) ^ ((0.3873042063376159 / x5) + (x0 - x3)))) ^ x20)) / (x25 / (Recip(x14) / x1))))))) ^ (Abs((Abs((x2 + x8)) ^ x19)) ^ x28)),0.1352879592249968;0.3873042063376159,54,5.8132324122250424e-2,5.8132324122250424e-2,Infinity,0.7674707035109983,0.7674707035109983,-Infinity,5.8132324122250424e-2,5.8132324122250424e-2,Infinity,144.29086625686313,144.29086625686313,Infinity
