id,Expression,theta,size,MSE_train,MSE_val,MSE_test,R2_train,R2_val,R2_test,nll_train,nll_val,nll_test,mdl_train,mdl_val,mdl_test
0,Recip(((Abs((Abs(Recip((Abs(Recip((Abs((x2 + (((x2 + x15) - x9) + x24))) ^ ((Abs(x2) ^ x20) * Recip(((x30 - x22) - x14)))))) ^ x30))) ^ Recip(((((x4 + x28) / x6) * x16) - x14)))) ^ 2.2639986139888046) - Recip((x2 - (x16 + (Abs(((x5 / x17) * ((Abs(((4.999378920859534 + (x30 * x12)) * x25)) ^ -101.9742878417371) * x17))) ^ x25)))))),2.2639986139888046;4.999378920859534;-101.9742878417371,68,0.11760837929585109,0.11760837929585109,1606.2931834766264,0.5295664828165956,0.5295664828165956,-83558.37140445091,0.11760837929585109,0.11760837929585109,1606.2931834766264,191.382755550974,191.382755550974,1797.5583306483045
