id,Expression,theta,size,MSE_train,MSE_val,MSE_test,R2_train,R2_val,R2_test,nll_train,nll_val,nll_test,mdl_train,mdl_val,mdl_test
0,(Abs((x12 * x18)) ^ Recip((Abs((Abs(Recip(((((((Abs(0.41774351278737315) ^ (Abs((x2 * 1.8983451401419098)) ^ (x1 + -2.690980336280387))) * (Abs(x16) ^ (x20 - (-0.505643562395772 * x18)))) - Recip(((Abs(x27) ^ 2.2435461561884407) + (x4 * x17)))) / (Abs((x2 * (Abs((x26 / x4)) ^ x4))) ^ x4)) * (-8.524075677066772e-2 * (x8 * x1))) + (Abs((x2 * (((Abs(x14) ^ x1) + (x30 * x7)) * ((x21 - x1) + (x30 / x30))))) ^ x4)))) ^ x30)) ^ (41.83718540572848 - x19)))),0.41774351278737315;1.8983451401419098;-2.690980336280387;-0.505643562395772;2.2435461561884407;-8.524075677066772e-2;41.83718540572848,85,9.983957981177685e-2,9.983957981177685e-2,0.18615900736069185,0.6006416807528926,0.6006416807528926,-8.68399156290282,9.983957981177685e-2,9.983957981177685e-2,0.18615900736069185,232.12641155856886,232.12641155856886,232.21273098611778
