id,Expression,theta,size,MSE_train,MSE_val,MSE_test,R2_train,R2_val,R2_test,nll_train,nll_val,nll_test,mdl_train,mdl_val,mdl_test
0,((((x3 - x26) * (x23 - ((Recip(x0) / (x3 + x25)) + x11))) * 7.001770522165192e-2) - (((x3 - x26) * (x23 - ((Recip(x1) / (x3 + x25)) + x11))) * 0.12009438236211803)),7.001770522165192e-2;0.12009438236211803,33,2.2842425390113524e-2,2.2842425390113524e-2,5.8309373443399426e-2,0.9086302984395459,0.9086302984395459,-2.0332536065255224,2.2842425390113524e-2,2.2842425390113524e-2,5.8309373443399426e-2,84.66617122162083,84.66617122162083,84.70163816967411
