id,Expression,theta,size,MSE_train,MSE_val,MSE_test,R2_train,R2_val,R2_test,nll_train,nll_val,nll_test,mdl_train,mdl_val,mdl_test
0,(Abs(6.009203226963493e-6) ^ (Abs(((x9 - (((Abs(0.5823799318499683) ^ (x10 + x18)) / ((Abs((Abs((-0.3320231706145172 - (x26 - (x9 / x1)))) ^ x19)) ^ (x5 - ((Recip((x1 * x16)) - ((Abs(((x5 * x1) / ((Abs((Abs((x5 * x1)) ^ 0.3016716212682826)) ^ x25) + (x9 / x19)))) ^ x25) + x29)) * ((Recip(x26) + -7.620439465305455e-2) * ((Abs(x16) ^ (x6 + x6)) + x29))))) + ((x23 / x12) / x19))) - x26)) + x6)) ^ (((Abs(0.4450885722237) ^ (x26 + -0.9607869305758178)) / ((Abs((Abs((x5 * (Abs(((Abs(x8) ^ x25) - x4)) ^ (Abs(x21) ^ x26)))) ^ x19)) ^ x12) + (x3 / x19))) - x26))),6.009203226963493e-6;0.5823799318499683;-0.3320231706145172;0.3016716212682826;-7.620439465305455e-2;0.4450885722237;-0.9607869305758178,112,2.0361838201495397e-2,2.0361838201495397e-2,3.726947478792551e-2,0.9185526471940184,0.9185526471940184,-0.9387580784678111,2.0361838201495397e-2,2.0361838201495397e-2,3.726947478792551e-2,308.29158338195225,308.29158338195225,308.3084910185387
