id,Expression,theta,size,MSE_train,MSE_val,MSE_test,R2_train,R2_val,R2_test,nll_train,nll_val,nll_test,mdl_train,mdl_val,mdl_test
0,((-0.7361517183427225 - (((Abs(x22) ^ x3) + ((Abs(x22) ^ (Abs((Abs((Abs(-0.5623374244431979) ^ Recip((Abs((x27 - x12)) ^ Recip((x0 - x10)))))) ^ (Abs(((1.9628048608292602e-2 + ((x23 / x13) / (x13 * x28))) / x24)) ^ ((((x27 * 0.3198789645905849) / x28) - Recip(x3)) * Recip(x13))))) ^ ((Abs((x13 * 0.8567575880278503)) ^ ((Recip(x29) + (((Recip(x29) + (-0.9040254058203334 + x12)) * -0.5353281985276448) / x28)) * 0.6226293848441417)) / ((x10 * x28) + Recip(x25))))) - Recip(x15))) * 2.6871235718550133e-2)) - ((Recip(x18) + ((Abs((Abs(x22) ^ x22)) ^ x25) - x30)) * -4.399171003427634e-2)),-0.7361517183427225;-0.5623374244431979;1.9628048608292602e-2;0.3198789645905849;0.8567575880278503;-0.9040254058203334;-0.5353281985276448;0.6226293848441417;2.6871235718550133e-2;-4.399171003427634e-2,98,5.025203438411473e-2,5.025203438411473e-2,8.95504192945313e-2,0.798991862463541,0.798991862463541,-3.65841281170134,5.025203438411473e-2,5.025203438411473e-2,8.95504192945313e-2,272.061987929916,272.061987929916,272.1012863148264
