id,Expression,theta,size,MSE_train,MSE_val,MSE_test,R2_train,R2_val,R2_test,nll_train,nll_val,nll_test,mdl_train,mdl_val,mdl_test
0,((Abs(((Recip(((x5 * x11) * x23)) + x9) / x20)) ^ (x9 * ((x9 * ((x17 - (x6 * ((x13 - ((Abs((Recip(((((((((x18 * x7) - (0.46643858035519925 + (x20 + (x0 * x27)))) - x3) + Recip((x20 + x1))) * x7) - (x5 + (x13 + x5))) - (0.8938193196067243 + x25)) + (x9 * x5))) * Recip((x15 / x0)))) ^ (x19 * (x8 * x4))) + x23)) + 348.3734026537546))) + (Abs((x9 * ((x13 - (x10 + x17)) + x10))) ^ x23))) + (Abs((x9 * ((x13 - (x10 + x17)) + x10))) ^ x23)))) + -0.18506524640501268),0.46643858035519925;0.8938193196067243;348.3734026537546;-0.18506524640501268,101,0.11552475466548827,0.11552475466548827,0.13910315320574712,0.5379009813380469,0.5379009813380469,-6.236146029762688,0.11552475466548827,0.11552475466548827,0.13910315320574712,319.8117007570854,319.8117007570854,319.83527915562564
