id,Expression,theta,size,MSE_train,MSE_val,MSE_test,R2_train,R2_val,R2_test,nll_train,nll_val,nll_test,mdl_train,mdl_val,mdl_test
0,(((((3.6915314515589683 - x25) / ((x6 + (Abs((Abs(((((-1.898671237756711e-2 + x1) + x16) + (Abs(x20) ^ x20)) / (Abs(x20) ^ x20))) ^ x9)) ^ ((x21 + ((x21 + x11) + (x14 * (x15 + 22.310972744933625)))) + 85.02786502016812))) - (x24 - (x14 / x21)))) + x6) + x6) - (x9 * (Abs((x21 - ((Abs(x1) ^ x14) * (x29 / x3)))) ^ (((x14 - x18) * x20) * (Abs((-2.830179144579133 / x27)) ^ (Abs(x29) ^ (x2 + x28))))))),3.6915314515589683;-1.898671237756711e-2;22.310972744933625;85.02786502016812;-2.830179144579133,81,8.603631795196412e-2,8.603631795196412e-2,Infinity,0.6558547281921435,0.6558547281921435,-Infinity,8.603631795196412e-2,8.603631795196412e-2,Infinity,228.9771140807799,228.9771140807799,Infinity
