id,Expression,theta,size,MSE_train,MSE_val,MSE_test,R2_train,R2_val,R2_test,nll_train,nll_val,nll_test,mdl_train,mdl_val,mdl_test
0,(Recip((Abs(((Abs(((((x25 / (x23 - x15)) * (((x25 / (x23 - x15)) * x12) * Recip((x18 - (x30 * 0.7275338669139219))))) * (Abs(x23) ^ x13)) * ((((((x9 + (x2 / x0)) + -0.32268088642502407) + (Abs(x12) ^ x24)) + (((x20 + x13) + (x2 / Recip((x14 / (x23 - x15))))) + -2.927997502248624e-3)) / x30) + ((-0.4557540637862538 * x3) + Recip((Abs(((0.9937610559970745 * x21) + -0.16654062760540497)) ^ x14)))))) ^ (x30 * 3.1577065544076928)) * ((x29 - x28) / x21))) ^ Recip(((0.47154346942041986 * x3) + Recip((Abs(((-0.46913532642406824 * x7) + -0.8923947198523671)) ^ x2)))))) * (Abs((2.662613657230275 / Recip(x18))) ^ x2)),0.7275338669139219;-0.32268088642502407;-2.927997502248624e-3;-0.4557540637862538;0.9937610559970745;-0.16654062760540497;3.1577065544076928;0.47154346942041986;-0.46913532642406824;-0.8923947198523671;2.662613657230275,105,9.910932299396234e-2,9.910932299396234e-2,0.15182201977962373,0.6035627080241506,0.6035627080241506,-6.897781468935725,9.910932299396234e-2,9.910932299396234e-2,0.15182201977962373,315.5489401600776,315.5489401600776,315.60165285686327
