id,Expression,theta,size,MSE_train,MSE_val,MSE_test,R2_train,R2_val,R2_test,nll_train,nll_val,nll_test,mdl_train,mdl_val,mdl_test
0,(Abs((x23 * ((Abs((((x18 + (x0 + x6)) + x30) - x3)) ^ -0.6007025125523319) / (Abs(((Abs((((Abs((Recip((x9 + x28)) / x11)) ^ (x9 / x12)) / ((x4 - x23) / x22)) - Recip((Recip(((Abs(x4) ^ (x4 * x25)) / (x9 * (x19 - x21)))) - Recip((Abs((Abs(x24) ^ (x28 + x22))) ^ (x17 / (Abs(x8) ^ x22)))))))) ^ x3) - ((Abs(x22) ^ x23) * (x1 - ((Abs(((((x24 + x23) * (((Abs((((x26 * x5) + (x1 + x14)) - x3)) ^ 1.5624697182483949) * -22.888389372992783) * x23)) + x3) - x30)) ^ -20.780540557876762) * (x0 + x6)))))) ^ 2.6308484140965893)))) ^ x3),-0.6007025125523319;1.5624697182483949;-22.888389372992783;-20.780540557876762;2.6308484140965893,111,2.1988624645840186e-3,2.1988624645840186e-3,7.562340439176927e-2,0.991204550141664,0.991204550141664,-2.9339294964596876,2.1988624645840186e-3,2.1988624645840186e-3,7.562340439176927e-2,333.3644860311255,333.3644860311255,333.4379105730527
