id,Expression,theta,size,MSE_train,MSE_val,MSE_test,R2_train,R2_val,R2_test,nll_train,nll_val,nll_test,mdl_train,mdl_val,mdl_test
0,Recip((((Recip((8.486259622228873 * x7)) + x7) + (Abs(((-4.1966462474154614e-3 * (x11 * x8)) - Recip(Recip(((Abs(x0) ^ 3.2639704276911) * (((x26 * x6) - (x0 - x1)) * -1.4122839332493413)))))) ^ ((x15 - (Abs(x12) ^ x20)) + (x13 + (x1 * x14))))) + x16)),8.486259622228873;-4.1966462474154614e-3;3.2639704276911;-1.4122839332493413,46,3.0539906491383464e-2,3.0539906491383464e-2,6.547403390672794e-2,0.8778403740344661,0.8778403740344661,-2.405959243827857,3.0539906491383464e-2,3.0539906491383464e-2,6.547403390672794e-2,126.64141601064831,126.64141601064831,126.67635013806365
