id,Expression,theta,size,MSE_train,MSE_val,MSE_test,R2_train,R2_val,R2_test,nll_train,nll_val,nll_test,mdl_train,mdl_val,mdl_test
0,(x25 * ((Abs((((Recip(x8) * x24) - x14) - ((((x19 / x28) / ((x0 + -1.0874967936605306) / (((((x20 * x18) - (x20 * x19)) - x8) - x25) * x6))) + (Abs(((x25 / x1) - x28)) ^ ((x25 / x1) - x16))) / (x1 - (Abs(Recip(x25)) ^ x20))))) ^ -0.37188813049005326) + x1)),-1.0874967936605306;-0.37188813049005326,56,7.228837901166454e-2,7.228837901166454e-2,0.11293581453177616,0.7108464839533418,0.7108464839533418,-4.874921071942771,7.228837901166454e-2,7.228837901166454e-2,0.11293581453177616,156.127554274833,156.127554274833,156.1682017103531
