id,Expression,theta,size,MSE_train,MSE_val,MSE_test,R2_train,R2_val,R2_test,nll_train,nll_val,nll_test,mdl_train,mdl_val,mdl_test
0,((Abs(0.991909670874777) ^ (Abs((Abs((x6 * x6)) ^ (Abs(((x6 - ((Abs(x13) ^ x26) + (((-0.42580405819315115 * x24) - (x24 + (x28 + -0.7581834946692357))) + (x13 * -0.19449497444221633)))) * (x12 - (Abs((Abs((x6 * x6)) ^ (Abs((x21 * (x13 - ((x6 - ((Abs(x13) ^ (Abs((x0 * x0)) ^ (x13 + -0.9385732300844762))) + (((0.3453818815295526 * x24) - (x24 + (x28 + 0.5353567012119774))) + (x13 * -0.42273103624048564)))) * (x12 - ((x13 + (x13 + x7)) - x4)))))) ^ x6))) ^ ((x14 + (x13 + -0.19318408286089553)) - x2))))) ^ x6))) ^ ((x13 + -1.802440472442252) - x2))) + x0),0.991909670874777;-0.42580405819315115;-0.7581834946692357;-0.19449497444221633;-0.9385732300844762;0.3453818815295526;0.5353567012119774;-0.42273103624048564;-0.19318408286089553;-1.802440472442252,101,3.0716913060191118e-2,3.0716913060191118e-2,7.075577344765761e-2,0.8771323477592355,0.8771323477592355,-2.680715334747008,3.0716913060191118e-2,3.0716913060191118e-2,7.075577344765761e-2,257.8531312221759,257.8531312221759,257.89317008256336
