id,Expression,theta,size,MSE_train,MSE_val,MSE_test,R2_train,R2_val,R2_test,nll_train,nll_val,nll_test,mdl_train,mdl_val,mdl_test
0,Recip((((Abs(x14) ^ x18) + x23) / (Abs(((Abs((Abs(x14) ^ x7)) ^ (((-0.7344037483542658 * ((Abs(((x1 + -0.7879206373482964) * ((Abs((Abs(x14) ^ x4)) ^ (x6 + -0.5774904028036347)) * 2.2990768459628982e-2))) ^ x12) * ((x11 * x11) + 2.247542668537496))) + Recip(Recip((Abs((Recip((x15 - (((x11 + x22) + (x26 / x24)) + 0.38849753371875617))) - ((x4 / x10) - x27))) ^ 3.710750341111494)))) + Recip(((Abs(x28) ^ (Abs((Abs((Abs((Recip(x28) - x27)) ^ 9.558192052553097e-2)) ^ x4)) ^ (((x23 * -0.3270545303700679) + Recip(Recip((Abs((Recip(x28) - x27)) ^ 3.955405117760244)))) + -0.5104967448896867))) / (x13 / x10))))) - ((x21 / x11) * x22))) ^ (x13 / x14)))),-0.7344037483542658;-0.7879206373482964;-0.5774904028036347;2.2990768459628982e-2;2.247542668537496;0.38849753371875617;3.710750341111494;9.558192052553097e-2;-0.3270545303700679;3.955405117760244;-0.5104967448896867,111,1.6972795896131643e-2,1.6972795896131643e-2,Infinity,0.9321088164154734,0.9321088164154734,-Infinity,1.6972795896131643e-2,1.6972795896131643e-2,Infinity,315.4668036329798,315.4668036329798,Infinity
