id,Expression,theta,size,MSE_train,MSE_val,MSE_test,R2_train,R2_val,R2_test,nll_train,nll_val,nll_test,mdl_train,mdl_val,mdl_test
0,(Abs(x30) ^ (Abs((((x22 - (Abs((Abs(x7) ^ x26)) ^ 0.5909990092199628)) + (((Abs(x2) ^ x20) + x12) + -0.564020262418931)) + (x5 + (Abs((Abs((x6 * 2.0385525129318948e-3)) ^ x20)) ^ ((x28 / x0) + x25))))) ^ (((2.033151515249934 + (x27 * (((-0.4727107580479975 - (((x22 - (x2 + x3)) + (x2 + 0.42863007104574163)) + (x5 + (x13 * -0.9469523126541357)))) + x6) * x6))) + (Abs((x23 + x30)) ^ x0)) * (x13 - (Abs((x6 - x2)) ^ (x13 * -2.1831424097031418)))))),0.5909990092199628;-0.564020262418931;2.0385525129318948e-3;2.033151515249934;-0.4727107580479975;0.42863007104574163;-0.9469523126541357;-2.1831424097031418,82,2.2217586212498687e-3,2.2217586212498687e-3,4.758067312473892e-2,0.9911129655150005,0.9911129655150005,-1.475146615948824,2.2217586212498687e-3,2.2217586212498687e-3,4.758067312473892e-2,225.64832085377833,225.64832085377833,225.6936797682818
