id,Expression,theta,size,MSE_train,MSE_val,MSE_test,R2_train,R2_val,R2_test,nll_train,nll_val,nll_test,mdl_train,mdl_val,mdl_test
0,((Abs(((x24 * x2) * ((x17 / x13) - x14))) ^ (Abs((x30 / ((x8 / Recip(((x24 + x21) + (Abs(((Abs(x14) ^ ((67.74261212270598 * (((x17 / x13) - x14) / (Abs(x15) ^ (x20 + x3)))) + x8)) - ((((Recip(((Abs(x13) ^ (x6 - x14)) - (Abs(x28) ^ (x29 / x30)))) * x13) * (x24 * x4)) / (Abs((x20 + (x11 - (x21 * x21)))) ^ (x15 + x3))) * x7))) ^ x20)))) / (Recip(((x18 - ((Abs(x23) ^ x14) + (-0.3057947321431869 / x13))) - x12)) * (x17 / x13))))) ^ (Abs(Recip(((x2 - x7) / x27))) ^ x28))) + x30),67.74261212270598;-0.3057947321431869,109,3.89816262496998e-2,3.89816262496998e-2,0.15519938468305153,0.8440734950012008,0.8440734950012008,-7.073471991212033,3.89816262496998e-2,3.89816262496998e-2,0.15519938468305153,329.9272281335949,329.9272281335949,330.0434458920282
