id,Expression,theta,size,MSE_train,MSE_val,MSE_test,R2_train,R2_val,R2_test,nll_train,nll_val,nll_test,mdl_train,mdl_val,mdl_test
0,(Abs(((x21 + x0) - x15)) ^ ((((Abs((Abs(x16) ^ x30)) ^ (1812.8564338259844 * (x23 * x24))) * x6) + ((x0 * x24) / Recip((x23 * x14)))) * ((x22 * -141.95077152014719) + (84.50046625206394 + (((x22 / x12) / x1) * x26))))),1812.8564338259844;-141.95077152014719;84.50046625206394,43,1.1489996202682875e-2,1.1489996202682875e-2,4.823526035933327e93,0.9540400151892685,0.9540400151892685,-2.5091982438924204e95,1.1489996202682875e-2,1.1489996202682875e-2,4.823526035933327e93,119.84078093836231,119.84078093836231,4.823526035933327e93
