id,Expression,theta,size,MSE_train,MSE_val,MSE_test,R2_train,R2_val,R2_test,nll_train,nll_val,nll_test,mdl_train,mdl_val,mdl_test
0,((x29 + (x29 * ((1.6690957871251364 - ((Abs(x29) ^ x29) + x18)) - (x18 * (((4.3167815059462145 - x5) - (((((Abs((x9 + ((x17 / x0) - Recip(x19)))) ^ x5) - ((x28 + (x9 * x22)) - x0)) * (((4.982643093217488 - x5) - ((Abs(x29) ^ x29) + x18)) - Recip((x9 / x18)))) * Recip(x18)) * ((x5 + x26) - x5))) + 4.718960238329834))))) + -0.24342380732688865),1.6690957871251364;4.3167815059462145;4.982643093217488;4.718960238329834;-0.24342380732688865,67,4.3385638931247625e-2,4.3385638931247625e-2,1.1209477371692789,0.8264574442750094,0.8264574442750094,-57.31170128754366,4.3385638931247625e-2,4.3385638931247625e-2,1.1209477371692789,181.3690396585291,181.3690396585291,182.4466017567671
