id,Expression,theta,size,MSE_train,MSE_val,MSE_test,R2_train,R2_val,R2_test,nll_train,nll_val,nll_test,mdl_train,mdl_val,mdl_test
0,Recip(Recip((Abs((x5 - x23)) ^ (Abs((((((x12 / x18) + (x15 - x7)) + x16) + Recip((x17 * ((x5 + x26) + ((Abs(((x19 - ((Abs(x15) ^ (Abs((Abs((x0 - x5)) ^ (x23 / x5))) ^ x24)) / x28)) * 1.3761505873647384)) ^ -10.312734447229671) / (Abs(x29) ^ x8)))))) - ((Abs(1.7224199240525104) ^ x19) + (((x23 * x7) * 0.656666558859272) - x4)))) ^ -1.2309863288543237)))),1.3761505873647384;-10.312734447229671;1.7224199240525104;0.656666558859272;-1.2309863288543237,68,1.984950823976725e-2,1.984950823976725e-2,0.17327627803019507,0.920601967040931,0.920601967040931,-8.013831983130403,1.984950823976725e-2,1.984950823976725e-2,0.17327627803019507,188.14950246398874,188.14950246398874,188.30292923377917
