id,Expression,theta,size,MSE_train,MSE_val,MSE_test,R2_train,R2_val,R2_test,nll_train,nll_val,nll_test,mdl_train,mdl_val,mdl_test
0,((Abs((x21 * (Abs(Recip(Recip(x25))) ^ (x30 - ((x11 + x30) * -13.550913693432499))))) ^ x17) * (Abs((((x14 * x20) / Recip(x18)) + ((Abs(-11.643273560916718) ^ (x18 - (((Recip(Recip(x15)) * x18) / Recip(Recip(x4))) + ((x14 * (x30 - ((x11 + Recip(Recip(x4))) * 0.4636961550948135))) * -69.73814187984911)))) * x19))) ^ x14)),-13.550913693432499;-11.643273560916718;0.4636961550948135;-69.73814187984911,58,3.499140222078135e-2,3.499140222078135e-2,0.3607982829884843,0.8600343911168746,0.8600343911168746,-17.768726681060237,3.499140222078135e-2,3.499140222078135e-2,0.3607982829884843,156.11506632861366,156.11506632861366,156.44087320938138
