id,Expression,theta,size,MSE_train,MSE_val,MSE_test,R2_train,R2_val,R2_test,nll_train,nll_val,nll_test,mdl_train,mdl_val,mdl_test
0,((((((Abs((x7 / x22)) ^ (x25 * x28)) * ((Abs(x1) ^ x29) + 1.45782206109542)) + (x14 - x1)) + (x15 * 0.6025433841891337)) - ((Abs((Abs((x0 + 2.191646953128309e-2)) ^ (x8 - x14))) ^ (1.107401085328491 + x3)) + (((Abs((Abs((x0 + 0.11155589991520122)) ^ (x8 - x14))) ^ x15) / x14) * -2.2419163324536574e-2))) / (x15 * ((Recip(x15) / x12) / (Abs(Recip((x26 + x15))) ^ (Abs(x25) ^ ((-0.1952008224846777 * (((x22 * x26) - ((x18 + (Abs(x3) ^ x15)) * (x14 * x9))) / Recip((Recip((Abs(x1) ^ (Abs(x24) ^ x30))) * (Abs(x30) ^ (Abs(x27) ^ x20)))))) + x14)))))),1.45782206109542;0.6025433841891337;2.191646953128309e-2;1.107401085328491;0.11155589991520122;-2.2419163324536574e-2;-0.1952008224846777,106,7.080754579228377e-2,7.080754579228377e-2,4782766.203922623,0.7167698168308649,0.7167698168308649,-2.4879949692804533e8,7.080754579228377e-2,7.080754579228377e-2,4782766.203922623,303.0737855817901,303.0737855817901,4783069.206900659
