id,Expression,theta,size,MSE_train,MSE_val,MSE_test,R2_train,R2_val,R2_test,nll_train,nll_val,nll_test,mdl_train,mdl_val,mdl_test
0,((Abs((Abs(((0.6603537276622358 * x17) + ((x17 * x8) + ((x9 * ((x9 + (x28 / x17)) + ((x28 / x5) / x9))) / Recip(Recip(Recip(((x8 * x10) - (x28 / x5))))))))) ^ Recip((Abs((0.22905587362366236 + x10)) ^ x23)))) ^ x0) * Recip(Recip((Abs((Abs((Abs(0.3496095969285967) ^ (Abs(((x22 * x8) + (Recip(x2) + ((x17 * ((x9 + Recip(x5)) + ((x28 / (x12 / x17)) / x27))) / (x17 + x5))))) ^ (x17 + x5)))) ^ (x21 / (x20 + x0)))) ^ (Abs((x20 + x8)) ^ (x5 * -10.11938348972041)))))),0.6603537276622358;0.22905587362366236;0.3496095969285967;-10.11938348972041,97,2.9711657430563157e-2,2.9711657430563157e-2,Infinity,0.8811533702777474,0.8811533702777474,-Infinity,2.9711657430563157e-2,2.9711657430563157e-2,Infinity,270.9922086148152,270.9922086148152,Infinity
