id,Expression,theta,size,MSE_train,MSE_val,MSE_test,R2_train,R2_val,R2_test,nll_train,nll_val,nll_test,mdl_train,mdl_val,mdl_test
0,(Abs((1.434692821552887 + ((1.141414744934303 + (Abs(Recip(((Abs(x12) ^ 0.49041569367144106) + x10))) ^ x19)) + ((Abs(((Abs(x12) ^ -1.2986599158762042) + x10)) ^ x5) / Recip(((Abs(x28) ^ -1.7968677568909046) + x10)))))) ^ ((x5 - (Abs((((x1 + Recip(Recip((Abs((((x6 * x24) * (Abs(x11) ^ x6)) * (Recip(x9) / (x22 * x16)))) ^ (((x27 * x23) - (0.44898307316284336 - Recip(Recip(x12)))) - x24))))) + (-2.4479254083838233 - Recip(Recip(x12)))) * ((Abs((((x24 * (x24 * Recip((Abs(0.7904105235491714) ^ x11)))) * (Abs(x2) ^ x0)) * x24)) ^ 0.8129972023471163) + x10))) ^ -10.658546537854004)) * x19)),1.434692821552887;1.141414744934303;0.49041569367144106;-1.2986599158762042;-1.7968677568909046;0.44898307316284336;-2.4479254083838233;0.7904105235491714;0.8129972023471163;-10.658546537854004,101,5.337341549553827e-2,5.337341549553827e-2,0.16530955433266564,0.786506338017847,0.786506338017847,-7.599403016384938,5.337341549553827e-2,5.337341549553827e-2,0.16530955433266564,279.11235863318984,279.11235863318984,279.224294772027
