id,Expression,theta,size,MSE_train,MSE_val,MSE_test,R2_train,R2_val,R2_test,nll_train,nll_val,nll_test,mdl_train,mdl_val,mdl_test
0,(Recip((Abs(Recip((Abs(x4) ^ x6))) ^ (Abs(Recip((Abs(x4) ^ x16))) ^ ((x11 * (Abs((Recip(x10) + ((x11 + x21) + (x14 + Recip(Recip(((((x10 - (Abs(x7) ^ -1.2980151218785807)) * x18) - Recip((Abs((x18 - (Abs(-7.691220993104748e-3) ^ (x24 + x15)))) ^ Recip((Abs(x19) ^ x0))))) - (Abs(x5) ^ (x10 - (Abs(x7) ^ x11)))))))))) ^ (((x19 * (x23 / (x20 + x12))) + (Abs(x21) ^ x1)) + (((Recip((x24 * (x8 + x14))) + ((x23 / x7) * Recip(x11))) * (x15 + x13)) * (Abs(x7) ^ x3))))) + -0.6856491656464803)))) / ((Abs(x10) ^ x0) + (Abs(1.6660318954567932e-2) ^ (x20 + x10)))),-1.2980151218785807;-7.691220993104748e-3;-0.6856491656464803;1.6660318954567932e-2,114,2.900634484032495e-2,2.900634484032495e-2,7.282242308432692e-2,0.8839746206387002,0.8839746206387002,-2.7882224488465415,2.900634484032495e-2,2.900634484032495e-2,7.282242308432692e-2,329.91725285218547,329.91725285218547,329.9610689304295
