id,Expression,theta,size,MSE_train,MSE_val,MSE_test,R2_train,R2_val,R2_test,nll_train,nll_val,nll_test,mdl_train,mdl_val,mdl_test
0,(Abs((((x25 - x19) - (x27 - x2)) + x23)) ^ (0.2715989241160118 + (Abs((Abs((((x25 - x19) - (-0.3159256148218183 - x2)) + x23)) ^ (-41.21698405365945 + (Abs(x9) ^ (x23 * (Abs(x3) ^ ((Abs(x3) ^ x4) * (x6 / x23)))))))) ^ (x23 * (Abs((((-2.382339410288547 + x3) - x23) + x5)) ^ ((((Abs((-0.2027634803315937 + (x7 + x5))) ^ x29) - x2) + (Abs(x3) ^ x4)) * x23)))))),0.2715989241160118;-0.3159256148218183;-41.21698405365945;-2.382339410288547;-0.2027634803315937,72,8.37833920891868e-3,8.37833920891868e-3,4.052503998373923e-2,0.9664866431643253,0.9664866431643253,-1.108112579954034,8.37833920891868e-3,8.37833920891868e-3,4.052503998373923e-2,182.10179908666728,182.10179908666728,182.13394578744212
