id,Expression,theta,size,MSE_train,MSE_val,MSE_test,R2_train,R2_val,R2_test,nll_train,nll_val,nll_test,mdl_train,mdl_val,mdl_test
0,(Abs((-0.5450668670116863 * x5)) ^ (Abs((Abs((x28 - (x4 / x7))) ^ (Abs((Recip((x17 * Recip(((x26 / x20) + Recip(x23))))) / (x20 * ((x20 * (x16 + x9)) * x4)))) ^ x22))) ^ ((((Abs((((x18 - (Abs(x18) ^ (Abs(x15) ^ -5.836859441443504e-2))) * ((x24 / x2) / x2)) + x6)) ^ ((((Abs(x8) ^ (x19 - x7)) / (Abs(x2) ^ x20)) + (-0.2508352672346101 / x15)) * x0)) + -0.8650840608628804) * -1.1926918801278592) - ((x27 + x25) / Recip((x12 - x4)))))),-0.5450668670116863;-5.836859441443504e-2;-0.2508352672346101;-0.8650840608628804;-1.1926918801278592,86,1.0829361149150736e-2,1.0829361149150736e-2,5.556540659499012e-2,0.9566825554033971,0.9566825554033971,-1.8905124510712756,1.0829361149150736e-2,1.0829361149150736e-2,5.556540659499012e-2,259.2926082701077,259.2926082701077,259.33734431555354
