id,Expression,theta,size,MSE_train,MSE_val,MSE_test,R2_train,R2_val,R2_test,nll_train,nll_val,nll_test,mdl_train,mdl_val,mdl_test
0,((Recip((Abs((-1.3679966189385655 / x11)) ^ ((((((Abs(x7) ^ -2.6022049932762417) * x0) + -6.275669055149841) * x0) + x9) * x4))) * (Abs(x22) ^ ((x26 * ((Recip(x24) - x1) - x2)) * (0.2622509006326561 + x27)))) + Recip((Recip((Abs(x0) ^ ((((Abs(x16) ^ x6) + (Abs(x4) ^ (x1 * x7))) * x1) / (x20 + (x0 * x9))))) - (x27 - ((Abs(x16) ^ x28) - (((Abs(x4) ^ x9) / x3) - (Abs((x0 - x3)) ^ (((x8 / x4) * x15) * (-0.4974148655416914 + Recip(x29)))))))))),-1.3679966189385655;-2.6022049932762417;-6.275669055149841;0.2622509006326561;-0.4974148655416914,91,9.031732556596639e-2,9.031732556596639e-2,0.383109354825903,0.6387306977361344,0.6387306977361344,-18.929348638042715,9.031732556596639e-2,9.031732556596639e-2,0.383109354825903,267.2542334433275,267.2542334433275,267.5470254725874
