id,Expression,theta,size,MSE_train,MSE_val,MSE_test,R2_train,R2_val,R2_test,nll_train,nll_val,nll_test,mdl_train,mdl_val,mdl_test
0,(Abs((Recip(Recip((((x25 / (x30 - (8.124050809442444e-2 / x28))) / Recip(x18)) / (((Abs(x11) ^ (x30 - Recip(x10))) - ((((x22 + (Abs((Abs(x23) ^ (Abs(x12) ^ x11))) ^ (x26 + (x25 / x28)))) - (Abs(((0.8552314653100829 + Recip(x2)) + x27)) ^ (((x0 + -0.41110479790683174) * x16) / Recip((Abs(x5) ^ x11))))) / (((((x28 - x15) + x5) + x16) * x20) / x28)) + ((x30 - x1) * ((Abs(-6.690454495956479e-2) ^ x11) + x17)))) - x16)))) * ((Recip((Abs(x2) ^ 2.1160111823941383)) / Recip(x24)) * x9))) ^ x1),8.124050809442444e-2;0.8552314653100829;-0.41110479790683174;-6.690454495956479e-2;2.1160111823941383,96,0.12773421620872394,0.12773421620872394,0.13019661916368722,0.48906313516510425,0.48906313516510425,-5.7728281288947505,0.12773421620872394,0.12773421620872394,0.13019661916368722,290.0295266014515,290.0295266014515,290.03198900440646
