id,Expression,theta,size,MSE_train,MSE_val,MSE_test,R2_train,R2_val,R2_test,nll_train,nll_val,nll_test,mdl_train,mdl_val,mdl_test
0,(Abs((x15 * (-0.4083748903021223 / x9))) ^ Recip((x15 + ((Abs(x1) ^ (x25 + (Recip((Abs((Recip(((Abs(x11) ^ x6) - (Abs(x24) ^ (Abs(x10) ^ x16)))) + (Abs((x15 + (Recip((Abs(x3) ^ x24)) - (Abs(x10) ^ x19)))) ^ (Abs((x15 + (x13 + x27))) ^ x11)))) ^ (((x12 / x29) * x2) / (Recip((x2 + x21)) - (x29 / (x1 / x30)))))) - (Recip(((Abs(x18) ^ x21) - (Abs((Abs(x25) ^ x25)) ^ x18))) + 5.607290858117141)))) + x15)))),-0.4083748903021223;5.607290858117141,88,0.13334834460465092,0.13334834460465092,4.552560947912458,0.4666066215813963,0.4666066215813963,-235.82422051039697,0.13334834460465092,0.13334834460465092,4.552560947912458,244.4905886962158,244.4905886962158,248.90980129952362
