id,Expression,theta,size,MSE_train,MSE_val,MSE_test,R2_train,R2_val,R2_test,nll_train,nll_val,nll_test,mdl_train,mdl_val,mdl_test
0,Recip((x14 + ((x12 + (((Abs(x15) ^ x8) / Recip(((x9 * x1) * x23))) + Recip(x9))) / ((103.6555752896562 / ((((Abs((x19 / (x19 - x15))) ^ (21.02429266801437 + x24)) - (x5 * (Abs(x29) ^ x15))) / ((Abs((x20 / Recip(x22))) ^ x28) - (x2 * x12))) + Recip(x9))) - (((x23 - x24) - ((209.32713344676537 / ((x25 / x12) + Recip((x1 * x21)))) - ((((x15 * x8) / x1) * x23) - x18))) - ((-0.4461432095292933 / x14) - x27)))))),103.6555752896562;21.02429266801437;209.32713344676537;-0.4461432095292933,85,6.917474874291422e-2,6.917474874291422e-2,0.1276954608169646,0.723301005028343,0.723301005028343,-5.642717871698244,6.917474874291422e-2,6.917474874291422e-2,0.1276954608169646,263.974994328483,263.974994328483,264.033515040557
