id,Expression,theta,size,MSE_train,MSE_val,MSE_test,R2_train,R2_val,R2_test,nll_train,nll_val,nll_test,mdl_train,mdl_val,mdl_test
0,(Abs(((((-4.707960461377726 / x2) * (((x30 / x3) * (x16 / x10)) + Recip(x9))) / Recip((Abs(x19) ^ (x10 * 23.5877947565122)))) * (((x2 - x8) * x12) * Recip(x9)))) ^ x10),-4.707960461377726;23.5877947565122,34,7.987503703604554e-2,7.987503703604554e-2,1.4504886065454492,0.6804998518558178,0.6804998518558178,-74.45441731249139,7.987503703604554e-2,7.987503703604554e-2,1.4504886065454492,88.80271414870904,88.80271414870904,90.17332771821845
