id,Expression,theta,size,MSE_train,MSE_val,MSE_test,R2_train,R2_val,R2_test,nll_train,nll_val,nll_test,mdl_train,mdl_val,mdl_test
0,(((x10 - (1.458291146961846 - x18)) + (((-1.0204764627433727 * (x5 / x4)) / (Abs(((((-0.6672226092567255 * x23) * x18) / (0.194111357867018 + x0)) + (x9 / x27))) ^ x2)) / (Abs(((((x9 / (x4 + (x27 / (Abs(((((0.5598400871089125 / x27) / (Abs(x7) ^ x12)) + (Abs(-0.8149129341344092) ^ x10)) + x21)) ^ -0.6195280120161168)))) / x25) + (Abs(-0.9844805120376326) ^ x10)) + 0.7178163591838757)) ^ 0.5149482470674418))) + (((((x9 / x27) * 2.243098251190562) + (Abs(-3.125888424744294) ^ x2)) * x27) + ((Recip(((Abs(x10) ^ (8.162598260845066 * x28)) + (Abs(0.7875231390411872) ^ (x5 / x4)))) + -3.4005595321147395e-3) + x27))),1.458291146961846;-1.0204764627433727;-0.6672226092567255;0.194111357867018;0.5598400871089125;-0.8149129341344092;-0.6195280120161168;-0.9844805120376326;0.7178163591838757;0.5149482470674418;2.243098251190562;-3.125888424744294;8.162598260845066;0.7875231390411872;-3.4005595321147395e-3,97,3.406429960298987e-2,3.406429960298987e-2,1573858.4812545201,0.8637428015880405,0.8637428015880405,-8.1872117194857e7,3.406429960298987e-2,3.406429960298987e-2,1573858.4812545201,267.95203881926426,267.95203881926426,1574126.39922904
