id,Expression,theta,size,MSE_train,MSE_val,MSE_test,R2_train,R2_val,R2_test,nll_train,nll_val,nll_test,mdl_train,mdl_val,mdl_test
0,(Abs(x1) ^ ((x24 / (Abs((Recip(x26) - (Abs(Recip((x8 - (Abs(x8) ^ x8)))) ^ (x26 * x30)))) ^ ((-11.594461528008377 - (x1 * x26)) / Recip(((Abs(x4) ^ x15) - (x9 * -4.633200252731844)))))) * ((x8 - (Abs(x8) ^ x8)) * -3.281818111200417e-2))),-11.594461528008377;-4.633200252731844;-3.281818111200417e-2,46,3.532283476504538e-6,3.532283476504538e-6,Infinity,0.999985870866094,0.999985870866094,-Infinity,3.532283476504538e-6,3.532283476504538e-6,Infinity,105.56229671689381,105.56229671689381,Infinity
