id,Expression,theta,size,MSE_train,MSE_val,MSE_test,R2_train,R2_val,R2_test,nll_train,nll_val,nll_test,mdl_train,mdl_val,mdl_test
0,(((Abs(x5) ^ x10) + -0.7488398001854765) + Recip(((Recip(x18) * x12) * (Abs(((((Abs(((Abs((Abs(Recip((x19 - x18))) ^ (Abs(((Recip((Abs(-0.3713360668584841) ^ x28)) * x14) * (((Abs((x13 - Recip((0.16357491704749155 * x14)))) ^ ((x17 - (Abs((x2 / x20)) ^ x17)) + x1)) - x12) / x7))) ^ (x30 * 2.2864834613356697)))) ^ x4) + x25)) ^ (Abs(((Recip(x18) * x19) / (x14 * -3.3413973746878187))) ^ x22)) + x1) * x14) / x26)) ^ (x30 * 5.718686747212553))))),-0.7488398001854765;-0.3713360668584841;0.16357491704749155;2.2864834613356697;-3.3413973746878187;5.718686747212553,83,6.257912820311279e-2,6.257912820311279e-2,0.10189496542512351,0.7496834871875488,0.7496834871875488,-4.300576101414722,6.257912820311279e-2,6.257912820311279e-2,0.10189496542512351,235.04051434358175,235.04051434358175,235.07983018080375
