id,Expression,theta,size,MSE_train,MSE_val,MSE_test,R2_train,R2_val,R2_test,nll_train,nll_val,nll_test,mdl_train,mdl_val,mdl_test
0,((Abs(x16) ^ (x6 / x1)) - (-1.0209450616854132 * ((((Abs(x13) ^ ((Abs((Abs((Abs((x7 - x18)) ^ x8)) ^ 0.1293906079540324)) ^ ((x9 - x14) * x11)) * x6)) * 0.7605761247729773) / (Abs(((((x26 + (x30 + x16)) * (x17 / (x13 / x1))) + -0.9259879728149927) + (x21 / (x25 * x23)))) ^ x1)) * (0.7966568221118382 * ((((Abs((Abs(x2) ^ 0.3220378205762991)) ^ x24) * -1.7634762925177925) / (Abs((((x17 * (x25 * (x10 * x13))) + 3.0518921487656253e-2) + (x21 / (Abs(x2) ^ (x1 + 0.17543211239294607))))) ^ x6)) * (x10 * (x10 / x16))))))),-1.0209450616854132;0.1293906079540324;0.7605761247729773;-0.9259879728149927;0.7966568221118382;0.3220378205762991;-1.7634762925177925;3.0518921487656253e-2;0.17543211239294607,95,0.10499079566240783,0.10499079566240783,8.387783577356316,0.5800368173503687,0.5800368173503687,-435.332501694059,0.10499079566240783,0.10499079566240783,8.387783577356316,273.70943590945944,273.70943590945944,281.9922286911534
