id,Expression,theta,size,MSE_train,MSE_val,MSE_test,R2_train,R2_val,R2_test,nll_train,nll_val,nll_test,mdl_train,mdl_val,mdl_test
0,(Abs((((x1 + x30) - ((x12 * x15) / ((Abs(((Abs((x28 + x29)) ^ (x10 - x12)) + x21)) ^ x16) - ((((Recip(x9) + (x17 + (Abs((Abs((Abs(((x3 - (x25 / (x9 - ((((x28 / x4) + x10) + x12) - x22)))) * -0.3209330680637255)) ^ (Abs((Abs(x29) ^ (x26 * x25))) ^ ((Abs(Recip((x15 - x10))) ^ x12) * x15)))) ^ (Abs(x16) ^ x30))) ^ (1.5620061281220656 * x25)))) + x10) + Recip(Recip(x1))) - x22)))) * -1.1804370201442682e-2)) ^ (Abs((Abs((Abs(((x18 - (x23 * x13)) - (x7 - x29))) ^ x15)) ^ (273.2402628780214 * x25))) ^ ((Abs(x13) ^ x30) * x15))),-0.3209330680637255;1.5620061281220656;-1.1804370201442682e-2;273.2402628780214,111,7.597731773574927e-2,7.597731773574927e-2,9.226780665983117e-2,0.6960907290570029,0.6960907290570029,-3.7997713024442348,7.597731773574927e-2,7.597731773574927e-2,9.226780665983117e-2,319.77215332015567,319.77215332015567,319.78844380907975
