id,Expression,theta,size,MSE_train,MSE_val,MSE_test,R2_train,R2_val,R2_test,nll_train,nll_val,nll_test,mdl_train,mdl_val,mdl_test
0,(((Abs(134.32995318764168) ^ x6) + -1.4721725785918642) + ((x6 / (x6 * Recip((x27 - (((Abs((Abs(x16) ^ (Recip((Abs((x9 + x17)) ^ x19)) / ((Abs(((Abs(((((x21 * (x3 / (Abs(x16) ^ ((Abs(x6) ^ x6) + 0.7211621754671089)))) / (Recip(x0) * x16)) / Recip(x21)) * x20)) ^ (((x13 * x5) - x2) + x23)) / x0)) ^ x4) + x30)))) ^ Recip(x0)) / (Recip(x0) * Recip(x21))) / Recip(x0)))))) * Recip(((Abs(x16) ^ (x15 + 1.5306916548424419)) / x24)))),134.32995318764168;-1.4721725785918642;0.7211621754671089;1.5306916548424419,87,6.891193975208369e-2,6.891193975208369e-2,9.326714967586493e-2,0.7243522409916652,0.7243522409916652,-3.851757126138308,6.891193975208369e-2,6.891193975208369e-2,9.326714967586493e-2,251.1412262794717,251.1412262794717,251.1655814893955
