id,Expression,theta,size,MSE_train,MSE_val,MSE_test,R2_train,R2_val,R2_test,nll_train,nll_val,nll_test,mdl_train,mdl_val,mdl_test
0,(Abs(((Abs((x2 / (((Abs((((x2 / (x28 + (Abs(x21) ^ x28))) * x18) + x11)) ^ x7) + ((Abs(x12) ^ x7) - x21)) + x4))) ^ (x3 / x7)) / ((x29 + ((Abs(x12) ^ 29.902796042377858) - x21)) + Recip((((Recip((x28 + x28)) - (Recip((x18 * x21)) / x2)) * (Abs((x30 * (x26 + -3.479528320461779))) ^ Recip(x21))) + ((x30 * x0) * 114.56181379365768)))))) ^ (x29 / x1)),29.902796042377858;-3.479528320461779;114.56181379365768,74,7.251695804940675e-2,7.251695804940675e-2,8.522011999612042,0.709932167802373,0.709932167802373,-442.31506421980146,7.251695804940675e-2,7.251695804940675e-2,8.522011999612042,204.05552028551875,204.05552028551875,212.50501532708137
