id,Expression,theta,size,MSE_train,MSE_val,MSE_test,R2_train,R2_val,R2_test,nll_train,nll_val,nll_test,mdl_train,mdl_val,mdl_test
0,(Abs(((Abs(-6.721269933598211e-3) ^ x21) - (x15 * (x7 / x1)))) ^ (((4.014179738892635e-2 - x8) + x29) - (((((Abs((Abs(x2) ^ (x26 / (x29 - x27)))) ^ 1.7355871818429593) / Recip((Abs(x25) ^ -4.2072212342726285))) - Recip((Recip(((x15 - (Abs((-0.864945976853326 / (Abs(x25) ^ 0.8085536529841815))) ^ (Abs(Recip(x29)) ^ (x24 + x0)))) - (x16 * -0.8069026906176876))) - (((Abs(((x14 - x10) - x8)) ^ x24) - x8) + x29)))) + ((Recip(x18) + -0.2385990076833173) * ((Abs((x9 / x17)) ^ 7.232749150263926) / x0))) * Recip(((x29 - Recip(((Abs((x19 * x1)) ^ x19) * x22))) - x17))))),-6.721269933598211e-3;4.014179738892635e-2;1.7355871818429593;-4.2072212342726285;-0.864945976853326;0.8085536529841815;-0.8069026906176876;-0.2385990076833173;7.232749150263926,101,5.455111092331885e-2,5.455111092331885e-2,9.592117359619909e-2,0.7817955563067246,0.7817955563067246,-3.9898194504740854,5.455111092331885e-2,5.455111092331885e-2,9.592117359619909e-2,296.67986905131295,296.67986905131295,296.7212391139858
