id,Expression,theta,size,MSE_train,MSE_val,MSE_test,R2_train,R2_val,R2_test,nll_train,nll_val,nll_test,mdl_train,mdl_val,mdl_test
0,Recip((((Recip((((x22 * ((Abs(((x1 / x10) * x15)) ^ ((x9 / x15) + (x22 + x27))) + x26)) / (Abs(Recip((x24 / x16))) ^ (x21 / x15))) * 45.5289876752111)) * (Abs((Abs((Recip((Abs(x9) ^ x6)) - x23)) ^ (x15 / (x26 / x9)))) ^ x18)) - Recip((((x5 * -12.99935592726743) / (Abs(x4) ^ x27)) / (x27 * x5)))) + (Abs(Recip((Abs(x12) ^ (x27 * x13)))) ^ -12.91681162944628))),45.5289876752111;-12.99935592726743;-12.91681162944628,75,6.540765777146243e-2,6.540765777146243e-2,0.19612923085618406,0.7383693689141503,0.7383693689141503,-9.202642589138305,6.540765777146243e-2,6.540765777146243e-2,0.19612923085618406,212.99501429108383,212.99501429108383,213.12573586416855
