id,Expression,theta,size,MSE_train,MSE_val,MSE_test,R2_train,R2_val,R2_test,nll_train,nll_val,nll_test,mdl_train,mdl_val,mdl_test
0,(Abs(Recip(x2)) ^ (x2 - (Abs((((Abs(x1) ^ -1.5956274464814317) * x21) + (x22 * (Abs(Recip(x27)) ^ ((x26 + (73.0186008722874 * x26)) - (Abs(x2) ^ ((0.7267236708447689 * (Abs(x21) ^ x0)) - ((x5 / x7) * -62.42313420680619)))))))) ^ x2))),-1.5956274464814317;73.0186008722874;0.7267236708447689;-62.42313420680619,43,5.620517918609536e-3,5.620517918609536e-3,Infinity,0.9775179283255618,0.9775179283255618,-Infinity,5.620517918609536e-3,5.620517918609536e-3,Infinity,102.59140324079051,102.59140324079051,Infinity
