id,Expression,theta,size,MSE_train,MSE_val,MSE_test,R2_train,R2_val,R2_test,nll_train,nll_val,nll_test,mdl_train,mdl_val,mdl_test
0,(Abs(Recip(((Abs((Recip((Abs((Abs(x3) ^ (x20 * (385.06174236365797 - x29)))) ^ x7)) - x10)) ^ ((x14 + x11) + x24)) + ((x9 / x30) + (Abs(((Abs(((Abs(x29) ^ x26) / (Recip(x30) - x10))) ^ ((Abs(x15) ^ x18) - x11)) * x21)) ^ x3))))) ^ ((Recip(Recip(Recip(Recip((((x1 * ((x16 * x9) + ((Abs((Abs((x29 - ((Abs((Recip(x30) - x28)) ^ (Abs(x26) ^ x30)) + 34.997992169920984))) ^ (30.967484947504346 - x28))) ^ x24) - x14))) + x4) + ((531.4702235186976 + x4) + x29)))))) + x29) * (Recip(Recip((x3 * x9))) * (x3 - (x3 / Recip(x24)))))),385.06174236365797;34.997992169920984;30.967484947504346;531.4702235186976,108,5.3715710511480316e-2,5.3715710511480316e-2,6.88711692064221e-2,0.7851371579540787,0.7851371579540787,-2.5826782221179405,5.3715710511480316e-2,5.3715710511480316e-2,6.88711692064221e-2,309.0657948978587,309.0657948978587,309.08095035655367
