id,Expression,theta,size,MSE_train,MSE_val,MSE_test,R2_train,R2_val,R2_test,nll_train,nll_val,nll_test,mdl_train,mdl_val,mdl_test
0,(Abs(x0) ^ (x13 / (Abs(Recip(x9)) ^ (-8.460365870944564 - Recip((Recip((x6 + x21)) / ((-54.161434407180295 - (((((x16 + (x13 * x13)) / x9) / (Abs(Recip(x9)) ^ (-2.162825460711295 - Recip((Recip((x6 + x21)) / ((-3.7460769247550423 - ((((Recip((x14 / (x13 * ((x9 * x15) - x22)))) / ((Recip((((x8 + (x19 / x27)) * x1) / Recip(x26))) / x10) / x22)) + 0.8770440512856483) * (-0.8569841037852081 * (x19 + x21))) * x5)) * (Abs(x0) ^ x15))))))) * (-6.949993538842049 * (x16 + x21))) * x5)) * (Abs(x0) ^ x25)))))))),-8.460365870944564;-54.161434407180295;-2.162825460711295;-3.7460769247550423;0.8770440512856483;-0.8569841037852081;-6.949993538842049,95,1.911176663225293e-3,1.911176663225293e-3,0.12285062558727639,0.9923552933470988,0.9923552933470988,-5.390689543049874,1.911176663225293e-3,1.911176663225293e-3,0.12285062558727639,286.0267559079783,286.0267559079783,286.1476953569024
