id,Expression,theta,size,MSE_train,MSE_val,MSE_test,R2_train,R2_val,R2_test,nll_train,nll_val,nll_test,mdl_train,mdl_val,mdl_test
0,(Abs(x22) ^ ((Abs((Abs((-0.6754419636337806 - (x24 - ((x6 / (x22 * x0)) * 0.9852314815347455)))) ^ Recip((Abs(x4) ^ x1)))) ^ (Abs(x1) ^ -0.3530881128760716)) * ((x2 - (x18 - (x9 + x7))) / (Abs(Recip(((Abs(x9) ^ 0.6630566599516616) * (x24 - ((((x0 - x5) - x0) / x22) * -1.1472896685840173))))) ^ (Abs(Recip((x13 + ((x27 / Recip(x20)) * x5)))) ^ ((Abs(((x21 + (Abs(x4) ^ x22)) / ((x27 - (Abs(x16) ^ x0)) - x0))) ^ (x24 * Recip(x20))) - (((x0 + 1.1721663475487885) * (Abs(x16) ^ x10)) + 0.3284555052782182))))))),-0.6754419636337806;0.9852314815347455;-0.3530881128760716;0.6630566599516616;-1.1472896685840173;1.1721663475487885;0.3284555052782182,98,7.657078064132179e-2,7.657078064132179e-2,25.324650017693735,0.6937168774347129,0.6937168774347129,-1316.388293920378,7.657078064132179e-2,7.657078064132179e-2,25.324650017693735,273.3892001905646,273.3892001905646,298.63727942761705
