id,Expression,theta,size,MSE_train,MSE_val,MSE_test,R2_train,R2_val,R2_test,nll_train,nll_val,nll_test,mdl_train,mdl_val,mdl_test
0,(x24 + Recip(((Abs(((Recip((x23 * (x23 + x6))) / ((Recip((Recip((x4 * (x16 + (x5 + x25)))) + x11)) / x5) + (Abs(((Abs(x24) ^ (Abs(-34.33811440789395) ^ (((Abs(x11) ^ x24) + x15) * x13))) / (x28 / x3))) ^ (((Abs(x11) ^ -5.102624312701194e-2) + x15) - (x4 / x19))))) + ((x16 * x17) + ((x7 + (Recip((Abs((x0 + x9)) ^ x18)) * x28)) / Recip((x11 * x24)))))) ^ x16) / x29))),-34.33811440789395;-5.102624312701194e-2,80,6.689580623797081e-2,6.689580623797081e-2,7.386808010283391e-2,0.7324167750481168,0.7324167750481168,-2.8426175269492737,6.689580623797081e-2,6.689580623797081e-2,7.386808010283391e-2,237.90794308180617,237.90794308180617,237.91491535567104
