id,Expression,theta,size,MSE_train,MSE_val,MSE_test,R2_train,R2_val,R2_test,nll_train,nll_val,nll_test,mdl_train,mdl_val,mdl_test
0,((Abs((Abs(x30) ^ x10)) ^ (((Abs((x10 * (x5 - x30))) ^ (x30 / x19)) + (Abs((x1 / (((Abs((x13 - (Abs(x30) ^ x10))) ^ x7) - x24) * (Abs((x9 - (Abs((Abs(x30) ^ (x19 * x9))) ^ (0.1233662145205219 + (Abs((Abs((x1 + (x28 * (x5 - x30)))) ^ ((((Abs(x1) ^ x8) / x17) / ((x19 * x7) * (Abs(x16) ^ x11))) - x22))) ^ x6))))) ^ 17.192521613663477)))) ^ ((Abs(x30) ^ x10) / x4))) + (x15 + (x21 - x12)))) - x9),0.1233662145205219;17.192521613663477,91,7.592401507038489e-2,7.592401507038489e-2,0.11469550223221195,0.6963039397184605,0.6963039397184605,-4.966460026119438,7.592401507038489e-2,7.592401507038489e-2,0.11469550223221195,250.94935744272453,250.94935744272453,250.98812892988636
