id,Expression,theta,size,MSE_train,MSE_val,MSE_test,R2_train,R2_val,R2_test,nll_train,nll_val,nll_test,mdl_train,mdl_val,mdl_test
0,(Abs((x23 * (((x3 + x29) - x8) - (Recip((Recip(((Abs((x25 * x13)) ^ Recip(x23)) / ((x26 + (x4 / x9)) + ((x17 * x1) - x14)))) - (Abs(((x29 - (x2 + (x16 - x14))) * ((-18.45144381979159 * x14) - (x14 + x28)))) ^ x16))) + x14)))) ^ ((x20 + ((x20 + x5) / (x6 / x29))) / (x6 / x17))),-18.45144381979159,65,6.452929378211762e-2,6.452929378211762e-2,3.2886706451618484e97,0.7418828248715295,0.7418828248715295,-1.7107664696131281e99,6.452929378211762e-2,6.452929378211762e-2,3.2886706451618484e97,199.63483043561055,199.63483043561055,3.2886706451618484e97
