id,Expression,theta,size,MSE_train,MSE_val,MSE_test,R2_train,R2_val,R2_test,nll_train,nll_val,nll_test,mdl_train,mdl_val,mdl_test
0,((Recip(((Recip(((x0 - x21) / Recip(((x23 - x24) - x4)))) * (Recip((x26 - x9)) + x8)) + Recip(Recip(Recip(Recip((x21 / Recip(x1)))))))) + (Abs(x27) ^ ((((((((265.2445961947788 + (x21 + x10)) + x4) * x21) * x16) + (2279.24792319207 * x16)) * x10) * x21) * x16))) * 1.423456578610583),265.2445961947788;2279.24792319207;1.423456578610583,55,1.9289409784946775e-2,1.9289409784946775e-2,4.35220068643256e-2,0.9228423608602129,0.9228423608602129,-1.2640147970821314,1.9289409784946775e-2,1.9289409784946775e-2,4.35220068643256e-2,159.01899428477273,159.01899428477273,159.0432268818521
