id,Expression,theta,size,MSE_train,MSE_val,MSE_test,R2_train,R2_val,R2_test,nll_train,nll_val,nll_test,mdl_train,mdl_val,mdl_test
0,((Abs(Recip((Abs(((Abs(Recip(((Abs(((x2 / ((x4 * Recip(x24)) / Recip(x6))) * (Abs(x7) ^ x24))) ^ ((x6 * x4) / (Abs(x3) ^ x29))) + Recip((((x3 + x20) + (Abs(Recip(x6)) ^ x23)) + ((Abs((x2 + x0)) ^ x16) - (x21 - x24))))))) ^ ((x17 + 1.9845931848643177) * ((((((x17 + 1.652924799794942) / x9) + (Abs(x7) ^ x9)) / Recip(x6)) * Recip(x24)) / Recip(x6)))) - x25)) ^ x13))) ^ ((x17 + 116.24832982496963) * ((((((x3 * x23) - (x1 + Recip(x22))) + (Abs(x22) ^ x10)) / Recip(x6)) * x28) / Recip(x6)))) - x25),1.9845931848643177;1.652924799794942;116.24832982496963,107,6.566295630895552e-2,6.566295630895552e-2,2.8677294278963363e76,0.7373481747641779,0.7373481747641779,-1.4917928483916172e78,6.566295630895552e-2,6.566295630895552e-2,2.8677294278963363e76,319.7618389587289,319.7618389587289,2.8677294278963363e76
