id,Expression,theta,size,MSE_train,MSE_val,MSE_test,R2_train,R2_val,R2_test,nll_train,nll_val,nll_test,mdl_train,mdl_val,mdl_test
0,(((1.582410824495211e-2 + ((x26 - (Abs(x15) ^ x23)) / (Recip(((((0.45231506950874095 + (x20 / (((x24 / (Abs(x10) ^ ((((x22 * x12) - x18) + 0.19348137800445214) - x22))) - (Abs(x0) ^ x23)) + 0.32804827609645154))) / x3) * x3) - x26)) * (((Recip((x9 / x17)) * x9) - (Abs((Abs(x18) ^ x6)) ^ (x8 - x19))) - x13)))) / x3) * x6),1.582410824495211e-2;0.45231506950874095;0.19348137800445214;0.32804827609645154,64,6.444383228779554e-2,6.444383228779554e-2,3.118834419360851,0.7422246708488178,0.7422246708488178,-161.24176649514527,6.444383228779554e-2,6.444383228779554e-2,3.118834419360851,187.5696198228166,187.5696198228166,190.62401040988965
