id,Expression,theta,size,MSE_train,MSE_val,MSE_test,R2_train,R2_val,R2_test,nll_train,nll_val,nll_test,mdl_train,mdl_val,mdl_test
0,((Abs(5.397034586485884) ^ (Abs(x27) ^ (Abs(((((x8 - x28) * ((0.7862632180334178 - (((x19 * x22) / (x16 - (x24 - x13))) * x22)) - x30)) * 0.9878276011160623) * x0)) ^ (x0 - (Recip((x19 * x11)) * ((x6 + (Abs((Abs(x21) ^ x15)) ^ (Abs(x28) ^ x13))) * (((((((Abs(((x7 + (x30 / x19)) - x21)) ^ x18) - x11) * (x21 + -0.4612301927258569)) * ((1.9153639598700476 - x3) - ((Abs(x9) ^ x15) + x0))) * -0.4138901961500221) - x6) - (Recip(((Abs(Recip(x22)) ^ -0.8810028858904954) / x12)) * ((((x8 - x28) * ((5.20287657959281e-2 - x3) + -6.569058327686007e-2)) * x9) * x30))))))))) * x15),5.397034586485884;0.7862632180334178;0.9878276011160623;-0.4612301927258569;1.9153639598700476;-0.4138901961500221;-0.8810028858904954;5.20287657959281e-2;-6.569058327686007e-2,107,3.4053825007977066e-2,3.4053825007977066e-2,7.578748767518469e-2,0.8637846999680917,0.8637846999680917,-2.942465108862957,3.4053825007977066e-2,3.4053825007977066e-2,7.578748767518469e-2,319.3275145511132,319.3275145511132,319.36924821378045
