id,Expression,theta,size,MSE_train,MSE_val,MSE_test,R2_train,R2_val,R2_test,nll_train,nll_val,nll_test,mdl_train,mdl_val,mdl_test
0,((Abs((x21 - (x4 * x17))) ^ (Recip((x13 * (Abs(((x26 + (Abs((Abs(6.304835546541493e-5) ^ x20)) ^ x26)) * (((x29 + (0.8219018718545298 + x29)) - x7) + -0.5413430360143675))) ^ Recip(((x24 / x13) * (x13 + x25)))))) / ((((Recip(x24) + x26) + x15) * (Abs((Abs(x12) ^ Recip(x13))) ^ ((((Abs(x5) ^ x17) * x15) - (Recip(Recip(((-0.10251990198607776 + x29) - (Abs(x25) ^ x28)))) + (x11 + x9))) + x9))) + (Abs((Abs(x0) ^ x20)) ^ x26)))) - x20),6.304835546541493e-5;0.8219018718545298;-0.5413430360143675;-0.10251990198607776,87,2.8077748292360604e-2,2.8077748292360604e-2,Infinity,0.8876890068305576,0.8876890068305576,-Infinity,2.8077748292360604e-2,2.8077748292360604e-2,Infinity,244.7382226850842,244.7382226850842,Infinity
