id,Expression,theta,size,MSE_train,MSE_val,MSE_test,R2_train,R2_val,R2_test,nll_train,nll_val,nll_test,mdl_train,mdl_val,mdl_test
0,(Abs((Recip(((Recip((x2 - x12)) - x15) + ((x6 / x14) + ((x14 + x0) * x28)))) - (((x17 - x27) - x27) + (x6 * ((x29 / x21) * x14))))) ^ ((Abs((Abs(x10) ^ (Abs(x21) ^ (((((x15 + x20) + x17) * x28) / x30) - ((((-5.024422583250451 - x29) - x24) + x4) * x27))))) ^ ((22.866036305428427 + (x18 + ((((x17 - x27) - x27) + (x6 * (((-0.42594118680293097 - ((Abs((x14 * x4)) ^ x3) * Recip((Abs(x12) ^ x12)))) - x12) * x12))) + ((x14 + -56.86046214472575) * x28)))) + Recip((Abs(x12) ^ x12)))) / x0)),-5.024422583250451;22.866036305428427;-0.42594118680293097;-56.86046214472575,104,1.115887309753927e-2,1.115887309753927e-2,3.519123626483492e14,0.9553645076098429,0.9553645076098429,-1.8306481104966428e16,1.115887309753927e-2,1.115887309753927e-2,3.519123626483492e14,312.242113885313,312.242113885313,3.5191236264866144e14
