id,Expression,theta,size,MSE_train,MSE_val,MSE_test,R2_train,R2_val,R2_test,nll_train,nll_val,nll_test,mdl_train,mdl_val,mdl_test
0,(Abs((Recip((x19 - x17)) / (((Abs((Abs(x9) ^ x30)) ^ -95.05325569381678) / (((Recip(x29) + Recip((x22 - x17))) + Recip((x19 + 3.206445566002946))) + (x14 * (Abs(((x23 + x21) / (Abs((((x23 + x21) / x9) / ((x17 - Recip(x30)) + (x4 * (((x3 - x9) * ((x23 + x21) / Recip((x23 + x21)))) - x21))))) ^ x18))) ^ x21)))) / Recip((x19 - x17))))) ^ x21),-95.05325569381678;3.206445566002946,73,0.11866684193395816,0.11866684193395816,Infinity,0.5253326322641674,0.5253326322641674,-Infinity,0.11866684193395816,0.11866684193395816,Infinity,200.3405174252519,200.3405174252519,Infinity
