id,Expression,theta,size,MSE_train,MSE_val,MSE_test,R2_train,R2_val,R2_test,nll_train,nll_val,nll_test,mdl_train,mdl_val,mdl_test
0,((((Abs(Recip((x13 + (Abs(x16) ^ x3)))) ^ (x13 * Recip(x0))) - Recip((((((x20 - x12) - (x29 + x10)) - (Abs(x23) ^ (Abs((x19 + x13)) ^ 4.302204680993132))) / Recip(((x24 / x18) / x4))) - x25))) - Recip((x9 + (Recip(((x17 - x23) + x3)) / (Abs(x9) ^ (x18 + x3)))))) - ((((x19 - (x27 + x10)) + ((Abs(x10) ^ x15) - x20)) - x13) / (((Abs((x22 + ((x5 / x8) / x11))) ^ x3) * ((x4 / x6) - (x24 * x24))) - (((Abs(x3) ^ x21) + x20) / (x19 - x18))))),4.302204680993132,103,0.14805437171857402,0.14805437171857402,0.742614188448993,0.4077825131257039,0.4077825131257039,-37.63079008311514,0.14805437171857402,0.14805437171857402,0.742614188448993,326.37683879780747,326.37683879780747,326.9713986145379
