id,Expression,theta,size,MSE_train,MSE_val,MSE_test,R2_train,R2_val,R2_test,nll_train,nll_val,nll_test,mdl_train,mdl_val,mdl_test
0,(((x7 + ((((x12 + x26) - x3) + (-8.53732780112465 * x21)) - (x10 + x8))) + (((x0 * x23) - x22) - (((x6 * -6.871225709979074) + (Abs(Recip((x10 * ((x30 + (((x6 * -57.95963124789524) + (Abs(x10) ^ x29)) + -726.8871483853143)) * -2174.3921334077527)))) ^ x29)) + -0.981624471325978))) + x23),-8.53732780112465;-6.871225709979074;-57.95963124789524;-726.8871483853143;-2174.3921334077527;-0.981624471325978,50,8.9465638739396e-2,8.9465638739396e-2,0.21260534010518295,0.642137445042416,0.642137445042416,-10.059729792271195,8.9465638739396e-2,8.9465638739396e-2,0.21260534010518295,141.42253663872853,141.42253663872853,141.5456763400943
