id,Expression,theta,size,MSE_train,MSE_val,MSE_test,R2_train,R2_val,R2_test,nll_train,nll_val,nll_test,mdl_train,mdl_val,mdl_test
0,(Abs(((Abs(x13) ^ (x21 + -0.8886267247342866)) * x12)) ^ ((x10 * (x25 * (x17 + (Abs((((x21 + 0.14902849814556213) / Recip(Recip((((Abs(((x13 - (x6 * (Recip((Abs((x19 * x28)) ^ x5)) + -1.5648100471563589))) / Recip(Recip(x21)))) ^ (Abs(((x13 * (Abs(x27) ^ x9)) / (((Abs((((x29 - x13) / (x21 - x0)) * x19)) ^ (Abs((x0 + (x14 + x5))) ^ x9)) / x25) - (x27 * x8)))) ^ ((x23 / x11) - x1))) * x9) + x24)))) - x13)) ^ ((x29 - x13) / (x21 - x0)))))) + (x14 - x9))),-0.8886267247342866;0.14902849814556213;-1.5648100471563589,99,0.11047324511027963,0.11047324511027963,0.2288443052473393,0.5581070195588815,0.5581070195588815,-10.904480758966136,0.11047324511027963,0.11047324511027963,0.2288443052473393,296.73579118549986,296.73579118549986,296.8541622456369
