id,Expression,theta,size,MSE_train,MSE_val,MSE_test,R2_train,R2_val,R2_test,nll_train,nll_val,nll_test,mdl_train,mdl_val,mdl_test
0,(Recip(Recip((Abs(((x2 - x14) + -10.653025129864314)) ^ x15))) * Recip((((((Abs((Abs(x2) ^ x12)) ^ (((x15 - Recip((Abs(x1) ^ ((x7 * x24) * (Abs(x21) ^ x17))))) * ((-119.22430988890017 - x3) * x9)) + (Abs((x30 * (x30 - x7))) ^ Recip((x2 * x4))))) / x16) / x21) + Recip((Abs(x1) ^ ((x24 * ((((Abs(x28) ^ x29) + (x30 - x7)) * x21) - (Abs((Abs(x1) ^ x23)) ^ x8))) * (20.342579701104853 - x3))))) + Recip((Abs(x1) ^ x1))))),-10.653025129864314;-119.22430988890017;20.342579701104853,89,4.303554555774659e-2,4.303554555774659e-2,0.10435800133750965,0.8278578177690137,0.8278578177690137,-4.428703229577045,4.303554555774659e-2,4.303554555774659e-2,0.10435800133750965,251.1153498852774,251.1153498852774,251.17667234105716
