id,Expression,theta,size,MSE_train,MSE_val,MSE_test,R2_train,R2_val,R2_test,nll_train,nll_val,nll_test,mdl_train,mdl_val,mdl_test
0,Recip((Abs((Abs((x23 * (Abs(x18) ^ x27))) ^ (x13 + -12.585105441331873))) ^ ((((((Abs((((x30 / x25) * x28) * (x10 * (x13 + 3.341959750711743)))) ^ (x10 * (x10 * (x13 + -6.610120567426068)))) * x6) + (Abs((((x30 / x25) * x28) * (x4 * ((Abs(x23) ^ (x13 + -1.5355333819904122)) - ((Recip((x18 / x12)) + Recip(x30)) / ((x3 - x25) - (Abs(x7) ^ x10))))))) ^ (Abs(24.0039814716531) ^ x25))) * x6) / x1) / Recip(x30)))),-12.585105441331873;3.341959750711743;-6.610120567426068;-1.5355333819904122;24.0039814716531,81,4.658504822124309e-2,4.658504822124309e-2,1005452.3077445636,0.8136598071150276,0.8136598071150276,-5.23036280488702e7,4.658504822124309e-2,4.658504822124309e-2,1005452.3077445636,222.29672300203111,222.29672300203111,1005674.5578825173
