id,Expression,theta,size,MSE_train,MSE_val,MSE_test,R2_train,R2_val,R2_test,nll_train,nll_val,nll_test,mdl_train,mdl_val,mdl_test
0,(Abs(x22) ^ (((x6 * x2) + 0.2845453605072703) / (Abs((x27 - x25)) ^ (x1 / x26)))),0.2845453605072703,17,8.888497791445753e-2,8.888497791445753e-2,0.2723821366123304,0.6444600883421698,0.6444600883421698,-13.169318746572888,8.888497791445753e-2,8.888497791445753e-2,0.2723821366123304,38.56312533983751,38.56312533983751,38.74662249853538
