id,Expression,theta,size,MSE_train,MSE_val,MSE_test,R2_train,R2_val,R2_test,nll_train,nll_val,nll_test,mdl_train,mdl_val,mdl_test
0,((Abs(((13.178963193931924 * ((x3 + x3) * x21)) + -0.17538023405950784)) ^ ((Abs(x7) ^ x23) * (Abs(((x3 + x3) - (x7 - x5))) ^ x7))) + Recip((Recip((((Abs(((((x30 + 1.9653313843254538) - x1) - Recip((((Abs(x7) ^ x23) - x2) + Recip(((x30 + -4.593487959909627) - (x0 * x25)))))) + ((x1 * x7) * ((x4 - x30) - Recip((x21 - (Abs((x4 - (Abs(x7) ^ x7))) ^ (x19 - (x6 + x8))))))))) ^ x15) * x7) / Recip((x3 + x3)))) * (Abs(x7) ^ (x21 - (x26 / (x0 / x4))))))),13.178963193931924;-0.17538023405950784;1.9653313843254538;-4.593487959909627,97,4.9209788993960474e-2,4.9209788993960474e-2,0.7265464447724166,0.8031608440241581,0.8031608440241581,-36.79494605705967,4.9209788993960474e-2,4.9209788993960474e-2,0.7265464447724166,279.1081950066883,279.1081950066883,279.7855316624667
