id,Expression,theta,size,MSE_train,MSE_val,MSE_test,R2_train,R2_val,R2_test,nll_train,nll_val,nll_test,mdl_train,mdl_val,mdl_test
0,((Abs((Abs(((-1.1662733415420181 * x16) + 0.9164649476895133)) ^ (Abs(Recip(((Abs(x8) ^ x26) * -0.6222604507825669))) ^ x15))) ^ (((Recip((x13 / x12)) / ((x25 + x25) / (Abs(-7.653607598694785e-4) ^ x8))) + (((x10 * x11) + x10) * (Abs(1.4124996942879287) ^ (Abs(x26) ^ x19)))) * Recip(x1))) * ((Abs(((x28 - x29) * ((((x29 / x16) * (x8 * x28)) * x25) + ((0.838047158586437 - x1) - ((x17 * -0.9352837373717526) - x19))))) ^ ((x28 - (x13 / x12)) * ((((x28 - x29) * -0.6214816399885974) * x25) + ((-0.7270208952412271 - x1) - x28)))) + ((x28 - x29) * 14.2977734024995))),-1.1662733415420181;0.9164649476895133;-0.6222604507825669;-7.653607598694785e-4;1.4124996942879287;0.838047158586437;-0.9352837373717526;-0.6214816399885974;-0.7270208952412271;14.2977734024995,100,6.845327819375636e-2,6.845327819375636e-2,9.076570013928356e-2,0.7261868872249746,0.7261868872249746,-3.72163172124535,6.845327819375636e-2,6.845327819375636e-2,9.076570013928356e-2,280.1645175487487,280.1645175487487,280.1868299706942
