id,Expression,theta,size,MSE_train,MSE_val,MSE_test,R2_train,R2_val,R2_test,nll_train,nll_val,nll_test,mdl_train,mdl_val,mdl_test
0,Recip(((Abs(((x8 - Recip(x24)) - x15)) ^ (Abs(x30) ^ (x22 / x23))) + ((Recip((((Abs(x2) ^ (((x25 + x21) * 2.3387322740211656) / x27)) / x9) * Recip(x16))) / (Abs((Recip(x28) * ((x25 + (((Abs((Abs((x18 * -0.628630174492622)) ^ x30)) ^ (x10 + (x3 + (x10 + x16)))) * (Abs((Abs((x21 * x0)) ^ x26)) ^ (Abs(x2) ^ x25))) * Recip(Recip(x10)))) / (x10 + x16)))) ^ x1)) / (Abs(((x23 * 2.1188430093224073) / x27)) ^ ((x7 / x15) / x23))))),2.3387322740211656;-0.628630174492622;2.1188430093224073,90,3.830353520474854e-2,3.830353520474854e-2,0.11056845658494362,0.8467858591810058,0.8467858591810058,-4.751771111548548,3.830353520474854e-2,3.830353520474854e-2,0.11056845658494362,263.7052528155511,263.7052528155511,263.77751773693126
