id,Expression,theta,size,MSE_train,MSE_val,MSE_test,R2_train,R2_val,R2_test,nll_train,nll_val,nll_test,mdl_train,mdl_val,mdl_test
0,(((x9 - (Abs(Recip((Abs((Abs((2.698087397434306 * x15)) ^ (x30 + (Abs(x4) ^ (x1 * -1.2992066208506439))))) ^ x30))) ^ ((x25 * (5.260745982016848 * (Abs(x1) ^ x20))) + ((x5 - (-0.19436361396671653 * x7)) * 6.619144240325428)))) + 3.902375193190626) * x2),2.698087397434306;-1.2992066208506439;5.260745982016848;-0.19436361396671653;6.619144240325428;3.902375193190626,41,0.12924028164986565,0.12924028164986565,1.9365466988389004e95,0.4830388734005374,0.4830388734005374,-1.0073915927359575e97,0.12924028164986565,0.12924028164986565,1.9365466988389004e95,99.942434282282,99.942434282282,1.9365466988389004e95
