id,Expression,theta,size,MSE_train,MSE_val,MSE_test,R2_train,R2_val,R2_test,nll_train,nll_val,nll_test,mdl_train,mdl_val,mdl_test
0,((Abs((2.4225051387338032 * x22)) ^ ((x21 + (Abs(x7) ^ 1.219522340346737)) * (Abs(x12) ^ ((x3 * ((Abs(x18) ^ -1.5647161218731782) * ((x5 * x14) + (-0.2067049719444492 / (x7 + x15))))) + x13)))) * (0.1637677585014991 + (Abs(x7) ^ x27))),2.4225051387338032;1.219522340346737;-1.5647161218731782;-0.2067049719444492;0.1637677585014991,40,1.002917105960033e-2,1.002917105960033e-2,Infinity,0.9598833157615987,0.9598833157615987,-Infinity,1.002917105960033e-2,1.002917105960033e-2,Infinity,97.05063444945193,97.05063444945193,Infinity
