id,Expression,theta,size,MSE_train,MSE_val,MSE_test,R2_train,R2_val,R2_test,nll_train,nll_val,nll_test,mdl_train,mdl_val,mdl_test
0,((((Abs(-0.25228706272151613) ^ x13) - (x6 * x5)) / (((-0.9875596551105151 / x23) * (Abs((x17 / (x22 - x9))) ^ x9)) - (x6 * x5))) - ((((Abs(x15) ^ x17) / ((x4 * x29) - Recip((Abs(-6.281412284889914e-5) ^ x27)))) * (8.445370451792904e-2 / x15)) * (Abs((x24 / ((((Abs((Abs(x15) ^ x17)) ^ Recip((x22 * (x22 / x9)))) + x5) * x1) * (x26 + x7)))) ^ x9))),-0.25228706272151613;-0.9875596551105151;-6.281412284889914e-5;8.445370451792904e-2,70,0.11104777140548908,0.11104777140548908,0.15762828352326952,0.5558089143780437,0.5558089143780437,-7.199823308880168,0.11104777140548908,0.11104777140548908,0.15762828352326952,194.8467223329794,194.8467223329794,194.8933028450972
