id,Expression,theta,size,MSE_train,MSE_val,MSE_test,R2_train,R2_val,R2_test,nll_train,nll_val,nll_test,mdl_train,mdl_val,mdl_test
0,(Abs(-0.7201681819971243) ^ (Recip(x15) + ((Abs((x22 + x10)) ^ (((((Abs((((x5 * x29) + Recip((x28 * (Abs(((Abs((x22 + x10)) ^ Recip(((x27 * x19) / x2))) + -3.820570126015673)) ^ x10)))) / x28)) ^ (Abs(x9) ^ (x27 * (Abs(x3) ^ (x15 - x18))))) + -0.4983437409089951) - (((x21 / Recip(x28)) * x15) / ((Recip(x15) + x28) * (Abs((x19 / (Recip((x22 * (Abs(x9) ^ (x26 / x24)))) + (x2 + 0.838065764865341)))) ^ (x26 / x24))))) * x22) / x28)) + -5.856516707756))),-0.7201681819971243;-3.820570126015673;-0.4983437409089951;0.838065764865341;-5.856516707756,90,6.348947592882045e-2,6.348947592882045e-2,0.13231890603305924,0.7460420962847182,0.7460420962847182,-5.8832294918394785,6.348947592882045e-2,6.348947592882045e-2,0.13231890603305924,250.43792819795243,250.43792819795243,250.50675762805665
