id,Expression,theta,size,MSE_train,MSE_val,MSE_test,R2_train,R2_val,R2_test,nll_train,nll_val,nll_test,mdl_train,mdl_val,mdl_test
0,Recip(Recip(((9.130275745326635e-2 / (x0 / (Abs(0.30384418865308344) ^ x17))) + -0.7127672258108467))),9.130275745326635e-2;0.30384418865308344;-0.7127672258108467,12,9.8730178723372e-2,9.8730178723372e-2,0.13992822849141573,0.605079285106512,0.605079285106512,-6.279066446123169,9.8730178723372e-2,9.8730178723372e-2,0.13992822849141573,21.503741818331818,21.503741818331818,21.544939868099863
