id,Expression,theta,size,MSE_train,MSE_val,MSE_test,R2_train,R2_val,R2_test,nll_train,nll_val,nll_test,mdl_train,mdl_val,mdl_test
0,(Abs((x5 * x0)) ^ ((Abs(((Abs(x2) ^ x7) * (Abs((Abs(x8) ^ (x5 * (x0 * ((x0 - x10) * -429.6219902264346))))) ^ x10))) ^ (Abs((x13 - ((Abs(Recip(x22)) ^ ((x5 * (x0 * ((x7 * 211.32306793341306) * ((Abs(x2) ^ x7) * (Abs((Abs(x8) ^ (x5 * (x0 * ((x10 / (Recip(Recip((x7 - x6))) + (Abs(x11) ^ x5))) * -184.3729691073225))))) ^ x10))))) * x19)) + x11))) ^ x10)) * (x0 * ((x10 / ((Abs((x0 / (x0 + x26))) ^ Recip(Recip((x10 * x0)))) + (Abs(x11) ^ x5))) * 391.7097059732309)))),-429.6219902264346;211.32306793341306;-184.3729691073225;391.7097059732309,101,9.383840298769446e-3,9.383840298769446e-3,6.893225645781641e-2,0.9624646388049222,0.9624646388049222,-2.585855980935473,9.383840298769446e-3,9.383840298769446e-3,6.893225645781641e-2,259.1200140069455,259.1200140069455,259.1795624231045
