id,Expression,theta,size,MSE_train,MSE_val,MSE_test,R2_train,R2_val,R2_test,nll_train,nll_val,nll_test,mdl_train,mdl_val,mdl_test
0,(((Abs((Abs(x20) ^ ((Abs(((x26 * x17) * ((Abs(((x26 * x17) * (((Recip(x25) + ((Abs(x18) ^ (x28 - x24)) - x7)) + x12) * (Abs((x26 * (x7 - x3))) ^ x17)))) ^ x0) + x22))) ^ x0) + x22))) ^ (x6 + x10)) - ((Abs(x17) ^ (Abs((Abs((x26 * x17)) ^ ((x22 + ((Recip(Recip((Recip(x18) + x11))) + x6) - x3)) * (((x26 + x6) - (x6 + x10)) / ((x10 + x4) / (x4 - (x25 / x11))))))) ^ (x23 * (Abs(x17) ^ (-2.8115905910628793 * x20))))) * -0.9079590568060487)) + -0.48937415760773517),-2.8115905910628793;-0.9079590568060487;-0.48937415760773517,101,4.816556947299864e-2,4.816556947299864e-2,1.1083498284293978,0.8073377221080055,0.8073377221080055,-56.65635807489507,4.816556947299864e-2,4.816556947299864e-2,1.1083498284293978,289.25106413113605,289.25106413113605,290.3112483900925
