id,Expression,theta,size,MSE_train,MSE_val,MSE_test,R2_train,R2_val,R2_test,nll_train,nll_val,nll_test,mdl_train,mdl_val,mdl_test
0,((Abs(x21) ^ (x18 - x24)) / ((Abs(((Abs(-24.329293864628962) ^ x15) - x5)) ^ 320.4544618521626) + ((Abs((Abs(Recip(((Abs(((x11 / ((x0 * x17) + ((x12 * x18) - (x0 * x17)))) + ((-3.1178300966555867 - x12) + (Recip(Recip(Recip(Recip((((x0 - x14) * (Abs(x20) ^ (x25 + x29))) - x6))))) * x28)))) ^ x24) + (x12 - x20)))) ^ (Abs((x9 / ((x15 - x14) * (Abs((x7 * x30)) ^ ((x3 - x11) + (Abs(x25) ^ x16)))))) ^ (x4 - x16)))) ^ ((((x12 + -3.4937351872447846) * x5) * (x0 + x6)) * (Abs(x20) ^ x23))) + (x0 + (x18 - x24))))),-24.329293864628962;320.4544618521626;-3.1178300966555867;-3.4937351872447846,109,7.805163822186362e-3,7.805163822186362e-3,1.903279935160469e-2,0.9687793447112546,0.9687793447112546,9.913777729561923e-3,7.805163822186362e-3,7.805163822186362e-3,1.903279935160469e-2,330.00279650249666,330.00279650249666,330.01402413802606
