id,Expression,theta,size,MSE_train,MSE_val,MSE_test,R2_train,R2_val,R2_test,nll_train,nll_val,nll_test,mdl_train,mdl_val,mdl_test
0,(((x14 * (((Abs((((x29 / x26) + x8) * x13)) ^ x19) * x12) / Recip(x30))) / (x20 / x7)) + (Abs((x7 / (Recip(x30) - (x18 * x23)))) ^ (Abs(x11) ^ (0.4869992653294662 - (((((42.0540980382557 - x5) / Recip((Abs(x14) ^ (x23 + Recip((Abs(x14) ^ -10.887579261433682)))))) - (Recip(x28) / x4)) + x5) * x7))))),0.4869992653294662;42.0540980382557;-10.887579261433682,61,4.389171459983033e-2,4.389171459983033e-2,0.1517189792834812,0.8244331416006787,0.8244331416006787,-6.89242130232639,4.389171459983033e-2,4.389171459983033e-2,0.1517189792834812,175.6315678066322,175.6315678066322,175.73939507131587
