id,Expression,theta,size,MSE_train,MSE_val,MSE_test,R2_train,R2_val,R2_test,nll_train,nll_val,nll_test,mdl_train,mdl_val,mdl_test
0,(Abs((Abs(x0) ^ x0)) ^ ((Abs(((Abs(x19) ^ -1.2552832379933963) * x3)) ^ (Abs(x21) ^ -1.227311038861629)) + (Abs(((Abs((((Abs(x19) ^ x11) / Recip(((Recip((Abs(x0) ^ x0)) * (Recip((Abs(x0) ^ x0)) * -0.18791029092611689)) * x2))) / ((x17 - x0) + (x21 * x11)))) ^ 0.7236267105459127) + x14)) ^ (-0.49833578795120287 * ((Abs(((x0 / Recip((Abs(0.6269931884858259) ^ Recip((Recip(((x21 * x14) + (x30 * x20))) * (Recip(x5) / x16)))))) / ((Abs(x19) ^ x20) * x3))) ^ x20) / (x30 + (x2 * x14))))))),-1.2552832379933963;-1.227311038861629;-0.18791029092611689;0.7236267105459127;-0.49833578795120287;0.6269931884858259,93,0.10568715803392567,0.10568715803392567,0.226252252252622,0.5772513678642973,0.5772513678642973,-10.769642162180947,0.10568715803392567,0.10568715803392567,0.226252252252622,235.66080549134915,235.66080549134915,235.78137058556786
