id,Expression,theta,size,MSE_train,MSE_val,MSE_test,R2_train,R2_val,R2_test,nll_train,nll_val,nll_test,mdl_train,mdl_val,mdl_test
0,Recip(((Abs(((x11 / (Abs(x8) ^ ((((((Abs(x21) ^ (((((x2 / (Abs(((x26 - x12) * x26)) ^ x6)) * 89.58119864511885) * ((x30 / x16) - x13)) - x9) + x14)) * x0) * (((Abs((Abs(x3) ^ (Abs((Abs(x21) ^ (x1 + x14))) ^ ((x26 / (Abs(Recip(Recip(x9))) ^ x5)) * 19.49926915479103)))) ^ x18) + x20) / (x30 + Recip((Abs(((x9 / x20) - x4)) ^ x30))))) - ((((Abs(x5) ^ x10) / x11) * 0.9785681148171814) * (x26 - (((x2 / x11) * -2.212341226363706) * (x26 - x13))))) / x24) - x0))) + x8)) ^ x30) - ((x26 - x28) - x9))),89.58119864511885;19.49926915479103;0.9785681148171814;-2.212341226363706,108,9.205070713659094e-2,9.205070713659094e-2,5.703277914414848,0.6317971714536362,0.6317971714536362,-295.68451710784905,9.205070713659094e-2,9.205070713659094e-2,5.703277914414848,326.71974621582456,326.71974621582456,332.3309734231028
