id,Expression,theta,size,MSE_train,MSE_val,MSE_test,R2_train,R2_val,R2_test,nll_train,nll_val,nll_test,mdl_train,mdl_val,mdl_test
0,((x3 + Recip((-16.44556977585589 - x26))) * ((Abs(Recip((Abs(((x11 / x2) / x6)) ^ ((x4 * x7) / x19)))) ^ x22) + ((Abs(x27) ^ (Abs((Abs(x18) ^ (((x18 + x22) + x23) / ((Abs(-3.121464359214397) ^ ((((x29 * -2.5306794865351865) + x22) * (x7 / x19)) + ((Abs(x27) ^ x9) / Recip((-2.1209453746315865 - x26))))) + ((Abs(x24) ^ (Abs(x26) ^ (x3 + x12))) / (Recip(x5) + ((Abs(x22) ^ x19) / Recip((x12 + (((x2 + x22) + x7) / ((x11 + (x5 + x7)) - x6))))))))))) ^ x7)) / Recip((9.424446023310209 - x26))))),-16.44556977585589;-3.121464359214397;-2.5306794865351865;-2.1209453746315865;9.424446023310209,101,3.4458048657858315e-2,3.4458048657858315e-2,4.4679461081548896e-2,0.8621678053685667,0.8621678053685667,-1.324225565462085,3.4458048657858315e-2,3.4458048657858315e-2,4.4679461081548896e-2,289.23735661032094,289.23735661032094,289.2475780227446
