id,Expression,theta,size,MSE_train,MSE_val,MSE_test,R2_train,R2_val,R2_test,nll_train,nll_val,nll_test,mdl_train,mdl_val,mdl_test
0,(Abs((Abs(Recip(((x27 + (((0.845481964733114 + x22) + Recip((x30 - (x4 + -0.9932397443079104)))) + x13)) + Recip(((Abs((x7 - x10)) ^ 1.5168687966028545) + x7))))) ^ (-3.580768098845859 + x20))) ^ ((((Abs(x28) ^ x6) - x30) + Recip(Recip((x27 - x7)))) + (((Abs((Abs((((Abs((Recip(x16) * x2)) ^ x13) * x28) + -0.6037089723418365)) ^ x16)) ^ Recip(((Recip((Abs(x18) ^ Recip(x4))) + x25) + ((((x19 * x9) / (Abs(x8) ^ Recip(x21))) - x4) + (x17 + x17))))) - (x4 + x8)) - (x4 + 1.688076309289318)))),0.845481964733114;-0.9932397443079104;1.5168687966028545;-3.580768098845859;-0.6037089723418365;1.688076309289318,94,0.11470228590544701,0.11470228590544701,0.14229282688320088,0.541190856378212,0.541190856378212,-6.402072854463826,0.11470228590544701,0.11470228590544701,0.14229282688320088,277.0529080177314,277.0529080177314,277.08049855870917
