id,Expression,theta,size,MSE_train,MSE_val,MSE_test,R2_train,R2_val,R2_test,nll_train,nll_val,nll_test,mdl_train,mdl_val,mdl_test
0,Recip(((Abs((Recip(Recip(((x16 * (x0 + -8.766823517854876e-2)) * ((x12 / x21) + x12)))) / x11)) ^ (((Abs(x6) ^ -1.1948750112897117) / Recip(((((Abs(x6) ^ x12) * x16) + -0.18890430772786473) / ((Abs(((x27 - x2) + (x22 / x21))) ^ (x6 + ((Recip((Recip(x9) + (x6 - (0.3103424160174561 + ((0.253316845944405 + ((((x5 / x26) * -8.481383997891388e-2) + x19) + -0.942249641701355)) / x29))))) / x7) - x29))) + x16)))) * Recip(((x12 / x22) * (x28 + x6))))) + ((x16 * (0.959729374412091 + (x14 / x21))) + x12))),-8.766823517854876e-2;-1.1948750112897117;-0.18890430772786473;0.3103424160174561;0.253316845944405;-8.481383997891388e-2;-0.942249641701355;0.959729374412091,90,0.11885141681877276,0.11885141681877276,0.18950429997043586,0.524594332724909,0.524594332724909,-8.858013684461698,0.11885141681877276,0.11885141681877276,0.18950429997043586,273.4314808267421,273.4314808267421,273.50213370989377
