id,Expression,theta,size,MSE_train,MSE_val,MSE_test,R2_train,R2_val,R2_test,nll_train,nll_val,nll_test,mdl_train,mdl_val,mdl_test
0,(Recip(Recip(Recip((x3 - Recip(Recip((x24 / (x12 * x21)))))))) - Recip((((x29 * (x17 / Recip(Recip((Abs(x13) ^ (x4 / (Recip((Abs(((Abs(x4) ^ x1) / (Recip((Abs(x13) ^ x23)) * -5.750961958530606e-2))) ^ x23)) * -2.4551472530266284e-2))))))) - Recip(Recip(((Abs(x20) ^ x1) / (x12 * x21))))) * (x1 / (x0 * 39.46178269428245))))),-5.750961958530606e-2;-2.4551472530266284e-2;39.46178269428245,60,6.1837081980316524e-2,6.1837081980316524e-2,21.37301708581035,0.752651672078734,0.752651672078734,-1110.824348803812,6.1837081980316524e-2,6.1837081980316524e-2,21.37301708581035,159.03228376626936,159.03228376626936,180.3434637700994
