id,Expression,theta,size,MSE_train,MSE_val,MSE_test,R2_train,R2_val,R2_test,nll_train,nll_val,nll_test,mdl_train,mdl_val,mdl_test
0,((x4 + Recip(((Recip(((Abs(x11) ^ Recip(((Abs((x6 + x11)) ^ (Abs((x26 / (Abs(Recip((x16 + x6))) ^ ((x27 + -1.3341852399725027) / x11)))) ^ (x6 + x11))) / (Abs(((x7 * (x13 + -0.9135311805760171)) + x27)) ^ ((x11 + x15) * (x8 + (x11 + x15))))))) / (Abs((x26 / (x11 + x15))) ^ ((x15 + x10) * (x25 + (Abs(x18) ^ (x0 * x13))))))) + (Abs(x23) ^ (x0 * ((x26 * (x13 + 0.13445098800851824)) + x2)))) + x0))) + (x21 * -1.4331374397091685)),-1.3341852399725027;-0.9135311805760171;0.13445098800851824;-1.4331374397091685,89,5.118236663901003e-2,5.118236663901003e-2,9.238068723225662e-2,0.7952705334439598,0.7952705334439598,-3.805643349821806,5.118236663901003e-2,5.118236663901003e-2,9.238068723225662e-2,254.02621385690014,254.02621385690014,254.0674121774934
