id,Expression,theta,size,MSE_train,MSE_val,MSE_test,R2_train,R2_val,R2_test,nll_train,nll_val,nll_test,mdl_train,mdl_val,mdl_test
0,((Abs(Recip(Recip(((x25 + x23) * ((Abs((x24 + x30)) ^ (((Abs(x12) ^ x5) * ((((x27 * x5) + x15) * x5) + x16)) + x16)) - (x20 + (x3 / x17))))))) ^ ((Abs((1.0256926125329586 + ((x16 / x12) + x27))) ^ ((Abs(x26) ^ 0.22455589924612746) + x17)) + -1.4606696521427462)) + -7.93991725536614e-2),1.0256926125329586;0.22455589924612746;-1.4606696521427462;-7.93991725536614e-2,54,7.754887458007696e-2,7.754887458007696e-2,228036.30792512945,0.6898045016796921,0.6898045016796921,-1.186244773826478e7,7.754887458007696e-2,7.754887458007696e-2,228036.30792512945,146.86843027872564,146.86843027872564,228183.0988065336
