id,Expression,theta,size,MSE_train,MSE_val,MSE_test,R2_train,R2_val,R2_test,nll_train,nll_val,nll_test,mdl_train,mdl_val,mdl_test
0,(((x11 - x24) - x30) * ((0.8093432766086475 + (1.1058345288845421 + (0.750500322751374 + (((x2 + (x5 * x4)) / (x14 * x15)) * (x22 * (((x24 - x25) - (Recip((Abs(x15) ^ x17)) - x8)) * 0.2509450322117868)))))) + (Recip((Abs((Abs((Abs(x8) ^ (x24 - x10))) ^ (Abs(x19) ^ x27))) ^ ((x9 - (x24 - x11)) + (Abs(x29) ^ Recip(x17))))) - ((Abs((x5 / (x21 - x24))) ^ 0.3272557567849648) + ((x15 + (x27 + x23)) * (Abs((((Abs(x30) ^ Recip((Abs(x15) ^ x17))) + x28) / Recip((1.1702702489240504 - (x10 / x13))))) ^ (x4 + x16))))))),0.8093432766086475;1.1058345288845421;0.750500322751374;0.2509450322117868;0.3272557567849648;1.1702702489240504,102,0.1134363256657219,0.1134363256657219,Infinity,0.5462546973371124,0.5462546973371124,-Infinity,0.1134363256657219,0.1134363256657219,Infinity,309.9046526844213,309.9046526844213,Infinity
