id,Expression,theta,size,MSE_train,MSE_val,MSE_test,R2_train,R2_val,R2_test,nll_train,nll_val,nll_test,mdl_train,mdl_val,mdl_test
0,Recip((((((Abs(x22) ^ (x13 / x8)) + (((Abs(-18.562590274890944) ^ x25) - x27) + Recip(x24))) + (((((x0 * x7) + -5.086922412685821) + Recip(x24)) + -5.058850513928737) + (((x14 - x29) * (Abs(x9) ^ Recip(x24))) * (x26 / x25)))) / ((Abs((Abs(Recip((x21 * (x22 - x27)))) ^ (Recip(x19) - ((((Abs((x9 - x29)) ^ x25) + -21.980639880747564) + Recip(x24)) + -21.945127879341452)))) ^ (x22 * x27)) + -5.597228829842439)) + (Abs((Abs(((x9 - x29) * (Abs(x9) ^ x26))) ^ x9)) ^ ((Recip(x22) / ((Abs(x3) ^ x3) / (x5 / ((x14 + -21.072469885292044) * (x30 / x17))))) - x6)))),-18.562590274890944;-5.086922412685821;-5.058850513928737;-21.980639880747564;-21.945127879341452;-5.597228829842439;-21.072469885292044,107,8.861968181532326e-2,8.861968181532326e-2,0.22407098349592322,0.645521272738707,0.645521272738707,-10.656172561457481,8.861968181532326e-2,8.861968181532326e-2,0.22407098349592322,316.12398386989906,316.12398386989906,316.2594351715797
