id,Expression,theta,size,MSE_train,MSE_val,MSE_test,R2_train,R2_val,R2_test,nll_train,nll_val,nll_test,mdl_train,mdl_val,mdl_test
0,(Abs((Abs((Recip((Recip(((Abs(x4) ^ x18) + x1)) - x30)) + Recip((Recip((Abs(x12) ^ x9)) / Recip((Abs(x12) ^ x14)))))) ^ (232.62433850342248 / Recip(((Abs(x30) ^ (Abs(4.337814169762956) ^ ((Recip((x30 + x4)) + x23) * x15))) * x21))))) ^ (((-4.881556977245521 / Recip(x18)) * (x18 / x16)) - (Abs((Recip(((Abs(x30) ^ (Abs(7.000893252161575) ^ (((Abs(x0) ^ -0.8158429775903743) + x19) * x15))) * x21)) + ((Abs(x0) ^ (x13 * x28)) / Recip(((Recip((x6 * x30)) * Recip((Abs(x7) ^ x9))) / x13))))) ^ x14))),232.62433850342248;4.337814169762956;-4.881556977245521;7.000893252161575;-0.8158429775903743,96,3.7252824749405965e-2,3.7252824749405965e-2,4.447049006148789e-2,0.8509887010023761,0.8509887010023761,-1.313354892998512,3.7252824749405965e-2,3.7252824749405965e-2,4.447049006148789e-2,263.8157207436289,263.8157207436289,263.82293840894096
