id,Expression,theta,size,MSE_train,MSE_val,MSE_test,R2_train,R2_val,R2_test,nll_train,nll_val,nll_test,mdl_train,mdl_val,mdl_test
0,(Abs(Recip((Abs(Recip((Recip(((x15 + (x27 + (Abs(x16) ^ x5))) * (((x15 + (x27 + (Abs((x19 + x26)) ^ x5))) * (x9 * x3)) * x3))) * x25))) ^ ((x20 + ((20.931755492521983 * x16) * x25)) - x22)))) ^ ((((x5 * -40.80498134809641) * Recip(((x9 * (x13 + x23)) + ((x28 / x9) - (Recip((((x15 + (x30 + (x5 + x1))) * (x8 * x23)) * x16)) / (Abs(x27) ^ (((Abs(x13) ^ x18) + Recip((x8 / x19))) - ((x1 / x19) * (Abs(x20) ^ x15))))))))) + ((x22 * -18.067299841448826) * ((21.599001315444326 * x16) * x25))) - x22)),20.931755492521983;-40.80498134809641;-18.067299841448826;21.599001315444326,106,6.013087517716231e-2,6.013087517716231e-2,2.6319819250463133e63,0.7594764992913507,0.7594764992913507,-1.36915699740904e65,6.013087517716231e-2,6.013087517716231e-2,2.6319819250463133e63,318.728837537129,318.728837537129,2.6319819250463133e63
