id,Expression,theta,size,MSE_train,MSE_val,MSE_test,R2_train,R2_val,R2_test,nll_train,nll_val,nll_test,mdl_train,mdl_val,mdl_test
0,((((1.847751305814315 - (Abs(((0.5813910479664012 + ((Recip((Recip((x21 * x6)) / (x7 * (x21 * x6)))) + (x17 - x0)) + Recip(((0.43658042380032913 - (Abs(Recip(((0.30512391883934803 - (Abs(Recip(Recip((Recip(x16) / Recip(x3))))) ^ -1.060801749496136)) * (Recip((Recip((x21 * x6)) / (x7 * x15))) + (x17 - x0))))) ^ x29)) * (x17 - x0))))) * x5)) ^ x23)) * ((x7 * x15) + (x17 - x0))) * ((-0.5646733237643408 + (Recip(x15) + x12)) * x5)) + Recip((Recip(Recip((Abs(x9) ^ x5))) / (x10 * x15)))),1.847751305814315;0.5813910479664012;0.43658042380032913;0.30512391883934803;-1.060801749496136;-0.5646733237643408,91,3.783968811538456e-2,3.783968811538456e-2,0.3729135224484292,0.8486412475384617,0.8486412475384617,-18.398961437766545,3.783968811538456e-2,3.783968811538456e-2,0.3729135224484292,264.9112917700532,264.9112917700532,265.2463656043862
