id,Expression,theta,size,MSE_train,MSE_val,MSE_test,R2_train,R2_val,R2_test,nll_train,nll_val,nll_test,mdl_train,mdl_val,mdl_test
0,(Abs(((x27 * (Recip((((x22 + (x17 / x20)) * Recip((((x22 + (x17 / x20)) * x19) * (Abs(x14) ^ -2.9715408561963215)))) * (Abs((((x27 - (x18 * x10)) / x20) - x1)) ^ -0.7762619098662643))) / ((Abs(Recip(((Abs((Recip(Recip((Abs(((x27 - (x16 * x10)) * x14)) ^ x26))) / (x10 / x23))) ^ (((x23 - x17) - x18) * x2)) * (((x15 - (x0 + x28)) / (x6 * (Abs(x27) ^ x6))) * ((x7 + Recip(x30)) / Recip((x25 + (x4 * x3)))))))) ^ (-0.6917069570332559 / x3)) + (x18 * (Abs(x22) ^ x28))))) * x18)) ^ x3),-2.9715408561963215;-0.7762619098662643;-0.6917069570332559,104,7.85792638146804e-2,7.85792638146804e-2,5.8537568250463794e-2,0.6856829447412784,0.6856829447412784,-2.04512430038901,7.85792638146804e-2,7.85792638146804e-2,5.8537568250463794e-2,323.3389789425162,323.3389789425162,323.318937246952
