id,Expression,theta,size,MSE_train,MSE_val,MSE_test,R2_train,R2_val,R2_test,nll_train,nll_val,nll_test,mdl_train,mdl_val,mdl_test
0,Recip(((Abs(((Abs(Recip((Recip(x10) * (-1.1559417170168136 + ((x22 / (x23 - (x28 - x26))) - Recip(x21)))))) ^ x9) + (x10 + x27))) ^ (x9 + (x10 / Recip((Abs(x23) ^ (x25 * ((((x3 - ((x3 - x21) - (x13 - x17))) - (x13 - (x23 - x9))) - (x15 + Recip(((Abs(x25) ^ (x7 / x2)) + Recip(Recip(x28)))))) * (Abs((-0.6008666833001584 * x14)) ^ x2)))))))) + Recip((Abs((0.19216332786744242 / x26)) ^ -37.088885528651005)))),-1.1559417170168136;-0.6008666833001584;0.19216332786744242;-37.088885528651005,80,4.239702909160817e-2,4.239702909160817e-2,79.34474216105914,0.8304118836335673,0.8304118836335673,-4126.51348721814,4.239702909160817e-2,4.239702909160817e-2,79.34474216105914,232.0689690078487,232.0689690078487,311.37131413981626
