id,Expression,theta,size,MSE_train,MSE_val,MSE_test,R2_train,R2_val,R2_test,nll_train,nll_val,nll_test,mdl_train,mdl_val,mdl_test
0,(((x6 / Recip((Recip(((x25 / Recip((Abs(Recip(Recip(x11))) ^ (x21 / Recip((Recip(x4) * -1.57333034996014)))))) + (x14 + x3))) * -1.4745251380324358))) - x23) * (-0.7521795215550756 / x14)),-1.57333034996014;-1.4745251380324358;-0.7521795215550756,31,7.399269560681711e-2,7.399269560681711e-2,0.15268807072928675,0.7040292175727316,0.7040292175727316,-6.9428334393371935,7.399269560681711e-2,7.399269560681711e-2,0.15268807072928675,81.31549872867312,81.31549872867312,81.39419410379558
