id,Expression,theta,size,MSE_train,MSE_val,MSE_test,R2_train,R2_val,R2_test,nll_train,nll_val,nll_test,mdl_train,mdl_val,mdl_test
0,(Abs(x5) ^ (Recip(Recip((x25 * x21))) / (((Abs((Abs(x12) ^ x15)) ^ ((21.404782624572846 - ((-88.20525734824834 + (Recip((x25 * x3)) - (((Abs(x12) ^ x15) + (Recip(x24) + x30)) * x10))) * x10)) - (Abs(x27) ^ x12))) * (Abs(x2) ^ x25)) * ((Abs(x20) ^ ((Abs(x12) ^ x15) * x1)) - x5)))),21.404782624572846;-88.20525734824834,59,5.7498568579477854e-2,5.7498568579477854e-2,Infinity,0.7700057256820886,0.7700057256820886,-Infinity,5.7498568579477854e-2,5.7498568579477854e-2,Infinity,152.83984451983304,152.83984451983304,Infinity
