id,Expression,theta,size,MSE_train,MSE_val,MSE_test,R2_train,R2_val,R2_test,nll_train,nll_val,nll_test,mdl_train,mdl_val,mdl_test
0,Recip(((Abs(((-1.1996557793676756 * x9) + x21)) ^ (x18 - ((14.432645560904177 + (Abs((((x23 - ((x20 - x18) / x20)) * 1.744958425525678) + (Abs(((((x16 * x23) - (Abs((((-0.9233052163735966 * x14) + x21) * (-0.3590023115188319 * x9))) ^ x29)) - ((((Abs((Abs(x13) ^ x12)) ^ x12) * x28) * x23) - Recip(x18))) + x14)) ^ Recip((Recip(((x26 * x21) - (Abs(x23) ^ 1.1948165055635775))) + x26))))) ^ x27)) / ((Recip(x15) + (Abs((Abs(x16) ^ ((x24 + 1.4408315586346587) * (Abs(x21) ^ x5)))) ^ x21)) * (x17 / x6))))) + (Abs((x20 - x18)) ^ (x5 + (x23 / x8))))),-1.1996557793676756;14.432645560904177;1.744958425525678;-0.9233052163735966;-0.3590023115188319;1.1948165055635775;1.4408315586346587,105,7.992600467025525e-2,7.992600467025525e-2,2.3353731074555925e37,0.6802959813189791,0.6802959813189791,-1.2148610904983529e39,7.992600467025525e-2,7.992600467025525e-2,2.3353731074555925e37,306.3410005786896,306.3410005786896,2.3353731074555925e37
