id,Expression,theta,size,MSE_train,MSE_val,MSE_test,R2_train,R2_val,R2_test,nll_train,nll_val,nll_test,mdl_train,mdl_val,mdl_test
0,Recip(((x2 - (x19 - (Abs(x15) ^ ((((Abs((Recip((x2 / Recip(x2))) - x0)) ^ (x24 / (Abs(((Abs(x7) ^ x7) - x20)) ^ x13))) - ((((x3 * 16.849816579313508) + 60.20544679289925) * x15) - Recip((313.2900032127832 - ((x3 * x21) - (Abs((x26 * ((Abs(x9) ^ (54.71254243400855 / (x27 / (x2 / Recip(x2))))) - x3))) ^ (9.183160999749768 / (((Abs(x19) ^ 14.606067617517397) * x15) - x15)))))))) * (x27 * (Abs((-465.4039321018585 / x27)) ^ x21))) * x25)))) - (x15 - (Abs(x17) ^ ((x3 * -875.4276239758917) * (x12 - ((x2 / Recip(x2)) * 4.026127100372614))))))),16.849816579313508;60.20544679289925;313.2900032127832;54.71254243400855;9.183160999749768;14.606067617517397;-465.4039321018585;-875.4276239758917;4.026127100372614,100,9.06676015650886e-2,9.06676015650886e-2,177.77261480743783,0.6373295937396456,0.6373295937396456,-9246.731422282564,9.06676015650886e-2,9.06676015650886e-2,177.77261480743783,285.42064125111773,285.42064125111773,463.1025884569905
