id,Expression,theta,size,MSE_train,MSE_val,MSE_test,R2_train,R2_val,R2_test,nll_train,nll_val,nll_test,mdl_train,mdl_val,mdl_test
0,(((Abs(x25) ^ x11) * ((Abs((((Abs((x5 * -3.300783822269122)) ^ x8) * Recip(Recip(((x7 * (Abs(Recip((10.966263736675852 - x23))) ^ x25)) * (x7 + x9))))) * x17)) ^ x17) * Recip(Recip(((x17 * (Abs((((Abs(x27) ^ x25) / Recip(((Abs(x21) ^ x8) / (x26 * x14)))) / ((x1 + x27) + x9))) ^ x25)) * ((x1 + x27) + x9)))))) * 16.219450520377357),-3.300783822269122;10.966263736675852;16.219450520377357,68,9.198108958201766e-2,9.198108958201766e-2,0.22593425279539667,0.6320756416719293,0.6320756416719293,-10.753099830416087,9.198108958201766e-2,9.198108958201766e-2,0.22593425279539667,182.83164977637546,182.83164977637546,182.96560293958882
