id,Expression,theta,size,MSE_train,MSE_val,MSE_test,R2_train,R2_val,R2_test,nll_train,nll_val,nll_test,mdl_train,mdl_val,mdl_test
0,((Abs(x4) ^ (Abs(-5.3081840890559825e-2) ^ x11)) - (Recip(((x19 + x19) + (Abs(x1) ^ ((x19 - (Recip((Abs((x22 + ((((Abs(x5) ^ (x30 / x10)) / Recip(x5)) * (Abs(((x12 / x23) + x11)) ^ Recip((Abs(((Abs(x21) ^ x19) + x9)) ^ (x4 * x18))))) / Recip((Abs(x21) ^ (x25 / x11)))))) ^ (-0.3218620362712871 * (x2 + -0.6775023842989188)))) / (Recip((-0.9813066245530278 / x15)) / (x6 * Recip((0.8347695928309521 / x15)))))) - (-1.3946807710045845 / (Abs(0.8630051028754184) ^ x19)))))) / (Recip((Abs((x22 * x25)) ^ x5)) * (Recip((3.5336071083514e-2 / x15)) / x28)))),-5.3081840890559825e-2;-0.3218620362712871;-0.6775023842989188;-0.9813066245530278;0.8347695928309521;-1.3946807710045845;0.8630051028754184;3.5336071083514e-2,99,7.283543967458905e-2,7.283543967458905e-2,0.3356156534911153,0.7086582413016438,0.7086582413016438,-16.45872629460715,7.283543967458905e-2,7.283543967458905e-2,0.3356156534911153,283.3339080280762,283.3339080280762,283.59668824189276
