id,Expression,theta,size,MSE_train,MSE_val,MSE_test,R2_train,R2_val,R2_test,nll_train,nll_val,nll_test,mdl_train,mdl_val,mdl_test
0,Recip((Recip((Abs((x30 / ((x10 * -1.062457054340592e-2) / (x28 / Recip(x30))))) ^ (3.1172760948664004 + ((Recip(Recip((Abs((x30 / (Abs(((Recip(Recip(Recip(Recip(x20)))) * Recip((Abs((x9 * x28)) ^ x0))) + (Recip((Abs((x7 / x8)) ^ x25)) - (Recip(Recip((Abs(x30) ^ x20))) - x25)))) ^ (((Recip(x11) * (x9 * 0.5349767931010826)) - ((x19 + x1) - x14)) + (Abs(((Abs(x17) ^ x13) - (x29 * x19))) ^ (Abs((x6 - x22)) ^ x5)))))) ^ x6))) - x25) + x28)))) + (Abs((x18 / (x14 + x6))) ^ (x10 - x27)))),-1.062457054340592e-2;3.1172760948664004;0.5349767931010826,99,6.433332896150178e-2,6.433332896150178e-2,0.24570711992921673,0.7426666841539928,0.7426666841539928,-11.781684378717365,6.433332896150178e-2,6.433332896150178e-2,0.24570711992921673,296.6305347345546,296.6305347345546,296.8119085255223
