id,Expression,theta,size,MSE_train,MSE_val,MSE_test,R2_train,R2_val,R2_test,nll_train,nll_val,nll_test,mdl_train,mdl_val,mdl_test
0,(((((439.80221978383645 * Recip((Abs(x30) ^ x9))) * x3) * x6) - ((x2 - (x28 / ((((Abs(-49.459784037103084) ^ x27) / ((((((388.4357037063588 * Recip((Abs(x30) ^ x9))) * x3) * x6) * x3) * x27) * x3)) - x22) / (-624.8921082581143 * Recip((Abs((x8 / (x13 / x27))) ^ (-0.495784557132018 * x22))))))) + x13)) * ((Abs(x16) ^ x26) * x30)),439.80221978383645;-49.459784037103084;388.4357037063588;-624.8921082581143;-0.495784557132018,63,5.384325486844432e-2,5.384325486844432e-2,0.10122930848562396,0.7846269805262227,0.7846269805262227,-4.265948627421958,5.384325486844432e-2,5.384325486844432e-2,0.10122930848562396,170.83130404652198,170.83130404652198,170.87869010013915
