id,Expression,theta,size,MSE_train,MSE_val,MSE_test,R2_train,R2_val,R2_test,nll_train,nll_val,nll_test,mdl_train,mdl_val,mdl_test
0,Recip(Recip(Recip((Abs((Recip((Recip((x5 + (Abs(x30) ^ (x21 * -567.9975304495425)))) / (x5 + (((Abs((x22 / x0)) ^ Recip(((Abs((Abs(Recip(Recip((x30 * x8)))) ^ (x9 * (x5 - x1)))) ^ Recip((Abs((x25 - x15)) ^ 93.77668769490519))) / (Abs(((Abs(x24) ^ (Abs(x4) ^ x0)) + (x25 - (x11 + 103.74178869660199)))) ^ ((Abs(x2) ^ x29) / Recip(Recip((Abs(x7) ^ x14)))))))) - (x14 / Recip(x5))) / Recip((Abs(Recip(x17)) ^ -345.5578811686371)))))) / x25)) ^ (x29 * x29))))),-567.9975304495425;93.77668769490519;103.74178869660199;-345.5578811686371,89,3.9631877047521635e-2,3.9631877047521635e-2,NaN,0.8414724918099135,0.8414724918099135,NaN,3.9631877047521635e-2,3.9631877047521635e-2,NaN,247.89307039189896,247.89307039189896,NaN
