id,Expression,theta,size,MSE_train,MSE_val,MSE_test,R2_train,R2_val,R2_test,nll_train,nll_val,nll_test,mdl_train,mdl_val,mdl_test
0,Recip(((Recip((x30 * 11.021610716403798)) - (x0 / Recip(x10))) + ((Abs(Recip((x30 / x12))) ^ -9.544605750917173) * (x16 + (Abs(Recip(x2)) ^ (((((Recip(((Abs((x16 + x1)) ^ (Abs(x0) ^ x14)) - ((Abs((x13 + (Abs((x20 / x14)) ^ (((x30 / x12) / x30) * x16)))) ^ x19) * x27))) + (Abs(((x19 / x14) + (Abs((Abs(x9) ^ (x23 + x27))) ^ (Abs(x9) ^ (Abs(Recip((x30 / x12))) ^ -0.9356571938563132))))) ^ (x21 / x25))) * x0) - x2) * 4.468461525420006) + (Recip(x4) - ((x24 * x21) + 6.321013682828428)))))))),11.021610716403798;-9.544605750917173;-0.9356571938563132;4.468461525420006;6.321013682828428,98,3.9963632590373395e-2,3.9963632590373395e-2,6.931965089961857e-2,0.8401454696385064,0.8401454696385064,-2.60600823979802,3.9963632590373395e-2,3.9963632590373395e-2,6.931965089961857e-2,280.08216039612387,280.08216039612387,280.1115164144331
