id,Expression,theta,size,MSE_train,MSE_val,MSE_test,R2_train,R2_val,R2_test,nll_train,nll_val,nll_test,mdl_train,mdl_val,mdl_test
0,(Abs((((Abs((x0 * x2)) ^ Recip((Abs((Abs(((x26 / x25) / (x9 + ((Abs((x15 + (Abs(x9) ^ x23))) ^ x21) * x17)))) ^ (((x9 + -10.609495823835621) - ((x4 + (Abs(x27) ^ x15)) - (x6 * -0.3027759616105726))) + (x15 + (x1 * (x29 - ((x16 + x9) + x5))))))) ^ x7))) / ((x7 / (x10 + x27)) - ((Abs((x15 + -0.7856434675212206)) ^ x21) * x30))) * x0)) ^ x27),-10.609495823835621;-0.3027759616105726;-0.7856434675212206,74,0.12332936827834301,0.12332936827834301,0.11897775498969802,0.506682526886628,0.506682526886628,-5.1892228145638555,0.12332936827834301,0.12332936827834301,0.11897775498969802,215.15770087769616,215.15770087769616,215.1533492644075
