id,Expression,theta,size,MSE_train,MSE_val,MSE_test,R2_train,R2_val,R2_test,nll_train,nll_val,nll_test,mdl_train,mdl_val,mdl_test
0,((Recip(Recip(x23)) * (((Recip((x17 + x12)) - x28) + (x19 * x20)) - ((x26 + x10) * (x6 - (((x19 * (x10 / x4)) - x4) - ((x4 / x11) * 4.248992321179752)))))) / Recip((((Abs((x24 * (((Abs(x26) ^ x10) - ((x23 + x20) - ((x3 * 15.081210220128272) / x13))) * (((Abs(x26) ^ x10) - ((x23 + x20) - (Recip(Recip(x10)) / x13))) * Recip(Recip(x16)))))) ^ (1.738074267345344 / Recip((Recip(Recip(x1)) - x4)))) + x15) * (((Abs((x19 * x26)) ^ x11) - (x3 * 37.42271429597796)) + 3.8901127372745696)))),4.248992321179752;15.081210220128272;1.738074267345344;37.42271429597796;3.8901127372745696,96,5.8720700309380834e-2,5.8720700309380834e-2,2730.1979181464194,0.7651171987624766,0.7651171987624766,-142023.8957019713,5.8720700309380834e-2,5.8720700309380834e-2,2730.1979181464194,292.4396730923204,292.4396730923204,3022.5788705384302
