id,Expression,theta,size,MSE_train,MSE_val,MSE_test,R2_train,R2_val,R2_test,nll_train,nll_val,nll_test,mdl_train,mdl_val,mdl_test
0,(Recip(((Recip(((x18 + x6) + (x24 * 7.820916364467432))) - ((Abs(x18) ^ Recip(((Recip((x24 * 55.961923859292654)) / x18) - x9))) - (x6 / Recip((x12 + x13))))) + (Abs(((x15 * (x7 / x13)) + ((x18 * ((x28 * x18) + ((x14 * x28) / x11))) / (7.743597003584239 / (Abs((Recip((x15 / (x18 + (x28 * x16)))) / (Abs(-0.2598730958417896) ^ Recip(x0)))) ^ (x25 + (x12 - x5))))))) ^ (x12 - (Abs((x28 * x16)) ^ x15))))) - (x27 / x13)),7.820916364467432;55.961923859292654;7.743597003584239;-0.2598730958417896,85,3.768229789961525e-2,3.768229789961525e-2,7.12305663149463e-2,0.849270808401539,0.849270808401539,-2.7054140597033647,3.768229789961525e-2,3.768229789961525e-2,7.12305663149463e-2,250.87721957223158,250.87721957223158,250.9107678406469
