id,Expression,theta,size,MSE_train,MSE_val,MSE_test,R2_train,R2_val,R2_test,nll_train,nll_val,nll_test,mdl_train,mdl_val,mdl_test
0,Recip((x8 + (Abs(Recip((Abs(x25) ^ Recip(((Abs((((Abs(x28) ^ (x16 * 3.3476792083035387)) / x16) / x18)) ^ (((-9.459979785710624 * x6) * -7.050517886375448) + (x17 - x26))) + (Abs(x28) ^ (x17 * x6))))))) ^ (x18 + ((Abs((Abs((x12 * x6)) ^ x4)) ^ (((Abs(x28) ^ x25) + ((x6 - x8) + x20)) - x29)) / (Abs((((Abs(((x27 / x16) / x9)) ^ ((x5 * -10.370910854784805) + x6)) / x16) / x16)) ^ (-16.852947682078636 / x16))))))),3.3476792083035387;-9.459979785710624;-7.050517886375448;-10.370910854784805;-16.852947682078636,82,1.3304601023714191e-2,1.3304601023714191e-2,200.84421443634483,0.9467815959051432,0.9467815959051432,-10446.91603497826,1.3304601023714191e-2,1.3304601023714191e-2,200.84421443634483,222.56836124282248,222.56836124282248,423.39927107814356
