id,Expression,theta,size,MSE_train,MSE_val,MSE_test,R2_train,R2_val,R2_test,nll_train,nll_val,nll_test,mdl_train,mdl_val,mdl_test
0,(Abs(x2) ^ (((x26 * x8) / x18) + (Abs((x1 / (((((x4 + x16) + (x27 * (Abs(x19) ^ x4))) / (Recip((x16 - x29)) * (x21 * x14))) / (((x18 / x9) * Recip((-0.45572594732929805 / x21))) + ((x25 / ((((Recip(x19) / x27) + (x8 + x14)) - (x21 / x25)) + x5)) / (Abs(x11) ^ x17)))) * x8))) ^ (x5 * -7.373667408879075)))),-0.45572594732929805;-7.373667408879075,68,4.073590974399679e-2,4.073590974399679e-2,Infinity,0.8370563610240128,0.8370563610240128,-Infinity,4.073590974399679e-2,4.073590974399679e-2,Infinity,203.43618105201253,203.43618105201253,Infinity
