id,Expression,theta,size,MSE_train,MSE_val,MSE_test,R2_train,R2_val,R2_test,nll_train,nll_val,nll_test,mdl_train,mdl_val,mdl_test
0,(Abs(x21) ^ ((((x30 * x16) * (Abs(x24) ^ ((x13 * (x28 + x22)) + ((-4.076088986526998 * (Abs(x11) ^ x2)) - (((x20 - x15) / x29) - x13))))) + x15) * (Abs(x9) ^ (((((x21 * (Abs(x11) ^ x16)) + x15) + ((-0.6601683405093478 * (Abs(x11) ^ x2)) / Recip((x30 / x6)))) * ((x24 - (x26 + x24)) * (1.9170457677491755 * (341.2171583189661 * x28)))) + (((Recip(Recip(((Recip(Recip(((x24 - x16) * (-31.270441853233645 * (x2 + -296.87962511624175))))) * (Abs((Abs((x28 + x15)) ^ x19)) ^ x15)) / Recip(x5)))) * (Abs(x11) ^ x11)) / Recip(x29)) - x16))))),-4.076088986526998;-0.6601683405093478;1.9170457677491755;341.2171583189661;-31.270441853233645;-296.87962511624175,105,5.930947885622742e-2,5.930947885622742e-2,0.25706885125272905,0.7627620845750903,0.7627620845750903,-12.372721642166454,5.930947885622742e-2,5.930947885622742e-2,0.25706885125272905,305.152477192259,305.152477192259,305.3502365646555
