id,Expression,theta,size,MSE_train,MSE_val,MSE_test,R2_train,R2_val,R2_test,nll_train,nll_val,nll_test,mdl_train,mdl_val,mdl_test
0,(Abs((Abs(((-1.7685242203990799 * x19) / (x20 * Recip(((Abs(x21) ^ x22) * Recip((Abs((7.738019336860291e-2 - x30)) ^ (Abs(x12) ^ (x23 * -0.23166157874126916))))))))) ^ (Abs((Abs(x22) ^ x5)) ^ (x19 + -0.35052799699358617)))) ^ (Recip((Abs((Abs((((((x3 + -0.2146902065405055) + (x23 * -0.7476362620625875)) / (Abs(Recip(((Abs(x12) ^ (Abs((x6 * x22)) ^ x27)) * ((x30 * x12) / Recip((x2 * x12)))))) ^ x5)) / Recip(Recip(x17))) + -0.27932053061933315)) ^ (1.0564714789820684 + x19))) ^ x15)) - Recip((Abs(x21) ^ x27)))),-1.7685242203990799;7.738019336860291e-2;-0.23166157874126916;-0.35052799699358617;-0.2146902065405055;-0.7476362620625875;-0.27932053061933315;1.0564714789820684,88,8.743270505416625e-2,8.743270505416625e-2,10.33792953905692,0.650269179783335,0.650269179783335,-536.7790946217204,8.743270505416625e-2,8.743270505416625e-2,10.33792953905692,228.42661553431088,228.42661553431088,238.67711236831363
