id,Expression,theta,size,MSE_train,MSE_val,MSE_test,R2_train,R2_val,R2_test,nll_train,nll_val,nll_test,mdl_train,mdl_val,mdl_test
0,((((x4 + x16) * 0.1287700044684229) - x24) * -8.256163919982818),0.1287700044684229;-8.256163919982818,9,0.15601694281896641,0.15601694281896641,0.2579631104144664,0.37593222872413434,0.37593222872413434,-12.419241003760028,0.15601694281896641,0.15601694281896641,0.2579631104144664,17.669208284316785,17.669208284316785,17.771154451912285
