id,Expression,theta,size,MSE_train,MSE_val,MSE_test,R2_train,R2_val,R2_test,nll_train,nll_val,nll_test,mdl_train,mdl_val,mdl_test
0,((((((x10 - (Recip(x12) + (x17 + -0.5229798180548604))) + Recip(((x8 + x7) / x25))) / ((((x9 * (x2 - x29)) + x13) - (x7 * (Abs(x30) ^ Recip((x9 / x11))))) + (((((x4 - (x15 * Recip((Abs(Recip((x25 / x9))) ^ x24)))) - ((x24 * x9) + x4)) - x20) + ((((x2 * x0) + (x29 + 0.12095049752995)) - x6) - x23)) * 0.7513368542227407))) * x24) + Recip(x16)) / Recip((0.1212316017863814 * (Abs(-7.233718436889742e-6) ^ x26)))),-0.5229798180548604;0.12095049752995;0.7513368542227407;0.1212316017863814;-7.233718436889742e-6,81,8.759206234694451e-2,8.759206234694451e-2,62.63662281631354,0.649631750612222,0.649631750612222,-3257.357118904506,8.759206234694451e-2,8.759206234694451e-2,62.63662281631354,259.99954385601285,259.99954385601285,322.5485746099794
