id,Expression,theta,size,MSE_train,MSE_val,MSE_test,R2_train,R2_val,R2_test,nll_train,nll_val,nll_test,mdl_train,mdl_val,mdl_test
0,(((x15 * 113.2852005165629) + x0) / (Recip(((x20 / (Abs(Recip((Recip(x29) / (Abs(Recip((x18 * x22))) ^ x3)))) ^ ((x10 * x22) * ((x24 * -363.3242106175105) / x28)))) / (Abs(Recip(((Abs(x9) ^ x0) / (Abs(Recip((Recip(x24) * ((Abs((x5 * (x13 * 245.7279769382797))) ^ x2) + (x16 - x24))))) ^ x3)))) ^ ((x10 * x22) * ((x24 * 729.4481150920664) / x18))))) + (x15 * 116.92253248009916))),113.2852005165629;-363.3242106175105;245.7279769382797;729.4481150920664;116.92253248009916,72,5.4912390876013385e-2,5.4912390876013385e-2,0.123620298543088,0.7803504364959465,0.7803504364959465,-5.430727930211192,5.4912390876013385e-2,5.4912390876013385e-2,0.123620298543088,204.06371431252487,204.06371431252487,204.13242222019196
