id,Expression,theta,size,MSE_train,MSE_val,MSE_test,R2_train,R2_val,R2_test,nll_train,nll_val,nll_test,mdl_train,mdl_val,mdl_test
0,(Abs(x30) ^ (Abs(x14) ^ ((Abs((x18 + (((x4 * ((x19 + x27) * x20)) - x12) * x16))) ^ (((Abs(Recip(((x0 * (Abs(x4) ^ 10.985479817955788)) / (Abs(x9) ^ ((Abs(((-0.4407825902563585 * (((Abs(x29) ^ x0) - x25) * (x16 * (Abs((Abs(x29) ^ x0)) ^ (x27 * (x15 * x20)))))) + (x8 + x27))) ^ Recip(x16)) + 4.640247210909986))))) ^ x1) + -3.901425758694385) + x18)) + x0))),10.985479817955788;-0.4407825902563585;4.640247210909986;-3.901425758694385,73,8.035756618250665e-2,8.035756618250665e-2,0.15695388883936415,0.6785697352699733,0.6785697352699733,-7.1647412974234115,8.035756618250665e-2,8.035756618250665e-2,0.15695388883936415,197.61649316971892,197.61649316971892,197.69308949237578
