id,Expression,theta,size,MSE_train,MSE_val,MSE_test,R2_train,R2_val,R2_test,nll_train,nll_val,nll_test,mdl_train,mdl_val,mdl_test
0,(Abs(x23) ^ Recip(Recip(Recip((x17 + (Abs((x21 + (Recip(Recip((((x18 - x15) * x14) + Recip((x0 + (Abs((Abs(x15) ^ (x6 + -3.440385262350022))) ^ x15)))))) * (2.37296677599099 - x0)))) ^ ((Abs(x12) ^ (x21 + (Recip(Recip(((((x2 * (Abs(-0.833302225565708) ^ x9)) - x8) * x14) + Recip((x0 + (Abs(((x6 * x11) - (x9 - x25))) ^ (0.23434182107244997 - x0))))))) * (Abs(((x3 - x27) / x22)) ^ ((((x24 + ((x15 / x17) / x10)) * x15) - x29) + x0))))) * ((x20 - x4) + -51.35466107661744)))))))),-3.440385262350022;2.37296677599099;-0.833302225565708;0.23434182107244997;-51.35466107661744,96,3.17982919981222e-2,3.17982919981222e-2,3.6476158164084456e-2,0.8728068320075112,0.8728068320075112,-0.897489747695601,3.17982919981222e-2,3.17982919981222e-2,3.6476158164084456e-2,296.35383133080785,296.35383133080785,296.3585091969738
