id,Expression,theta,size,MSE_train,MSE_val,MSE_test,R2_train,R2_val,R2_test,nll_train,nll_val,nll_test,mdl_train,mdl_val,mdl_test
0,(Recip((Abs(((Abs(x11) ^ (((x1 * 0.6292603137873157) - ((x16 - ((x8 / x7) - x4)) * x14)) - (Recip(x0) * (x2 * x23)))) / (Abs(x22) ^ x16))) ^ 0.4875837948087076)) - Recip(((((Abs((x4 + (Abs((x8 + (x0 * x0))) ^ x11))) ^ (((x8 + x29) * x7) + (((x4 / x13) * (Abs(((Abs((Abs(Recip((x5 * x20))) ^ (x24 - x27))) ^ ((x2 + -0.6962876780757317) / x15)) * x13)) ^ x6)) * x24))) / ((Abs(-1.867111903835811e-2) ^ x24) - x14)) - x4) + -0.6038460729171188))),0.6292603137873157;0.4875837948087076;-0.6962876780757317;-1.867111903835811e-2;-0.6038460729171188,90,0.11290090954059168,0.11290090954059168,0.18671054375417723,0.5483963618376333,0.5483963618376333,-8.712682486091929,0.11290090954059168,0.11290090954059168,0.18671054375417723,264.01872048928067,264.01872048928067,264.09253012349427
