id,Expression,theta,size,MSE_train,MSE_val,MSE_test,R2_train,R2_val,R2_test,nll_train,nll_val,nll_test,mdl_train,mdl_val,mdl_test
0,(((x15 / (((Recip((((x22 * (Abs(x1) ^ x29)) / Recip(x18)) + (x3 / x11))) * (x29 * x24)) + (Abs(((x19 / x3) + x28)) ^ Recip((Abs(0.21338325031525937) ^ x22)))) + Recip(x26))) * (((((x25 * (Abs(x1) ^ x29)) / Recip(x18)) + x22) / x6) + (((Abs(Recip(((((Abs(x18) ^ x22) + x22) + x6) - x4))) ^ (x29 + (Abs((x13 - x30)) ^ x1))) - x6) - ((((Abs((x21 + x30)) ^ (x13 + x30)) / Recip((32.298529682677454 / (x12 + x27)))) + x6) - x17)))) * (x5 * ((Abs(x18) ^ x22) - ((x6 + x22) / x6)))),0.21338325031525937;32.298529682677454,107,4.9672465621000514e-2,4.9672465621000514e-2,3.126610008577774e-2,0.8013101375159979,0.8013101375159979,-0.6264625264620958,4.9672465621000514e-2,4.9672465621000514e-2,3.126610008577774e-2,326.60571446279096,326.60571446279096,326.58730809725574
