id,Expression,theta,size,MSE_train,MSE_val,MSE_test,R2_train,R2_val,R2_test,nll_train,nll_val,nll_test,mdl_train,mdl_val,mdl_test
0,Recip(((Abs(((((Abs(x30) ^ x28) / x24) + (Abs(((Abs(x17) ^ -1.974367038310698) * (x22 / Recip(x14)))) ^ Recip(x3))) * (((x11 + x3) + (Abs((Abs(x28) ^ x9)) ^ x22)) + ((x23 / x27) - ((x6 + (x13 + 0.22948384841241784)) - (x30 * x30)))))) ^ (((x3 / Recip((x21 * x4))) / (Abs(Recip((x29 * x3))) ^ (x17 - x15))) * Recip((Abs(((x25 - x20) + (x27 * x21))) ^ ((x26 + 0.9843869754071801) + 0.7601636365701485))))) - (Abs(Recip((x30 - (x28 * (x3 / ((x12 / x6) * Recip(x3))))))) ^ (((Abs(Recip(x22)) ^ (x17 - x15)) / x26) / x25)))),-1.974367038310698;0.22948384841241784;0.9843869754071801;0.7601636365701485,108,1.5432195187329073e-2,1.5432195187329073e-2,1.6246304368092189e63,0.9382712192506837,0.9382712192506837,-8.451327532281234e64,1.5432195187329073e-2,1.5432195187329073e-2,1.6246304368092189e63,326.5714741923573,326.5714741923573,1.6246304368092189e63
