id,Expression,theta,size,MSE_train,MSE_val,MSE_test,R2_train,R2_val,R2_test,nll_train,nll_val,nll_test,mdl_train,mdl_val,mdl_test
0,(((x17 * ((x1 + x21) + ((x16 * -1.7109479388968445) + ((x10 + (x16 + 2.9966125136000623)) + ((x16 * -1.6319855755273445) + x1))))) - ((((x16 * -0.5812376068137877) + ((x10 + 0.9837995953420972) + ((x16 * -0.9179270523478924) + x1))) * (-4.199891669069695 * x3)) * Recip((Abs(x21) ^ ((-0.29040141023700605 + (x17 * x28)) * (-0.12429482197590028 + (x3 / (x21 + x26)))))))) * ((25.153062532393342 * x3) * x21)),-1.7109479388968445;2.9966125136000623;-1.6319855755273445;-0.5812376068137877;0.9837995953420972;-0.9179270523478924;-4.199891669069695;-0.29040141023700605;-0.12429482197590028;25.153062532393342,63,4.957353041898686e-2,4.957353041898686e-2,7.400535344857503e-2,0.8017058783240526,0.8017058783240526,-2.849758486394726,4.957353041898686e-2,4.957353041898686e-2,7.400535344857503e-2,167.94868599875602,167.94868599875602,167.9731178217856
