id,Expression,theta,size,MSE_train,MSE_val,MSE_test,R2_train,R2_val,R2_test,nll_train,nll_val,nll_test,mdl_train,mdl_val,mdl_test
0,(-1.7106661147586258e-2 + (((((Abs(x23) ^ x0) * -0.8902148340551983) * 0.818273732700172) + (Abs(x20) ^ (Abs((x16 * ((((((Abs((x23 - x5)) ^ x0) * 0.38055580026158886) * x28) - x25) * (Recip((x3 * x2)) + (x20 - x6))) + (((((Abs(x11) ^ x15) * (x0 + x6)) / (Abs(((x19 * x18) * x25)) ^ Recip(Recip((x2 - x6))))) - (x18 / x13)) * ((Abs(x23) ^ -0.916096098725741) + (Abs(x8) ^ x4)))))) ^ ((Abs(0.7322660975104894) ^ x0) * -1.2725947539204001)))) + x10)),-1.7106661147586258e-2;-0.8902148340551983;0.818273732700172;0.38055580026158886;-0.916096098725741;0.7322660975104894;-1.2725947539204001,83,0.13025375213195756,0.13025375213195756,0.25905956854636775,0.4789849914721698,0.4789849914721698,-12.476278755781536,0.13025375213195756,0.13025375213195756,0.25905956854636775,238.3270647923788,238.3270647923788,238.45587060879322
