id,Expression,theta,size,MSE_train,MSE_val,MSE_test,R2_train,R2_val,R2_test,nll_train,nll_val,nll_test,mdl_train,mdl_val,mdl_test
0,((x3 * (-9.588219373143739 - (((-1.519908714068634 + (Abs((((x11 + (x3 / x14)) - Recip(x8)) * (Abs(((x19 - Recip(x8)) * ((x10 + (x2 + x12)) * 5.2791189837076966e-2))) ^ -3.7536279305529403))) ^ (x15 * -1.7726477660108126))) + x27) * 1.5321224612259845))) + ((Recip((Abs(((Abs((((x15 + x12) - x16) * x19)) ^ (x15 * (x9 * (x27 + x15)))) * (x19 * -2.483616417029379))) ^ x20)) - x3) * ((9.992411287262913 - x26) * x21))),-9.588219373143739;-1.519908714068634;5.2791189837076966e-2;-3.7536279305529403;-1.7726477660108126;1.5321224612259845;-2.483616417029379;9.992411287262913,72,0.11793215080351548,0.11793215080351548,Infinity,0.528271396785938,0.528271396785938,-Infinity,0.11793215080351548,0.11793215080351548,Infinity,210.308818979169,210.308818979169,Infinity
