id,Expression,theta,size,MSE_train,MSE_val,MSE_test,R2_train,R2_val,R2_test,nll_train,nll_val,nll_test,mdl_train,mdl_val,mdl_test
0,Recip((((((Abs(x4) ^ x25) / (x5 * x15)) - Recip((((Recip((x5 + x21)) + x21) + ((x28 / x2) / (Abs(((x9 / x12) + x25)) ^ x10))) + (-2.4642055555610525 / x21)))) / (((x9 / x12) + (x2 + 28.068853217974144)) + 27.2428369330585)) + ((((x11 + x14) - ((((((x17 - x3) * x12) * Recip((x22 / x1))) * (Abs((x19 - x7)) ^ Recip(x2))) / ((Abs(x5) ^ (x3 / x19)) / (Abs((x26 + x15)) ^ 0.35429408598591366))) - x9)) / (Abs((x5 + x10)) ^ x10)) - ((2.075251916896344 - (x4 / x21)) - ((x5 + x0) * (x27 / x25)))))),-2.4642055555610525;28.068853217974144;27.2428369330585;0.35429408598591366;2.075251916896344,104,0.10855774145619393,0.10855774145619393,0.21064165663796663,0.5657690341752243,0.5657690341752243,-9.957578978306605,0.10855774145619393,0.10855774145619393,0.21064165663796663,326.6645997386262,326.6645997386262,326.76668365380795
