id,Expression,theta,size,MSE_train,MSE_val,MSE_test,R2_train,R2_val,R2_test,nll_train,nll_val,nll_test,mdl_train,mdl_val,mdl_test
0,(Abs(x15) ^ ((x23 + (1600.1640824170615 * Recip((Abs((((Abs((Abs(x29) ^ x21)) ^ x2) * 6.129461613242333) + (((Recip((Recip(((Abs((Recip(((Recip((Recip(Recip(x27)) + x20)) * (x2 + x0)) + x0)) / Recip(((Abs(x12) ^ -75.04353504261354) - x4)))) ^ (Abs((x20 + x13)) ^ x30)) - x26)) - (Abs(x6) ^ (x0 - (x0 + x0))))) - Recip(x12)) - (((Abs(x15) ^ (x23 + x0)) * ((x27 + x12) + (x2 / x18))) + ((-7.1060375935287174 + x23) - ((x30 - x17) + x27)))) - Recip(Recip((x27 + x23)))))) ^ (((Abs(x8) ^ x22) / x18) + ((-76.38222430128437 + x15) * x15)))))) * x6)),1600.1640824170615;6.129461613242333;-75.04353504261354;-7.1060375935287174;-76.38222430128437,110,5.512478567056364e-2,5.512478567056364e-2,0.17356055337160206,0.7795008573177454,0.7795008573177454,-8.028619986390394,5.512478567056364e-2,5.512478567056364e-2,0.17356055337160206,321.9427072724906,321.9427072724906,322.06114304019167
