id,Expression,theta,size,MSE_train,MSE_val,MSE_test,R2_train,R2_val,R2_test,nll_train,nll_val,nll_test,mdl_train,mdl_val,mdl_test
0,(Recip(((Abs(19.229870880184283) ^ x12) * Recip((Recip(((x24 - x6) - Recip(x18))) * -10.80402675077455)))) / (Abs((Recip(x27) - x10)) ^ (Abs(Recip((Abs((Recip(((x30 / (((Abs(x0) ^ x10) + x10) + x14)) / (((x3 + x0) / (((x18 / (x15 * x14)) - x21) - x18)) / x18))) + -2.8592963273204712)) ^ ((Abs(x7) ^ x11) - x23)))) ^ (((x18 * x0) * (Abs(Recip(x7)) ^ x3)) * (21.370836417111157 + (22.395475673871854 + x19)))))),19.229870880184283;-10.80402675077455;-2.8592963273204712;21.370836417111157;22.395475673871854,78,3.7822361635694905e-2,3.7822361635694905e-2,4.831015636904295e-2,0.8487105534572204,0.8487105534572204,-1.5130943343175183,3.7822361635694905e-2,3.7822361635694905e-2,4.831015636904295e-2,222.65791169260532,222.65791169260532,222.66839948733866
