id,Expression,theta,size,MSE_train,MSE_val,MSE_test,R2_train,R2_val,R2_test,nll_train,nll_val,nll_test,mdl_train,mdl_val,mdl_test
0,(Abs(((0.4882541639589336 * ((Recip(x21) / x28) + Recip(x28))) / (((((-9.421231525892282e-2 * ((((Abs((x26 + (Abs((x7 / ((x21 + x24) + -1.0102113215283053))) ^ ((x9 / x30) / (-2.1835936135016595e-2 * ((Recip((((((Abs(x5) ^ x0) - (x21 - x18)) * x16) + x3) / x29)) / x28) + (((x1 / Recip(x7)) / (x19 + ((x17 * x9) / (x7 / x29)))) - x12))))))) ^ x28) / Recip(Recip((Recip(x7) / x29)))) * 0.4065743655662286) + Recip(x1))) / x12) / x26) * (x30 + ((0.3788861951177873 / (x21 - (x20 / x7))) / x5))) - (Recip(x9) / x30)))) ^ x7),0.4882541639589336;-9.421231525892282e-2;-1.0102113215283053;-2.1835936135016595e-2;0.4065743655662286;0.3788861951177873,102,0.14768246888574285,0.14768246888574285,0.2113260879750839,0.4092701244570286,0.4092701244570286,-9.993183096463445,0.14768246888574285,0.14768246888574285,0.2113260879750839,315.5975133059694,315.5975133059694,315.6611569250587
