id,Expression,theta,size,MSE_train,MSE_val,MSE_test,R2_train,R2_val,R2_test,nll_train,nll_val,nll_test,mdl_train,mdl_val,mdl_test
0,((x24 + x19) + ((((x12 / ((Abs(x12) ^ x3) * 0.47445088686815307)) - (((Abs(x12) ^ x2) - x26) - ((0.9131889258688262 * (x24 + x19)) - Recip(((Abs((((((((((x28 + x16) - (Abs((x11 + Recip((x6 + Recip((((x2 / (((Abs(x12) ^ x13) - x20) + x14)) / Recip((x1 / x28))) - x27)))))) ^ (Abs(x26) ^ (x4 - x14)))) * x0) + x9) * x21) + x17) - x30) + (Recip((Abs(x12) ^ x2)) - x2)) * (x26 - (x28 + x16)))) ^ ((-0.5816867411876485 - x0) - x11)) * 2.5511388125262617))))) * 5.813255074344773) * (x26 - (x12 * 0.5989657926928781)))),0.47445088686815307;0.9131889258688262;-0.5816867411876485;2.5511388125262617;5.813255074344773;0.5989657926928781,103,5.491049852197292e-2,5.491049852197292e-2,30.503918823333116,0.7803580059121084,0.7803580059121084,-1585.813857189728,5.491049852197292e-2,5.491049852197292e-2,30.503918823333116,319.9465434753415,319.9465434753415,350.39555180015265
