id,Expression,theta,size,MSE_train,MSE_val,MSE_test,R2_train,R2_val,R2_test,nll_train,nll_val,nll_test,mdl_train,mdl_val,mdl_test
0,(Recip((x3 + ((Abs((Abs((((((Abs(((Abs(x6) ^ Recip(x11)) - (x0 / x27))) ^ x20) - x3) * (x29 + ((x1 + (x0 / Recip(x22))) + ((x2 * (x13 + ((x13 + x13) + (x2 + x18)))) * (((Abs(Recip(((-0.3853535330380088 - Recip((x0 / x28))) + x20))) ^ x9) - (x8 + x23)) * 1.0544543954810623))))) / (x17 - x6)) * x15)) ^ x10)) ^ -26.11914398570637) * x15))) * 5.940196476592452e-2),-0.3853535330380088;1.0544543954810623;-26.11914398570637;5.940196476592452e-2,73,9.576279101702966e-2,9.576279101702966e-2,0.215988888472837,0.6169488359318813,0.6169488359318813,-10.235741978356552,9.576279101702966e-2,9.576279101702966e-2,0.215988888472837,221.6463273764778,221.6463273764778,221.76655347393364
