id,Expression,theta,size,MSE_train,MSE_val,MSE_test,R2_train,R2_val,R2_test,nll_train,nll_val,nll_test,mdl_train,mdl_val,mdl_test
0,((((x0 * x6) * Recip(Recip((x23 * (-31.011456751068625 * (Abs((-3.9531467037937265e-2 + ((x6 - x2) - x3))) ^ (x1 * (Abs(((Abs((x10 / x22)) ^ x16) + x2)) ^ -0.9445092585409544)))))))) * 21.281736496812517) * (x23 - (Abs((x13 / x20)) ^ x15))),-31.011456751068625;-3.9531467037937265e-2;-0.9445092585409544;21.281736496812517,43,6.777927945602083e-2,6.777927945602083e-2,0.17101730819852218,0.7288828821759167,0.7288828821759167,-7.896320372486784,6.777927945602083e-2,6.777927945602083e-2,0.17101730819852218,114.9008994669472,114.9008994669472,115.0041374956897
