id,Expression,theta,size,MSE_train,MSE_val,MSE_test,R2_train,R2_val,R2_test,nll_train,nll_val,nll_test,mdl_train,mdl_val,mdl_test
0,(Abs((x9 / ((Recip(x2) / (x11 + x13)) / (-2.617146201028019e-2 + Recip(Recip(((x2 * 5.26253911636868e-2) * (Abs(x3) ^ x15)))))))) ^ (Abs(x16) ^ (Abs((x9 / (x16 / (-0.332997994114836 + (x9 / ((x16 * -1.088902911595245) / (Recip(Recip(Recip((Abs(x13) ^ ((x4 * -0.9904382536230428) * (Abs(x3) ^ x15)))))) + ((Recip(x0) * x2) + (x16 * x16))))))))) ^ ((2.1769730537290326 + (x9 / ((x16 * x16) / (x27 + ((1.4198072474561745 * x21) + (-0.5910927021842355 + x6)))))) + Recip((Abs((x28 + -0.591592825043896)) ^ x0)))))),-2.617146201028019e-2;5.26253911636868e-2;-0.332997994114836;-1.088902911595245;-0.9904382536230428;2.1769730537290326;1.4198072474561745;-0.5910927021842355;-0.591592825043896,88,3.227112845061596e-2,3.227112845061596e-2,6.716741756779934e-2,0.8709154861975361,0.8709154861975361,-2.4940490618767885,3.227112845061596e-2,3.227112845061596e-2,6.716741756779934e-2,238.5318284409323,238.5318284409323,238.56672473004946
