id,Expression,theta,size,MSE_train,MSE_val,MSE_test,R2_train,R2_val,R2_test,nll_train,nll_val,nll_test,mdl_train,mdl_val,mdl_test
0,Recip((Abs(Recip((x17 - (Abs(x24) ^ (x4 + x4))))) ^ ((Recip((Abs((((x3 + x21) + x17) - (((Recip(x20) / Recip(((-4.67943681727545 * (x27 + x27)) * x21))) + (((Abs((x10 - ((x3 + ((Abs(x18) ^ 2.6522814864582633) + x0)) * x21))) ^ 0.2523711525891162) / x1) + x4)) * x10))) ^ ((x27 + (56.264654222039994 * (x27 + x27))) - x20))) * (((Abs((Recip(x23) * (Abs((((Abs(x0) ^ x26) / (x9 + 22.349852516734888)) + x29)) ^ ((0.16271295329384983 + x20) * (Abs(x18) ^ x18))))) ^ (x28 + x20)) - (x13 * x29)) + ((x13 / x27) - x9))) * (Abs(x18) ^ -3.1408516149937316)))),-4.67943681727545;2.6522814864582633;0.2523711525891162;56.264654222039994;22.349852516734888;0.16271295329384983;-3.1408516149937316,107,6.4683027214091715e-3,6.4683027214091715e-3,Infinity,0.9741267891143633,0.9741267891143633,-Infinity,6.4683027214091715e-3,6.4683027214091715e-3,Infinity,308.2776898464722,308.2776898464722,Infinity
