id,Expression,theta,size,MSE_train,MSE_val,MSE_test,R2_train,R2_val,R2_test,nll_train,nll_val,nll_test,mdl_train,mdl_val,mdl_test
0,((Abs((Abs(((((x2 - ((Abs(x14) ^ x7) - x13)) / (x20 * x17)) - (Abs((x0 + (x7 - x0))) ^ x30)) - (((Abs(x30) ^ (x3 / x6)) - (x4 * (Abs(x10) ^ x7))) - (Abs(x10) ^ (x9 - x29))))) ^ Recip((((Recip(x6) + (Abs(((99.28026537365955 + x26) * -583.5415963228936)) ^ (x1 * x19))) + (((((x0 + x19) * x24) - x1) + Recip(x9)) / (Abs(x19) ^ x15))) / (x12 - (((Abs((x29 * x23)) ^ x26) + x20) / ((Abs(x18) ^ x10) + (x24 / x10)))))))) ^ (((x12 * (x12 * 36466.25276679865)) - x20) * x22)) * 1.3178943471677518),99.28026537365955;-583.5415963228936;36466.25276679865;1.3178943471677518,107,4.824810718931598e-2,4.824810718931598e-2,8.572037458294415e44,0.807007571242736,0.807007571242736,-4.459173885804585e46,4.824810718931598e-2,4.824810718931598e-2,8.572037458294415e44,326.5631967467562,326.5631967467562,8.572037458294415e44
