id,Expression,theta,size,MSE_train,MSE_val,MSE_test,R2_train,R2_val,R2_test,nll_train,nll_val,nll_test,mdl_train,mdl_val,mdl_test
0,Recip(((Abs(((((x15 * -84.10194315130094) * x15) * ((x12 + Recip(Recip(((x17 * (Abs((x15 + x15)) ^ (x5 - (Abs(x25) ^ (x17 * (x15 * -27.162423478523134)))))) * Recip(x4))))) - Recip(x28))) * Recip((((Recip(x3) * (x12 - x15)) - x29) * 6.290672003713996)))) ^ ((Abs(Recip(((Abs((Abs(x23) ^ x2)) ^ x14) + x2))) ^ ((x12 * ((x13 / x9) * (x15 * 2.1782560575083174))) * x10)) / Recip(((((Abs((111.8192021584628 / Recip((Abs((x15 + 42.186068801070846)) ^ x2)))) ^ (Abs(x30) ^ x14)) - (x15 + x15)) * x13) - x4)))) + Recip((Abs(x29) ^ (x17 * 0.958147669716791))))),-84.10194315130094;-27.162423478523134;6.290672003713996;2.1782560575083174;111.8192021584628;42.186068801070846;0.958147669716791,104,7.773933424985166e-2,7.773933424985166e-2,0.21342506247690265,0.6890426630005934,0.6890426630005934,-10.102371750048052,7.773933424985166e-2,7.773933424985166e-2,0.21342506247690265,294.8141956315899,294.8141956315899,294.94988135981697
