id,Expression,theta,size,MSE_train,MSE_val,MSE_test,R2_train,R2_val,R2_test,nll_train,nll_val,nll_test,mdl_train,mdl_val,mdl_test
0,(Abs((x0 * 0.12510843019183623)) ^ (Abs(((x13 * -0.12040358832106149) - (x18 * (Abs((x19 - (((-0.6937562283383579 + x26) - (Abs(x5) ^ x5)) + (((x16 / x14) / x5) + -0.21079214066907884)))) ^ (((((x19 * 0.4657789934854083) + x7) * (Abs(((-0.41617563633635546 / Recip((x6 * x17))) + ((-0.3939204250598548 + ((x28 - x15) + ((x19 + x18) + (x9 * (x7 - x3))))) * x19))) ^ -0.8499598335998111)) * (x16 + -0.9145665945249101)) * x24))))) ^ ((x0 * -0.7729564738363548) - (x16 / x14)))),0.12510843019183623;-0.12040358832106149;-0.6937562283383579;-0.21079214066907884;0.4657789934854083;-0.41617563633635546;-0.3939204250598548;-0.8499598335998111;-0.9145665945249101;-0.7729564738363548,79,0.4716664800195627,0.4716664800195627,2.181492645267307e-2,-0.8866659200782507,-0.8866659200782507,-0.13481247406800967,0.4716664800195627,0.4716664800195627,2.181492645267307e-2,232.49823845877665,232.49823845877665,232.04838690520975
