id,Expression,theta,size,MSE_train,MSE_val,MSE_test,R2_train,R2_val,R2_test,nll_train,nll_val,nll_test,mdl_train,mdl_val,mdl_test
0,(Abs(0.8249445612995844) ^ (Abs((x18 - (x23 * ((Abs((((x30 - x18) / x6) + 0.5045900348565191)) ^ Recip((((Abs((x2 - x6)) ^ x22) - (Recip(x27) * (Abs(x7) ^ x7))) / (Recip(((x22 - x10) - x0)) - ((((Abs(Recip(((Abs(x29) ^ ((1.1289950815928866 * x3) / x13)) + (x21 * x27)))) ^ x6) - ((((x1 * x29) + x28) / ((Abs(Recip(Recip(x1))) ^ x1) - ((x1 + x17) - (x26 + (x4 * x18))))) * x18)) + (x23 - x6)) * Recip(x2)))))) / x26)))) ^ -6.533581352445389)),0.8249445612995844;0.5045900348565191;1.1289950815928866;-6.533581352445389,92,1.7604979807621036e-2,1.7604979807621036e-2,0.12737485261072568,0.9295800807695158,0.9295800807695158,-5.626039832809696,1.7604979807621036e-2,1.7604979807621036e-2,0.12737485261072568,273.69771417361216,273.69771417361216,273.80748404641525
