id,Expression,theta,size,MSE_train,MSE_val,MSE_test,R2_train,R2_val,R2_test,nll_train,nll_val,nll_test,mdl_train,mdl_val,mdl_test
0,Recip(((((Abs((x10 - x21)) ^ (((((Abs((x13 - x30)) ^ (x10 + x11)) / x26) + x24) + -0.9652921012991439) + x12)) * ((Abs((Abs(x28) ^ (x4 * ((-11.44226339864732 + x11) * Recip(x0))))) ^ ((Abs(x10) ^ ((Abs((Abs(x10) ^ x22)) ^ (x7 * ((0.24533853401851688 + x24) * Recip(x24)))) * x25)) * (x3 * ((((x9 / x26) + x23) + x6) / (x10 - x21))))) - x8)) + (Abs((0.4385277178523302 - (x17 / x24))) ^ -25.999931281186647)) + (Abs(((-5.409022358296455 / x6) - ((Abs(x26) ^ x6) * 0.32296364443950565))) ^ (x14 * ((Abs(x22) ^ ((x24 / x26) + x15)) * ((x11 + x4) * x4)))))),-0.9652921012991439;-11.44226339864732;0.24533853401851688;0.4385277178523302;-25.999931281186647;-5.409022358296455;0.32296364443950565,109,3.0100835168249063e-2,3.0100835168249063e-2,NaN,0.8795966593270037,0.8795966593270037,NaN,3.0100835168249063e-2,3.0100835168249063e-2,NaN,330.0250921738427,330.0250921738427,NaN
