id,Expression,theta,size,MSE_train,MSE_val,MSE_test,R2_train,R2_val,R2_test,nll_train,nll_val,nll_test,mdl_train,mdl_val,mdl_test
0,(Abs(x21) ^ (((x1 * (Abs(x2) ^ (((x1 * (Abs(x2) ^ ((Abs(x28) ^ ((-3.76860785881894 * (Abs(x7) ^ x16)) + (Abs(x29) ^ x29))) * x11))) + (Abs(x16) ^ (x2 + ((4.2778251612815605 * (Abs(x2) ^ x16)) + (Abs(x11) ^ (1.413785489830694 + x29)))))) * ((26.07950792789042 * x29) + (Abs(x11) ^ (-21.695084208671272 + x29)))))) + (Abs((x2 + x4)) ^ (Abs(3.346153691088054) ^ x10))) * ((x2 * x29) * (46.08900456767789 + (Abs(x11) ^ (-8.463723290801374 + x6)))))),-3.76860785881894;4.2778251612815605;1.413785489830694;26.07950792789042;-21.695084208671272;3.346153691088054;46.08900456767789;-8.463723290801374,82,6.1452461147998454e-2,6.1452461147998454e-2,Infinity,0.7541901554080062,0.7541901554080062,-Infinity,6.1452461147998454e-2,6.1452461147998454e-2,Infinity,186.9169163372005,186.9169163372005,Infinity
