id,Expression,theta,size,MSE_train,MSE_val,MSE_test,R2_train,R2_val,R2_test,nll_train,nll_val,nll_test,mdl_train,mdl_val,mdl_test
0,((((Abs(((Abs(((x19 + 1.7389482431118806) * x22)) ^ (Abs((Abs(7.134679035708868e-3) ^ x18)) ^ (Abs(x27) ^ (x18 - x26)))) - ((0.3327211863449158 * (x13 - ((x18 / x15) - (x16 - x18)))) + ((0.8566157796526541 - x4) - (0.656213818584516 * (x16 - ((x24 / x15) + -0.633646704383733))))))) ^ (Abs(((x29 + ((((x1 * x19) / (((x19 - x18) / x5) / x21)) * x6) / x5)) - (x16 - (x27 - (x16 / ((Abs(0.2260793052494364) ^ x7) / (x22 - x4))))))) ^ (x22 - x15))) * x18) / x25) - (x19 * (1.4213993175385746 * (x16 - (((x16 - x16) / x24) - (x9 - x18)))))),1.7389482431118806;7.134679035708868e-3;0.3327211863449158;0.8566157796526541;0.656213818584516;-0.633646704383733;0.2260793052494364;1.4213993175385746,104,5.613389783116722e-2,5.613389783116722e-2,0.10452052669535478,0.7754644086753311,0.7754644086753311,-4.437157798692148,5.613389783116722e-2,5.613389783116722e-2,0.10452052669535478,308.3273554415819,308.3273554415819,308.3757420704461
