id,Expression,theta,size,MSE_train,MSE_val,MSE_test,R2_train,R2_val,R2_test,nll_train,nll_val,nll_test,mdl_train,mdl_val,mdl_test
0,((Abs(x1) ^ (((Abs((x9 - (x17 + -2.102895732819889e-2))) ^ (((((Abs(x27) ^ (Abs(x20) ^ (x9 * (Abs(x19) ^ x26)))) * x12) - ((Recip((x8 + (Abs(x27) ^ (Abs((x26 * x12)) ^ ((x21 * x20) - ((x1 + x24) * -1.485621768937638)))))) - (x17 + 6.418443696318195e-2)) - x20)) - (x27 * x26)) - x27)) * x18) / (Abs(x28) ^ (x1 - (x22 * x26))))) + (Abs(((x15 * x8) - x6)) ^ (Abs((Abs(x12) ^ ((Abs(x27) ^ (Abs((x26 * x8)) ^ (x22 - ((x1 + x24) * 0.7895766182226844)))) * x12))) ^ x16))),-2.102895732819889e-2;-1.485621768937638;6.418443696318195e-2;0.7895766182226844,99,0.11392754502686658,0.11392754502686658,4.284530425398171e10,0.5442898198925337,0.5442898198925337,-2.2288127272910435e12,0.11392754502686658,0.11392754502686658,4.284530425398171e10,273.4265569549502,273.4265569549502,4.284530452729434e10
