id,Expression,theta,size,MSE_train,MSE_val,MSE_test,R2_train,R2_val,R2_test,nll_train,nll_val,nll_test,mdl_train,mdl_val,mdl_test
0,Recip(((x16 * Recip(x6)) - ((((x21 / (Recip((Recip((x26 / x3)) + Recip(x7))) + x25)) * (Abs(1.5506036404081425) ^ x7)) - ((x30 / x7) * 0.6879366749683371)) * (x16 * ((x30 / x7) * (Abs(((((Abs(x6) ^ (((x21 / (x6 + Recip(x6))) * (Abs(0.7973349712052756) ^ x9)) - ((x26 * -0.37775157457218195) * -0.6190795749030158))) * x11) - (Recip((-2.0882256368841414 * x1)) - Recip(Recip(((x30 / x7) + (x26 * (x11 + x25))))))) / ((x1 + x16) * (Abs((Recip(x6) * (Abs(3.543421645396352) ^ x9))) ^ (x7 + -17.701995125669068))))) ^ (x26 / (Abs(x30) ^ x6)))))))),1.5506036404081425;0.6879366749683371;0.7973349712052756;-0.37775157457218195;-0.6190795749030158;-2.0882256368841414;3.543421645396352;-17.701995125669068,100,8.277925795026145e-2,8.277925795026145e-2,23.741316658727023,0.6688829681989542,0.6688829681989542,-1234.0232925869325,8.277925795026145e-2,8.277925795026145e-2,23.741316658727023,268.88735274229356,268.88735274229356,292.5458901430703
