id,Expression,theta,size,MSE_train,MSE_val,MSE_test,R2_train,R2_val,R2_test,nll_train,nll_val,nll_test,mdl_train,mdl_val,mdl_test
0,(Abs((Recip(((x5 - x24) / Recip(Recip((1.4151854498359264 - x12))))) + x8)) ^ ((((x25 + (x9 * x25)) - (x8 / (Abs((x30 - x20)) ^ ((x8 - x24) / x27)))) + ((x9 - x12) - (x15 * Recip(x18)))) / (Abs(Recip(((x5 - x24) / Recip(Recip((9.343573317557727e-2 - x12)))))) ^ Recip((Abs((x24 + Recip(x20))) ^ -0.23316628143409784))))),1.4151854498359264;9.343573317557727e-2;-0.23316628143409784,62,4.9132349149978764e-2,4.9132349149978764e-2,Infinity,0.8034706034000849,0.8034706034000849,-Infinity,4.9132349149978764e-2,4.9132349149978764e-2,Infinity,167.6906943071275,167.6906943071275,Infinity
