id,Expression,theta,size,MSE_train,MSE_val,MSE_test,R2_train,R2_val,R2_test,nll_train,nll_val,nll_test,mdl_train,mdl_val,mdl_test
0,((Abs(2.676273859255674e-2) ^ x28) / Recip((6.981674603917102 / ((((0.5745047420900108 / ((Abs(Recip((x10 + (Abs(x25) ^ x30)))) ^ x30) / (Abs(x9) ^ x30))) * x28) / (x12 * x27)) + (Abs(((x10 + (Abs(x25) ^ x21)) / x11)) ^ x4))))),2.676273859255674e-2;6.981674603917102;0.5745047420900108,43,4.159350829491513e-2,4.159350829491513e-2,7.168364720740744e-2,0.8336259668203395,0.8336259668203395,-2.7289833277291926,4.159350829491513e-2,4.159350829491513e-2,7.168364720740744e-2,102.6273762311668,102.6273762311668,102.6574663700793
