id,Expression,theta,size,MSE_train,MSE_val,MSE_test,R2_train,R2_val,R2_test,nll_train,nll_val,nll_test,mdl_train,mdl_val,mdl_test
0,(Abs(x27) ^ (Abs(x17) ^ (x9 * ((Recip(x25) + (x10 - x14)) + ((23.80652584889546 + Recip(((Abs((x27 / x21)) ^ (Recip((x7 / x2)) * (x21 + x9))) - x21))) * (x9 * ((-2.820380227897132 + x21) + ((x20 + Recip((Recip(((Abs((x20 + ((x27 / x22) + Recip(x17)))) ^ x15) / Recip((Abs(x14) ^ ((x0 + x18) / (x15 + x4)))))) / x14))) * ((29.756489736652608 + (Recip(x25) - x14)) + ((34.935016111077836 + Recip(x14)) * (x22 - (Recip((Abs((Abs(x22) ^ x6)) ^ Recip((x21 - (Abs(x5) ^ x21))))) * ((Abs(x21) ^ x25) + (Abs(x5) ^ x6)))))))))))))),23.80652584889546;-2.820380227897132;29.756489736652608;34.935016111077836,108,4.6032171011661405e-2,4.6032171011661405e-2,0.13665349156458143,0.8158713159533544,0.8158713159533544,-6.108714631189255,4.6032171011661405e-2,4.6032171011661405e-2,0.13665349156458143,311.4953075451104,311.4953075451104,311.5859288656633
