id,Expression,theta,size,MSE_train,MSE_val,MSE_test,R2_train,R2_val,R2_test,nll_train,nll_val,nll_test,mdl_train,mdl_val,mdl_test
0,(Abs(((x1 * (((x0 - x27) - x27) + (x22 / x4))) / (Recip((((x9 / ((x13 / (Recip(((x7 + (Abs(x5) ^ x13)) / (x18 + x19))) / Recip(Recip((Abs((x8 - (x19 * x6))) ^ (x27 * x26)))))) / (x3 - ((Recip((x16 + x13)) / x9) * x22)))) * -13.148820540940866) / Recip(x19))) + x27))) ^ (Recip((((x2 + x16) / Recip(x28)) - ((x7 * -10.750869496264583) / ((x19 / x22) / (((x4 * 12.588290849943492) / Recip(x19)) + (x30 + x4)))))) + (-0.9084355759808128 * x3))),-13.148820540940866;-10.750869496264583;12.588290849943492;-0.9084355759808128,91,5.574578881024381e-2,5.574578881024381e-2,3.3868281688542043,0.7770168447590248,0.7770168447590248,-175.18280134378898,5.574578881024381e-2,5.574578881024381e-2,3.3868281688542043,286.7682411347007,286.7682411347007,290.09932351474464
