id,Expression,theta,size,MSE_train,MSE_val,MSE_test,R2_train,R2_val,R2_test,nll_train,nll_val,nll_test,mdl_train,mdl_val,mdl_test
0,Recip((((((x27 / x18) * x11) * (Abs(x17) ^ x29)) / (Recip(Recip(x12)) + (((Abs(x27) ^ (((x24 + x24) + x26) * x24)) / ((Abs((x24 / (x19 - x27))) ^ x5) * x1)) + Recip(Recip((x5 - x10)))))) + (Abs(Recip(((x6 - x30) - x17))) ^ ((((x28 * (Abs((x1 + (x1 + Recip(x2)))) ^ (x10 + (x26 + (x10 * (x23 + (Abs(x27) ^ -1.1022053141521289))))))) * x11) * (Abs((x29 * x22)) ^ x29)) / (Recip(x2) + (Abs(((Abs(x23) ^ -2.199559969398757) * x23)) ^ (Abs((((x14 - Recip(Recip(x27))) * x24) / x9)) ^ x18))))))),-1.1022053141521289;-2.199559969398757,107,8.831376107895612e-2,8.831376107895612e-2,541.4941674024486,0.6467449556841756,0.6467449556841756,-28167.526588274304,8.831376107895612e-2,8.831376107895612e-2,541.4941674024486,319.78448976349887,319.78448976349887,861.1903434048686
