id,Expression,theta,size,MSE_train,MSE_val,MSE_test,R2_train,R2_val,R2_test,nll_train,nll_val,nll_test,mdl_train,mdl_val,mdl_test
0,((Abs(Recip((((Abs(x4) ^ x8) + (Recip(x13) * 2.119686388822306)) + ((x21 + ((x2 * x10) / (Abs(x6) ^ x17))) * ((x29 * x2) + Recip(Recip(((Abs(x23) ^ x2) * x6)))))))) ^ (((x11 * 4.293834619336654) + (Abs(x16) ^ (x2 * x28))) + Recip(((Abs(x9) ^ -2.1696927458245963) / x27)))) + (Abs(Recip(Recip(Recip((x16 * (x10 * (x25 * (x19 * x11)))))))) ^ ((Recip(((x7 / x6) * x6)) / Recip(((Recip(((x7 / x6) * x6)) / Recip((x10 * x17))) * x17))) / ((((x25 - x9) * x4) - x25) - Recip((Abs(-0.7619033566953552) ^ x26)))))),2.119686388822306;4.293834619336654;-2.1696927458245963;-0.7619033566953552,104,6.43911834476644e-2,6.43911834476644e-2,0.2470219961247042,0.7424352662093424,0.7424352662093424,-11.850084238406623,6.43911834476644e-2,6.43911834476644e-2,0.2470219961247042,312.84165883350994,312.84165883350994,313.024289646187
