id,Expression,theta,size,MSE_train,MSE_val,MSE_test,R2_train,R2_val,R2_test,nll_train,nll_val,nll_test,mdl_train,mdl_val,mdl_test
0,(Abs((Abs((Abs(x8) ^ x11)) ^ (Abs(((x30 / x15) - (((x2 + (Abs(x13) ^ x9)) / (Abs(x14) ^ 0.19807062054317817)) + (((x6 - ((x22 - (x6 * x21)) - x0)) * x27) + (0.9634634802740862 / (Abs((Abs((Abs(Recip((x5 * (x8 / x29)))) ^ (Abs(x12) ^ (x27 / x19)))) ^ (x6 - (x4 / (Abs((x27 * x7)) ^ x7))))) ^ x14)))))) ^ (Abs(x14) ^ -2.5221539998071947)))) ^ 1.2088392470014038),0.19807062054317817;0.9634634802740862;-2.5221539998071947;1.2088392470014038,74,3.3027055451879346e-2,3.3027055451879346e-2,Infinity,0.8678917781924826,0.8678917781924826,-Infinity,3.3027055451879346e-2,3.3027055451879346e-2,Infinity,202.03501241278377,202.03501241278377,Infinity
