id,Expression,theta,size,MSE_train,MSE_val,MSE_test,R2_train,R2_val,R2_test,nll_train,nll_val,nll_test,mdl_train,mdl_val,mdl_test
0,Recip((Abs((Recip(((x9 / (((Abs(x5) ^ x1) + 12.714776704420784) - ((x19 / x6) + -11.80334761201597))) - x13)) / x9)) ^ Recip((Abs((x15 * -15.94057153543836)) ^ (((x29 * (x5 + 10.289980152301819)) - (x7 / x5)) * ((Recip(x24) * x26) - x8)))))),12.714776704420784;-11.80334761201597;-15.94057153543836;10.289980152301819,44,4.04054633216871e-2,4.04054633216871e-2,0.10684411527804995,0.8383781467132516,0.8383781467132516,-4.558030876763946,4.04054633216871e-2,4.04054633216871e-2,0.10684411527804995,120.76240360914574,120.76240360914574,120.8288422611021
