id,Expression,theta,size,MSE_train,MSE_val,MSE_test,R2_train,R2_val,R2_test,nll_train,nll_val,nll_test,mdl_train,mdl_val,mdl_test
0,(Abs(Recip(x9)) ^ ((-1.8955711296682012 - (x2 + Recip(((Abs(x21) ^ (x13 * 2.209325335870598)) / (Abs(x3) ^ x18))))) / (Abs((x20 + (Recip((-0.20163811491302094 + (Recip(Recip((x0 / (x17 / x0)))) + ((Abs((Abs(x16) ^ x26)) ^ (x7 * (Abs(x19) ^ x29))) / Recip(x28))))) + Recip(Recip(((Abs((Abs(x2) ^ Recip(Recip(((Abs((x28 / x2)) ^ x13) + x0))))) ^ x25) / x4)))))) ^ ((Abs(x29) ^ x13) - (-0.9968090329169607 + x1))))),-1.8955711296682012;2.209325335870598;-0.20163811491302094;-0.9968090329169607,80,0.10390513641238248,0.10390513641238248,0.16553394764505225,0.5843794543504701,0.5843794543504701,-7.61107595649529,0.10390513641238248,0.10390513641238248,0.16553394764505225,222.20633705231822,222.20633705231822,222.2679658635509
