id,Expression,theta,size,MSE_train,MSE_val,MSE_test,R2_train,R2_val,R2_test,nll_train,nll_val,nll_test,mdl_train,mdl_val,mdl_test
0,((x19 + ((Recip(((Abs(((x18 + x6) + x19)) ^ x25) / x6)) + x21) * 2.6010741909195616)) + ((((((x21 + x19) + ((x13 - (Abs(((x19 + x3) + x13)) ^ x18)) + 3.244623800552777)) + 2.230701847507567) * x18) + -1.0592310206551332) + ((((x21 + ((((x25 + ((-0.801699743566572 + x22) * 2.3516715184324384)) - x17) + (((Abs(x17) ^ x19) + (x25 + (x18 * ((((x25 + x25) * x1) + ((x13 - (Abs((0.4512800591599406 + x14)) ^ x18)) + 1.2319205596833617e-2)) + (x25 + x21))))) + x30)) + -2.0073507337485763)) + x1) * x25) * -0.2690703772649652))),2.6010741909195616;3.244623800552777;2.230701847507567;-1.0592310206551332;-0.801699743566572;2.3516715184324384;0.4512800591599406;1.2319205596833617e-2;-2.0073507337485763;-0.2690703772649652,92,3.5459101232554704e-2,3.5459101232554704e-2,9.22722056439899e-2,0.8581635950697812,0.8581635950697812,-3.800000137600171,3.5459101232554704e-2,3.5459101232554704e-2,9.22722056439899e-2,259.1460892678793,259.1460892678793,259.20290237229074
