id,Expression,theta,size,MSE_train,MSE_val,MSE_test,R2_train,R2_val,R2_test,nll_train,nll_val,nll_test,mdl_train,mdl_val,mdl_test
0,(Abs(x27) ^ (Abs((Abs(x5) ^ (((Abs(x10) ^ x8) / ((x26 / x27) * x27)) * x27))) ^ ((4.8327709785225865 - Recip(x27)) + (((((Abs((x7 - Recip((Abs(x1) ^ (x10 - x29))))) ^ x29) * x16) * x28) + ((((Abs(((Abs(((Abs((x15 / ((x26 / x27) * x24))) ^ x8) - Recip(x27))) ^ x0) - Recip((Abs(x1) ^ x12)))) ^ x29) * x16) * x27) * (Abs(x5) ^ (((Abs(x10) ^ x8) / ((x26 / x27) * x27)) * x27)))) + 4.69307621415578)))),4.8327709785225865;4.69307621415578,89,2.591368663099281e-2,2.591368663099281e-2,0.11479449301326901,0.8963452534760288,0.8963452534760288,-4.971609526550026,2.591368663099281e-2,2.591368663099281e-2,0.11479449301326901,234.45414139133456,234.45414139133456,234.54302219771685
