id,Expression,theta,size,MSE_train,MSE_val,MSE_test,R2_train,R2_val,R2_test,nll_train,nll_val,nll_test,mdl_train,mdl_val,mdl_test
0,(Recip(((((Abs(((Recip((((Abs((x12 * x14)) ^ x29) * x28) * 0.3321207189550562)) * x26) - x3)) ^ x2) * (Abs((x4 * x13)) ^ Recip((x8 / x7)))) + (x3 + 1.0296860513913693)) / ((Abs(((x25 - x15) + (Recip(((Abs(Recip((x25 - x15))) ^ x26) - x21)) + (Abs((x11 / x22)) ^ 8.52338963198364)))) ^ ((x18 * 0.13289936115144385) - x25)) / ((Abs((x15 / x22)) ^ (x21 / x16)) + (Abs((x21 + x28)) ^ x25))))) + (Abs(Recip(((Abs(x25) ^ ((x25 - x15) * -0.6936965813871616)) + x27))) ^ Recip(x15))),0.3321207189550562;1.0296860513913693;8.52338963198364;0.13289936115144385;-0.6936965813871616,94,9.803539753630497e-2,9.803539753630497e-2,1.2829836770134746e43,0.6078584098547801,0.6078584098547801,-6.6740810878238405e44,9.803539753630497e-2,9.803539753630497e-2,1.2829836770134746e43,273.77814459134083,273.77814459134083,1.2829836770134746e43
