id,Expression,theta,size,MSE_train,MSE_val,MSE_test,R2_train,R2_val,R2_test,nll_train,nll_val,nll_test,mdl_train,mdl_val,mdl_test
0,(Abs((x11 + ((x12 - x11) * (Abs(x10) ^ (((x20 + ((Abs(4.128018926906976) ^ ((x15 - ((Abs((Abs(x26) ^ x3)) ^ Recip(x22)) + (x4 + x29))) + ((0.2822829624580393 - x11) * Recip(Recip(x11))))) * x3)) - Recip(((2.070003629239562 - x12) * Recip(Recip(x18))))) * Recip(Recip(x6))))))) ^ (x12 + (x24 + ((Abs(-42.21330761419935) ^ ((x15 - (-3.244347651858496 - (Recip((Abs(Recip(x18)) ^ x5)) + ((x7 * -1.1397120740635713) / ((x15 + Recip((Abs(x16) ^ x0))) / x10))))) + ((-13.862199898086795 - x11) * Recip(Recip(x11))))) * x3)))),4.128018926906976;0.2822829624580393;2.070003629239562;-42.21330761419935;-3.244347651858496;-1.1397120740635713;-13.862199898086795,94,7.262122060410459e-2,7.262122060410459e-2,Infinity,0.7095151175835817,0.7095151175835817,-Infinity,7.262122060410459e-2,7.262122060410459e-2,Infinity,273.3852506305274,273.3852506305274,Infinity
