id,Expression,theta,size,MSE_train,MSE_val,MSE_test,R2_train,R2_val,R2_test,nll_train,nll_val,nll_test,mdl_train,mdl_val,mdl_test
0,(Abs(((x21 - x25) * ((((Abs((x8 + x29)) ^ (Abs((x14 + x18)) ^ Recip((x14 * x30)))) - (x28 + (x18 * (Abs(x10) ^ x10)))) * (Abs(((Abs((x15 * (x14 + x18))) ^ ((((Abs(x29) ^ (x8 / x22)) * (x30 * 144.88331460827908)) * x21) + (x13 + (x16 * (x21 - ((-21.096982756318972 * (x10 - ((x10 - ((x28 / (Abs(x28) ^ ((Abs(x0) ^ x21) * (Abs(x15) ^ x10)))) * (x21 - (x15 * (x14 + x18))))) * (Abs(x15) ^ x10)))) * (x14 + x18))))))) * 22.563142564952194)) ^ (Abs((x10 * x15)) ^ (x24 * x23)))) * -3.5219335311427282))) ^ (x1 + x15)),144.88331460827908;-21.096982756318972;22.563142564952194;-3.5219335311427282,110,7.982289616898901e-2,7.982289616898901e-2,1.0216094956684025e147,0.6807084153240439,0.6807084153240439,-5.314412596466827e148,7.982289616898901e-2,7.982289616898901e-2,1.0216094956684025e147,311.5290982702677,311.5290982702677,1.0216094956684025e147
