id,Expression,theta,size,MSE_train,MSE_val,MSE_test,R2_train,R2_val,R2_test,nll_train,nll_val,nll_test,mdl_train,mdl_val,mdl_test
0,((x4 / (Abs(x0) ^ -4.8936168057514955)) - ((x0 - ((x13 - x14) + x24)) - ((Abs(((Abs(x21) ^ (x4 + ((Abs(x26) ^ 0.6853140142473554) + (x19 + x23)))) - (((((-0.2651150061896409 * x28) * ((x26 * ((x22 / x14) - (x4 * x19))) + x5)) / x11) + x0) * (Abs(x0) ^ -5.6237289169394106e-2)))) ^ (Recip((x3 / x29)) + x16)) - (x4 * x25)))),-4.8936168057514955;0.6853140142473554;-0.2651150061896409;-5.6237289169394106e-2,65,6.667863694991301e-2,6.667863694991301e-2,7.649198752470736e23,0.733285452200348,0.733285452200348,-3.979113191035126e25,6.667863694991301e-2,6.667863694991301e-2,7.649198752470736e23,190.74990845782665,190.74990845782665,7.649198752470736e23
