id,Expression,theta,size,MSE_train,MSE_val,MSE_test,R2_train,R2_val,R2_test,nll_train,nll_val,nll_test,mdl_train,mdl_val,mdl_test
0,(Abs(x24) ^ (Abs(((x9 * x5) / (x15 + (Recip((x13 + (((Abs(Recip((x21 * (Abs(x9) ^ x18)))) ^ x6) * Recip(Recip((x17 + x15)))) + (-1.3403102114816785 * x9)))) - x21)))) ^ (x24 + (((x24 * 7.717883769737419) + (((13.580187708662079 * x9) + x27) + -4.551697245952947)) + (x6 - (x30 * (((x0 - x28) * x5) + -18.37342008505797))))))),-1.3403102114816785;7.717883769737419;13.580187708662079;-4.551697245952947;-18.37342008505797,61,2.691121200883497e-2,2.691121200883497e-2,8.549191453913936e-2,0.8923551519646601,0.8923551519646601,-3.4472893943258596,2.691121200883497e-2,2.691121200883497e-2,8.549191453913936e-2,170.7836508045863,170.7836508045863,170.84223150711662
