id,Expression,theta,size,MSE_train,MSE_val,MSE_test,R2_train,R2_val,R2_test,nll_train,nll_val,nll_test,mdl_train,mdl_val,mdl_test
0,(Abs(x24) ^ (Abs(x25) ^ (((x3 - x24) * (-221.28217028309402 + (Abs(x24) ^ (Abs(x10) ^ (Abs((((Abs((x14 * x0)) ^ (Abs(((x7 * x10) + x4)) ^ x0)) + (Abs(x11) ^ x17)) / ((((x8 - x17) / Recip((x30 + x6))) * (Recip(x27) * ((x0 - x11) + x14))) * (Abs((Abs((Abs((x16 / x24)) ^ x21)) ^ ((x23 + (x24 / (Abs(x1) ^ x2))) / x22))) ^ ((((x17 * x29) * x10) - x27) - ((x28 * (x4 + x4)) + x5)))))) ^ Recip((((Abs(x10) ^ x13) / x24) / x10))))))) * x19))),-221.28217028309402,103,6.01178282838736e-2,6.01178282838736e-2,0.207191331887967,0.7595286868645056,0.7595286868645056,-9.778093084811633,6.01178282838736e-2,6.01178282838736e-2,0.207191331887967,311.97634908025924,311.97634908025924,312.1234225838633
