id,Expression,theta,size,MSE_train,MSE_val,MSE_test,R2_train,R2_val,R2_test,nll_train,nll_val,nll_test,mdl_train,mdl_val,mdl_test
0,(Abs(Recip((Abs((((x21 / x12) - (x0 * x9)) * x9)) ^ (((((0.9792757306617206 - (x6 - (x20 * (Abs(x5) ^ (x5 * x11))))) * -6.971679991298411) * ((Abs(Recip((x9 / x29))) ^ (Abs(x22) ^ x28)) * ((x25 / x12) - (x23 * 14.485259633773978)))) / (((Abs(((x23 + x27) - x30)) ^ (x24 + 8.44692953297092)) + x19) + (((Abs(x14) ^ (x26 * (2.5030326074425937 / x22))) - (x22 / (x11 / x19))) + ((Abs(x28) ^ x4) + x6)))) + (x6 - (x29 * (Recip((x29 + x30)) - x0))))))) ^ x14),0.9792757306617206;-6.971679991298411;14.485259633773978;8.44692953297092;2.5030326074425937,94,4.007670736795793e-2,4.007670736795793e-2,Infinity,0.8396931705281683,0.8396931705281683,-Infinity,4.007670736795793e-2,4.007670736795793e-2,Infinity,283.4820471837403,283.4820471837403,Infinity
