id,Expression,theta,size,MSE_train,MSE_val,MSE_test,R2_train,R2_val,R2_test,nll_train,nll_val,nll_test,mdl_train,mdl_val,mdl_test
0,(Abs(Recip(((x3 / x21) / (x18 / Recip((Abs(x17) ^ (x17 * (x23 * (Abs((x21 / x0)) ^ (x17 * x18)))))))))) ^ (Recip(((Abs(((Abs(-22.76233937378128) ^ (x28 - (x4 * -18.416820698416267))) * Recip((Abs(x23) ^ x17)))) ^ (((x30 - (x17 + (x5 / x21))) - (x19 * 2.139285695281447)) + (Recip(((((Abs(x23) ^ x27) + x18) / (x18 / Recip(x18))) / (20.400993172484075 * x18))) * Recip(x3)))) / (x30 * (Recip(x3) - x26)))) + (x26 * x19))),-22.76233937378128;-18.416820698416267;2.139285695281447;20.400993172484075,84,1.2474235490448087e-2,1.2474235490448087e-2,6.419660765449384e-2,0.9501030580382076,0.9501030580382076,-2.339507530186642,1.2474235490448087e-2,1.2474235490448087e-2,6.419660765449384e-2,230.68385929914774,230.68385929914774,230.73558167131176
