id,Expression,theta,size,MSE_train,MSE_val,MSE_test,R2_train,R2_val,R2_test,nll_train,nll_val,nll_test,mdl_train,mdl_val,mdl_test
0,(Abs((((((x18 + (((x25 * -1397.1381153450748) - x24) * Recip(((Abs((x19 * x26)) ^ x3) / x23)))) + x28) * x29) + (x26 * 61.49208154375564)) / (Recip(x20) * ((((Recip((x26 / ((Recip(Recip((x25 * x17))) + ((x22 / (x0 / x13)) * (Recip(x30) + (((x25 / ((Abs(x24) ^ x4) * ((Abs(x2) ^ x30) / x12))) - x17) + x7)))) - (Abs(x7) ^ x16)))) - ((Abs(x9) ^ x25) + x24)) / x15) - ((Abs(x3) ^ x11) / (((x18 * (Abs(x19) ^ x24)) * x25) * x15))) * ((x18 * x24) + x22))))) ^ (x18 + x17)),-1397.1381153450748;61.49208154375564,105,0.14348425444660415,0.14348425444660415,0.15790465066824536,0.4260629822135834,0.4260629822135834,-7.214199927761809,0.14348425444660415,0.14348425444660415,0.15790465066824536,330.05963027567566,330.05963027567566,330.0740506718973
