id,Expression,theta,size,MSE_train,MSE_val,MSE_test,R2_train,R2_val,R2_test,nll_train,nll_val,nll_test,mdl_train,mdl_val,mdl_test
0,(Recip((((Abs((Abs((x27 * (Abs(x3) ^ x9))) ^ ((1.004650244521252 + (x17 * -9.90280659192253)) * ((x12 * ((((x27 * -0.13225287221499565) * (x28 / (Abs(x3) ^ x9))) + (x25 * x6)) + (x27 * x6))) + (x18 + x18))))) ^ (Abs(((x30 * x2) + (x25 * x6))) ^ x18)) * (x9 / x12)) + x27)) + (((Abs((x0 - x24)) ^ (x11 - x2)) + (((Abs(((Abs(x24) ^ ((x9 / (x19 + (x22 + x30))) + (Abs(x12) ^ x27))) * x10)) ^ x25) + (x18 * -1.7513839465388004)) * 1.1706897161664171)) * ((x28 * (x27 * x0)) + ((x27 * -6.618498229315895) + x18)))),1.004650244521252;-9.90280659192253;-0.13225287221499565;-1.7513839465388004;1.1706897161664171;-6.618498229315895,105,8.451510565207768e-2,8.451510565207768e-2,Infinity,0.6619395773916893,0.6619395773916893,-Infinity,8.451510565207768e-2,8.451510565207768e-2,Infinity,305.1776828190549,305.1776828190549,Infinity
