id,Expression,theta,size,MSE_train,MSE_val,MSE_test,R2_train,R2_val,R2_test,nll_train,nll_val,nll_test,mdl_train,mdl_val,mdl_test
0,((Recip((Abs((x1 * x6)) ^ x15)) - (((Abs(x1) ^ x22) + (Abs(Recip(((x23 / x27) + ((Recip(Recip((x7 + x11))) / ((Abs(x9) ^ x9) * x23)) / (Abs((x1 * x23)) ^ x15))))) ^ x15)) - (Abs(x2) ^ Recip(((x15 / x27) + x2))))) + 8.646640219144275e-2),8.646640219144275e-2,52,8.547535797788632e-2,8.547535797788632e-2,0.15951283074251363,0.6580985680884548,0.6580985680884548,-7.297857455225241,8.547535797788632e-2,8.547535797788632e-2,0.15951283074251363,130.41328918456384,130.41328918456384,130.48732665732845
