id,Expression,theta,size,MSE_train,MSE_val,MSE_test,R2_train,R2_val,R2_test,nll_train,nll_val,nll_test,mdl_train,mdl_val,mdl_test
0,Recip((Recip((Abs((Abs((Recip(Recip(((Recip(((Abs(x10) ^ x28) + (x16 * (x8 + x0)))) - ((Abs((Abs(x15) ^ x14)) ^ x5) * ((x29 + x11) / x28))) / Recip(((Recip((x24 * x29)) * (Abs(x11) ^ Recip(x14))) / (Recip((x17 + x24)) + (Recip(x1) * x10))))))) * (x9 * (Recip(x15) * x15)))) ^ x20)) ^ (Abs((x17 + (4.783998153682797 / x20))) ^ x27))) + (x29 * (x9 * (((0.15468801160367354 + x27) * (Recip(x15) * x25)) * ((Recip((Abs(x21) ^ 5.067214062838494)) * (x9 * (3.1263328456898054e-2 * x29))) * (3.9335161117834008 + x27))))))),4.783998153682797;0.15468801160367354;5.067214062838494;3.1263328456898054e-2;3.9335161117834008,100,0.11926535855071588,0.11926535855071588,0.1894375122538518,0.5229385657971365,0.5229385657971365,-8.854539387444994,0.11926535855071588,0.11926535855071588,0.1894375122538518,296.2558412464252,296.2558412464252,296.3260134001283
