id,Expression,theta,size,MSE_train,MSE_val,MSE_test,R2_train,R2_val,R2_test,nll_train,nll_val,nll_test,mdl_train,mdl_val,mdl_test
0,(Abs(x11) ^ (Abs((((x18 * 45.48477332793841) + 3.3768914672512595) / (Recip(x10) / (((x18 / x23) + x20) - (Abs(Recip((x11 / ((Abs(x20) ^ (x1 * ((x20 - (x10 * x9)) - (x1 * Recip((Abs(((Recip((Abs(x20) ^ x20)) / ((x22 + Recip((x3 + (x24 / x7)))) + (Abs(x3) ^ x20))) * (((x27 - (x25 + (x11 + Recip(x11)))) / (x22 * x29)) - x23))) ^ 5.269578461995986)))))) * x9)))) ^ (((((Abs(x28) ^ x24) - x0) * x20) * x16) * Recip(((x19 / x13) / Recip((((x30 - (Abs(11.191806505704337) ^ x21)) / x13) / x3)))))))))) ^ (x25 * 998.5820488215655))),45.48477332793841;3.3768914672512595;5.269578461995986;11.191806505704337;998.5820488215655,108,1.0000000000000063e-2,1.0000000000000063e-2,Infinity,0.9599999999999997,0.9599999999999997,-Infinity,1.0000000000000063e-2,1.0000000000000063e-2,Infinity,329.89824650734516,329.89824650734516,Infinity
