id,Expression,theta,size,MSE_train,MSE_val,MSE_test,R2_train,R2_val,R2_test,nll_train,nll_val,nll_test,mdl_train,mdl_val,mdl_test
0,((Abs(((((Recip((((x28 + x23) / (x17 / Recip(x26))) - ((Abs(x17) ^ (-0.6491081572521703 + x7)) * (-0.8376980212788863 / x4)))) + x5) * ((x18 * 0.35708123211353077) + (x29 * x28))) + (Abs((Recip(x0) - (x9 - (x6 * ((Abs((x28 / (Recip((x18 * 0.977281566729439)) - (Abs((x8 / ((x8 - (Recip(x20) + (Recip(x27) + -0.12678255853607176))) / x6))) ^ -0.4220417117836778)))) ^ x18) + Recip(x15)))))) ^ 7.1531505421109225)) * (x17 + ((-0.15259999809649413 - x0) + x22)))) ^ x6) * x27),-0.6491081572521703;-0.8376980212788863;0.35708123211353077;0.977281566729439;-0.12678255853607176;-0.4220417117836778;7.1531505421109225;-0.15259999809649413,83,9.373697652545414e-2,9.373697652545414e-2,0.1649345392075081,0.6250520938981834,0.6250520938981834,-7.579894729574244,9.373697652545414e-2,9.373697652545414e-2,0.1649345392075081,247.98193574366522,247.98193574366522,248.05313330634726
