id,Expression,theta,size,MSE_train,MSE_val,MSE_test,R2_train,R2_val,R2_test,nll_train,nll_val,nll_test,mdl_train,mdl_val,mdl_test
0,(((((Abs(((((Abs(((Abs((x17 + x12)) ^ (x21 + (((Abs(Recip(((Abs(x29) ^ x2) - x10))) ^ (x17 * (x15 * x20))) + x9) - x11))) + (x2 * x15))) ^ (Abs((x10 - Recip((Abs((x17 + x12)) ^ x3)))) ^ (Abs((x3 - x21)) ^ ((x30 / (x16 + x5)) * x17)))) + ((((Abs(x9) ^ x10) / x17) * ((x11 - x12) / x20)) + Recip((x9 - x15)))) * (x15 * x20)) + x27)) ^ 0.5226797129349183) + -4.979793264761659) + (5.395266991783116 / ((Abs(x21) ^ -1.2608457864169225) / ((5.942234900426605 / ((Abs(x21) ^ -1.2376643205028857) / (x30 + -4.977641724245153))) + 17.255504698301248)))) + x14) * x15),0.5226797129349183;-4.979793264761659;5.395266991783116;-1.2608457864169225;5.942234900426605;-1.2376643205028857;-4.977641724245153;17.255504698301248,107,3.5330241047971056e-2,3.5330241047971056e-2,Infinity,0.8586790358081158,0.8586790358081158,-Infinity,3.5330241047971056e-2,3.5330241047971056e-2,Infinity,301.04277497024634,301.04277497024634,Infinity
