id,Expression,theta,size,MSE_train,MSE_val,MSE_test,R2_train,R2_val,R2_test,nll_train,nll_val,nll_test,mdl_train,mdl_val,mdl_test
0,(Abs((0.36703261633361794 / (Recip(x25) + (((x8 * x17) - x6) * (Abs((((x13 + x25) - x18) - x16)) ^ ((((((x20 * 5.864258891837876e-2) + x16) - ((x8 * x17) - (x17 * x11))) * (Abs((x26 * (x13 + x27))) ^ ((x3 + (x20 - x16)) + x16))) + x21) + 0.1901985681587703)))))) ^ (Abs((Recip(x21) + (x29 / (((Abs(x15) ^ x25) - x21) - (Abs((Abs(x29) ^ x9)) ^ (Abs(x5) ^ x6)))))) ^ ((x19 - ((x20 * 0.772482807418815) + x16)) + ((-0.2531881330053749 * ((x0 - x30) * x8)) + (Recip(x26) + x27))))),0.36703261633361794;5.864258891837876e-2;0.1901985681587703;0.772482807418815;-0.2531881330053749,98,8.999999999999997e-2,8.999999999999997e-2,0.23645442981323106,0.6400000000000001,0.6400000000000001,-11.30035943888381,8.999999999999997e-2,8.999999999999997e-2,0.23645442981323106,296.7153179403896,296.7153179403896,296.86177237020286
