id,Expression,theta,size,MSE_train,MSE_val,MSE_test,R2_train,R2_val,R2_test,nll_train,nll_val,nll_test,mdl_train,mdl_val,mdl_test
0,(x0 + (x4 * ((((-4.083971930485938 / (Recip((Abs((x30 - (x22 / (Abs(x11) ^ x30)))) ^ (x25 - x5))) + ((x3 / (0.7147577770261032 + x2)) * (x2 + (x28 / x11))))) - x6) + ((Abs(x3) ^ -0.817004541567301) - ((((x10 - x27) / x27) + x21) + x19))) - (Abs((Recip(x1) * x0)) ^ x10)))),-4.083971930485938;0.7147577770261032;-0.817004541567301,57,9.741539776228965e-2,9.741539776228965e-2,87.49888407294785,0.6103384089508415,0.6103384089508415,-4550.691949474573,9.741539776228965e-2,9.741539776228965e-2,87.49888407294785,166.27860884200723,166.27860884200723,253.68007751719279
