id,Expression,theta,size,MSE_train,MSE_val,MSE_test,R2_train,R2_val,R2_test,nll_train,nll_val,nll_test,mdl_train,mdl_val,mdl_test
0,(1.3051999170409667e-2 + Recip((((x11 + ((x4 / (x3 * x7)) / (Abs((Recip(Recip(Recip(((((Abs((x6 - x4)) ^ (2.396210129595938 - x6)) + ((x4 / x6) / (Abs((Recip(Recip((((x11 + ((x4 / (Recip(x16) * x3)) / (Abs(Recip(Recip((Recip(x11) * (((x8 + Recip(x4)) / x29) - ((x4 / (Recip(x16) * x7)) / x12)))))) ^ x3))) + x3) + (Abs(x6) ^ x2)))) - x4)) ^ (4.125673673012251 - x6)))) + x3) + -1.320541680807257)))) - x4)) ^ (-8.325207734003277 - x6)))) + x3) + 0.8283664786678347))),1.3051999170409667e-2;2.396210129595938;4.125673673012251;-1.320541680807257;-8.325207734003277;0.8283664786678347,90,2.7820199440671045e-2,2.7820199440671045e-2,0.11979031781227997,0.8887192022373158,0.8887192022373158,-5.2314923325945655,2.7820199440671045e-2,2.7820199440671045e-2,0.11979031781227997,240.85095444421904,240.85095444421904,240.94292456259066
