id,Expression,theta,size,MSE_train,MSE_val,MSE_test,R2_train,R2_val,R2_test,nll_train,nll_val,nll_test,mdl_train,mdl_val,mdl_test
0,(x5 + (Recip((Abs(((Abs(((Abs((-2.206041155154065e-6 * x24)) ^ x11) / x30)) ^ (((x19 * x17) * x1) * (x29 / x23))) + (((x24 * x9) + (x18 / x30)) + (((Abs(((Abs((x17 * x28)) ^ x30) / x30)) ^ ((Abs((Abs(x15) ^ ((x21 - x15) + x11))) ^ x2) - (0.5652307890167105 / (x23 / x30)))) / x30) + (Abs(x11) ^ (x28 + x11)))))) ^ (x17 * 1.2453133049841203))) / Recip(((Abs(x11) ^ (x11 + 1.4342993473803027)) + x11)))),-2.206041155154065e-6;0.5652307890167105;1.2453133049841203;1.4342993473803027,82,8.446782123696644e-2,8.446782123696644e-2,57309.145793211974,0.6621287150521342,0.6621287150521342,-2981220.7641627733,8.446782123696644e-2,8.446782123696644e-2,57309.145793211974,225.73056691639403,225.73056691639403,57534.791892307134
