id,Expression,theta,size,MSE_train,MSE_val,MSE_test,R2_train,R2_val,R2_test,nll_train,nll_val,nll_test,mdl_train,mdl_val,mdl_test
0,(8.416299636538858e-3 + ((((x15 / x21) + -0.8330671348426048) * ((x21 + x3) + x27)) * (((Abs(x21) ^ x14) + (((Abs((-0.7894060682162772 * (x21 - x4))) ^ ((x11 / (x9 / (Abs(-0.34859838230457635) ^ x21))) / x3)) + 4.3560109617706155) + ((x5 * 0.3480991346674147) / x10))) / ((Abs((-3.357870333207832 * (x21 - (((x15 / x21) + -1.2472660664740172) * ((x21 + x3) + x27))))) ^ (Abs(((x15 / x21) - x21)) ^ x19)) + (Abs((((x3 * Recip(x26)) + (x1 * (Abs(x22) ^ x27))) * Recip((((x15 / x21) + -0.523628523050596) * ((x21 + x3) + x27))))) ^ x27))))),8.416299636538858e-3;-0.8330671348426048;-0.7894060682162772;-0.34859838230457635;4.3560109617706155;0.3480991346674147;-3.357870333207832;-1.2472660664740172;-0.523628523050596,98,3.4523936967188855e-2,3.4523936967188855e-2,6.659959581884404e11,0.8619042521312446,0.8619042521312446,-3.464510974496035e13,3.4523936967188855e-2,3.4523936967188855e-2,6.659959581884404e11,277.08606576979867,277.08606576979867,6.65995958465492e11
