id,Expression,theta,size,MSE_train,MSE_val,MSE_test,R2_train,R2_val,R2_test,nll_train,nll_val,nll_test,mdl_train,mdl_val,mdl_test
0,Recip((Abs((Recip(((((x10 * x0) / (Abs(-0.5539566184024137) ^ (Abs(((x27 * x22) * (x2 * x22))) ^ x11))) + x22) / Recip(x30))) + x22)) ^ ((Abs(((x30 + x2) - x10)) ^ (Abs(((x16 - (Recip((Abs(0.39305938787289507) ^ (Abs((x28 * (x2 * (x16 - (Recip((Abs(1.2892188369719555e-6) ^ (Abs((x28 * (x2 * x22))) ^ x11))) - x22))))) ^ x11))) - x22)) - x10)) ^ ((x5 - x19) / (x27 * (Abs(((x5 * x18) / (Abs(x28) ^ x25))) ^ x30))))) / x24))),-0.5539566184024137;0.39305938787289507;1.2892188369719555e-6,89,3.252979435576059e-2,3.252979435576059e-2,4.1828309179348426e-2,0.8698808225769576,0.8698808225769576,-1.1759086435096222,3.252979435576059e-2,3.252979435576059e-2,4.1828309179348426e-2,237.50527993678276,237.50527993678276,237.51457845160635
