id,Expression,theta,size,MSE_train,MSE_val,MSE_test,R2_train,R2_val,R2_test,nll_train,nll_val,nll_test,mdl_train,mdl_val,mdl_test
0,(((-2.3626052220168607 * x7) - ((x0 + x30) - x18)) * ((-8.102850578956524 - ((x0 + x30) - x18)) * (((x9 - x15) * 0.883520203566579) - (((Abs(x4) ^ ((x22 - Recip((Recip(x17) / (Abs(x28) ^ x19)))) + (Abs((x8 * (x4 * x6))) ^ (x27 / x4)))) * ((((((Abs((x8 / x14)) ^ (x22 * x8)) + x3) - (Abs((((x20 * x6) * -0.5566785018102869) - (-0.6599534294355238 - x18))) ^ (((x6 * -0.9404876688271405) - (x20 - x18)) * x18))) - ((x9 - x27) / x1)) * 0.17355079249877875) - ((x22 * x8) * -1.2669990175006158))) - x18)))),-2.3626052220168607;-8.102850578956524;0.883520203566579;-0.5566785018102869;-0.6599534294355238;-0.9404876688271405;0.17355079249877875;-1.2669990175006158,96,3.8244399315699534e-2,3.8244399315699534e-2,0.19412962408225318,0.8470224027372019,0.8470224027372019,-9.098623044758424,3.8244399315699534e-2,3.8244399315699534e-2,0.19412962408225318,292.95594446232195,292.95594446232195,293.1118296870885
