id,Expression,theta,size,MSE_train,MSE_val,MSE_test,R2_train,R2_val,R2_test,nll_train,nll_val,nll_test,mdl_train,mdl_val,mdl_test
0,((Recip((Recip(((38.319687662288 * x9) - (Abs(((Abs(((Abs((x19 * 0.9859698856300073)) ^ x27) - (x9 - x24))) ^ (-26.67733415650812 * x9)) - x16)) ^ (14.903437208659126 * x9)))) * (x19 + x10))) * x0) - (x12 * Recip(((x13 / (x18 - x24)) / (x0 * x21))))),38.319687662288;0.9859698856300073;-26.67733415650812;14.903437208659126,47,9.353848112707035e-2,9.353848112707035e-2,48330.53939997258,0.6258460754917186,0.6258460754917186,-2514153.6595864776,9.353848112707035e-2,9.353848112707035e-2,48330.53939997258,127.2698958285583,127.2698958285583,48457.71575732001
