id,Expression,theta,size,MSE_train,MSE_val,MSE_test,R2_train,R2_val,R2_test,nll_train,nll_val,nll_test,mdl_train,mdl_val,mdl_test
0,(Abs((x12 * (x25 + (((x0 * (x7 / x22)) + -0.2913673536181502) + (x23 - x3))))) ^ (Abs(Recip((Abs(((x29 + x1) + x1)) ^ (x16 - ((x17 * x20) / (x24 * x30)))))) ^ (-0.5337649908226054 + (x12 * ((x13 - x5) - (Abs(Recip((Abs((x27 - ((x0 * (x7 / x22)) * x3))) ^ (1.3489527484247028 - x3)))) ^ x13)))))),-0.2913673536181502;-0.5337649908226054;1.3489527484247028,62,1.0314881857179445e-2,1.0314881857179445e-2,5.8122015406558945e-2,0.9587404725712823,0.9587404725712823,-2.023507241449081,1.0314881857179445e-2,1.0314881857179445e-2,5.8122015406558945e-2,181.15938321169008,181.15938321169008,181.20719034523947
