id,Expression,theta,size,MSE_train,MSE_val,MSE_test,R2_train,R2_val,R2_test,nll_train,nll_val,nll_test,mdl_train,mdl_val,mdl_test
0,Recip(((x26 / x12) + (((1.6434810715714485 / (8.947850498220255 + (x26 / (x21 + (Abs(x22) ^ Recip((Abs(x4) ^ (((x18 / (x21 + x21)) - x4) * (-1.146313808414889 - (x26 / (0.6761714985056573 / (-1.0284744533635835 + ((x20 - (Abs(x25) ^ Recip((Abs(Recip(((((Abs(x29) ^ x18) * x8) / x13) * x30))) ^ (Abs(x30) ^ ((x30 - (x6 / x12)) / (0.8668633939930095 + x1))))))) - x4))))))))))))) / x12) + x27))),1.6434810715714485;8.947850498220255;-1.146313808414889;0.6761714985056573;-1.0284744533635835;0.8668633939930095,73,0.12757101002215473,0.12757101002215473,9.992178310789677e-2,0.48971595991138106,0.48971595991138106,-4.197931157272592,0.12757101002215473,0.12757101002215473,9.992178310789677e-2,207.22741538502933,207.22741538502933,207.19976615811507
