id,Expression,theta,size,MSE_train,MSE_val,MSE_test,R2_train,R2_val,R2_test,nll_train,nll_val,nll_test,mdl_train,mdl_val,mdl_test
0,(((Abs(((Abs(101.18186251411694) ^ (Abs(((Abs(-2.52270354909739) ^ (Abs((Abs(x1) ^ (Abs((((x9 + x21) * x9) / x10)) ^ (Abs((Abs((Abs(x9) ^ (Abs((Abs(Recip(x29)) ^ x25)) ^ x25))) ^ (Abs(-0.48302517231715286) ^ (Abs(x10) ^ x26)))) ^ 7.960642579097556e-2)))) ^ x25)) * x25)) ^ x9)) * 358.721558850922)) ^ x9) * x21) + -0.10964217744530995),101.18186251411694;-2.52270354909739;-0.48302517231715286;7.960642579097556e-2;358.721558850922;-0.10964217744530995,58,5.436647633762751e-2,5.436647633762751e-2,9.079348584026835e-2,0.78253409464949,0.78253409464949,-3.7230771334105794,5.436647633762751e-2,5.436647633762751e-2,9.079348584026835e-2,112.91213820464525,112.91213820464525,112.94856521414788
