id,Expression,theta,size,MSE_train,MSE_val,MSE_test,R2_train,R2_val,R2_test,nll_train,nll_val,nll_test,mdl_train,mdl_val,mdl_test
0,(Abs((Abs((x23 / x16)) ^ x25)) ^ (Abs(((((((x13 * (Abs(x0) ^ (x21 / (x21 / (x18 - ((x18 + x22) + x6)))))) - x21) * -0.14543442834703102) + x13) - (x24 / x12)) / (Abs(Recip(((7.539074565496351e-2 * (Abs(x24) ^ x23)) * Recip((x27 - x3))))) ^ -2.3302217705751236))) ^ ((Recip((Abs(x1) ^ 1.5654964664632633)) / (Abs(0.985401305639044) ^ (x23 / Recip(Recip((Abs(Recip(((x6 + (x15 * 7.750292954255773e-2)) * (8.193088419753665e-3 * x11)))) ^ (((x14 - x19) - x19) + (x13 * (Abs(x20) ^ (x21 / (0.8724045780895868 + ((x18 - (x4 + x18)) * (Abs(x1) ^ (x26 + x23)))))))))))))) * (-1.7203069779064606 + (x9 - x5))))),-0.14543442834703102;7.539074565496351e-2;-2.3302217705751236;1.5654964664632633;0.985401305639044;7.750292954255773e-2;8.193088419753665e-3;0.8724045780895868;-1.7203069779064606,110,2.9093189488942744e-7,2.9093189488942744e-7,Infinity,0.9999988362724205,0.9999988362724205,-Infinity,2.9093189488942744e-7,2.9093189488942744e-7,Infinity,336.7185410754853,336.7185410754853,Infinity
