id,Expression,theta,size,MSE_train,MSE_val,MSE_test,R2_train,R2_val,R2_test,nll_train,nll_val,nll_test,mdl_train,mdl_val,mdl_test
0,(Abs((x26 * (x22 + (x21 + (Abs(x23) ^ (Abs(((Abs(x2) ^ x16) - Recip((x18 - (Abs(x16) ^ Recip((1.0576754360816927 + x22))))))) ^ x13)))))) ^ (Recip((Abs(x20) ^ x23)) / ((Abs((((Abs(x5) ^ -0.2333600240637357) * ((Abs(x30) ^ -0.1941281949004052) * ((x27 + x27) + x11))) + x22)) ^ (((x15 + (x30 + -5.233680700490279)) / (Recip(x7) * ((Abs(Recip((x1 - x11))) ^ x16) / (Abs(x17) ^ -0.6252813377069358)))) * (Recip(x7) + x3))) + (Recip(x22) * x25)))),1.0576754360816927;-0.2333600240637357;-0.1941281949004052;-5.233680700490279;-0.6252813377069358,85,5.776925993016444e-2,5.776925993016444e-2,0.1281163186890651,0.7689229602793423,0.7689229602793423,-5.664610898204911,5.776925993016444e-2,5.776925993016444e-2,0.1281163186890651,241.15691307351983,241.15691307351983,241.22726013227873
