id,Expression,theta,size,MSE_train,MSE_val,MSE_test,R2_train,R2_val,R2_test,nll_train,nll_val,nll_test,mdl_train,mdl_val,mdl_test
0,(Abs(0.19645312379362245) ^ (Abs((Abs((x6 + x22)) ^ (3.544271903186076 + (x11 + x1)))) ^ ((Abs((Recip(Recip(((Abs(Recip(x10)) ^ x22) + (-8.559570382916833e-2 + (((x13 + (x26 + x0)) / (x3 * Recip(x21))) - (Recip(x13) + x23)))))) * x20)) ^ (x11 - Recip((((x24 * (-0.9148640291065601 + (((x15 / x9) - x17) + x3))) + (x13 + (x26 + x20))) + (Recip(((x15 - ((Abs(Recip(x10)) ^ x22) * x20)) * Recip(x22))) / (x16 + (x20 - (Abs(x15) ^ (x22 + x20))))))))) - x1))),0.19645312379362245;3.544271903186076;-8.559570382916833e-2;-0.9148640291065601,91,7.686340924394233e-2,7.686340924394233e-2,0.2360452541023001,0.6925463630242307,0.6925463630242307,-11.279074118401182,7.686340924394233e-2,7.686340924394233e-2,0.2360452541023001,267.0333851584714,267.0333851584714,267.1925670033297
