id,Expression,theta,size,MSE_train,MSE_val,MSE_test,R2_train,R2_val,R2_test,nll_train,nll_val,nll_test,mdl_train,mdl_val,mdl_test
0,((Recip(((x21 + 1.1029908596113196) + (Abs((x13 * x27)) ^ ((1.1867083452198566 + x29) + (-9.229733416204014e-2 * ((Abs(x28) ^ (-0.6800634874664652 / x11)) / x29)))))) + 8.919612078006178e-3) * (Abs((x25 + (Abs((Abs(x11) ^ 0.6177274559453357)) ^ (x29 + -0.8840719274521018)))) ^ x29)),1.1029908596113196;1.1867083452198566;-9.229733416204014e-2;-0.6800634874664652;8.919612078006178e-3;0.6177274559453357;-0.8840719274521018,41,1.5322663260200813e-2,1.5322663260200813e-2,0.14348386858995213,0.9387093469591967,0.9387093469591967,-6.4640308440490255,1.5322663260200813e-2,1.5322663260200813e-2,0.14348386858995213,92.35349953187553,92.35349953187553,92.48166073720527
