id,Expression,theta,size,MSE_train,MSE_val,MSE_test,R2_train,R2_val,R2_test,nll_train,nll_val,nll_test,mdl_train,mdl_val,mdl_test
0,(Abs(((((x29 - x20) - x27) + x27) * (x17 / ((Recip(((x8 - Recip(x23)) + Recip((x3 * x24)))) + (Abs((x17 - (x28 / ((Recip(x6) * 3.6023577174423376) * (((-0.10262920478032164 + x27) * x17) * (Abs(x28) ^ (Abs(x24) ^ x11))))))) ^ (Abs(x9) ^ -2.500429592151236))) + x29)))) ^ x30),3.6023577174423376;-0.10262920478032164;-2.500429592151236,54,5.2356742847928316e-2,5.2356742847928316e-2,7.719346555096232e-2,0.7905730286082867,0.7905730286082867,-3.015604077960907,5.2356742847928316e-2,5.2356742847928316e-2,7.719346555096232e-2,146.84323814699349,146.84323814699349,146.8680748696965
