id,Expression,theta,size,MSE_train,MSE_val,MSE_test,R2_train,R2_val,R2_test,nll_train,nll_val,nll_test,mdl_train,mdl_val,mdl_test
0,Recip((Abs((((Abs(x3) ^ x27) + x3) - Recip(x15))) ^ (((Abs((x15 / x14)) ^ -17.04146346546995) + (x24 / x14)) * ((Abs(-13.236801046508855) ^ (-7.382043507251033 + (-7.264540819246099 + x24))) * ((Abs(((x24 * 7.114366122931146) * (x7 - (x3 + (Abs((Abs(x24) ^ 5.413655261600548)) ^ x0))))) ^ -18.52055414719101) * x0))))),-17.04146346546995;-13.236801046508855;-7.382043507251033;-7.264540819246099;7.114366122931146;5.413655261600548;-18.52055414719101,52,9.877093672808902e-4,9.877093672808902e-4,0.12237180500372868,0.9960491625308764,0.9960491625308764,-5.365781296293723,9.877093672808902e-4,9.877093672808902e-4,0.12237180500372868,118.75856754205391,118.75856754205391,118.87995163769035
