id,Expression,theta,size,MSE_train,MSE_val,MSE_test,R2_train,R2_val,R2_test,nll_train,nll_val,nll_test,mdl_train,mdl_val,mdl_test
0,((Abs(x27) ^ ((Abs((x15 + x14)) ^ -4.46096668058847) * (Abs((-0.35068889858580243 - (x13 * ((x29 / x15) * x23)))) ^ (x2 * (Abs((Abs(x12) ^ (-4.194749282823481 - x2))) ^ (Abs(((x19 / x16) * x1)) ^ ((Abs(Recip(x14)) ^ 1.2969888912352594) * x16))))))) + (x12 * x2)),-4.46096668058847;-0.35068889858580243;-4.194749282823481;1.2969888912352594,49,6.049040892396097e-3,6.049040892396097e-3,0.1661091794165654,0.9758038364304156,0.9758038364304156,-7.640999513249401,6.049040892396097e-3,6.049040892396097e-3,0.1661091794165654,121.4016628725313,121.4016628725313,121.56172301105548
