id,Expression,theta,size,MSE_train,MSE_val,MSE_test,R2_train,R2_val,R2_test,nll_train,nll_val,nll_test,mdl_train,mdl_val,mdl_test
0,(Abs(Recip((Abs(((x0 * x25) + (Recip(((Abs(x9) ^ x14) - x10)) / (x25 * x20)))) ^ (x12 * 12.251526002171097)))) ^ ((Abs(350.78678394357036) ^ (((x6 * 486.01528779337434) * ((x1 * x12) / (Abs(x13) ^ x9))) - Recip(((Abs(x19) ^ x6) + (x6 / (x25 * x20)))))) * x18)),12.251526002171097;350.78678394357036;486.01528779337434,52,1.3757322138167048e-2,1.3757322138167048e-2,6.763624270471903e-2,0.9449707114473318,0.9449707114473318,-2.51843734549935,1.3757322138167048e-2,1.3757322138167048e-2,6.763624270471903e-2,135.45795036379442,135.45795036379442,135.51182928436097
