id,Expression,theta,size,MSE_train,MSE_val,MSE_test,R2_train,R2_val,R2_test,nll_train,nll_val,nll_test,mdl_train,mdl_val,mdl_test
0,(Abs(((x0 + x0) * x8)) ^ (Abs(((Abs(-36.1800775376518) ^ x29) / (((x3 + (x22 * (Abs(x29) ^ x24))) + x1) * ((x13 + x0) / x6)))) ^ (x1 * (((x22 * (-19.00713722783195 - x22)) - (x0 * (-419.23902318986137 * (x12 + (x13 * x22))))) + (x22 + x20))))),-36.1800775376518;-19.00713722783195;-419.23902318986137,51,2.2410939239583413e-2,2.2410939239583413e-2,7.371033628168516e-2,0.9103562430416663,0.9103562430416663,-2.8344116933731156,2.2410939239583413e-2,2.2410939239583413e-2,7.371033628168516e-2,133.18343810988176,133.18343810988176,133.23473750692386
