id,Expression,theta,size,MSE_train,MSE_val,MSE_test,R2_train,R2_val,R2_test,nll_train,nll_val,nll_test,mdl_train,mdl_val,mdl_test
0,(((Abs((Abs(x19) ^ (Abs((x3 * 9.335127575823604)) ^ (Abs((Abs((x14 - (Abs(3.2637360036775016) ^ x5))) ^ x27)) ^ x18)))) ^ x11) * -117.13926101268741) * ((x27 * (Abs(x26) ^ (Abs((-5.6138526296242155 * x18)) ^ (x8 * 48.17198389212988)))) * (x21 - (x18 + x18)))),9.335127575823604;3.2637360036775016;-117.13926101268741;-5.6138526296242155;48.17198389212988,45,5.382728853360837e-2,5.382728853360837e-2,0.15077232425846454,0.7846908458655666,0.7846908458655666,-6.8431763079250265,5.382728853360837e-2,5.382728853360837e-2,0.15077232425846454,100.25168472931539,100.25168472931539,100.34862976504024
