id,Expression,theta,size,MSE_train,MSE_val,MSE_test,R2_train,R2_val,R2_test,nll_train,nll_val,nll_test,mdl_train,mdl_val,mdl_test
0,(Abs((x25 * -0.523006892458057)) ^ (Abs((((Abs(x12) ^ Recip((x26 - (x30 - x22)))) + ((x14 * x26) / x23)) * -1.3519834998235398)) ^ (Abs(((Abs(((Recip(x24) * 6.914527685407806e-2) * x7)) ^ x22) * 2.0510376841072473)) ^ (((Abs(x15) ^ x20) - x1) + ((x17 / x3) - (0.10136130693492336 / x25)))))),-0.523006892458057;-1.3519834998235398;6.914527685407806e-2;2.0510376841072473;0.10136130693492336,51,5.0700428298188216e-2,5.0700428298188216e-2,Infinity,0.7971982868072471,0.7971982868072471,-Infinity,5.0700428298188216e-2,5.0700428298188216e-2,Infinity,137.05421012585222,137.05421012585222,Infinity
