id,Expression,theta,size,MSE_train,MSE_val,MSE_test,R2_train,R2_val,R2_test,nll_train,nll_val,nll_test,mdl_train,mdl_val,mdl_test
0,(Abs(((x29 * (((x17 + ((-0.180516031583678 * x2) + (Abs(x5) ^ x1))) * (((((Abs(x17) ^ Recip(x1)) / (x23 / x18)) * Recip(x2)) * x18) * x12)) * (x17 * Recip((x5 * ((Recip(x2) * x21) * x4)))))) * Recip(x1))) ^ x4),-0.180516031583678,47,6.542758936419711e-2,6.542758936419711e-2,0.10248373190609748,0.7382896425432115,0.7382896425432115,-4.331203733754987,6.542758936419711e-2,6.542758936419711e-2,0.10248373190609748,122.05933136791457,122.05933136791457,122.09638751045647
