id,Expression,theta,size,MSE_train,MSE_val,MSE_test,R2_train,R2_val,R2_test,nll_train,nll_val,nll_test,mdl_train,mdl_val,mdl_test
0,((((((Recip(x30) * x27) * x21) * x3) + 3.29125362118482) * x0) - (((Abs(x19) ^ (Abs((x28 / (Abs((((Abs(x20) ^ -0.914497670568431) * x0) * (x5 * (Recip((x10 / x3)) * x2)))) ^ (((x6 * x22) + Recip(x25)) * x2)))) ^ -11.688405280047421)) * 0.8069684739614045) + -0.613832751248909)),3.29125362118482;-0.914497670568431;-11.688405280047421;0.8069684739614045;-0.613832751248909,50,4.638387674711129e-2,4.638387674711129e-2,0.23221425079826927,0.8144644930115549,0.8144644930115549,-11.079785326525506,4.638387674711129e-2,4.638387674711129e-2,0.23221425079826927,140.09441601202457,140.09441601202457,140.28024638607573
