id,Expression,theta,size,MSE_train,MSE_val,MSE_test,R2_train,R2_val,R2_test,nll_train,nll_val,nll_test,mdl_train,mdl_val,mdl_test
0,(Abs(x9) ^ (x18 * (Abs((x20 + x19)) ^ (((x9 * x5) + (-302.51892993242717 * x17)) * (((x20 + x9) * (x4 * -68.2303066307143)) + (x21 + (x16 * ((x17 + Recip(x9)) * ((86.9226327603302 * (x16 * x5)) * (Abs(((Abs(x9) ^ x18) + (x20 * x16))) ^ x4)))))))))),-302.51892993242717;-68.2303066307143;86.9226327603302,52,2.646421733004294e-2,2.646421733004294e-2,0.2495041316789351,0.8941431306798282,0.8941431306798282,-11.979204929937708,2.646421733004294e-2,2.646421733004294e-2,0.2495041316789351,126.70121603886244,126.70121603886244,126.92425595321133
