id,Expression,theta,size,MSE_train,MSE_val,MSE_test,R2_train,R2_val,R2_test,nll_train,nll_val,nll_test,mdl_train,mdl_val,mdl_test
0,(Abs(x20) ^ (Abs(((Abs(-18.4672857143393) ^ (Abs(((((-0.5886081491358051 + (Abs(Recip((x25 + x25))) ^ (Abs((Abs((-8.873662746198614 / x7)) ^ x15)) ^ x16))) + (x22 * -0.9767786454617927)) + (Abs((x15 / x25)) ^ 3.5938523804235807)) - (x15 * 0.2594321885701036))) ^ (Abs((x15 / x26)) ^ x22))) / (x26 + (Abs((x15 / x25)) ^ -3.6465664739488672)))) ^ x26)),-18.4672857143393;-0.5886081491358051;-8.873662746198614;-0.9767786454617927;3.5938523804235807;0.2594321885701036;-3.6465664739488672,58,3.147950554404567e-2,3.147950554404567e-2,9.07252249654461e-2,0.8740819778238174,0.8740819778238174,-3.719526202702326,3.147950554404567e-2,3.147950554404567e-2,9.07252249654461e-2,126.70623132707644,126.70623132707644,126.76547704649784
