id,Expression,theta,size,MSE_train,MSE_val,MSE_test,R2_train,R2_val,R2_test,nll_train,nll_val,nll_test,mdl_train,mdl_val,mdl_test
0,(Abs((x3 - x12)) ^ (Abs(x23) ^ (Abs((x7 - x6)) ^ (Abs(x23) ^ (((-11848.439139695161 - (12305.075277752916 * ((x23 / x1) * x26))) + ((x20 + (3928.916633958566 * (Abs(x1) ^ x30))) + (x3 * ((x23 / Recip((x12 * x7))) + 100123.90842075134)))) * ((x7 * x5) * (x7 / Recip(x4)))))))),-11848.439139695161;12305.075277752916;3928.916633958566;100123.90842075134,54,2.7956946646474884e-2,2.7956946646474884e-2,7.287798990490729e-2,0.8881722134141005,0.8881722134141005,-2.7911130348531326,2.7956946646474884e-2,2.7956946646474884e-2,7.287798990490729e-2,141.65617308355854,141.65617308355854,141.70109412681697
