id,Expression,theta,size,MSE_train,MSE_val,MSE_test,R2_train,R2_val,R2_test,nll_train,nll_val,nll_test,mdl_train,mdl_val,mdl_test
0,((0.8736312545369841 - (Abs((x26 * x21)) ^ (Recip(Recip((x17 * x20))) * (((Abs((x25 / (x6 * x5))) ^ (x7 - (x26 * x3))) + ((x2 / x7) + 1330.4656498964591)) * (((((x3 + x26) * x3) + (x2 * (x29 * (x6 * 665.7436202994191)))) * x12) * x9))))) + x9),0.8736312545369841;1330.4656498964591;665.7436202994191,51,5.6569255148896935e-2,5.6569255148896935e-2,3.85276100301908,0.7737229794044123,0.7737229794044123,-199.4206273770449,5.6569255148896935e-2,5.6569255148896935e-2,3.85276100301908,146.84745065929445,146.84745065929445,150.64364240716463
