id,Expression,theta,size,MSE_train,MSE_val,MSE_test,R2_train,R2_val,R2_test,nll_train,nll_val,nll_test,mdl_train,mdl_val,mdl_test
0,(Abs((x2 * x2)) ^ (Abs((x19 - (((x2 + x19) * ((Abs(x26) ^ (Abs(x2) ^ (Abs(((x2 * x18) - (x4 / x9))) ^ x28))) - (x1 * ((Abs(x29) ^ x10) + x6)))) - ((Abs(x2) ^ x12) - x26)))) ^ -2621.1057024748993)),-2621.1057024748993,46,0.0,0.0,5.654741615263447e-2,1.0,1.0,-1.9415965882599329,0.0,0.0,5.654741615263447e-2,112.72449855795041,112.72449855795041,112.78104597410305
