id,Expression,theta,size,MSE_train,MSE_val,MSE_test,R2_train,R2_val,R2_test,nll_train,nll_val,nll_test,mdl_train,mdl_val,mdl_test
0,(Abs((x21 * -2.79759555191981e-3)) ^ (Abs((x5 / ((((x13 + x15) - x29) + x21) - (x14 * (-10.67346990220799 + x21))))) ^ (Abs(((6.579970605108162 * x6) + ((Abs(x21) ^ (x6 + ((2.637877209251838 + x15) - ((x9 * (x10 + x15)) / x22)))) * 11.809393785198))) ^ (Recip(x14) + 9.173718855809222)))),-2.79759555191981e-3;-10.67346990220799;6.579970605108162;2.637877209251838;11.809393785198;9.173718855809222,50,3.715533891888013e-4,3.715533891888013e-4,7.607018054679408e-2,0.9985137864432448,0.9985137864432448,-2.9571707920440775,3.715533891888013e-4,3.715533891888013e-4,7.607018054679408e-2,130.32818537997514,130.32818537997514,130.40388400713275
