id,Expression,theta,size,MSE_train,MSE_val,MSE_test,R2_train,R2_val,R2_test,nll_train,nll_val,nll_test,mdl_train,mdl_val,mdl_test
0,(Abs((((x24 + x24) * (x24 + x23)) * x24)) ^ (Abs((Abs(x12) ^ (((x24 + x24) + x23) * ((((Abs(x12) ^ (x24 * -14.146273727610971)) * x23) + -3.213831434277807) * x24)))) ^ (19.876227790057296 + x21))),-14.146273727610971;-3.213831434277807;19.876227790057296,37,3.308212020546856e-13,3.308212020546856e-13,5.877693843432069e-2,0.9999999999986767,0.9999999999986767,-2.057576337353246,3.308212020546856e-13,3.308212020546856e-13,5.877693843432069e-2,68.62157087543491,68.62157087543491,68.6803478138689
