id,Expression,theta,size,MSE_train,MSE_val,MSE_test,R2_train,R2_val,R2_test,nll_train,nll_val,nll_test,mdl_train,mdl_val,mdl_test
0,(x17 + ((1.4256521582500477 / Recip(x25)) * (Abs((x25 * (Abs(((Abs((x25 * 0.589689146854364)) ^ (Abs((x25 * 8.05842955905773)) ^ x25)) / (x17 / (Abs((x25 * -6.290422418150353)) ^ x17)))) ^ (x28 + ((Abs(x30) ^ (Abs((x25 * -5.113815459151973)) ^ x17)) + 31.823685041156487))))) ^ x17))),1.4256521582500477;0.589689146854364;8.05842955905773;-6.290422418150353;-5.113815459151973;31.823685041156487,47,0.10086870740606699,0.10086870740606699,1.1444036832589345e24,0.596525170375732,0.596525170375732,-5.95318796031275e25,0.10086870740606699,0.10086870740606699,1.1444036832589345e24,92.20427242716791,92.20427242716791,1.1444036832589345e24
