id,Expression,theta,size,MSE_train,MSE_val,MSE_test,R2_train,R2_val,R2_test,nll_train,nll_val,nll_test,mdl_train,mdl_val,mdl_test
0,(Abs(x16) ^ (((Abs(Recip(x6)) ^ (x22 * (25.28069185274817 + x15))) * x7) * (x15 * (Abs(-18.39922646066983) ^ (x24 * (((Abs((Recip((Abs(x13) ^ x15)) * (Abs(x12) ^ (70.07125073589077 + x9)))) ^ x25) - (x15 * (-487.93809720052974 + (Abs(x18) ^ x26)))) + -45.11238689352203)))))),25.28069185274817;-18.39922646066983;70.07125073589077;-487.93809720052974;-45.11238689352203,48,4.5726256510466856e-2,4.5726256510466856e-2,Infinity,0.8170949739581326,0.8170949739581326,-Infinity,4.5726256510466856e-2,4.5726256510466856e-2,Infinity,118.55096833025321,118.55096833025321,Infinity
