id,Expression,theta,size,MSE_train,MSE_val,MSE_test,R2_train,R2_val,R2_test,nll_train,nll_val,nll_test,mdl_train,mdl_val,mdl_test
0,((Abs((((Recip((Abs(1.2161037040197773) ^ x30)) * ((Abs((x28 * ((x28 + 0.9628775037261091) + (x4 / x24)))) ^ -4.050017434202384) * Recip(((x16 * (x17 / x5)) + (((x14 * x15) + x22) + x11))))) * 6.742909792381081e-2) * x22)) ^ (x28 / (Abs(((0.6034552750472976 * (x4 + x18)) / x24)) ^ -7.959969603264875))) + -8.351953221823317e-3),1.2161037040197773;0.9628775037261091;-4.050017434202384;6.742909792381081e-2;0.6034552750472976;-7.959969603264875;-8.351953221823317e-3,53,2.3624725658508955e-2,2.3624725658508955e-2,2.3360163260337883e252,0.9055010973659642,0.9055010973659642,-1.2151956928027302e254,2.3624725658508955e-2,2.3624725658508955e-2,2.3360163260337883e252,141.6518408625706,141.6518408625706,2.3360163260337883e252
