id,Expression,theta,size,MSE_train,MSE_val,MSE_test,R2_train,R2_val,R2_test,nll_train,nll_val,nll_test,mdl_train,mdl_val,mdl_test
0,((((Abs((((x3 * x13) - x11) + x22)) ^ x11) - (((x30 * 6.210033552777107) + -6.862245985997167e-2) + (x30 * 6.903920666087476))) + ((Abs(((x30 * -3.576007116641553) + x5)) ^ (Abs(x28) ^ (((x0 * 2.793000374937703) + x23) * 2.986160163000828))) - x18)) + (x3 * (Abs(x7) ^ x9))),6.210033552777107;-6.862245985997167e-2;6.903920666087476;-3.576007116641553;2.793000374937703;2.986160163000828,47,6.40942539175851e-2,6.40942539175851e-2,0.1481741745145481,0.7436229843296596,0.7436229843296596,-6.708020558246497,6.40942539175851e-2,6.40942539175851e-2,0.1481741745145481,121.89226804833488,121.89226804833488,121.97634796893185
