id,Expression,theta,size,MSE_train,MSE_val,MSE_test,R2_train,R2_val,R2_test,nll_train,nll_val,nll_test,mdl_train,mdl_val,mdl_test
0,(Abs((Abs((Abs((Abs((Abs((x25 * x14)) ^ x14)) ^ x16)) ^ x22)) ^ x17)) ^ (Abs((((Recip((Abs(x17) ^ (Recip(Recip(x12)) * (((12.920737412388732 / x1) * x26) * ((Abs(x10) ^ x22) - (((x29 + (x5 / x21)) / x26) * x17)))))) / x28) * x9) * x3)) ^ -5.0661349888721805)),12.920737412388732;-5.0661349888721805,54,1.487673272731079e-4,1.487673272731079e-4,Infinity,0.9994049306909075,0.9994049306909075,-Infinity,1.487673272731079e-4,1.487673272731079e-4,Infinity,142.1881016218098,142.1881016218098,Infinity
