id,Expression,theta,size,MSE_train,MSE_val,MSE_test,R2_train,R2_val,R2_test,nll_train,nll_val,nll_test,mdl_train,mdl_val,mdl_test
0,Recip((((Abs(x15) ^ ((x3 / (Abs(x24) ^ ((x15 * -50.42429649456145) + (x3 * (84.43644640511656 + Recip(x7)))))) * (((x3 + (-2.8872272820291904 + x2)) * (x2 * ((x22 * (x15 + x3)) + x12))) - x13))) - (x15 * -2.326600365111494)) + (x3 * (x7 + (x10 + (x3 + -5.594002654703351)))))),-50.42429649456145;84.43644640511656;-2.8872272820291904;-2.326600365111494;-5.594002654703351,51,2.8106913576968488e-2,2.8106913576968488e-2,6.287078235786081e-2,0.8875723456921261,0.8875723456921261,-2.2705380982557943,2.8106913576968488e-2,2.8106913576968488e-2,6.287078235786081e-2,135.88495430332625,135.88495430332625,135.91971817210714
