id,Expression,theta,size,MSE_train,MSE_val,MSE_test,R2_train,R2_val,R2_test,nll_train,nll_val,nll_test,mdl_train,mdl_val,mdl_test
0,(Abs((x23 * (x9 * 8.699724115209334e-3))) ^ (Abs((x28 / x25)) ^ (((((Abs(((((x23 * -1.1513579976954804) / x26) - ((x9 * 0.2510120536565314) / x26)) / (x6 * Recip((x1 - x26))))) ^ (Abs(Recip(x17)) ^ x25)) * x23) / x26) - (-9.601573478084652e-2 + x26)) + x26))),8.699724115209334e-3;-1.1513579976954804;0.2510120536565314;-9.601573478084652e-2,47,1.0037026594733876e-8,1.0037026594733876e-8,6.326577378204018e-2,0.9999999598518936,0.9999999598518936,-2.2910855521416043,1.0037026594733876e-8,1.0037026594733876e-8,6.326577378204018e-2,116.44615865743206,116.44615865743206,116.50942442117707
