id,Expression,theta,size,MSE_train,MSE_val,MSE_test,R2_train,R2_val,R2_test,nll_train,nll_val,nll_test,mdl_train,mdl_val,mdl_test
0,(((((x6 * (Abs(-2.094518275182505) ^ (x26 / (((((Abs(x21) ^ 0.3415505603814616) * (x30 + x19)) / x30) + -0.11418203914843993) - (x30 - (Abs(Recip(x30)) ^ x9)))))) + x15) * 8.273410403567004) - (x30 * 11.006142985579375)) - ((((22.378719531434918 - Recip((x22 + x20))) * x15) + x4) * x25)),-2.094518275182505;0.3415505603814616;-0.11418203914843993;8.273410403567004;11.006142985579375;22.378719531434918,48,6.916184183207115e-2,6.916184183207115e-2,0.21339611505619724,0.7233526326717155,0.7233526326717155,-10.100865905222957,6.916184183207115e-2,6.916184183207115e-2,0.21339611505619724,130.13589094715948,130.13589094715948,130.28012522038358
