id,Expression,theta,size,MSE_train,MSE_val,MSE_test,R2_train,R2_val,R2_test,nll_train,nll_val,nll_test,mdl_train,mdl_val,mdl_test
0,((Abs((-5.31339738025811 * x3)) ^ ((3.0684856356762698 * x18) + Recip(((Abs((((Abs(Recip(x3)) ^ ((5.665970622539762 * x0) - x24)) - x7) * x21)) ^ 5.025860885168069) / ((x22 - (x25 * -1.5563558158765805)) * x1))))) + x9),-5.31339738025811;3.0684856356762698;5.665970622539762;5.025860885168069;-1.5563558158765805,36,2.590234422476437e-2,2.590234422476437e-2,5.72175248175163e10,0.8963906231009425,0.8963906231009425,-2.976455641006084e12,2.590234422476437e-2,2.590234422476437e-2,5.72175248175163e10,93.5219426980799,93.5219426980799,5.721752491101234e10
