id,Expression,theta,size,MSE_train,MSE_val,MSE_test,R2_train,R2_val,R2_test,nll_train,nll_val,nll_test,mdl_train,mdl_val,mdl_test
0,(10.787425182843437 * (Abs(x9) ^ (Abs((Abs((Abs(x9) ^ ((Abs(((Abs((x5 + Recip(x7))) ^ (Abs(((Abs((Abs(x28) ^ (x8 - x2))) ^ 1.8512359461856471) - x5)) ^ (Abs((Abs(Recip(x4)) ^ x5)) ^ (21.219702052663294 + (22.44482821329639 - x17))))) - x4)) ^ x18) + (x9 / x10)))) ^ x5)) ^ (x5 * -20.217451713316123)))),10.787425182843437;1.8512359461856471;21.219702052663294;22.44482821329639;-20.217451713316123,56,9.45554985895748e-2,9.45554985895748e-2,0.2912825576474488,0.6217780056417008,0.6217780056417008,-14.152518648819708,9.45554985895748e-2,9.45554985895748e-2,0.2912825576474488,127.5891559811193,127.5891559811193,127.78588304017718
