id,Expression,theta,size,MSE_train,MSE_val,MSE_test,R2_train,R2_val,R2_test,nll_train,nll_val,nll_test,mdl_train,mdl_val,mdl_test
0,(Abs(x16) ^ ((Abs(x16) ^ Recip((Abs((((((Abs(Recip(x12)) ^ ((((((x19 * -51.94459782854157) / (x26 * ((Abs(((Abs(x14) ^ x29) / x26)) ^ (Abs(x3) ^ x20)) - x3))) + x14) + 4.930506825253706) / x16) * x17)) * 26.40506476700774) * x24) + x27) + x4)) ^ (x6 / x16)))) / x21)),-51.94459782854157;4.930506825253706;26.40506476700774,54,3.910119995817385e-2,3.910119995817385e-2,3.135593023981438e9,0.8435952001673046,0.8435952001673046,-1.6311354910650818e11,3.910119995817385e-2,3.910119995817385e-2,3.135593023981438e9,143.13165577295905,143.13165577295905,3.1355931670739927e9
