id,Expression,theta,size,MSE_train,MSE_val,MSE_test,R2_train,R2_val,R2_test,nll_train,nll_val,nll_test,mdl_train,mdl_val,mdl_test
0,(Abs((x23 * x23)) ^ (Recip((Abs(x29) ^ ((((Abs(x14) ^ ((x5 * 13.783348493050097) + (x23 * x23))) * -1538.1307626010084) * x23) - (x9 + (x12 - (x18 * 416.773421054572)))))) + (x23 * x29))),13.783348493050097;-1538.1307626010084;416.773421054572,35,2.3866327894643363e-2,2.3866327894643363e-2,Infinity,0.9045346884214266,0.9045346884214266,-Infinity,2.3866327894643363e-2,2.3866327894643363e-2,Infinity,82.10224576666381,82.10224576666381,Infinity
