id,Expression,theta,size,MSE_train,MSE_val,MSE_test,R2_train,R2_val,R2_test,nll_train,nll_val,nll_test,mdl_train,mdl_val,mdl_test
0,((x6 / ((Abs((Abs(-1.7140847178723162) ^ x21)) ^ (x17 * ((Abs(x26) ^ x22) + (x26 * (x7 + x19))))) + (Abs((x22 / (Abs((Abs(x17) ^ (x22 + x26))) ^ 13.231591371987504))) ^ (Abs((-2.7752899229854404 * ((Abs((Abs(x26) ^ (x26 + x26))) ^ x17) + (x26 + x19)))) ^ 3.4840904403277566)))) * 10.900603501702951),-1.7140847178723162;13.231591371987504;-2.7752899229854404;3.4840904403277566;10.900603501702951,54,9.64234934840436e-3,9.64234934840436e-3,0.11321903258641167,0.9614306026063826,0.9614306026063826,-4.88965407514491,9.64234934840436e-3,9.64234934840436e-3,0.11321903258641167,111.83044158980843,111.83044158980843,111.93401827304643
