id,Expression,theta,size,MSE_train,MSE_val,MSE_test,R2_train,R2_val,R2_test,nll_train,nll_val,nll_test,mdl_train,mdl_val,mdl_test
0,((((9.755246441190261e-2 - (x15 * (((((-12.50483777291032 - ((x18 * (x15 + (3.378925266429519 + (x6 / (x11 + x9))))) + 12.850245454853772)) + x15) * x18) + 2.5144558591097628) * ((x30 * x27) + (x6 / (x11 + x9)))))) - x18) / x15) - (x18 * ((x18 * -1.8288851958002397) * x18))),9.755246441190261e-2;-12.50483777291032;3.378925266429519;12.850245454853772;2.5144558591097628;-1.8288851958002397,47,2.3049477428607572e-2,2.3049477428607572e-2,0.17191729635431174,0.9078020902855697,0.9078020902855697,-7.943137756350955,2.3049477428607572e-2,2.3049477428607572e-2,0.17191729635431174,116.81366201746464,116.81366201746464,116.96252983639033
