id,Expression,theta,size,MSE_train,MSE_val,MSE_test,R2_train,R2_val,R2_test,nll_train,nll_val,nll_test,mdl_train,mdl_val,mdl_test
0,((Abs(((Abs(((Abs(x18) ^ (x6 * -5.345860845962505)) * (Abs(((x0 * x18) * x14)) ^ x13))) ^ 18.279353333054026) * -0.7660344676738036)) ^ x26) * ((x6 * (x0 * (x6 * 62.77128961909236))) / x14)),-5.345860845962505;18.279353333054026;-0.7660344676738036;62.77128961909236,33,2.9813268460394175e-2,2.9813268460394175e-2,2.6544765488377564,0.8807469261584233,0.8807469261584233,-137.0858700705348,2.9813268460394175e-2,2.9813268460394175e-2,2.6544765488377564,66.80478096528772,66.80478096528772,69.42944424566508
