id,Expression,theta,size,MSE_train,MSE_val,MSE_test,R2_train,R2_val,R2_test,nll_train,nll_val,nll_test,mdl_train,mdl_val,mdl_test
0,((x18 * ((x24 + (Recip(x25) - (x24 * (((x12 + x24) * (((Abs((x16 - Recip(x1))) ^ x17) * ((-24.186191115287407 - ((x24 * -56.689209628876526) / x15)) - x13)) + -629.6621083381849)) - (-1554.3502841274321 * x12))))) * x24)) / x14),-24.186191115287407;-56.689209628876526;-629.6621083381849;-1554.3502841274321,40,5.306596570286918e-2,5.306596570286918e-2,0.840417220227905,0.7877361371885233,0.7877361371885233,-42.71850379625395,5.306596570286918e-2,5.306596570286918e-2,0.840417220227905,110.5483863838953,110.5483863838953,111.33573763842034
