id,Expression,theta,size,MSE_train,MSE_val,MSE_test,R2_train,R2_val,R2_test,nll_train,nll_val,nll_test,mdl_train,mdl_val,mdl_test
0,(Abs(((5.550988280079656 / (Abs((Abs(x21) ^ 37.81971606106312)) ^ x18)) * ((((x22 / (Abs((Abs((x0 * (Abs(x3) ^ 2.8696811672530718))) ^ (7.240416010898847 * x29))) ^ x3)) * (Abs(x0) ^ ((Abs(x22) ^ x21) / x6))) * 17.216930529869938) * x27))) ^ x11),5.550988280079656;37.81971606106312;2.8696811672530718;7.240416010898847;17.216930529869938,43,1.5074401862085878e-2,1.5074401862085878e-2,65814.43692846918,0.9397023925516564,0.9397023925516564,-3423666.0090188356,1.5074401862085878e-2,1.5074401862085878e-2,65814.43692846918,89.78830191301587,89.78830191301587,65904.21015598033
