id,Expression,theta,size,MSE_train,MSE_val,MSE_test,R2_train,R2_val,R2_test,nll_train,nll_val,nll_test,mdl_train,mdl_val,mdl_test
0,Recip((((Abs((((Abs(x24) ^ x17) + Recip((Abs(x3) ^ (Abs((x4 + -1.1260496743398585)) ^ (Abs(x21) ^ -2.086816631838794))))) * (Abs(x7) ^ x0))) ^ x18) + (Abs((x24 / x3)) ^ 16.247507233723482)) + (Abs((Abs((Recip((x17 - (x21 * 0.1472677516624407))) * x0)) ^ (15.978002684498252 / (x24 / x18)))) ^ (-0.8637823740084292 / x18)))),-1.1260496743398585;-2.086816631838794;16.247507233723482;0.1472677516624407;15.978002684498252;-0.8637823740084292,55,7.103244009210471e-2,7.103244009210471e-2,0.10611302950739124,0.7158702396315811,0.7158702396315811,-4.519999794974281,7.103244009210471e-2,7.103244009210471e-2,0.10611302950739124,124.64134169079378,124.64134169079378,124.67642228020907
