id,Expression,theta,size,MSE_train,MSE_val,MSE_test,R2_train,R2_val,R2_test,nll_train,nll_val,nll_test,mdl_train,mdl_val,mdl_test
0,((Abs((Abs((Abs((x27 * x11)) ^ x6)) ^ x27)) ^ ((x26 * x28) - ((Abs((((Abs(-12.235564909544784) ^ x30) + (Abs(x26) ^ (Abs(x27) ^ x6))) - x30)) ^ 28.025521857293135) * -0.14641583776298714))) - (x7 * (-6.211535241535526 * x27))),-12.235564909544784;28.025521857293135;-0.14641583776298714;-6.211535241535526,40,4.829414742061384e-2,4.829414742061384e-2,8.568233481411289e-2,0.8068234103175447,0.8068234103175447,-3.457195057029982,4.829414742061384e-2,4.829414742061384e-2,8.568233481411289e-2,82.05021359042463,82.05021359042463,82.08760177781812
