id,Expression,theta,size,MSE_train,MSE_val,MSE_test,R2_train,R2_val,R2_test,nll_train,nll_val,nll_test,mdl_train,mdl_val,mdl_test
0,((Abs(x15) ^ (x7 * (0.9049178938566715 + (-0.8121008428712957 + (Abs(((Abs(x15) ^ -0.863910871401959) * (Abs(((Abs(x7) ^ 0.4929270449987997) * x17)) ^ (Abs(((Abs((x24 * x15)) ^ x15) * 0.7346347714212869)) ^ 1.2817579219209223)))) ^ (Abs((Recip((Abs((Abs(x5) ^ (Abs(x2) ^ x5))) ^ (x12 * (x25 / x16)))) * x16)) ^ -1.179191111649487)))))) * (x15 * 7.979906831877205)),0.9049178938566715;-0.8121008428712957;-0.863910871401959;0.4929270449987997;0.7346347714212869;1.2817579219209223;-1.179191111649487;7.979906831877205,59,2.4537755972221673e-2,2.4537755972221673e-2,0.1254802373405333,0.9018489761111133,0.9018489761111133,-5.527481946454293,2.4537755972221673e-2,2.4537755972221673e-2,0.1254802373405333,130.0109474088783,130.0109474088783,130.1118898902466
