id,Expression,theta,size,MSE_train,MSE_val,MSE_test,R2_train,R2_val,R2_test,nll_train,nll_val,nll_test,mdl_train,mdl_val,mdl_test
0,(Abs(x15) ^ (Abs((Abs(x26) ^ ((x15 * (-12.870825214278733 + ((x3 * -13.85258257265831) * Recip(x27)))) / x1))) ^ ((x15 * (x26 + (((-0.27730564827972903 + x14) + (x15 * -0.14334897956357967)) * ((x17 + (x26 * -5.822323522133772)) + Recip((Recip(x27) - x29)))))) / x14))),-12.870825214278733;-13.85258257265831;-0.27730564827972903;-0.14334897956357967;-5.822323522133772,45,9.108802880200287e-3,9.108802880200287e-3,7.6387710906045e-2,0.9635647884791989,0.9635647884791989,-2.9736887213323095,9.108802880200287e-3,9.108802880200287e-3,7.6387710906045e-2,113.74721724917303,113.74721724917303,113.81449615719887
