id,Expression,theta,size,MSE_train,MSE_val,MSE_test,R2_train,R2_val,R2_test,nll_train,nll_val,nll_test,mdl_train,mdl_val,mdl_test
0,(Abs((x18 * x6)) ^ (Abs(Recip((Abs(Recip((x23 + (Abs((x18 * (x18 * 28.229568026114112))) ^ x12)))) ^ 26.71818979473398))) ^ ((((Abs((x6 / (x15 / x19))) ^ (Abs(-3.168567558465425e-2) ^ x22)) * (x18 + -16.6838059778045)) * 20.340840180132517) * (x3 + x0)))),28.229568026114112;26.71818979473398;-3.168567558465425e-2;-16.6838059778045;20.340840180132517,43,7.113473014427723e-7,7.113473014427723e-7,0.1208534941300155,0.9999971546107942,0.9999971546107942,-5.286798764643167,7.113473014427723e-7,7.113473014427723e-7,0.1208534941300155,100.19785815212907,100.19785815212907,100.31871093491179
