id,Expression,theta,size,MSE_train,MSE_val,MSE_test,R2_train,R2_val,R2_test,nll_train,nll_val,nll_test,mdl_train,mdl_val,mdl_test
0,(Abs(x4) ^ (Abs((Abs(((x4 / x20) * -2.0873634945666257)) ^ ((((x26 + x22) - (-0.786277329712049 * x8)) + x4) + ((Abs((x20 / x13)) ^ x5) - x12)))) ^ (Abs((x4 - ((-7.10708236032439 / x20) * -4.458028701748036))) ^ (Abs(((Recip((0.9677065715057858 + x15)) * -0.18753210783826657) - Recip(x12))) ^ x2)))),-2.0873634945666257;-0.786277329712049;-7.10708236032439;-4.458028701748036;0.9677065715057858;-0.18753210783826657,51,0.0,0.0,Infinity,1.0,1.0,-Infinity,0.0,0.0,Infinity,127.49460048252973,127.49460048252973,Infinity
