id,Expression,theta,size,MSE_train,MSE_val,MSE_test,R2_train,R2_val,R2_test,nll_train,nll_val,nll_test,mdl_train,mdl_val,mdl_test
0,((x15 * x6) * ((x18 * (((((Abs(x10) ^ (x22 * ((Abs(x15) ^ x9) * -12.680593564930525))) + -84.63879816925903) * (Abs((x23 / x18)) ^ (Abs(Recip(Recip(x3))) ^ x22))) + ((Abs(x10) ^ (x24 * -14.10612485676304)) + 114.59158115610097)) / ((x30 + x25) * (Abs(x18) ^ x9)))) + -3.815242040292227)),-12.680593564930525;-84.63879816925903;-14.10612485676304;114.59158115610097;-3.815242040292227,51,7.015413571348936e-2,7.015413571348936e-2,6.870084159414222e11,0.7193834571460426,0.7193834571460426,-3.573817779727042e13,7.015413571348936e-2,7.015413571348936e-2,6.870084159414222e11,127.56475461824323,127.56475461824323,6.870084160689169e11
