id,Expression,theta,size,MSE_train,MSE_val,MSE_test,R2_train,R2_val,R2_test,nll_train,nll_val,nll_test,mdl_train,mdl_val,mdl_test
0,(Abs(0.9943534503109911) ^ (Abs(((x1 * (Abs(x1) ^ x1)) + ((Abs((((x21 / (Abs(((x1 * (x1 + x27)) + (Abs(0.4805874689625833) ^ (Abs((x12 + 47.88992759657128)) ^ x1)))) ^ x16)) * x0) + (Abs((x30 + (Abs(x17) ^ x1))) ^ -678.1359201565353))) ^ x10) + x10))) ^ x10)),0.9943534503109911;0.4805874689625833;47.88992759657128;-678.1359201565353,50,2.8815408769391277e-2,2.8815408769391277e-2,0.10072578899964187,0.8847383649224349,0.8847383649224349,-4.239755543761169,2.8815408769391277e-2,2.8815408769391277e-2,0.10072578899964187,108.23016592299498,108.23016592299498,108.30207630322523
