id,Expression,theta,size,MSE_train,MSE_val,MSE_test,R2_train,R2_val,R2_test,nll_train,nll_val,nll_test,mdl_train,mdl_val,mdl_test
0,(Abs(Recip((x13 * ((Abs(x1) ^ Recip(x18)) + (Abs(((Abs((x6 * x18)) ^ (x10 * -2.7883360625299844)) * ((Recip((Abs(x6) ^ (Recip((Abs(x6) ^ (x24 * 28.418233711623987))) * x1))) + (x21 / (Abs((x24 * (Recip(x6) + x24))) ^ x23))) / x26))) ^ x1))))) ^ x16),-2.7883360625299844;28.418233711623987,51,1.149348271926202e-2,1.149348271926202e-2,5.317240923577038e-2,0.954026069122952,0.954026069122952,-1.7660287284446694,1.149348271926202e-2,1.149348271926202e-2,5.317240923577038e-2,122.00539726126964,122.00539726126964,122.04707618778615
