id,Expression,theta,size,MSE_train,MSE_val,MSE_test,R2_train,R2_val,R2_test,nll_train,nll_val,nll_test,mdl_train,mdl_val,mdl_test
0,(1.0933834574874406 / (Abs((x28 * (x9 - x8))) ^ (((Abs(x8) ^ ((x30 - x6) / x6)) * (Abs(((Recip((Abs(((x30 + x0) / (x30 + x30))) ^ (Abs(0.6066280346656392) ^ x20))) + (Abs(x6) ^ x17)) * x6)) ^ ((x27 - x6) / x6))) * ((x19 * 3.174361884808162) * -9.664267622311254)))),1.0933834574874406;0.6066280346656392;3.174361884808162;-9.664267622311254,52,4.402457092008214e-2,4.402457092008214e-2,0.10212617229605622,0.8239017163196715,0.8239017163196715,-4.312603482840642,4.402457092008214e-2,4.402457092008214e-2,0.10212617229605622,130.37183839750602,130.37183839750602,130.42993999888202
