id,Expression,theta,size,MSE_train,MSE_val,MSE_test,R2_train,R2_val,R2_test,nll_train,nll_val,nll_test,mdl_train,mdl_val,mdl_test
0,(Abs(((x3 / (Abs((x19 + (((x30 * 41.03557185607839) + 250.78579075089422) * x6))) ^ x23)) - (x14 / x0))) ^ ((x16 * (Recip((((x27 - (Abs(-212.80443141053112) ^ x6)) + (x9 - (x19 + x12))) + (x24 * (x30 * -147.1615603360617)))) + x30)) * (((x9 + -1346.5538001572118) * x27) + 233.72344967490807))),41.03557185607839;250.78579075089422;-212.80443141053112;-147.1615603360617;-1346.5538001572118;233.72344967490807,51,1.1923841612292367e-2,1.1923841612292367e-2,0.13027281882514657,0.9523046335508305,0.9523046335508305,-5.776792035283866,1.1923841612292367e-2,1.1923841612292367e-2,0.13027281882514657,141.34499484160142,141.34499484160142,141.46334381881428
