id,Expression,theta,size,MSE_train,MSE_val,MSE_test,R2_train,R2_val,R2_test,nll_train,nll_val,nll_test,mdl_train,mdl_val,mdl_test
0,(Abs(x3) ^ (Abs(((x14 * -0.40495392023544236) - ((x16 / x3) * (Abs(x5) ^ x26)))) ^ (((Abs((((x21 * (Abs(x1) ^ x26)) / x14) * (Abs(x5) ^ (Abs(x12) ^ x28)))) ^ -2.26611145050663) + (x21 + x15)) + (Recip(x4) + (Abs((Abs(0.31492896428544537) ^ x27)) ^ ((0.454557204760194 * x3) * -0.8901301398516354)))))),-0.40495392023544236;-2.26611145050663;0.31492896428544537;0.454557204760194;-0.8901301398516354,55,0.0,0.0,4.988130553639221e-2,1.0,1.0,-1.5948255140030239,0.0,0.0,4.988130553639221e-2,135.44419304165626,135.44419304165626,135.49407434719265
