id,Expression,theta,size,MSE_train,MSE_val,MSE_test,R2_train,R2_val,R2_test,nll_train,nll_val,nll_test,mdl_train,mdl_val,mdl_test
0,(Abs(x23) ^ (Abs((x16 + ((x30 * 7.328936384788815) + ((x5 * (((-0.5042780346507907 * x28) * x30) + 3.2222669361430722)) + (x30 * x7))))) ^ ((Abs((((x23 + -0.268056313117232) * ((x5 * 0.13650474744383595) + (Abs(x1) ^ x29))) + x1)) ^ Recip(Recip(((x23 * Recip(x11)) * -3.609960761935329)))) + x30))),7.328936384788815;-0.5042780346507907;3.2222669361430722;-0.268056313117232;0.13650474744383595;-3.609960761935329,50,1.9788152913891187e-3,1.9788152913891187e-3,3354318.4847160205,0.9920847388344435,0.9920847388344435,-1.744916465749207e8,1.9788152913891187e-3,1.9788152913891187e-3,3354318.4847160205,121.39861597759328,121.39861597759328,3354439.8813531827
