id,Expression,theta,size,MSE_train,MSE_val,MSE_test,R2_train,R2_val,R2_test,nll_train,nll_val,nll_test,mdl_train,mdl_val,mdl_test
0,(Abs((Abs((Abs(x2) ^ (Abs((Recip((x26 * ((x29 / x27) + -3.8161394057706173))) + x6)) ^ 21.458952811315918))) ^ x22)) ^ ((Abs((((((x2 * (x2 / x13)) * (x12 - (Abs((Abs(x2) ^ x12)) ^ -0.8207204091952046))) * (x2 / (Abs(x26) ^ 8.330111837365303))) * -7.373617337780033) * x20)) ^ (x17 * -3.107289003913445)) / (x6 + x25))),-3.8161394057706173;21.458952811315918;-0.8207204091952046;8.330111837365303;-7.373617337780033;-3.107289003913445,56,2.0455230973912138e-10,2.0455230973912138e-10,Infinity,0.9999999991817907,0.9999999991817907,-Infinity,2.0455230973912138e-10,2.0455230973912138e-10,Infinity,138.73784437922043,138.73784437922043,Infinity
