id,Expression,theta,size,MSE_train,MSE_val,MSE_test,R2_train,R2_val,R2_test,nll_train,nll_val,nll_test,mdl_train,mdl_val,mdl_test
0,(Abs((Recip(((Abs((x27 * 9.23115810452962e-3)) ^ ((((x3 - (((Abs(((x21 + (x11 - (-0.2599610549941101 * x30))) + -0.38692471592611405)) ^ x3) - x3) * (Recip((x11 / x15)) + x11))) - ((x3 / x25) * -7.045633809045982)) + -5.695500000161127) + (Abs((x28 / x25)) ^ -3.36191730577714))) + x3)) * x7)) ^ x11),9.23115810452962e-3;-0.2599610549941101;-0.38692471592611405;-7.045633809045982;-5.695500000161127;-3.36191730577714,51,2.2665775661691194e-2,2.2665775661691194e-2,0.19538957047265507,0.9093368973532352,0.9093368973532352,-9.164165455987128,2.2665775661691194e-2,2.2665775661691194e-2,0.19538957047265507,130.33433572093142,130.33433572093142,130.50705951574238
