id,Expression,theta,size,MSE_train,MSE_val,MSE_test,R2_train,R2_val,R2_test,nll_train,nll_val,nll_test,mdl_train,mdl_val,mdl_test
0,(x20 * (x20 * (-2.219085964517171 / Recip((-0.3152261517395459 + (-1.146998737355726 + (((3.644071713859083 - Recip(x15)) * (Abs(x15) ^ (x20 * ((5.249775846993026 + x30) * x20)))) - ((((x26 - (x4 - (x30 + x26))) - x29) * (Abs(Recip((x28 / x18))) ^ (x20 * x20))) * (x20 * -0.23540629323618917))))))))),-2.219085964517171;-0.3152261517395459;-1.146998737355726;3.644071713859083;5.249775846993026;-0.23540629323618917,50,6.205371124343817e-3,6.205371124343817e-3,0.3245959463055229,0.9751785155026247,0.9751785155026247,-15.885481126812657,6.205371124343817e-3,6.205371124343817e-3,0.3245959463055229,129.9926150240304,129.9926150240304,130.3110055992116
