id,Expression,theta,size,MSE_train,MSE_val,MSE_test,R2_train,R2_val,R2_test,nll_train,nll_val,nll_test,mdl_train,mdl_val,mdl_test
0,(Abs((Abs((x6 - x15)) ^ ((Recip(Recip((x9 + (Abs(((Recip(x11) - x19) * x6)) ^ 2.2414762863657587)))) / Recip(x12)) + ((Abs(-0.1727309099092721) ^ (x17 * x11)) * (Abs((Abs(5.473629958948305) ^ (x5 + -4.2017786815796966e-2))) ^ Recip((Abs(x12) ^ 1.1840276994058208))))))) ^ (((Abs((x17 * x17)) ^ x10) + x20) + x17)),2.2414762863657587;-0.1727309099092721;5.473629958948305;-4.2017786815796966e-2;1.1840276994058208,54,4.614812022909523e-2,4.614812022909523e-2,0.13398124203952058,0.8154075190836191,0.8154075190836191,-5.969704210895595,4.614812022909523e-2,4.614812022909523e-2,0.13398124203952058,130.37396194681506,130.37396194681506,130.46179506862546
