id,Expression,theta,size,MSE_train,MSE_val,MSE_test,R2_train,R2_val,R2_test,nll_train,nll_val,nll_test,mdl_train,mdl_val,mdl_test
0,(Abs(Recip((Abs(x4) ^ (((x28 * 4.295576170734243) / (Abs(x6) ^ ((x0 * 42.181158411293275) + (x15 * -57.370557721515226)))) * (Abs((Abs(x12) ^ (x30 + ((x18 + x30) * -19.659000535869133)))) ^ (Abs(x11) ^ x6)))))) ^ (((((x22 * x9) + x15) - x5) - x24) - ((Abs(x28) ^ x0) * (x11 / x19)))),4.295576170734243;42.181158411293275;-57.370557721515226;-19.659000535869133,55,3.2322733596755665e-2,3.2322733596755665e-2,Infinity,0.8707090656129773,0.8707090656129773,-Infinity,3.2322733596755665e-2,3.2322733596755665e-2,Infinity,146.16939974432105,146.16939974432105,Infinity
