id,Expression,theta,size,MSE_train,MSE_val,MSE_test,R2_train,R2_val,R2_test,nll_train,nll_val,nll_test,mdl_train,mdl_val,mdl_test
0,(((((30390.46717118456 * x15) + -5990.4706448899115) / ((Abs(x23) ^ (x7 * (((Abs((x21 * (x20 + x25))) ^ (x26 / x11)) + ((x23 + -114.79246814297348) / x23)) * -474.1943339232696))) - ((Recip((x6 - x15)) + x21) - x4))) * x15) * (x27 - x15)),30390.46717118456;-5990.4706448899115;-114.79246814297348;-474.1943339232696,44,2.1498642074533832e-2,2.1498642074533832e-2,NaN,0.9140054317018647,0.9140054317018647,NaN,2.1498642074533832e-2,2.1498642074533832e-2,NaN,121.41711247371344,121.41711247371344,NaN
