id,Expression,theta,size,MSE_train,MSE_val,MSE_test,R2_train,R2_val,R2_test,nll_train,nll_val,nll_test,mdl_train,mdl_val,mdl_test
0,(Abs((x26 * 5.46804637767532e-6)) ^ (Abs((Abs((0.6964392394743536 + (x26 + (x16 * (Abs((Abs((x15 + (x26 + ((Abs(x26) ^ Recip((x10 + (x30 * 0.16474860296199598)))) * -0.5524590091858143)))) ^ (x5 - x12))) ^ Recip(x17)))))) ^ x15)) ^ Recip((x26 / (x27 + 4.15667290812621))))),5.46804637767532e-6;0.6964392394743536;0.16474860296199598;-0.5524590091858143;4.15667290812621,46,1.9177442292176e-2,1.9177442292176e-2,0.1354870277942455,0.923290230831296,0.923290230831296,-6.048035185856382,1.9177442292176e-2,1.9177442292176e-2,0.1354870277942455,110.92272633188342,110.92272633188342,111.03903591738549
