id,Expression,theta,size,MSE_train,MSE_val,MSE_test,R2_train,R2_val,R2_test,nll_train,nll_val,nll_test,mdl_train,mdl_val,mdl_test
0,(Abs((Abs(x1) ^ ((Abs((((x30 - x26) - Recip(x17)) + -11.450151056137697)) ^ (-69.17185989131448 * x30)) * x25))) ^ (Abs((((x6 * -3.1209391621214313) + (-2.9696242465251474 * x30)) / (Abs(((x13 + x21) + x26)) ^ x23))) ^ -68.74345967489239)),-11.450151056137697;-69.17185989131448;-3.1209391621214313;-2.9696242465251474;-68.74345967489239,39,2.0384940444389724e-4,2.0384940444389724e-4,Infinity,0.9991846023822244,0.9991846023822244,-Infinity,2.0384940444389724e-4,2.0384940444389724e-4,Infinity,94.268220405557,94.268220405557,Infinity
