id,Expression,theta,size,MSE_train,MSE_val,MSE_test,R2_train,R2_val,R2_test,nll_train,nll_val,nll_test,mdl_train,mdl_val,mdl_test
0,(Abs(((Abs((Abs(x26) ^ ((Abs((Abs(x22) ^ (-57.9784366090269 * x11))) ^ x14) * x11))) ^ x14) * (x9 - ((Abs((Abs(x14) ^ (Abs(x21) ^ (x3 * (x11 + 15.044371149272475))))) ^ (Abs((Abs((Abs(x22) ^ (Abs(x25) ^ x11))) ^ x17)) ^ -9.765379812338448)) + x25)))) ^ (Abs((Abs((Abs(x9) ^ (19.92379108964686 * x11))) ^ x17)) ^ (x11 + -19.777471453824816))),-57.9784366090269;15.044371149272475;-9.765379812338448;19.92379108964686;-19.777471453824816,64,1.2464424236090484e-3,1.2464424236090484e-3,Infinity,0.9950142303055638,0.9950142303055638,-Infinity,1.2464424236090484e-3,1.2464424236090484e-3,Infinity,129.3150555935713,129.3150555935713,Infinity
