id,Expression,theta,size,MSE_train,MSE_val,MSE_test,R2_train,R2_val,R2_test,nll_train,nll_val,nll_test,mdl_train,mdl_val,mdl_test
0,(Abs(((((x25 - x19) + x16) * x17) * (x24 - x25))) ^ (x16 * ((Abs((x24 * 7.25034039347496)) ^ (13.43564207303908 * (0.3558570681858789 * ((x6 / x9) - x20)))) * ((Abs(x9) ^ (x9 * -2.003993123794071)) + ((-1.9715912741221384 * ((-5.5256689643003165 + x5) + x16)) + 7.121202128645366))))),7.25034039347496;13.43564207303908;0.3558570681858789;-2.003993123794071;-1.9715912741221384;-5.5256689643003165;7.121202128645366,46,4.865144248761803e-2,4.865144248761803e-2,54.6922988646261,0.8053942300495278,0.8053942300495278,-2844.0933869377413,4.865144248761803e-2,4.865144248761803e-2,54.6922988646261,116.49481008988266,116.49481008988266,171.13845751202115
