id,Expression,theta,size,MSE_train,MSE_val,MSE_test,R2_train,R2_val,R2_test,nll_train,nll_val,nll_test,mdl_train,mdl_val,mdl_test
0,((((-1.699451502869517 - (x15 + Recip((Abs(x3) ^ x28)))) + ((Abs((x12 * ((x8 / (-3.8518325814857106e-3 + (x18 / ((Abs(((Abs(-0.7088386460301294) ^ (x21 - x15)) + x19)) ^ 0.356399383330091) / x15)))) * ((x26 * x8) * (x20 * (x6 + 0.9646229656287406)))))) ^ x6) / x15)) * 1.5560477600683497e-2) / x28),-1.699451502869517;-3.8518325814857106e-3;-0.7088386460301294;0.356399383330091;0.9646229656287406;1.5560477600683497e-2,50,4.144020639823541e-2,4.144020639823541e-2,7.536295769161386e-2,0.8342391744070583,0.8342391744070583,-2.920381059117603,4.144020639823541e-2,4.144020639823541e-2,7.536295769161386e-2,132.9985410696218,132.9985410696218,133.03246382091518
