id,Expression,theta,size,MSE_train,MSE_val,MSE_test,R2_train,R2_val,R2_test,nll_train,nll_val,nll_test,mdl_train,mdl_val,mdl_test
0,(Abs(((x11 + ((Abs((1.4497248921239851 + x1)) ^ x16) + (Abs((-5.813940667795613 * x8)) ^ -5.154594138916307))) / (x16 * x25))) ^ ((x10 * (x21 - Recip(Recip((Abs(x1) ^ ((x25 + -16.82568884154449) * (Abs((x10 * -0.6566998974340768)) ^ x14))))))) / (Abs(x16) ^ -7.104531045078375))),1.4497248921239851;-5.813940667795613;-5.154594138916307;-16.82568884154449;-0.6566998974340768;-7.104531045078375,45,2.660499364021475e-2,2.660499364021475e-2,0.11952413873648941,0.8935800254391411,0.8935800254391411,-5.2176456970719425,2.660499364021475e-2,2.660499364021475e-2,0.11952413873648941,105.64056283662642,105.64056283662642,105.73348198172269
