id,Expression,theta,size,MSE_train,MSE_val,MSE_test,R2_train,R2_val,R2_test,nll_train,nll_val,nll_test,mdl_train,mdl_val,mdl_test
0,(Abs(x4) ^ (x9 * (Abs((x17 + x6)) ^ ((((x12 / x29) * ((((((x0 + x7) * x12) + (Abs(((Abs(Recip((x7 + x12))) ^ (-4.890723209105898 + x12)) / x10)) ^ x17)) * 11.926334230051236) + x18) + 8.752520302111211)) + -22.82855531424104) + ((Recip((x17 + (x2 + x12))) + x1) + x0))))),-4.890723209105898;11.926334230051236;8.752520302111211;-22.82855531424104,53,4.398680199209518e-7,4.398680199209518e-7,Infinity,0.9999982405279203,0.9999982405279203,-Infinity,4.398680199209518e-7,4.398680199209518e-7,Infinity,141.6282165767801,141.6282165767801,Infinity
