id,Expression,theta,size,MSE_train,MSE_val,MSE_test,R2_train,R2_val,R2_test,nll_train,nll_val,nll_test,mdl_train,mdl_val,mdl_test
0,(Abs(x2) ^ Recip((x12 + (((Abs(x21) ^ (x21 * ((Abs(x12) ^ ((((x3 + x3) * (((x17 * (Abs(x21) ^ (x9 * x2))) * -12.790795867500306) + 7.017934153022056)) * x17) * -6.660834812484229)) * -0.6505709595247603))) + (x18 + x27)) * (x24 + (x12 * x27)))))),-12.790795867500306;7.017934153022056;-6.660834812484229;-0.6505709595247603,46,5.253880836095447e-3,5.253880836095447e-3,7.361421455209811e-2,0.9789844766556182,0.9789844766556182,-2.8294114409999978,5.253880836095447e-3,5.253880836095447e-3,7.361421455209811e-2,110.84566172467694,110.84566172467694,110.91402205839294
