id,Expression,theta,size,MSE_train,MSE_val,MSE_test,R2_train,R2_val,R2_test,nll_train,nll_val,nll_test,mdl_train,mdl_val,mdl_test
0,(Abs(((x15 * x27) / x30)) ^ (x4 / (Abs(x9) ^ ((((x29 + 1.435462223906387) * (x23 + (x5 - (x29 + -2.6440734426302575)))) - ((Abs(x29) ^ -1.3039407845887636) * x6)) + ((Abs((x1 + (x7 - x28))) ^ (x1 / x17)) * x15))))),1.435462223906387;-2.6440734426302575;-1.3039407845887636,43,3.0634120838532213e-7,3.0634120838532213e-7,Infinity,0.9999987746351665,0.9999987746351665,-Infinity,3.0634120838532213e-7,3.0634120838532213e-7,Infinity,114.83312049383238,114.83312049383238,Infinity
