id,Expression,theta,size,MSE_train,MSE_val,MSE_test,R2_train,R2_val,R2_test,nll_train,nll_val,nll_test,mdl_train,mdl_val,mdl_test
0,Recip(((((Abs((x6 + x9)) ^ (x13 / ((x16 * x27) - x26))) + (Abs(x13) ^ x26)) + (Abs((x27 - x25)) ^ (x26 - ((((x25 * (x16 + x6)) + 6.641833650532829) + (((x16 + -98.94340532198518) + -98.22974356991695) * x23)) * 8.239398433959792)))) - (x26 * x7))),6.641833650532829;-98.94340532198518;-98.22974356991695;8.239398433959792,47,9.85078895762371e-4,9.85078895762371e-4,3.3439442684412714e-2,0.9960596844169505,0.9960596844169505,-0.739519808443083,9.85078895762371e-4,9.85078895762371e-4,3.3439442684412714e-2,121.99488885744614,121.99488885744614,122.02734322123479
