id,Expression,theta,size,MSE_train,MSE_val,MSE_test,R2_train,R2_val,R2_test,nll_train,nll_val,nll_test,mdl_train,mdl_val,mdl_test
0,Recip((Abs((Abs(((x13 + 9.108480683086261) + (13.706179674156061 / (Abs((x2 + x4)) ^ (Abs(((x6 + -12.184016436295233) + -10.995636177601046)) ^ (x5 + x16)))))) ^ (Abs(x14) ^ (-16.840336648775708 + (Abs(x16) ^ ((((4.3397520174657265 + x5) * x22) + (-6.5799843456741325 * x13)) + (x5 * 19.545166208263378))))))) ^ x4)),9.108480683086261;13.706179674156061;-12.184016436295233;-10.995636177601046;-16.840336648775708;4.3397520174657265;-6.5799843456741325;19.545166208263378,48,2.0076016291132336e-2,2.0076016291132336e-2,0.12604079950036218,0.9196959348354706,0.9196959348354706,-5.55664239000859,2.0076016291132336e-2,2.0076016291132336e-2,0.12604079950036218,110.86048386013198,110.86048386013198,110.96644864334121
