id,Expression,theta,size,MSE_train,MSE_val,MSE_test,R2_train,R2_val,R2_test,nll_train,nll_val,nll_test,mdl_train,mdl_val,mdl_test
0,(Abs((Abs(x0) ^ x12)) ^ (Abs((((Abs((-0.40867878429640475 * x16)) ^ (x25 * Recip(x12))) * -8.91546816970544) + (x23 / x16))) ^ (((Abs((((-0.2541652057831986 - (-0.8714750727052155 * Recip((Abs(x4) ^ (x9 + x5))))) * -8.50571028255934e-2) - (x8 * 0.37041473273494896))) ^ ((x8 * Recip(x12)) + 6.787561056139514e-2)) * ((x25 - x21) * x8)) + -17.552685550799335))),-0.40867878429640475;-8.91546816970544;-0.2541652057831986;-0.8714750727052155;-8.50571028255934e-2;0.37041473273494896;6.787561056139514e-2;-17.552685550799335,56,1.0404512791686749e-2,1.0404512791686749e-2,8.450719120027135e-2,0.958381948833253,0.958381948833253,-3.3960640862379474,1.0404512791686749e-2,1.0404512791686749e-2,8.450719120027135e-2,141.6710717156025,141.6710717156025,141.74517439401106
