id,Expression,theta,size,MSE_train,MSE_val,MSE_test,R2_train,R2_val,R2_test,nll_train,nll_val,nll_test,mdl_train,mdl_val,mdl_test
0,(-0.7647870850583178 - ((x9 + (x18 + x0)) * (((((x21 / (x18 + x0)) + ((x18 + x9) * -5.397444533210763)) + -1.9736877977481835) - (-5.919710854273171 * (x18 + ((((x21 / x22) + x19) + 1.470894113172567) * x27)))) + -2.9232932639274973))),-0.7647870850583178;-5.397444533210763;-1.9736877977481835;-5.919710854273171;1.470894113172567;-2.9232932639274973,37,3.457506073761823e-2,3.457506073761823e-2,0.11003057911936406,0.8616997570495271,0.8616997570495271,-4.7237907257891,3.457506073761823e-2,3.457506073761823e-2,0.11003057911936406,91.97612110289364,91.97612110289364,92.05157662127539
