id,Expression,theta,size,MSE_train,MSE_val,MSE_test,R2_train,R2_val,R2_test,nll_train,nll_val,nll_test,mdl_train,mdl_val,mdl_test
0,((((1.59466444318905 / x16) - (x18 / (Abs((-0.7666061697869504 - x16)) ^ x21))) * (x6 * (Abs(x20) ^ Recip((Abs(Recip(((x21 / Recip(Recip(x1))) + x13))) ^ (x21 + 8.368515288143472)))))) + x23),1.59466444318905;-0.7666061697869504;8.368515288143472,34,6.59644415193866e-2,6.59644415193866e-2,0.16176971367210108,0.7361422339224536,0.7361422339224536,-7.415260505222376,6.59644415193866e-2,6.59644415193866e-2,0.16176971367210108,84.0155206756879,84.0155206756879,84.11132594784061
