id,Expression,theta,size,MSE_train,MSE_val,MSE_test,R2_train,R2_val,R2_test,nll_train,nll_val,nll_test,mdl_train,mdl_val,mdl_test
0,(((Abs(x0) ^ (Abs(Recip((Recip((Recip((Recip((x0 * -5.090265364734564)) + ((6.814930996621086 + x14) * x21))) * -2.392328555733704)) + x0))) ^ (Abs((((x0 + x15) + (Recip(((x0 * (6.015434598544228e-3 * x2)) + x21)) * (x16 * -5.886609472280044e-2))) * x26)) ^ (-10.685737205912224 * x3)))) + x0) - x0),-5.090265364734564;6.814930996621086;-2.392328555733704;6.015434598544228e-3;-5.886609472280044e-2;-10.685737205912224,49,1.6288281644497703e-2,1.6288281644497703e-2,7.93999447935665e-2,0.9348468734220092,0.9348468734220092,-3.130385128161172,1.6288281644497703e-2,1.6288281644497703e-2,7.93999447935665e-2,121.41292544394638,121.41292544394638,121.47603710709545
