id,Expression,theta,size,MSE_train,MSE_val,MSE_test,R2_train,R2_val,R2_test,nll_train,nll_val,nll_test,mdl_train,mdl_val,mdl_test
0,((Abs(x15) ^ (((Abs(x14) ^ (Abs((Recip(x7) * x0)) ^ x7)) + (x14 * (x23 + (Abs(x7) ^ 1.9116722375206199)))) * ((42.25623794254465 + (Recip(x7) / (Abs((x7 * x26)) ^ (Recip(x7) * x15)))) * ((x16 * x21) * (x28 + x11))))) * (x8 + 1.171804411031543)),1.9116722375206199;42.25623794254465;1.171804411031543,49,5.191274502653915e-2,5.191274502653915e-2,8.031058154965659e-2,0.7923490198938434,0.7923490198938434,-3.177756452212976,5.191274502653915e-2,5.191274502653915e-2,8.031058154965659e-2,124.71329988350006,124.71329988350006,124.74169772002317
