id,Expression,theta,size,MSE_train,MSE_val,MSE_test,R2_train,R2_val,R2_test,nll_train,nll_val,nll_test,mdl_train,mdl_val,mdl_test
0,((1.442679739092747 * ((((((Abs(((Recip(((x8 + x19) / x2)) - x24) * x21)) ^ (x30 / (x23 + (x12 + x2)))) - (Abs((-0.3015004554322848 * Recip(x29))) ^ (x22 - (x3 - x8)))) * x22) * 1.4521241314912599) * ((x2 * 1.4918332609631646) * -1.4327211006877896)) * (Abs(x17) ^ 0.5137308060550201))) / x9),1.442679739092747;-0.3015004554322848;1.4521241314912599;1.4918332609631646;-1.4327211006877896;0.5137308060550201,50,6.237106816716152e-2,6.237106816716152e-2,Infinity,0.7505157273313539,0.7505157273313539,-Infinity,6.237106816716152e-2,6.237106816716152e-2,Infinity,140.8617879252047,140.8617879252047,Infinity
