id,Expression,theta,size,MSE_train,MSE_val,MSE_test,R2_train,R2_val,R2_test,nll_train,nll_val,nll_test,mdl_train,mdl_val,mdl_test
0,(Abs(x5) ^ (Abs((Abs((x25 * (((Abs(((x22 / x26) + x10)) ^ -8.711597223161638) * -6.432219210778977) + -7.358047123536305))) ^ (((x26 * (Abs(Recip((Abs((x5 / x26)) ^ -1.967444859892394))) ^ Recip(x18))) / (((Abs((Recip(x25) + x18)) ^ x13) / x26) + x13)) + (x25 / x12)))) ^ 0.3236605709282977)),-8.711597223161638;-6.432219210778977;-7.358047123536305;-1.967444859892394;0.3236605709282977,51,8.647276359747972e-4,8.647276359747972e-4,Infinity,0.9965410894561008,0.9965410894561008,-Infinity,8.647276359747972e-4,8.647276359747972e-4,Infinity,116.11938723070735,116.11938723070735,Infinity
