id,Expression,theta,size,MSE_train,MSE_val,MSE_test,R2_train,R2_val,R2_test,nll_train,nll_val,nll_test,mdl_train,mdl_val,mdl_test
0,(((((Abs(x26) ^ ((0.5072142758299183 * x16) + (x17 * ((-0.39655952003350864 - x9) + (Abs(((x9 - (x9 - x15)) - (-3.8968063924012815 * x25))) ^ (-6.2598021690080285 - x15)))))) + x21) / x21) * ((x9 - x15) * -1.5079921384902462)) + (x9 - x21)),0.5072142758299183;-0.39655952003350864;-3.8968063924012815;-6.2598021690080285;-1.5079921384902462,41,3.4518828275055514e-2,3.4518828275055514e-2,1.8438813993828437e56,0.861924686899778,0.861924686899778,-9.591871039589186e57,3.4518828275055514e-2,3.4518828275055514e-2,1.8438813993828437e56,100.06754376927499,100.06754376927499,1.8438813993828437e56
