id,Expression,theta,size,MSE_train,MSE_val,MSE_test,R2_train,R2_val,R2_test,nll_train,nll_val,nll_test,mdl_train,mdl_val,mdl_test
0,(Abs(x11) ^ ((Abs(x6) ^ ((42.883035789806065 * x19) - ((((((x10 * (((Abs(4.684063622096119) ^ x27) + x11) + 33.32286424180231)) / ((x9 / x20) - x11)) - (x19 + ((6.049736100053572 * x20) * 3.095218012999492))) + Recip(x11)) + x27) + ((x20 - x3) * x26)))) / x10)),42.883035789806065;4.684063622096119;33.32286424180231;6.049736100053572;3.095218012999492,47,1.27592321247401e-6,1.27592321247401e-6,Infinity,0.9999948963071501,0.9999948963071501,-Infinity,1.27592321247401e-6,1.27592321247401e-6,Infinity,121.99390505447359,121.99390505447359,Infinity
