id,Expression,theta,size,MSE_train,MSE_val,MSE_test,R2_train,R2_val,R2_test,nll_train,nll_val,nll_test,mdl_train,mdl_val,mdl_test
0,(x27 * (x22 + ((x27 * (x27 + ((Recip((Recip(((Abs((x17 - x27)) ^ ((x21 * 15.689532367456533) + -2.1212874527217083)) - x27)) + x21)) - x21) / x27))) - (((x22 - x27) / (-10.744646561122234 - x2)) * x8)))),15.689532367456533;-2.1212874527217083;-10.744646561122234,38,9.98432070129358e-2,9.98432070129358e-2,0.20884282742038393,0.6006271719482568,0.6006271719482568,-9.864003882407957,9.98432070129358e-2,9.98432070129358e-2,0.20884282742038393,95.0029694330898,95.0029694330898,95.11196905349725
