id,Expression,theta,size,MSE_train,MSE_val,MSE_test,R2_train,R2_val,R2_test,nll_train,nll_val,nll_test,mdl_train,mdl_val,mdl_test
0,(Abs((Abs(x24) ^ 9.308007041192381)) ^ (Abs(((Abs(x7) ^ 5.106837205050292) * ((Recip((Abs(x3) ^ x23)) - (Abs((((Abs(((Recip(x18) - x18) * (x9 * ((Recip(x18) - x26) * x26)))) ^ x15) - x14) / x11)) ^ 6.280856379768914)) * x26))) ^ (x15 * (18.39201378646035 * (Abs(x0) ^ (x9 * Recip(x18))))))),9.308007041192381;5.106837205050292;6.280856379768914;18.39201378646035,55,1.6435929827228187e-2,1.6435929827228187e-2,7.490683429435965e-2,0.9342562806910872,0.9342562806910872,-2.8966535199924404,1.6435929827228187e-2,1.6435929827228187e-2,7.490683429435965e-2,133.1774631004694,133.1774631004694,133.23593400493652
