id,Expression,theta,size,MSE_train,MSE_val,MSE_test,R2_train,R2_val,R2_test,nll_train,nll_val,nll_test,mdl_train,mdl_val,mdl_test
0,(Abs(x20) ^ (Abs((Abs(((((Abs((Abs((((Abs(x15) ^ x15) - x28) * (Abs((Abs((x15 * -0.10663057911658502)) ^ (x20 * (((x17 + x26) * -8.470324480267326) + (x15 - (x12 - x15)))))) ^ ((Recip(x12) * x11) + -3.7274238753994426)))) ^ x26)) ^ -6.124213132452625) * -14.218935789918259) + -9.02399107762715) * x15)) ^ (x18 / x27))) ^ 25.1296914274676)),-0.10663057911658502;-8.470324480267326;-3.7274238753994426;-6.124213132452625;-14.218935789918259;-9.02399107762715;25.1296914274676,56,1.9044307500748477e-6,1.9044307500748477e-6,Infinity,0.9999923822769997,0.9999923822769997,-Infinity,1.9044307500748477e-6,1.9044307500748477e-6,Infinity,133.08426057194023,133.08426057194023,Infinity
