id,Expression,theta,size,MSE_train,MSE_val,MSE_test,R2_train,R2_val,R2_test,nll_train,nll_val,nll_test,mdl_train,mdl_val,mdl_test
0,(Abs(((Abs(Recip((x1 + x2))) ^ x6) / Recip((((x3 - x26) * x19) * x5)))) ^ (Abs((Abs(x23) ^ ((x5 * (x2 / x12)) + -0.6146847636452333))) ^ ((Abs(((x2 / x6) + (x15 + x12))) ^ (Abs(-0.6853609478416576) ^ (Abs(x5) ^ x5))) / ((Abs(x18) ^ x19) * x3)))),-0.6146847636452333;-0.6853609478416576,53,0.0,0.0,5.2610806346683435e-2,1.0,1.0,-1.7368141461543676,0.0,0.0,5.2610806346683435e-2,130.0667291053274,130.0667291053274,130.11933991167407
