id,Expression,theta,size,MSE_train,MSE_val,MSE_test,R2_train,R2_val,R2_test,nll_train,nll_val,nll_test,mdl_train,mdl_val,mdl_test
0,(x12 * (-2.3436812502111315 - ((((x29 * x27) + 3.225905842524084) - x4) - ((137.0183657254665 + (-89.47636787578658 * (Abs(((((2.452029204410912 * (x5 / x4)) - (x28 / x1)) / ((Abs(((x27 - x20) * x0)) ^ x6) - x12)) * (1.396309404986746 * (((x27 - x20) * 8.782544194517559) * x0)))) ^ x29))) * x3)))),-2.3436812502111315;3.225905842524084;137.0183657254665;-89.47636787578658;2.452029204410912;1.396309404986746;8.782544194517559,51,3.300874973385007e-2,3.300874973385007e-2,0.10561732390998725,0.8679650010645997,0.8679650010645997,-4.4942131897973265,3.300874973385007e-2,3.300874973385007e-2,0.10561732390998725,138.86046260848843,138.86046260848843,138.93307118266458
