id,Expression,theta,size,MSE_train,MSE_val,MSE_test,R2_train,R2_val,R2_test,nll_train,nll_val,nll_test,mdl_train,mdl_val,mdl_test
0,(Abs(((-2.818174292300162 * (x25 / (Abs(Recip((-1.1172838667863823 + (x19 / x25)))) ^ (-0.5159738068731996 * (x25 - x12))))) / (x25 - Recip(x21)))) ^ ((Abs(((-0.5811455838848518 * (x2 / x25)) / (Abs((x6 / x25)) ^ -1.466010133587995))) ^ -14.662332241946643) / ((Abs(((x26 / x11) / (x6 - (x2 / x25)))) ^ x10) + x2))),-2.818174292300162;-1.1172838667863823;-0.5159738068731996;-0.5811455838848518;-1.466010133587995;-14.662332241946643,54,1.2093324394511269e-12,1.2093324394511269e-12,Infinity,0.9999999999951626,0.9999999999951626,-Infinity,1.2093324394511269e-12,1.2093324394511269e-12,Infinity,135.8568473897505,135.8568473897505,Infinity
