id,Expression,theta,size,MSE_train,MSE_val,MSE_test,R2_train,R2_val,R2_test,nll_train,nll_val,nll_test,mdl_train,mdl_val,mdl_test
0,(Abs((Abs((-7.127237368433059 * x24)) ^ (Abs(x11) ^ ((-10.091781981498126 * x11) - ((x5 - x24) * 30.532444121964737))))) ^ (Abs((((x16 * x3) / x26) - (x8 * x19))) ^ ((x11 * (x15 + -15.825805104565129)) - x0))),-7.127237368433059;-10.091781981498126;30.532444121964737;-15.825805104565129,37,3.8996024197527304e-2,3.8996024197527304e-2,Infinity,0.8440159032098908,0.8440159032098908,-Infinity,3.8996024197527304e-2,3.8996024197527304e-2,Infinity,91.5344238581103,91.5344238581103,Infinity
