id,Expression,theta,size,MSE_train,MSE_val,MSE_test,R2_train,R2_val,R2_test,nll_train,nll_val,nll_test,mdl_train,mdl_val,mdl_test
0,Recip(((Abs((x5 * ((-1.8239953309509658e-4 * Recip(x1)) * (((x16 - x30) - x17) + 1.7309885902061558e-2)))) ^ ((Abs(x15) ^ ((((Abs(x18) ^ x1) + -2.7490499456779753) - x9) * x3)) + -1.8102774362896352)) + (Abs(x30) ^ 6.318506833008398e-3))),-1.8239953309509658e-4;1.7309885902061558e-2;-2.7490499456779753;-1.8102774362896352;6.318506833008398e-3,37,5.025288323236169e-2,5.025288323236169e-2,8.127418262837051e-2,0.7989884670705533,0.7989884670705533,-3.2278829803276725,5.025288323236169e-2,5.025288323236169e-2,8.127418262837051e-2,89.4159095196053,89.4159095196053,89.44693081900131
