id,Expression,theta,size,MSE_train,MSE_val,MSE_test,R2_train,R2_val,R2_test,nll_train,nll_val,nll_test,mdl_train,mdl_val,mdl_test
0,(((x21 * ((((Abs(x1) ^ x12) * 576.3375453866489) + (-165.27381416668405 - x12)) + ((-165.3543025577647 + x29) - (x12 - (-165.93888357654149 - (x13 * (-162.2275274329332 - (((((Abs(x1) ^ x18) * -1221.8257266425403) - x12) + (x26 * (-1457.8232601534407 + x12))) * x6)))))))) - x12) * x0),576.3375453866489;-165.27381416668405;-165.3543025577647;-165.93888357654149;-162.2275274329332;-1221.8257266425403;-1457.8232601534407,45,7.865309394727317e-2,7.865309394727317e-2,0.265368788996582,0.6853876242109074,0.6853876242109074,-12.804484403601668,7.865309394727317e-2,7.865309394727317e-2,0.265368788996582,113.55811826740337,113.55811826740337,113.74483396245269
