id,Expression,theta,size,MSE_train,MSE_val,MSE_test,R2_train,R2_val,R2_test,nll_train,nll_val,nll_test,mdl_train,mdl_val,mdl_test
0,((Abs(x12) ^ Recip((Abs((Abs(Recip((x0 * (x30 + 16.186076956087316)))) ^ (Abs(x15) ^ ((x15 * (((((x15 * x30) / (7.542172981759387 * x26)) - (x30 + x28)) * x4) * (24.685381371841586 + (x21 * x0)))) / x12)))) ^ (Abs((Abs(x13) ^ x22)) ^ x0)))) - Recip((x0 * (x30 + 31964.35679576537)))),16.186076956087316;7.542172981759387;24.685381371841586;31964.35679576537,54,4.5077719152603266e-3,4.5077719152603266e-3,6.675547570787477e-2,0.9819689123389587,0.9819689123389587,-2.4726198463235125,4.5077719152603266e-3,4.5077719152603266e-3,6.675547570787477e-2,135.99874828661365,135.99874828661365,136.06099599040627
