id,Expression,theta,size,MSE_train,MSE_val,MSE_test,R2_train,R2_val,R2_test,nll_train,nll_val,nll_test,mdl_train,mdl_val,mdl_test
0,(((Abs((x18 / x10)) ^ (x22 + ((((((Abs((x24 / x10)) ^ (x24 + ((x24 + (x18 * 19.011989507931403)) - (x13 * 12.076912696604117)))) - x3) + x20) + x14) + ((Abs(x10) ^ x14) * x13)) - (2.2823412432378225 * (Abs(x0) ^ x21))))) - x0) + (x0 * (Abs((x21 + -3.326960201921427)) ^ x8))),19.011989507931403;12.076912696604117;2.2823412432378225;-3.326960201921427,54,1.4623241842031478e-2,1.4623241842031478e-2,0.15769211458951463,0.9415070326318741,0.9415070326318741,-7.203143800946238,1.4623241842031478e-2,1.4623241842031478e-2,0.15769211458951463,138.8420771005966,138.8420771005966,138.9851459733441
