id,Expression,theta,size,MSE_train,MSE_val,MSE_test,R2_train,R2_val,R2_test,nll_train,nll_val,nll_test,mdl_train,mdl_val,mdl_test
0,((((-0.5369725036046343 + (((x26 * x15) + ((0.1895270747313611 - x30) / x3)) / Recip((((((((x4 + (x5 * x29)) * (-0.5529884500151127 - x4)) / x21) - Recip((x3 + (1.8729990505581853e-2 / x11)))) - x3) + -0.7189012434449009) + (Recip(x3) - x3))))) + (x24 * -0.7489758916911761)) * x26) * 0.27211879845918374),-0.5369725036046343;0.1895270747313611;-0.5529884500151127;1.8729990505581853e-2;-0.7189012434449009;-0.7489758916911761;0.27211879845918374,48,5.754102580122199e-2,5.754102580122199e-2,0.25717298982215187,0.769835896795112,0.769835896795112,-12.37813893054783,5.754102580122199e-2,5.754102580122199e-2,0.25717298982215187,133.1417996933107,133.1417996933107,133.34143165733164
