id,Expression,theta,size,MSE_train,MSE_val,MSE_test,R2_train,R2_val,R2_test,nll_train,nll_val,nll_test,mdl_train,mdl_val,mdl_test
0,(Abs((x27 * x28)) ^ (Recip((-0.9524879313093786 / (x26 * x18))) + (Abs(Recip((x26 / (x30 * (((((((x8 * x17) + x18) / (Abs(x18) ^ 4.1979684965391195)) / x23) * Recip(x24)) + x18) / (Abs(x18) ^ (x26 / (x13 * (-0.4506916265492063 / (Abs(x25) ^ -1.2946545873624473)))))))))) ^ x26))),-0.9524879313093786;4.1979684965391195;-0.4506916265492063;-1.2946545873624473,51,3.210147949575218e-2,3.210147949575218e-2,6.1936713092565814e-2,0.8715940820169913,0.8715940820169913,-2.2219478150751506,3.210147949575218e-2,3.210147949575218e-2,6.1936713092565814e-2,130.35991530608172,130.35991530608172,130.38975053967852
