id,Expression,theta,size,MSE_train,MSE_val,MSE_test,R2_train,R2_val,R2_test,nll_train,nll_val,nll_test,mdl_train,mdl_val,mdl_test
0,(Abs((((x22 * x6) * x24) - x12)) ^ (Abs((x6 * Recip(((x18 + x15) + -0.26859602599109295)))) ^ -2.1082556546319817)),-0.26859602599109295;-2.1082556546319817,20,5.051902123141828e-2,5.051902123141828e-2,0.15325072284333277,0.7979239150743269,0.7979239150743269,-6.9721026023098664,5.051902123141828e-2,5.051902123141828e-2,0.15325072284333277,44.778838717415425,44.778838717415425,44.88157041902734
