id,Expression,theta,size,MSE_train,MSE_val,MSE_test,R2_train,R2_val,R2_test,nll_train,nll_val,nll_test,mdl_train,mdl_val,mdl_test
0,(((Abs((((Abs((Recip(x28) - (x26 - x27))) ^ (x7 + 0.27598333671656444)) - Recip((-0.490753064314824 + ((Abs(x23) ^ (-0.17273863695476888 / x18)) * x16)))) / x24)) ^ (Abs(x5) ^ x7)) * 6.780949518634855e-2) * Recip(((x26 / x18) + (Abs(x20) ^ ((x26 - (x24 * (Abs(x18) ^ (x28 * -0.2509170232300038)))) / x21))))),0.27598333671656444;-0.490753064314824;-0.17273863695476888;6.780949518634855e-2;-0.2509170232300038,54,5.9017169371907326e-2,5.9017169371907326e-2,8.696968674565074e-2,0.7639313225123707,0.7639313225123707,-3.5241631045085784,5.9017169371907326e-2,5.9017169371907326e-2,8.696968674565074e-2,138.7968615483878,138.7968615483878,138.82481406576153
