id,Expression,theta,size,MSE_train,MSE_val,MSE_test,R2_train,R2_val,R2_test,nll_train,nll_val,nll_test,mdl_train,mdl_val,mdl_test
0,(Abs((x18 + x23)) ^ (Abs((((x28 + (((x10 + x2) + (3.2028046027655694 * x30)) - (x20 * 3.151850973685649e-2))) + (x30 * 2.017839082463699)) - ((x20 + x24) * ((x20 + 3.0045806211871797) * x28)))) ^ 19.027261490926964)),3.2028046027655694;3.151850973685649e-2;2.017839082463699;3.0045806211871797;19.027261490926964,35,4.992419284014919e-2,4.992419284014919e-2,Infinity,0.8003032286394032,0.8003032286394032,-Infinity,4.992419284014919e-2,4.992419284014919e-2,Infinity,84.69325298907087,84.69325298907087,Infinity
