id,Expression,theta,size,MSE_train,MSE_val,MSE_test,R2_train,R2_val,R2_test,nll_train,nll_val,nll_test,mdl_train,mdl_val,mdl_test
0,(Abs(x12) ^ (Abs(Recip((Recip((x26 * (Abs((x10 * x19)) ^ ((0.4762503381755432 + (Abs((x19 - Recip((Recip((Recip(x18) * x8)) + x4)))) ^ -1.9046570929750273)) + x12)))) + x10))) ^ (x10 + (((x4 * ((x10 + -0.24338092633118316) + x10)) + (x10 + -1.6594162263356715)) + (x10 + x12))))),0.4762503381755432;-1.9046570929750273;-0.24338092633118316;-1.6594162263356715,50,7.2653901543140945e-3,7.2653901543140945e-3,6.98501106965488e-2,0.9709384393827436,0.9709384393827436,-2.6336027584343293,7.2653901543140945e-3,7.2653901543140945e-3,6.98501106965488e-2,117.994935833385,117.994935833385,118.05752055392723
