id,Expression,theta,size,MSE_train,MSE_val,MSE_test,R2_train,R2_val,R2_test,nll_train,nll_val,nll_test,mdl_train,mdl_val,mdl_test
0,((x19 * (((2.347321501389789 - (((x23 - x10) + (Abs(x0) ^ x20)) * x17)) * Recip((Abs((((((x19 * (x28 - x20)) + x15) - Recip((x5 * x1))) * 0.9544495666240334) * x8)) ^ x19))) + 1.4535367344943366)) - ((((Abs(x20) ^ -0.7674943361810889) - x12) * x20) + ((x12 - x18) * 1.8139763380663825))),2.347321501389789;0.9544495666240334;1.4535367344943366;-0.7674943361810889;1.8139763380663825,52,3.090745991309163e-2,3.090745991309163e-2,8.917541725470791e-2,0.8763701603476335,0.8763701603476335,-3.6389052055897286,3.090745991309163e-2,3.090745991309163e-2,8.917541725470791e-2,144.30841743906868,144.30841743906868,144.36668539641028
