id,Expression,theta,size,MSE_train,MSE_val,MSE_test,R2_train,R2_val,R2_test,nll_train,nll_val,nll_test,mdl_train,mdl_val,mdl_test
0,(Abs((Abs(((Abs(0.1173653957406792) ^ x13) * (-3.3779043986860837 / ((x18 + x22) + Recip(x5))))) ^ (x13 / ((x4 / (Recip((Abs(x23) ^ -0.5225786390708206)) + (Abs(x15) ^ (x30 * x18)))) + Recip(((Abs(x15) ^ 7.500726609667726) / (Abs(x11) ^ -6.907531815784665))))))) ^ (x11 * (Abs(x23) ^ -12.683993085291124))),0.1173653957406792;-3.3779043986860837;-0.5225786390708206;7.500726609667726;-6.907531815784665;-12.683993085291124,50,1.7052367393320233e-2,1.7052367393320233e-2,Infinity,0.9317905304267191,0.9317905304267191,-Infinity,1.7052367393320233e-2,1.7052367393320233e-2,Infinity,113.75516081368615,113.75516081368615,Infinity
