id,Expression,theta,size,MSE_train,MSE_val,MSE_test,R2_train,R2_val,R2_test,nll_train,nll_val,nll_test,mdl_train,mdl_val,mdl_test
0,(Abs((x17 * x23)) ^ ((Abs(((Abs(((Abs((Abs(x16) ^ x16)) ^ (Abs(x16) ^ x0)) + x19)) ^ 52.160411988889514) * x19)) ^ ((x5 * x30) * 73.65589127645558)) * Recip((Recip((Abs(((Abs(Recip((x30 * 60.42093399718485))) ^ x9) + x9)) ^ -360.26565428227315)) + Recip((Recip((Abs((Abs(x3) ^ x15)) ^ 83.53192914538626)) + x14)))))),52.160411988889514;73.65589127645558;60.42093399718485;-360.26565428227315;83.53192914538626,56,1.302093222901969e-3,1.302093222901969e-3,4.0671697215099716e-2,0.9947916271083921,0.9947916271083921,-1.1157416891294063,1.302093222901969e-3,1.302093222901969e-3,4.0671697215099716e-2,127.54038331625284,127.54038331625284,127.57975292024504
