id,Expression,theta,size,MSE_train,MSE_val,MSE_test,R2_train,R2_val,R2_test,nll_train,nll_val,nll_test,mdl_train,mdl_val,mdl_test
0,(Abs((Abs((Abs((x7 * x23)) ^ (x30 * (Abs(((x7 * x23) / x0)) ^ -50.868770078401425)))) ^ (Abs(x30) ^ (Abs(x23) ^ (Recip(Recip(x7)) / (x30 + (Abs(31.435029385034017) ^ (Recip(x23) * (Abs((Abs((Abs(x16) ^ x6)) ^ -0.4899999759249626)) ^ (x25 * x6)))))))))) ^ (Abs((Abs(x0) ^ x0)) ^ x25)),-50.868770078401425;31.435029385034017;-0.4899999759249626,56,0.0,0.0,1.6169338742694193e-2,1.0,1.0,0.15887099860508014,0.0,0.0,1.6169338742694193e-2,112.85777172830761,112.85777172830761,112.87394106705031
