id,Expression,theta,size,MSE_train,MSE_val,MSE_test,R2_train,R2_val,R2_test,nll_train,nll_val,nll_test,mdl_train,mdl_val,mdl_test
0,(Abs((x30 * x17)) ^ (Abs(((Abs(Recip((Recip(x24) + -1.408180347398517))) ^ (-0.9851814871632889 - x15)) * x3)) ^ ((((1.3594987583334501 - (Recip((Abs(Recip(x15)) ^ x2)) + x15)) + Recip(Recip((Abs((((1.4848669446254383 - x28) - x3) - x26)) ^ Recip(x9))))) + Recip(x19)) * x17))),-1.408180347398517;-0.9851814871632889;1.3594987583334501;1.4848669446254383,48,6.32870368946452e-3,6.32870368946452e-3,1.6567213476786295e-2,0.9746851852421419,0.9746851852421419,0.13817355493760985,6.32870368946452e-3,6.32870368946452e-3,1.6567213476786295e-2,119.22764376000005,119.22764376000005,119.23788226978738
