id,Expression,theta,size,MSE_train,MSE_val,MSE_test,R2_train,R2_val,R2_test,nll_train,nll_val,nll_test,mdl_train,mdl_val,mdl_test
0,(Abs(x23) ^ ((Abs((Abs((Abs(x0) ^ x15)) ^ x29)) ^ (((Abs((Abs(((-731.9011866513376 / x28) * (x21 + 739.1187365528934))) ^ x29)) ^ x18) + x21) * (49.66876355591823 * ((((x3 * ((Abs(x11) ^ x7) / x30)) / x10) - ((Abs((x23 / (x26 * x14))) ^ x29) * x15)) * x2)))) / (x28 * x0))),-731.9011866513376;739.1187365528934;49.66876355591823,57,2.093710910761193e-3,2.093710910761193e-3,2.098541398597639e9,0.9916251563569553,0.9916251563569553,-1.0916612355404501e11,2.093710910761193e-3,2.093710910761193e-3,2.098541398597639e9,149.1836931593585,149.1836931593585,2.0985415477792385e9
