id,Expression,theta,size,MSE_train,MSE_val,MSE_test,R2_train,R2_val,R2_test,nll_train,nll_val,nll_test,mdl_train,mdl_val,mdl_test
0,((10.167275874495543 * x27) * (Abs((((x23 * ((x2 - x14) + x3)) * x27) * (((x9 * (Abs(x17) ^ ((11.59128363069951 * x27) + 89.9250163228346))) * x23) * (Abs(x22) ^ 59.16768070253809)))) ^ (x9 * Recip((Abs((x8 / x15)) ^ (16.26297076844264 * ((Abs(-18.86537367315106) ^ x21) * (Abs(9.372162918559657e-3) ^ x7)))))))),10.167275874495543;11.59128363069951;89.9250163228346;59.16768070253809;16.26297076844264;-18.86537367315106;9.372162918559657e-3,52,2.854427094253677e-2,2.854427094253677e-2,6.414959470587668e-2,0.8858229162298529,0.8858229162298529,-2.3370619165995774,2.854427094253677e-2,2.854427094253677e-2,6.414959470587668e-2,135.4727373125988,135.4727373125988,135.50834263636213
