id,Expression,theta,size,MSE_train,MSE_val,MSE_test,R2_train,R2_val,R2_test,nll_train,nll_val,nll_test,mdl_train,mdl_val,mdl_test
0,Recip(Recip((Abs(-0.9860166068544264) ^ (Abs((((x9 - x1) / (x5 / ((((x12 - x17) / (x5 / (x27 * 0.173419993717706))) + 3.252488451397406e-2) * x17))) + x24)) ^ ((Abs(x22) ^ (x14 + x26)) - (Recip((Abs(x7) ^ (x24 / x2))) - (-0.9156685915371946 * (Abs(x8) ^ x29)))))))),-0.9860166068544264;0.173419993717706;3.252488451397406e-2;-0.9156685915371946,49,5.339888485469928e-2,5.339888485469928e-2,0.14718653875124293,0.7864044605812028,0.7864044605812028,-6.656643745839364,5.339888485469928e-2,5.339888485469928e-2,0.14718653875124293,134.0123861446853,134.0123861446853,134.10617379858186
