id,Expression,theta,size,MSE_train,MSE_val,MSE_test,R2_train,R2_val,R2_test,nll_train,nll_val,nll_test,mdl_train,mdl_val,mdl_test
0,((((x21 + (x3 + x18)) * 9.708088571941733) - ((x20 - ((7.687882672751434 * (x3 + (x3 + x18))) - (x20 + (1.8730697187479015 + ((((4.069088059072263 * (Abs(Recip(x26)) ^ (0.6594068488636291 + ((x3 * x17) / x30)))) + -0.8539290243296146) * x18) * x3))))) + (1.8285428580974743 + (x20 * x20)))) * x19),9.708088571941733;7.687882672751434;1.8730697187479015;4.069088059072263;0.6594068488636291;-0.8539290243296146;1.8285428580974743,49,2.3952905575376927e-2,2.3952905575376927e-2,625794.5041256713,0.9041883776984923,0.9041883776984923,-3.2553829104616176e7,2.3952905575376927e-2,2.3952905575376927e-2,625794.5041256713,130.01036255848146,130.01036255848146,625924.4905353242
