id,Expression,theta,size,MSE_train,MSE_val,MSE_test,R2_train,R2_val,R2_test,nll_train,nll_val,nll_test,mdl_train,mdl_val,mdl_test
0,(Abs(x5) ^ ((Abs((Abs(x29) ^ x28)) ^ (((223.75303286777648 + x10) * x28) + (-437.4555396829887 * (((x5 + x28) + (((Recip((x26 / x5)) + (7.108017096847157 * (x11 + (x6 * 78.61549266424935)))) + x13) * x27)) * x27)))) * x19)),223.75303286777648;-437.4555396829887;7.108017096847157;78.61549266424935,41,4.6112654493779754e-4,4.6112654493779754e-4,Infinity,0.9981554938202488,0.9981554938202488,-Infinity,4.6112654493779754e-4,4.6112654493779754e-4,Infinity,105.35883257165662,105.35883257165662,Infinity
