id,Expression,theta,size,MSE_train,MSE_val,MSE_test,R2_train,R2_val,R2_test,nll_train,nll_val,nll_test,mdl_train,mdl_val,mdl_test
0,((Abs((Abs((Abs(x15) ^ x22)) ^ x24)) ^ (Abs((Abs((Abs(x19) ^ (x18 + x9))) ^ (-63.48341214046046 - (((Abs((((Abs(x18) ^ x22) / (((x5 + x15) + 0.3079895715601419) + (x30 / x12))) + 1.7804404502761126)) ^ (Abs(x13) ^ x19)) - (-1.9073270291845805 + x12)) * (6.579175363205479 * x18))))) ^ (x9 + (x22 + x12)))) * 1.1542584257771933),-63.48341214046046;0.3079895715601419;1.7804404502761126;-1.9073270291845805;6.579175363205479;1.1542584257771933,58,2.1594785594972247e-2,2.1594785594972247e-2,8.617062036794548e-2,0.913620857620111,0.913620857620111,-3.482595671540353,2.1594785594972247e-2,2.1594785594972247e-2,8.617062036794548e-2,135.87844217534425,135.87844217534425,135.9430180101172
