id,Expression,theta,size,MSE_train,MSE_val,MSE_test,R2_train,R2_val,R2_test,nll_train,nll_val,nll_test,mdl_train,mdl_val,mdl_test
0,(Abs(x15) ^ ((x4 / x18) / (Abs((((x29 * x9) * (((Abs(x17) ^ ((x3 * x15) * (x27 + x11))) + 3.247938803309059) + ((((x9 * -99.6549604024485) + x27) / x10) + x18))) - (((x27 + (x27 + x27)) / x10) + x11))) ^ -200.35135523805917))),3.247938803309059;-99.6549604024485;-200.35135523805917,46,5.83755731852877e-5,5.83755731852877e-5,4.5422893368336284e-2,0.9997664977072589,0.9997664977072589,-1.3628989130207634,5.83755731852877e-5,5.83755731852877e-5,4.5422893368336284e-2,119.22137343188378,119.22137343188378,119.26673794967893
