id,Expression,theta,size,MSE_train,MSE_val,MSE_test,R2_train,R2_val,R2_test,nll_train,nll_val,nll_test,mdl_train,mdl_val,mdl_test
0,((x30 + (((x0 + -3.8897140299156887) * x12) + (x12 * (((x18 * (x0 + ((x10 * x18) + 24.349894035298618))) + -3.466057645311437) + ((((-0.6420680037369706 * x3) + -2.224164076929049) * x0) * x9))))) - (((((Abs(x13) ^ x9) * ((x9 + -109.62326966357024) + x0)) + 52.3158289472269) * x0) * x9)),-3.8897140299156887;24.349894035298618;-3.466057645311437;-0.6420680037369706;-2.224164076929049;-109.62326966357024;52.3158289472269,48,2.337103202046493e-2,2.337103202046493e-2,9.048812967344758e-2,0.9065158719181403,0.9065158719181403,-3.7071925056125634,2.337103202046493e-2,2.337103202046493e-2,9.048812967344758e-2,120.57599083271269,120.57599083271269,120.64310793036567
