id,Expression,theta,size,MSE_train,MSE_val,MSE_test,R2_train,R2_val,R2_test,nll_train,nll_val,nll_test,mdl_train,mdl_val,mdl_test
0,(Abs(x10) ^ (x30 * (Abs((Abs(x10) ^ x30)) ^ ((59.66227919090349 + (-25.87810716632025 / (x6 * (x10 / x19)))) + ((((x24 * (Abs(x7) ^ x24)) - Recip((Abs(x30) ^ (((47.46944055734781 / (x18 * (x15 / x19))) * x24) * x8)))) * x8) * 37.76980648447069))))),59.66227919090349;-25.87810716632025;47.46944055734781;37.76980648447069,47,1.805427367234145e-2,1.805427367234145e-2,5.5369222875741045e-2,0.9277829053106342,0.9277829053106342,-1.880306973995939,1.805427367234145e-2,1.805427367234145e-2,5.5369222875741045e-2,116.46678060774316,116.46678060774316,116.50409555694655
