id,Expression,theta,size,MSE_train,MSE_val,MSE_test,R2_train,R2_val,R2_test,nll_train,nll_val,nll_test,mdl_train,mdl_val,mdl_test
0,(Abs(-0.9999854704083914) ^ ((x8 / Recip((x30 + -0.22671915673189794))) + (Abs(x9) ^ (((Abs(x9) ^ ((-2.013514713972436 * (1.8035061202889275 + (x13 + 0.6147132585850802))) * (x29 + (x13 - (x3 - x16))))) * (x13 + 3.314052426352121)) * (x3 - x16))))),-0.9999854704083914;-0.22671915673189794;-2.013514713972436;1.8035061202889275;0.6147132585850802;3.314052426352121,39,1.6509404700394172e-8,1.6509404700394172e-8,5.3722196261936264e-2,0.9999999339623812,0.9999999339623812,-1.794628649545818,1.6509404700394172e-8,1.6509404700394172e-8,5.3722196261936264e-2,95.00606388265871,95.00606388265871,95.05978606241123
