id,Expression,theta,size,MSE_train,MSE_val,MSE_test,R2_train,R2_val,R2_test,nll_train,nll_val,nll_test,mdl_train,mdl_val,mdl_test
0,(Abs((Abs((Abs((Abs(x25) ^ (x27 + x11))) ^ ((x11 + x12) * x27))) ^ x12)) ^ (Abs((Abs(x6) ^ ((-2.4700136956972223 / x27) * x24))) ^ (Abs((((x24 - x27) * Recip(((x21 / x9) * x27))) * (Abs((1.1977499091358175 / x7)) ^ x7))) ^ ((-1.9590099511972303 * x15) * 1.4912979702301137)))),-2.4700136956972223;1.1977499091358175;-1.9590099511972303;1.4912979702301137,52,4.2518428965943836e-2,4.2518428965943836e-2,Infinity,0.8299262841362247,0.8299262841362247,-Infinity,4.2518428965943836e-2,4.2518428965943836e-2,Infinity,124.70390556743946,124.70390556743946,Infinity
