id,Expression,theta,size,MSE_train,MSE_val,MSE_test,R2_train,R2_val,R2_test,nll_train,nll_val,nll_test,mdl_train,mdl_val,mdl_test
0,(Abs(x9) ^ ((Abs((x4 * (Abs((x4 * (Abs(x17) ^ x25))) ^ (x26 * (Abs((Recip((Abs(Recip(x28)) ^ (Recip((x21 + x21)) + -3.0126196777346466))) / x29)) ^ (x17 * -30.803313728607545)))))) ^ (x26 * -111.47997689210527)) + (x17 * (((x17 * 0.1721275196741914) * ((Abs(-4.939275206752112) ^ x2) + x22)) * -7.152054541636173)))),-3.0126196777346466;-30.803313728607545;-111.47997689210527;0.1721275196741914;-4.939275206752112;-7.152054541636173,53,2.3740652081917987e-2,2.3740652081917987e-2,0.17079459368885885,0.905037391672328,0.905037391672328,-7.884734763694098,2.3740652081917987e-2,2.3740652081917987e-2,0.17079459368885885,127.56282187511185,127.56282187511185,127.70987581671879
