id,Expression,theta,size,MSE_train,MSE_val,MSE_test,R2_train,R2_val,R2_test,nll_train,nll_val,nll_test,mdl_train,mdl_val,mdl_test
0,(Abs((x18 / (Abs(((Abs(x27) ^ (-19.62301833563054 - ((x27 + (((x2 / x9) * x2) * x18)) - (((-2.0628396482907982 * x10) + ((-9.450693399298505 * x6) - (x14 * (x11 * -7.870526257188155)))) * -17.190501298057413)))) * x27)) ^ x27))) ^ (x2 / x9)),-19.62301833563054;-2.0628396482907982;-9.450693399298505;-7.870526257188155;-17.190501298057413,42,3.0094068194799862e-2,3.0094068194799862e-2,1.2727972387734039e14,0.8796237272208005,0.8796237272208005,-6.621091236098993e15,3.0094068194799862e-2,3.0094068194799862e-2,1.2727972387734039e14,102.95332992318988,102.95332992318988,1.2727972387744331e14
