id,Expression,theta,size,MSE_train,MSE_val,MSE_test,R2_train,R2_val,R2_test,nll_train,nll_val,nll_test,mdl_train,mdl_val,mdl_test
0,Recip(((Abs((Abs((x10 + x30)) ^ (x27 * 9.506708315606529))) ^ x9) + ((x21 * x6) * (Abs((Abs(x30) ^ x21)) ^ (-23.251155430281564 * (((Abs((Abs((Abs(x30) ^ x10)) ^ x10)) ^ (x27 * -12.153496449421132)) * (Recip(x30) + (Abs((Recip((x7 / x4)) * x17)) ^ x15))) * x15)))))),9.506708315606529;-23.251155430281564;-12.153496449421132,52,4.176720087918329e-2,4.176720087918329e-2,0.11245868658897619,0.8329311964832669,0.8329311964832669,-4.850100876358318,4.176720087918329e-2,4.176720087918329e-2,0.11245868658897619,122.03567097942955,122.03567097942955,122.10636246513936
