id,Expression,theta,size,MSE_train,MSE_val,MSE_test,R2_train,R2_val,R2_test,nll_train,nll_val,nll_test,mdl_train,mdl_val,mdl_test
0,(Abs((Abs(x15) ^ x24)) ^ (Abs((Abs((-0.13740842436510103 * x15)) ^ (Abs(((Abs((Abs(x18) ^ x14)) ^ x24) + -0.15728114272641092)) ^ (((Abs((Abs(((x25 * x23) / x12)) ^ (0.24984356435886473 * x24))) ^ x24) - (x26 * x11)) - x11)))) ^ (((x3 + x26) / (x9 * (x6 / x2))) + -41.32088613973194))),-0.13740842436510103;-0.15728114272641092;0.24984356435886473;-41.32088613973194,54,0.0,0.0,4.166282102680853e-2,1.0,1.0,-1.1672999498144971,0.0,0.0,4.166282102680853e-2,132.4997540624898,132.4997540624898,132.54141688351663
