id,Expression,theta,size,MSE_train,MSE_val,MSE_test,R2_train,R2_val,R2_test,nll_train,nll_val,nll_test,mdl_train,mdl_val,mdl_test
0,(((Abs((x24 / (((x10 + (x4 + x2)) * (Abs((((x12 + 8.705096586319428) * x0) + ((x0 * 8.909102878358441) + x0))) ^ ((x15 + 71.98045474905531) + 71.05815417825879))) - x19))) ^ ((Abs(((((x20 + x12) * x0) + x18) + x30)) ^ x12) * x0)) * x15) / x15),8.705096586319428;8.909102878358441;71.98045474905531;71.05815417825879,48,2.7435223199983916e-2,2.7435223199983916e-2,6.133347481505032e-2,0.8902591072000643,0.8902591072000643,-2.190567359878796,2.7435223199983916e-2,2.7435223199983916e-2,6.133347481505032e-2,127.52203570572972,127.52203570572972,127.55593395734478
