id,Expression,theta,size,MSE_train,MSE_val,MSE_test,R2_train,R2_val,R2_test,nll_train,nll_val,nll_test,mdl_train,mdl_val,mdl_test
0,(Abs(x15) ^ (Abs(((((Abs(x20) ^ x23) * -0.41140410890052026) + x24) - (Recip((x15 / x21)) - ((x7 - x17) - (x20 * x12))))) ^ (((x28 * x25) + (x3 - (((x14 + (x15 + 12.736861730521792)) * -1.534578491785984) * x11))) + ((x15 / x21) + 64.45055828716762)))),-0.41140410890052026;12.736861730521792;-1.534578491785984;64.45055828716762,47,4.01338367617156e-4,4.01338367617156e-4,6.190575645571221e-2,0.9983946465295314,0.9983946465295314,-2.220337450826026,4.01338367617156e-4,4.01338367617156e-4,6.190575645571221e-2,131.81262137474323,131.81262137474323,131.8741257928313
