id,Expression,theta,size,MSE_train,MSE_val,MSE_test,R2_train,R2_val,R2_test,nll_train,nll_val,nll_test,mdl_train,mdl_val,mdl_test
0,(Abs((Abs((x6 * (Abs(x15) ^ x0))) ^ ((x0 + x27) * x0))) ^ (Abs((Abs(x15) ^ ((x6 * (Abs(x0) ^ ((x0 + (x27 * x27)) * x15))) * x27))) ^ ((Abs(x15) ^ (((Recip(x15) + 2.523439900084491) * (((x0 + x27) * 3.0200647048882074) + x27)) * (x0 * -4.79556027303968))) * -9.111626429062994))),2.523439900084491;3.0200647048882074;-4.79556027303968;-9.111626429062994,55,4.666387780864678e-3,4.666387780864678e-3,2.7461179077388508e-2,0.9813344488765413,0.9813344488765413,-0.42853053560569565,4.666387780864678e-3,4.666387780864678e-3,2.7461179077388508e-2,105.47144609991939,105.47144609991939,105.49424089121592
