id,Expression,theta,size,MSE_train,MSE_val,MSE_test,R2_train,R2_val,R2_test,nll_train,nll_val,nll_test,mdl_train,mdl_val,mdl_test
0,(Abs(x3) ^ ((Abs(x22) ^ (Abs((x22 - ((x23 + (x22 * x3)) + (x14 * x3)))) ^ -1.4767615992380516)) + (Abs((((x2 + ((x4 * -11.82734716292637) + (Abs(-49.265939613930215) ^ (x13 - x3)))) + x3) * x10)) ^ ((x4 * 17.954664546774012) + (-1.0723472418194333 * ((x24 * 28.911957370016037) + (x22 * -2.4462488633190285))))))),-1.4767615992380516;-11.82734716292637;-49.265939613930215;17.954664546774012;-1.0723472418194333;28.911957370016037;-2.4462488633190285,52,4.503713900148539e-2,4.503713900148539e-2,0.11245550871457159,0.8198514439940584,0.8198514439940584,-4.84993556333179,4.503713900148539e-2,4.503713900148539e-2,0.11245550871457159,124.08073163091862,124.08073163091862,124.14815000063172
