id,Expression,theta,size,MSE_train,MSE_val,MSE_test,R2_train,R2_val,R2_test,nll_train,nll_val,nll_test,mdl_train,mdl_val,mdl_test
0,(Abs((x23 * x25)) ^ (Abs(Recip((x14 - (x23 - x13)))) ^ (((x15 + (Abs((x13 / ((-1.1079602416001004 - (Abs(x14) ^ (x15 + x7))) + (x19 * (-0.7559406258171021 + (x14 / Recip(x14))))))) ^ ((x28 / x8) * -0.7178208346875139))) + (Abs(-5.688431517469073e-6) ^ (Abs(0.8192596013981864) ^ x12))) / (Abs(x15) ^ (x8 / x15))))),-1.1079602416001004;-0.7559406258171021;-0.7178208346875139;-5.688431517469073e-6;0.8192596013981864,56,4.347684038107948e-3,4.347684038107948e-3,6.909783343705933e-2,0.9826092638475682,0.9826092638475682,-2.5944692953956894,4.347684038107948e-3,4.347684038107948e-3,6.909783343705933e-2,138.83180154279268,138.83180154279268,138.89655169219165
