id,Expression,theta,size,MSE_train,MSE_val,MSE_test,R2_train,R2_val,R2_test,nll_train,nll_val,nll_test,mdl_train,mdl_val,mdl_test
0,Recip((Abs(((x2 + Recip(x11)) / x25)) ^ (Abs(((Abs((x15 + 12.983475546177122)) ^ (x15 / ((Abs(x11) ^ x4) + ((x19 + ((x25 / x3) * x19)) * x11)))) - x19)) ^ (Abs(x20) ^ (x2 + -3.557688763528772))))),12.983475546177122;-3.557688763528772,40,1.000024730735626e-2,1.000024730735626e-2,0.12657611512531605,0.9599990107705749,0.9599990107705749,-5.58448950881869,1.000024730735626e-2,1.000024730735626e-2,0.12657611512531605,94.79175728588471,94.79175728588471,94.90833315370267
