id,Expression,theta,size,MSE_train,MSE_val,MSE_test,R2_train,R2_val,R2_test,nll_train,nll_val,nll_test,mdl_train,mdl_val,mdl_test
0,((((x26 + 13.63175337111009) * x3) + -0.7664855219007496) / (Abs((Abs((x21 * -1.7791275436312939)) ^ ((x12 + (((Abs(-2.463369181911898e-2) ^ x19) / (x22 + (x6 + ((x30 * (x8 + x11)) + x11)))) * 1.6642780908806827)) * -3.5206343030085643))) ^ x3)),13.63175337111009;-0.7664855219007496;-1.7791275436312939;-2.463369181911898e-2;1.6642780908806827;-3.5206343030085643,38,3.931847064949816e-2,3.931847064949816e-2,5.1587820479198986e-2,0.8427261174020073,0.8427261174020073,-1.683598421327829,3.931847064949816e-2,3.931847064949816e-2,5.1587820479198986e-2,94.82107550922686,94.82107550922686,94.83334485905655
