id,Expression,theta,size,MSE_train,MSE_val,MSE_test,R2_train,R2_val,R2_test,nll_train,nll_val,nll_test,mdl_train,mdl_val,mdl_test
0,((Abs((x27 * -6.497405782009138)) ^ (Abs((Abs(((Recip(x29) + (((((x2 / x9) + Recip((x27 * x28))) / ((x24 + x19) * (-0.8297351981788778 / x5))) * (2.0198370028393318 - (-0.1999481725388039 * (x29 * x27)))) - x3)) - x6)) ^ x29)) ^ 4.333385726550748)) + (x3 * -0.4392088988824394)),-6.497405782009138;-0.8297351981788778;2.0198370028393318;-0.1999481725388039;4.333385726550748;-0.4392088988824394,46,4.666242533488187e-2,4.666242533488187e-2,1.0067518126390654e12,0.8133502986604725,0.8133502986604725,-5.237122929348119e13,4.666242533488187e-2,4.666242533488187e-2,1.0067518126390654e12,121.87483621975218,121.87483621975218,1.0067518127608936e12
