id,Expression,theta,size,MSE_train,MSE_val,MSE_test,R2_train,R2_val,R2_test,nll_train,nll_val,nll_test,mdl_train,mdl_val,mdl_test
0,(((Abs((Recip(((Abs((Abs(x11) ^ x8)) ^ x17) + Recip(((x17 * (x17 * -0.7717592601624897)) * x8)))) / x9)) ^ (x17 * (x17 * -2.578325779393339))) * (Abs(x8) ^ (((x14 / (((Abs((x4 * x8)) ^ x19) / x17) / x4)) + x0) / (Abs(x8) ^ (x19 / x4))))) * (x17 * 2.469828834110486)),-0.7717592601624897;-2.578325779393339;2.469828834110486,55,1.4387437099789456e-2,1.4387437099789456e-2,1.625713818657132e-2,0.9424502516008422,0.9424502516008422,0.15430367153459212,1.4387437099789456e-2,1.4387437099789456e-2,1.625713818657132e-2,129.32819658824747,129.32819658824747,129.33006628933424
