id,Expression,theta,size,MSE_train,MSE_val,MSE_test,R2_train,R2_val,R2_test,nll_train,nll_val,nll_test,mdl_train,mdl_val,mdl_test
0,((Abs((x23 - x15)) ^ (x28 + x23)) * (x26 * ((((34.95624962935355 - ((x8 + (4.8276010385509345 + ((x12 + Recip(x28)) * (Abs(x6) ^ x10)))) * (x23 * x18))) + (-99.67570411051946 * x25)) - ((Recip(x10) / x10) * 0.6931185689086887)) + x28))),34.95624962935355;4.8276010385509345;-99.67570411051946;0.6931185689086887,43,7.610407901299493e-2,7.610407901299493e-2,185.49301263802104,0.6955836839480203,0.6955836839480203,-9648.346517429487,7.610407901299493e-2,7.610407901299493e-2,185.49301263802104,116.23785118531785,116.23785118531785,301.65475974432593
