id,Expression,theta,size,MSE_train,MSE_val,MSE_test,R2_train,R2_val,R2_test,nll_train,nll_val,nll_test,mdl_train,mdl_val,mdl_test
0,(Abs((Abs(x4) ^ x4)) ^ ((((27.879888521963885 * x4) + (Abs(15.168268413231353) ^ (((((Abs(-31.372842474622104) ^ ((x16 + x30) + (Abs((Abs(x21) ^ x24)) ^ x4))) * x3) * x3) * (Abs((x27 - (Abs(x28) ^ (Abs(x0) ^ (x7 * 21.573548153854166))))) ^ -21.852744980733878)) * (Abs(-8.2227413064604) ^ x0)))) * x0) * x28)),27.879888521963885;15.168268413231353;-31.372842474622104;21.573548153854166;-21.852744980733878;-8.2227413064604,55,1.2624546360193606e-2,1.2624546360193606e-2,Infinity,0.9495018145592256,0.9495018145592256,-Infinity,1.2624546360193606e-2,1.2624546360193606e-2,Infinity,121.87488359595966,121.87488359595966,Infinity
