id,Expression,theta,size,MSE_train,MSE_val,MSE_test,R2_train,R2_val,R2_test,nll_train,nll_val,nll_test,mdl_train,mdl_val,mdl_test
0,((x0 * (x3 / ((Abs((x15 * ((Abs((((x27 / x21) / x14) / ((x1 + x16) / x30))) ^ ((x27 + -16.17229187982832) / Recip(x15))) * x5))) ^ (6.0561042104100595 * ((x5 + x0) * (x3 / (x1 + x8))))) + x0))) * 7.757795312598708),-16.17229187982832;6.0561042104100595;7.757795312598708,44,9.578964779860848e-2,9.578964779860848e-2,0.18409618354200272,0.616841408805566,0.616841408805566,-8.576683467854615,9.578964779860848e-2,9.578964779860848e-2,0.18409618354200272,119.09075009815969,119.09075009815969,119.17905663390307
