id,Expression,theta,size,MSE_train,MSE_val,MSE_test,R2_train,R2_val,R2_test,nll_train,nll_val,nll_test,mdl_train,mdl_val,mdl_test
0,(Abs((Abs(0.92917084404239) ^ x0)) ^ (-0.2876937347492478 + (Recip((Abs((Abs(x28) ^ (Abs(((Abs(((x15 / x22) - x14)) ^ ((Abs(x29) ^ x7) - (x4 * x12))) / x10)) ^ 1.8590964554515277))) ^ Recip(x28))) * (x0 / (Abs(((x9 + (x15 / x11)) + x15)) ^ 9.03473570219048))))),0.92917084404239;-0.2876937347492478;1.8590964554515277;9.03473570219048,49,3.29584676780708e-2,3.29584676780708e-2,0.10341917488754601,0.8681661292877167,0.8681661292877167,-4.379865477649939,3.29584676780708e-2,3.29584676780708e-2,0.10341917488754601,120.75495661350212,120.75495661350212,120.8254173207116
