id,Expression,theta,size,MSE_train,MSE_val,MSE_test,R2_train,R2_val,R2_test,nll_train,nll_val,nll_test,mdl_train,mdl_val,mdl_test
0,(Abs(((x4 + (x19 * x11)) * ((x3 - x11) * (x25 * (x24 + x30))))) ^ (Abs(x21) ^ (((x12 * (Abs(x21) ^ (((x12 * (-2209.584804348645 * (x19 + (x4 * ((x27 + x4) * (x6 * 34.40376725585706)))))) * x30) * x11))) * x30) * x11))),-2209.584804348645;34.40376725585706,48,9.278196947511632e-5,9.278196947511632e-5,8.440001128434382e-2,0.9996288721220995,0.9996288721220995,-3.390488587011398,9.278196947511632e-5,9.278196947511632e-5,8.440001128434382e-2,124.76658528275962,124.76658528275962,124.8508925120745
