id,Expression,theta,size,MSE_train,MSE_val,MSE_test,R2_train,R2_val,R2_test,nll_train,nll_val,nll_test,mdl_train,mdl_val,mdl_test
0,Recip(Recip((Abs(x23) ^ (Abs((x1 * x22)) ^ (((x26 * ((((x0 * x18) - x19) * (x14 + (x26 * (-2013.4043023453203 - x24)))) + ((x29 * (x14 + (x15 * (-5262.6231400060005 - x24)))) - x18))) + x29) * x29))))),-2013.4043023453203;-5262.6231400060005,41,7.786053503270184e-3,7.786053503270184e-3,0.1121432447406825,0.9688557859869192,0.9688557859869192,-4.833691591410081,7.786053503270184e-3,7.786053503270184e-3,0.1121432447406825,110.5031064716957,110.5031064716957,110.60746366293311
