id,Expression,theta,size,MSE_train,MSE_val,MSE_test,R2_train,R2_val,R2_test,nll_train,nll_val,nll_test,mdl_train,mdl_val,mdl_test
0,(0.5668735380295369 + ((((((x12 - (((0.4310454382736829 / x15) + x15) + (((Abs(-2.970562103090581e-4) ^ x0) / x1) + -0.4884326650965867))) + (0.45208336983303155 / x3)) + (Abs((0.4867246936289939 / x18)) ^ 0.7057268405101845)) + x19) * x21) - (Abs(x23) ^ x29))),0.5668735380295369;0.4310454382736829;-2.970562103090581e-4;-0.4884326650965867;0.45208336983303155;0.4867246936289939;0.7057268405101845,38,0.10918655316943818,0.10918655316943818,0.5890399479754955,0.5632537873222473,0.5632537873222473,-29.641858093684107,0.10918655316943818,0.10918655316943818,0.5890399479754955,97.14979183156177,97.14979183156177,97.62964522636783
