id,Expression,theta,size,MSE_train,MSE_val,MSE_test,R2_train,R2_val,R2_test,nll_train,nll_val,nll_test,mdl_train,mdl_val,mdl_test
0,(Abs(x3) ^ ((Abs(-16.57959447981111) ^ x1) / Recip(((Recip((Abs(x9) ^ -20.145542857870495)) / (Abs(((Abs(x30) ^ 1.1031015390594632) * (Abs((x30 / x11)) ^ x1))) ^ 9.055878585890394)) / Recip((((x6 + x4) * (Abs(x27) ^ 2.383704666770831)) * (x10 * (Abs(x30) ^ -15.669617809956964)))))))),-16.57959447981111;-20.145542857870495;1.1031015390594632;9.055878585890394;2.383704666770831;-15.669617809956964,46,1.1218249358709702e-2,1.1218249358709702e-2,8.942338540805893e-2,0.9551270025651611,0.9551270025651611,-3.6518045089270474,1.1218249358709702e-2,1.1218249358709702e-2,8.942338540805893e-2,102.91712589124269,102.91712589124269,102.99533102729204
