id,Expression,theta,size,MSE_train,MSE_val,MSE_test,R2_train,R2_val,R2_test,nll_train,nll_val,nll_test,mdl_train,mdl_val,mdl_test
0,(Abs(((Abs(x24) ^ ((x16 + (x9 + (58.797584330414075 - (-4.4659169055598396 * ((Abs(x9) ^ x10) * x27))))) + x19)) * x15)) ^ ((Abs(x26) ^ x5) * ((Abs((Abs((Abs((Abs(x27) ^ (x15 / (x19 * (Abs(x11) ^ -2.051076759688408))))) ^ -16.334344398969925)) ^ (x19 + (x19 + (0.585913377083035 - (Abs(x15) ^ x15)))))) ^ 16.920766744994957) * x30))),58.797584330414075;-4.4659169055598396;-2.051076759688408;-16.334344398969925;0.585913377083035;16.920766744994957,59,2.0283994747085837e-2,2.0283994747085837e-2,4.181951692885392e-2,0.9188640210116567,0.9188640210116567,-1.1754512706388978,2.0283994747085837e-2,2.0283994747085837e-2,4.181951692885392e-2,138.84773785350166,138.84773785350166,138.86927337568343
