id,Expression,theta,size,MSE_train,MSE_val,MSE_test,R2_train,R2_val,R2_test,nll_train,nll_val,nll_test,mdl_train,mdl_val,mdl_test
0,((Abs(x6) ^ x6) + ((-0.6945418374481594 + ((0.4414937630065372 + ((x11 + x29) * -0.3010251964934912)) / (x6 + (x15 + x27)))) - (((-1.0275389213047077 + (x28 + (x24 * -5.426046911613189e-2))) / (x6 + (((x30 * 0.42904808075247935) / x0) + -1.6588911994865365))) + ((Abs(x24) ^ x0) + (x11 * -0.9835757742897655))))),-0.6945418374481594;0.4414937630065372;-0.3010251964934912;-1.0275389213047077;-5.426046911613189e-2;0.42904808075247935;-1.6588911994865365;-0.9835757742897655,47,4.6459210772379474e-2,4.6459210772379474e-2,0.5388024232778331,0.8141631569104821,0.8141631569104821,-27.02850205891181,4.6459210772379474e-2,4.6459210772379474e-2,0.5388024232778331,121.90871826037184,121.90871826037184,122.40106147287729
