id,Expression,theta,size,MSE_train,MSE_val,MSE_test,R2_train,R2_val,R2_test,nll_train,nll_val,nll_test,mdl_train,mdl_val,mdl_test
0,(Abs((x9 * (Abs((-36.250778401769594 * ((x21 - x7) + x7))) ^ x18))) ^ (Abs(((-0.25204628965206693 + (x9 + (x9 * (6.672262984470322 + (x28 * (x28 + 7.593747535342464)))))) + (Abs((((x9 * (5.884970783985258 + x28)) * x2) + x25)) ^ 59.63689486332166))) ^ -513.6755404238489)),-36.250778401769594;-0.25204628965206693;6.672262984470322;7.593747535342464;5.884970783985258;59.63689486332166;-513.6755404238489,43,0.0,0.0,0.12167196982634475,1.0,1.0,-5.329375870366212,0.0,0.0,0.12167196982634475,96.91135934173201,96.91135934173201,97.03303131155836
