id,Expression,theta,size,MSE_train,MSE_val,MSE_test,R2_train,R2_val,R2_test,nll_train,nll_val,nll_test,mdl_train,mdl_val,mdl_test
0,(Abs(x16) ^ (Abs((((x24 * x26) * 3323.749420472209) * x7)) ^ ((Abs((Abs(((x27 / x17) - (x10 / x24))) ^ ((Abs(Recip(Recip(x15))) ^ x23) * x17))) ^ 37.020406937573014) + (x26 * (((x3 / (1330.0223087015152 * x26)) * ((x24 * x26) * -170.91067053164613)) + x20))))),3323.749420472209;37.020406937573014;1330.0223087015152;-170.91067053164613,48,3.5520975229043544e-2,3.5520975229043544e-2,Infinity,0.8579160990838258,0.8579160990838258,-Infinity,3.5520975229043544e-2,3.5520975229043544e-2,Infinity,124.32150656476412,124.32150656476412,Infinity
