id,Expression,theta,size,MSE_train,MSE_val,MSE_test,R2_train,R2_val,R2_test,nll_train,nll_val,nll_test,mdl_train,mdl_val,mdl_test
0,(Abs((x20 * x1)) ^ (Abs(x11) ^ Recip(((Recip(((x5 * (x19 * 4.831666628931706)) / (Abs(x17) ^ 3.137104827740174))) / (x20 / (Abs(x8) ^ (-8.709797392275473 * x27)))) * (x11 + x27))))),4.831666628931706;3.137104827740174;-8.709797392275473,33,4.3900932103456934e-2,4.3900932103456934e-2,0.2332355108383511,0.8243962715861722,0.8243962715861722,-11.13291127381056,4.3900932103456934e-2,4.3900932103456934e-2,0.2332355108383511,76.57656349094594,76.57656349094594,76.76589806968084
