id,Expression,theta,size,MSE_train,MSE_val,MSE_test,R2_train,R2_val,R2_test,nll_train,nll_val,nll_test,mdl_train,mdl_val,mdl_test
0,(Abs(x23) ^ (Abs((Recip(x23) * x15)) ^ (x15 * (Abs((((Abs((((Abs(x13) ^ 1.1931075078145945) / x27) * (x28 * -1.0913817060060476))) ^ (0.4409253065838973 + ((Abs(x28) ^ -1.7817950102370848) + -0.30896133430717193))) / x27) * Recip(Recip(((x21 + 1.7825386716061455) * x27))))) ^ ((x3 / x19) + x15))))),1.1931075078145945;-1.0913817060060476;0.4409253065838973;-1.7817950102370848;-0.30896133430717193;1.7825386716061455,48,6.070057173378957e-3,6.070057173378957e-3,2.911988641071022e-2,0.9757197713064841,0.9757197713064841,-0.5148164910850879,6.070057173378957e-3,6.070057173378957e-3,2.911988641071022e-2,110.84647790101423,110.84647790101423,110.86952773025156
