id,Expression,theta,size,MSE_train,MSE_val,MSE_test,R2_train,R2_val,R2_test,nll_train,nll_val,nll_test,mdl_train,mdl_val,mdl_test
0,(Abs((x6 * (x10 + x10))) ^ (Abs(((x12 - (Abs(((x25 - x6) + ((x21 * 0.7567758694931399) - (Recip((x20 + x1)) * x12)))) ^ (x13 * -3.273670801166003))) + ((x10 * (x12 + x10)) - (x25 + -2.6149772374554083)))) ^ ((x17 * 4.747149752458877) + ((x30 - x14) / x10)))),0.7567758694931399;-3.273670801166003;-2.6149772374554083;4.747149752458877,49,2.450109825619838e-2,2.450109825619838e-2,0.12091313710052233,0.9019956069752064,0.9019956069752064,-5.2899013919689315,2.450109825619838e-2,2.450109825619838e-2,0.12091313710052233,132.98160196147975,132.98160196147975,133.0780140003241
