id,Expression,theta,size,MSE_train,MSE_val,MSE_test,R2_train,R2_val,R2_test,nll_train,nll_val,nll_test,mdl_train,mdl_val,mdl_test
0,(Abs((x5 + x0)) ^ (Abs((((x14 * -11.373924524464625) * x26) - (((Abs((Abs((x17 / ((x22 * ((Abs((Abs(x26) ^ x22)) ^ x12) + 6.275029971022164)) + x8))) ^ x15)) ^ -5.679900350840581) * (Abs(x5) ^ x0)) * (Abs((Abs(6.507771540871744) ^ (x25 * -3.497070369813375))) ^ (Abs(x17) ^ x14))))) ^ 19.499696604929667)),-11.373924524464625;6.275029971022164;-5.679900350840581;6.507771540871744;-3.497070369813375;19.499696604929667,53,5.8945127841045965e-3,5.8945127841045965e-3,Infinity,0.9764219488635816,0.9764219488635816,-Infinity,5.8945127841045965e-3,5.8945127841045965e-3,Infinity,119.2272095690947,119.2272095690947,Infinity
