id,Expression,theta,size,MSE_train,MSE_val,MSE_test,R2_train,R2_val,R2_test,nll_train,nll_val,nll_test,mdl_train,mdl_val,mdl_test
0,((Abs((x24 + x18)) ^ (Abs((Abs((((Abs(x1) ^ x25) * (x3 + (x6 * x7))) / ((x0 * ((Abs(5.480984167675964) ^ (x5 * -1.4366962301379151)) + 4.599940953712083)) / (((((5.057011787153052 * (x15 + x25)) + x3) + x25) / x0) * x3)))) ^ -17.437464702126924)) ^ 27.44768505444672)) + -4.715177840097608e-5),5.480984167675964;-1.4366962301379151;4.599940953712083;5.057011787153052;-17.437464702126924;27.44768505444672;-4.715177840097608e-5,48,2.2232944448667506e-9,2.2232944448667506e-9,2.8360335722653555e-2,0.9999999911068223,0.9999999911068223,-0.4753046642923815,2.2232944448667506e-9,2.2232944448667506e-9,2.8360335722653555e-2,116.44615864961833,116.44615864961833,116.47451898311769
