id,Expression,theta,size,MSE_train,MSE_val,MSE_test,R2_train,R2_val,R2_test,nll_train,nll_val,nll_test,mdl_train,mdl_val,mdl_test
0,(Abs(x20) ^ (Abs(((x26 / x19) + ((x26 / x19) * 1.3383506296591592))) ^ (Abs((((((x11 / Recip((Recip((x6 / x17)) + x29))) / (x15 + x7)) - (((x26 * 1.3167670897116035) / x30) - ((Abs(x3) ^ x9) * x30))) / (0.9520710483878189 - x22)) - x29)) ^ 5.794699987336347))),1.3383506296591592;1.3167670897116035;0.9520710483878189;5.794699987336347,49,9.270964854039858e-3,9.270964854039858e-3,0.12589518723432166,0.9629161405838406,0.9629161405838406,-5.549067639929163,9.270964854039858e-3,9.270964854039858e-3,0.12589518723432166,134.81722327478363,134.81722327478363,134.93384749716392
