id,Expression,theta,size,MSE_train,MSE_val,MSE_test,R2_train,R2_val,R2_test,nll_train,nll_val,nll_test,mdl_train,mdl_val,mdl_test
0,(Abs((x6 * -1.3276169702340955e-3)) ^ (Abs((Abs((x25 - x3)) ^ (x0 - (((x0 * (((((x0 * 259.94499666562734) + (x19 * x0)) * x9) / x21) * (x6 * -73.04729358653712))) + x22) - x0)))) ^ x23)),-1.3276169702340955e-3;259.94499666562734;-73.04729358653712,36,3.6303815014406487e-4,3.6303815014406487e-4,9.264960205036278e-2,0.9985478473994237,0.9985478473994237,-3.8196322986596885,3.6303815014406487e-4,3.6303815014406487e-4,9.264960205036278e-2,89.36601967452307,89.36601967452307,89.45830623842329
