id,Expression,theta,size,MSE_train,MSE_val,MSE_test,R2_train,R2_val,R2_test,nll_train,nll_val,nll_test,mdl_train,mdl_val,mdl_test
0,(Abs(((-7.549035974186438e-2 * (x2 + (x4 + -0.23199396255051227))) * x2)) ^ (Abs(((x7 / x4) - x5)) ^ ((Abs((((x7 / x4) - (Abs(x11) ^ x24)) + (((Abs(((x4 + x4) / Recip(Recip(x9)))) ^ x2) * x30) * 0.5969417320535231))) ^ 1.067281765125143) / (Abs(((x8 * x30) * -3.413288324667794e-3)) ^ x2)))),-7.549035974186438e-2;-0.23199396255051227;0.5969417320535231;1.067281765125143;-3.413288324667794e-3,53,4.744015321804562e-3,4.744015321804562e-3,5.228183349199117e-2,0.9810239387127817,0.9810239387127817,-1.7197009782532766,4.744015321804562e-3,4.744015321804562e-3,5.228183349199117e-2,130.31641396059152,130.31641396059152,130.36395177876173
