id,Expression,theta,size,MSE_train,MSE_val,MSE_test,R2_train,R2_val,R2_test,nll_train,nll_val,nll_test,mdl_train,mdl_val,mdl_test
0,(Abs(((Abs(x11) ^ (((x11 * (-0.7051858930662379 + x13)) + x27) / (x22 / x15))) * Recip((x29 + (Abs((x7 * (Abs((Abs(x25) ^ -1.167391662170704)) ^ ((x5 / x19) / x11)))) ^ (x5 / (Abs(x7) ^ x9))))))) ^ ((Abs(x7) ^ (Abs((Abs(x12) ^ x7)) ^ 6.89710201574107)) * (7.08612216392687 + x22))),-0.7051858930662379;-1.167391662170704;6.89710201574107;7.08612216392687,55,6.2001184746250555e-2,6.2001184746250555e-2,2.582427406377291e23,0.7519952610149978,0.7519952610149978,-1.3433787367974156e25,6.2001184746250555e-2,6.2001184746250555e-2,2.582427406377291e23,133.0191020479698,133.0191020479698,2.582427406377291e23
