id,Expression,theta,size,MSE_train,MSE_val,MSE_test,R2_train,R2_val,R2_test,nll_train,nll_val,nll_test,mdl_train,mdl_val,mdl_test
0,(Abs((Abs(x24) ^ (x24 * 10.768615472053423))) ^ ((x24 * 9.674010253258727) * (Abs(((x6 / x17) - (3.128478788417837 - (x16 / x6)))) ^ (Abs((((Abs((((x23 - x28) / x1) / x6)) ^ (-0.3013965156775527 * x28)) - ((x16 / (x25 + x29)) - (x21 / x11))) * x19)) ^ ((x30 * x24) / x6))))),10.768615472053423;9.674010253258727;3.128478788417837;-0.3013965156775527,54,8.400369143139011e-2,8.400369143139011e-2,0.17086480708761034,0.6639852342744396,0.6639852342744396,-7.888387264697149,8.400369143139011e-2,8.400369143139011e-2,0.17086480708761034,144.36151367058696,144.36151367058696,144.4483747862432
