id,Expression,theta,size,MSE_train,MSE_val,MSE_test,R2_train,R2_val,R2_test,nll_train,nll_val,nll_test,mdl_train,mdl_val,mdl_test
0,(Abs((Abs((Abs((Abs(((x1 + (((Abs((Abs(x6) ^ x18)) ^ 14.297699839901053) + x20) + (Abs(x18) ^ x18))) * x30)) ^ x30)) ^ x18)) ^ x24)) ^ (Abs((((Abs((Abs(x30) ^ x18)) ^ (Abs((Abs((Abs(x18) ^ x12)) ^ x18)) ^ ((x5 + -125.53359088341088) / x10))) - x9) - x6)) ^ -5.255660130611077)),14.297699839901053;-125.53359088341088;-5.255660130611077,56,1.8002675268232914e-2,1.8002675268232914e-2,4.054236151246337e-2,0.9279892989270684,0.9279892989270684,-1.1090136458782642,1.8002675268232914e-2,1.8002675268232914e-2,4.054236151246337e-2,119.23931773157882,119.23931773157882,119.26185741782305
