id,Expression,theta,size,MSE_train,MSE_val,MSE_test,R2_train,R2_val,R2_test,nll_train,nll_val,nll_test,mdl_train,mdl_val,mdl_test
0,(Abs((Abs(x23) ^ x21)) ^ (((Abs(x13) ^ ((Abs((Abs(x26) ^ x21)) ^ (Abs(x24) ^ x23)) * ((29.380702825405933 - x20) - x29))) * (Abs(x18) ^ (-7.279266784309209 * Recip(((Abs(x26) ^ x19) / (Abs(x14) ^ ((-3.3892006068802587 + x13) * x30))))))) * x13)),29.380702825405933;-7.279266784309209;-3.3892006068802587,47,2.317943680718053e-2,2.317943680718053e-2,Infinity,0.9072822527712778,0.9072822527712778,-Infinity,2.317943680718053e-2,2.317943680718053e-2,Infinity,109.85730623686143,109.85730623686143,Infinity
