id,Expression,theta,size,MSE_train,MSE_val,MSE_test,R2_train,R2_val,R2_test,nll_train,nll_val,nll_test,mdl_train,mdl_val,mdl_test
0,(Abs(x5) ^ (Abs(Recip((x20 * ((((Recip(x26) - x1) + x26) * (Recip((Abs(x24) ^ (x3 * x30))) + x24)) + (Recip(x7) * -1.230540982047997))))) ^ (Recip((Abs((x15 * x4)) ^ (x5 * 10.488660468543411))) / ((Abs(x4) ^ x30) + (Abs((Abs(x25) ^ x26)) ^ 3.0143610343500384))))),-1.230540982047997;10.488660468543411;3.0143610343500384,51,4.019491761060941e-2,4.019491761060941e-2,0.10251795753327698,0.8392203295575624,0.8392203295575624,-4.332984150880865,4.019491761060941e-2,4.019491761060941e-2,0.10251795753327698,127.21655226504184,127.21655226504184,127.27887530496452
