id,Expression,theta,size,MSE_train,MSE_val,MSE_test,R2_train,R2_val,R2_test,nll_train,nll_val,nll_test,mdl_train,mdl_val,mdl_test
0,Recip(Recip((((371.9018833082556 / (Recip(x15) + (((x6 - (((Abs(x15) ^ x6) + ((5.073518153106215 + x20) - (Abs((x28 * 5.951103362982796)) ^ 6.831869399391183))) + 5.200167814278572)) * x28) * (x28 + (x17 * (Recip(x15) + x15)))))) * x3) * x6))),371.9018833082556;5.073518153106215;5.951103362982796;6.831869399391183;5.200167814278572,41,6.574151825818948e-2,6.574151825818948e-2,0.22465904698467418,0.7370339269672421,0.7370339269672421,-10.686763624142305,6.574151825818948e-2,6.574151825818948e-2,0.22465904698467418,100.09876645925813,100.09876645925813,100.2576839879846
