id,Expression,theta,size,MSE_train,MSE_val,MSE_test,R2_train,R2_val,R2_test,nll_train,nll_val,nll_test,mdl_train,mdl_val,mdl_test
0,(Abs(4.7983759566334313e-4) ^ (Abs((Abs(x27) ^ ((x17 / (x30 / ((Abs(7.344366605934927e-2) ^ (((x25 - x30) / x4) * x17)) / x27))) * x26))) ^ (((x16 / (x17 * -0.2488331223778641)) * x30) + x17))),4.7983759566334313e-4;7.344366605934927e-2;-0.2488331223778641,35,6.743893508930391e-3,6.743893508930391e-3,2.4530357590335984e-2,0.9730244259642784,0.9730244259642784,-0.27606920184922923,6.743893508930391e-3,6.743893508930391e-3,2.4530357590335984e-2,79.52017397481656,79.52017397481656,79.53796043889797
