id,Expression,theta,size,MSE_train,MSE_val,MSE_test,R2_train,R2_val,R2_test,nll_train,nll_val,nll_test,mdl_train,mdl_val,mdl_test
0,Recip((Recip((Abs(x9) ^ (x6 * -0.13959903438695764))) + ((Abs((-0.995229023309773 + (Abs((x6 / ((((6.914849019795545 * x24) + (x11 / (Abs((Abs((-1.059159834355902 / x20)) ^ (x17 * x6))) ^ -1.1966662140725195))) + x17) * x17))) ^ 1.5744736112197133))) ^ -19.485371276925434) + (Abs((x6 / x9)) ^ -36.156588742824496)))),-0.13959903438695764;-0.995229023309773;6.914849019795545;-1.059159834355902;-1.1966662140725195;1.5744736112197133;-19.485371276925434;-36.156588742824496,47,8.49530161473467e-3,8.49530161473467e-3,0.1470336220994868,0.9660187935410613,0.9660187935410613,-6.648689021615012,8.49530161473467e-3,8.49530161473467e-3,0.1470336220994868,101.88966794292274,101.88966794292274,102.0282062634075
