id,Expression,theta,size,MSE_train,MSE_val,MSE_test,R2_train,R2_val,R2_test,nll_train,nll_val,nll_test,mdl_train,mdl_val,mdl_test
0,(Abs((x6 * x20)) ^ (Abs(((Abs(x26) ^ ((x10 * x10) * ((-123.3399248208127 * x6) - (Abs(x20) ^ ((x11 * x15) * -25.486582745283126))))) + ((x13 * x11) * x10))) ^ (x20 - ((x0 + (((x15 * x6) + x18) * x6)) + x6)))),-123.3399248208127;-25.486582745283126,45,6.8190045793988475e-3,6.8190045793988475e-3,9.486133966982983e-2,0.9727239816824046,0.9727239816824046,-3.934686889624359,6.8190045793988475e-3,6.8190045793988475e-3,9.486133966982983e-2,108.208169518805,108.208169518805,108.29621185389543
