id,Expression,theta,size,MSE_train,MSE_val,MSE_test,R2_train,R2_val,R2_test,nll_train,nll_val,nll_test,mdl_train,mdl_val,mdl_test
0,(Abs(((x6 * x21) * x27)) ^ ((Abs(x13) ^ ((((3.5990936598640295 / x21) * x25) + (Recip((Abs((Abs((x21 - x23)) ^ x24)) ^ x22)) / ((x27 * x14) / x24))) + -0.9005989895972384)) * (Abs(((0.5635357343507645 - x25) * x25)) ^ -5.690039342403661))),3.5990936598640295;-0.9005989895972384;0.5635357343507645;-5.690039342403661,43,5.447268708925591e-5,5.447268708925591e-5,4.2184697797107165e-2,0.999782109251643,0.999782109251643,-1.1944479794054308,5.447268708925591e-5,5.447268708925591e-5,4.2184697797107165e-2,105.35842591779877,105.35842591779877,105.4005561429088
