id,Expression,theta,size,MSE_train,MSE_val,MSE_test,R2_train,R2_val,R2_test,nll_train,nll_val,nll_test,mdl_train,mdl_val,mdl_test
0,(Abs((x24 * 4.413022201678525e-2)) ^ Recip((((Abs(((Abs(5.586449272364124e-2) ^ ((x20 + x17) / x12)) * 4.197439467699023)) ^ ((Abs(((x6 + -4.771414692838186) + x24)) ^ 0.5605795839054779) * ((Abs(((x9 + x20) / x12)) ^ -3.8724678966198347) + x5))) + (Abs((0.2989570157943856 / (Abs((x6 / x24)) ^ 4.185371361938542))) ^ 4.420247931043498)) + x25))),4.413022201678525e-2;5.586449272364124e-2;4.197439467699023;-4.771414692838186;0.5605795839054779;-3.8724678966198347;0.2989570157943856;4.185371361938542;4.420247931043498,51,3.224219709448879e-2,3.224219709448879e-2,0.1672953573551716,0.8710312116220449,0.8710312116220449,-7.702704489615694,3.224219709448879e-2,3.224219709448879e-2,0.1672953573551716,116.15076470016587,116.15076470016587,116.28581786042655
