id,Expression,theta,size,MSE_train,MSE_val,MSE_test,R2_train,R2_val,R2_test,nll_train,nll_val,nll_test,mdl_train,mdl_val,mdl_test
0,(Abs(1.2055818744329342e-4) ^ (Abs(((((((Abs(x12) ^ x3) + x17) * x14) * Recip(x15)) * (Recip(x13) * (x5 + ((x3 * x15) * Recip(x15))))) + x17)) ^ (Abs(-1.7956285421477985e-3) ^ ((Recip(Recip((Abs(x6) ^ x0))) + x0) + -1.2325349081990338)))),1.2055818744329342e-4;-1.7956285421477985e-3;-1.2325349081990338,43,2.1922511596416984e-2,2.1922511596416984e-2,8.839370596113727e-2,0.9123099536143321,0.9123099536143321,-3.5982405840981855,2.1922511596416984e-2,2.1922511596416984e-2,8.839370596113727e-2,100.30610103697623,100.30610103697623,100.37257223134095
