id,Expression,theta,size,MSE_train,MSE_val,MSE_test,R2_train,R2_val,R2_test,nll_train,nll_val,nll_test,mdl_train,mdl_val,mdl_test
0,((((0.20001693213303262 - x24) - x15) / x3) * (Abs((0.16078655038723072 / ((((x3 / x24) + ((-1.3611704775927382 / x3) * (Abs((Abs(x10) ^ x28)) ^ (x3 + ((Abs(x7) ^ (x3 * ((x24 * 0.3493207086763027) * x25))) / x20))))) * 2.5176055614494866) + 2.1847710513190375))) ^ x11)),0.20001693213303262;0.16078655038723072;-1.3611704775927382;0.3493207086763027;2.5176055614494866;2.1847710513190375,45,4.677952022768806e-2,4.677952022768806e-2,4.58668867571502e25,0.8128819190892478,0.8128819190892478,-2.385995449106862e27,4.677952022768806e-2,4.677952022768806e-2,4.58668867571502e25,111.0768377654183,111.0768377654183,4.58668867571502e25
