id,Expression,theta,size,MSE_train,MSE_val,MSE_test,R2_train,R2_val,R2_test,nll_train,nll_val,nll_test,mdl_train,mdl_val,mdl_test
0,(((((x6 * ((((Abs(x1) ^ x16) - (6.537000988530449 * x9)) - ((-1.7641409197411853 - (((x6 * -0.48052455220492246) / x24) - (x6 * 1.6534271620189689))) - ((-1.1576360022899095e-2 * x9) * x6))) + x24)) / x24) + -0.9688733471693176) + (0.6954353513682727 - x1)) + -0.6792334802622713),6.537000988530449;-1.7641409197411853;-0.48052455220492246;1.6534271620189689;-1.1576360022899095e-2;-0.9688733471693176;0.6954353513682727;-0.6792334802622713,40,5.250321699571986e-2,5.250321699571986e-2,1.3806001795824827,0.7899871320171206,0.7899871320171206,-70.818821341878,5.250321699571986e-2,5.250321699571986e-2,1.3806001795824827,93.57041885613218,93.57041885613218,94.89851581871895
