id,Expression,theta,size,MSE_train,MSE_val,MSE_test,R2_train,R2_val,R2_test,nll_train,nll_val,nll_test,mdl_train,mdl_val,mdl_test
0,((Abs((((x23 / x6) - (x26 * x23)) * (((x26 * (x0 * x23)) * (x26 * x26)) * x30))) ^ (Abs(((-1.432870263364065 / x4) * (x21 * -0.8534164642662051))) ^ (Abs((1.9201691043682336 + ((x30 * x9) - (Abs(x26) ^ -0.5271640954440159)))) ^ Recip((x15 / (Abs(x16) ^ (Abs(x3) ^ x18))))))) - x21),-1.432870263364065;-0.8534164642662051;1.9201691043682336;-0.5271640954440159,54,1.8391342397705582e-2,1.8391342397705582e-2,8.551260532220702e-2,0.9264346304091777,0.9264346304091777,-3.448365728861039,1.8391342397705582e-2,1.8391342397705582e-2,8.551260532220702e-2,141.35146234238684,141.35146234238684,141.41858360531134
