id,Expression,theta,size,MSE_train,MSE_val,MSE_test,R2_train,R2_val,R2_test,nll_train,nll_val,nll_test,mdl_train,mdl_val,mdl_test
0,(x30 + (Abs(-2.1930221630200456e-3) ^ (Abs(-16.588107169498752) ^ (((0.8917815802271665 - (x24 - x26)) - (((x24 / ((x25 / x30) + (x25 / x29))) * (Abs(-3.090410879938798) ^ (x21 / x16))) / x0)) * (Abs((x6 + ((x18 * x3) * -0.41188847778187465))) ^ (0.4227027326499945 * x23)))))),-2.1930221630200456e-3;-16.588107169498752;0.8917815802271665;-3.090410879938798;-0.41188847778187465;0.4227027326499945,45,4.3364331865783784e-2,4.3364331865783784e-2,0.10677922175251678,0.8265426725368649,0.8265426725368649,-4.554655115565711,4.3364331865783784e-2,4.3364331865783784e-2,0.10677922175251678,118.54860640560854,118.54860640560854,118.61202129549527
