id,Expression,theta,size,MSE_train,MSE_val,MSE_test,R2_train,R2_val,R2_test,nll_train,nll_val,nll_test,mdl_train,mdl_val,mdl_test
0,(Abs((Abs(x20) ^ x10)) ^ (Abs(0.18545499245485617) ^ (((-0.5131574457567153 + (Abs(x7) ^ (-7.168535619037026 * x30))) - (x16 + (Abs(x6) ^ (x15 * -6.4324777544301845)))) + ((Abs((Abs((x3 + x7)) ^ (x10 * (Abs((x9 * (x9 + x4))) ^ (x10 + x24))))) ^ x30) - (((x10 + x9) - x5) / x19))))),0.18545499245485617;-0.5131574457567153;-7.168535619037026;-6.4324777544301845,55,2.486797347624913e-2,2.486797347624913e-2,688.7584905252875,0.9005281060950034,0.9005281060950034,-35828.21667712409,2.486797347624913e-2,2.486797347624913e-2,688.7584905252875,138.41349999429895,138.41349999429895,827.1471225461102
