id,Expression,theta,size,MSE_train,MSE_val,MSE_test,R2_train,R2_val,R2_test,nll_train,nll_val,nll_test,mdl_train,mdl_val,mdl_test
0,((x23 + ((x30 + x24) * 4.732771437894568)) - (Abs((0.542872163497067 - (Abs(x24) ^ (x1 - x4)))) ^ (Abs(((3.937067653859698 * x7) / (x29 / (Abs((x24 + x1)) ^ x24)))) ^ (((Abs(x23) ^ x0) * -0.7630277202622934) - x4)))),4.732771437894568;0.542872163497067;3.937067653859698;-0.7630277202622934,40,6.882260836767942e-2,6.882260836767942e-2,165.31447185993417,0.7247095665292823,0.7247095665292823,-8598.658826153447,6.882260836767942e-2,6.882260836767942e-2,165.31447185993417,92.43582914490173,92.43582914490173,257.6814783964682
