id,Expression,theta,size,MSE_train,MSE_val,MSE_test,R2_train,R2_val,R2_test,nll_train,nll_val,nll_test,mdl_train,mdl_val,mdl_test
0,(Abs(x21) ^ (Abs(x30) ^ (((x29 * ((x29 * ((3.5854173802812865 / (x30 / x21)) / (x30 / x21))) / (x30 / ((x27 - (x23 * 0.6823305291327353)) * 22.077474539587328)))) - ((x27 * (6.005129337358218 / x15)) - (x29 * x21))) / (Abs(x16) ^ x21)))),3.5854173802812865;0.6823305291327353;22.077474539587328;6.005129337358218,44,7.813426036441651e-2,7.813426036441651e-2,Infinity,0.687462958542334,0.687462958542334,-Infinity,7.813426036441651e-2,7.813426036441651e-2,Infinity,101.95930690167243,101.95930690167243,Infinity
