id,Expression,theta,size,MSE_train,MSE_val,MSE_test,R2_train,R2_val,R2_test,nll_train,nll_val,nll_test,mdl_train,mdl_val,mdl_test
0,((Abs((Abs(x6) ^ (x15 * (Abs(x20) ^ (Recip(Recip((x26 * -76.5238056082865))) + (x24 * ((Abs((Abs(Recip((Abs((Abs(-0.2630519140339909) ^ x6)) ^ (x26 * x20)))) ^ ((x10 * x8) * -6.670262020453831e-2))) ^ x20) + 37.32445672669507))))))) ^ (Abs(x6) ^ (x15 * -100.44246339963559))) - x20),-76.5238056082865;-0.2630519140339909;-6.670262020453831e-2;37.32445672669507;-100.44246339963559,48,1.9749103339084872e-2,1.9749103339084872e-2,8.713509153678275e-2,0.9210035866436606,0.9210035866436606,-3.5327674617432665,1.9749103339084872e-2,1.9749103339084872e-2,8.713509153678275e-2,102.61772340180055,102.61772340180055,102.68510938999825
