id,Expression,theta,size,MSE_train,MSE_val,MSE_test,R2_train,R2_val,R2_test,nll_train,nll_val,nll_test,mdl_train,mdl_val,mdl_test
0,Recip(((Abs(Recip((Abs(-16.366768693944913) ^ x17))) ^ (x26 * 17.634126444667835)) + (Recip(Recip((Abs((Abs(((Abs(Recip(x15)) ^ (x26 * 19.38967494163815)) * (x26 + x26))) ^ x2)) ^ 50.182982149719855))) / (Abs((((x24 + -7.761555354604497) * (x22 * x22)) + x26)) ^ 11.477890848858877)))),-16.366768693944913;17.634126444667835;19.38967494163815;50.182982149719855;-7.761555354604497;11.477890848858877,44,1.9109069538030966e-2,1.9109069538030966e-2,8.250042044632956e-2,0.9235637218478762,0.9235637218478762,-3.2916718716178996,1.9109069538030966e-2,1.9109069538030966e-2,8.250042044632956e-2,94.44556176148204,94.44556176148204,94.50895311239033
