id,Expression,theta,size,MSE_train,MSE_val,MSE_test,R2_train,R2_val,R2_test,nll_train,nll_val,nll_test,mdl_train,mdl_val,mdl_test
0,(Abs(((x27 * x30) * (-51.79735977518352 - (x7 / x28)))) ^ (((5.85529198375079 - ((Abs((((x22 * x17) * (Abs(-4.117734442425081) ^ x8)) + x21)) ^ x18) / x27)) * (((x18 * x5) * 4.924239370840401) - (x22 + (Abs(x26) ^ x17)))) - ((Abs(-4.088951076498367) ^ x17) * x6))),-51.79735977518352;5.85529198375079;-4.117734442425081;4.924239370840401;-4.088951076498367,48,5.526869057885011e-2,5.526869057885011e-2,4.877928091830044e7,0.7789252376845995,0.7789252376845995,-2.537498192369892e9,5.526869057885011e-2,5.526869057885011e-2,4.877928091830044e7,124.34125428011393,124.34125428011393,4.877940520428603e7
