id,Expression,theta,size,MSE_train,MSE_val,MSE_test,R2_train,R2_val,R2_test,nll_train,nll_val,nll_test,mdl_train,mdl_val,mdl_test
0,(Abs(Recip(Recip((Abs((Abs(x14) ^ x4)) ^ Recip(Recip((Abs((Abs(x4) ^ -3.6831120485290296)) ^ ((Recip((Abs((Abs(x15) ^ 15.043687082415008)) ^ ((13.50709005419806 + (Abs(x4) ^ x25)) * x26))) - x26) * x26)))))))) ^ (Abs((Abs(x4) ^ ((-12.454053241514236 * x26) + x15))) ^ ((23.79552376953896 / (x18 / x23)) + (15.815407139608341 * x4)))),-3.6831120485290296;15.043687082415008;13.50709005419806;-12.454053241514236;23.79552376953896;15.815407139608341,56,1.6198011755296643e-2,1.6198011755296643e-2,Infinity,0.9352079529788134,0.9352079529788134,-Infinity,1.6198011755296643e-2,1.6198011755296643e-2,Infinity,121.41283517405718,121.41283517405718,Infinity
