id,Expression,theta,size,MSE_train,MSE_val,MSE_test,R2_train,R2_val,R2_test,nll_train,nll_val,nll_test,mdl_train,mdl_val,mdl_test
0,(Abs(((Abs(((x24 * -15.901739138437883) * (Abs(Recip((x13 + (Recip(x17) - Recip(Recip(((x24 * 17.532101837342257) + (x23 * (x23 / x24))))))))) ^ (x30 / x7)))) ^ (Recip(x24) - ((x24 * 6.576318401802835) * 6.831580728619138))) / (x26 * (((Recip(x24) - (x14 + -1.678521958265721)) - x23) / x24)))) ^ x4),-15.901739138437883;17.532101837342257;6.576318401802835;6.831580728619138;-1.678521958265721,52,7.269797675429619e-2,7.269797675429619e-2,4.748766518319284,0.7092080929828153,0.7092080929828153,-246.03083428295972,7.269797675429619e-2,7.269797675429619e-2,4.748766518319284,135.92954536650356,135.92954536650356,140.60561390806856
