id,Expression,theta,size,MSE_train,MSE_val,MSE_test,R2_train,R2_val,R2_test,nll_train,nll_val,nll_test,mdl_train,mdl_val,mdl_test
0,Recip((Abs(((Abs((Abs(Recip((Abs((x11 * x18)) ^ (Abs((Abs(x7) ^ -26.095675625076776)) ^ x12)))) ^ x10)) ^ (Abs(((Abs((((((x10 * x10) * (42.0340388144321 / x2)) + x10) + (x2 + -10.291443040353789)) * x11)) ^ (Abs((Abs((x14 * 5.180288465146647)) ^ (x30 * x10))) ^ x18)) * x11)) ^ (Abs(-22.058257046833862) ^ x18))) + x7)) ^ x22)),-26.095675625076776;42.0340388144321;-10.291443040353789;5.180288465146647;-22.058257046833862,60,7.537723592575503e-2,7.537723592575503e-2,0.18322290196935717,0.6984910562969799,0.6984910562969799,-8.531255360445597,7.537723592575503e-2,7.537723592575503e-2,0.18322290196935717,132.76983708993404,132.76983708993404,132.87768275597765
