id,Expression,theta,size,MSE_train,MSE_val,MSE_test,R2_train,R2_val,R2_test,nll_train,nll_val,nll_test,mdl_train,mdl_val,mdl_test
0,(Abs(Recip((Recip(((((Abs(x30) ^ (x13 / (Abs(((x19 * x29) * x29)) ^ (x19 / x26)))) * (Abs(x29) ^ (-3.814691781297515 + (x29 * x9)))) * (Abs(Recip((x17 + (x26 * x29)))) ^ (x19 * -33.9935929991004))) * ((x29 * (x19 / x26)) * x29))) - x23))) ^ x29),-3.814691781297515;-33.9935929991004,51,2.375061319351099e-2,2.375061319351099e-2,Infinity,0.904997547225956,0.904997547225956,-Infinity,2.375061319351099e-2,2.375061319351099e-2,Infinity,124.59405986389518,124.59405986389518,Infinity
