id,Expression,theta,size,MSE_train,MSE_val,MSE_test,R2_train,R2_val,R2_test,nll_train,nll_val,nll_test,mdl_train,mdl_val,mdl_test
0,(Abs((((2.1494926923118545 / Recip(x6)) + x30) * x16)) ^ (Abs((x28 + (Abs(((-10.761538445652413 / Recip(x6)) + x30)) ^ (Abs((Abs(1.074392000569288) ^ x24)) ^ x28)))) ^ (Abs((Abs((x6 - x23)) ^ 34.41369899596407)) ^ ((-0.45761035760195085 / Recip((((-1.265297856210714 / Recip(x6)) + x30) + x22))) + x26)))),2.1494926923118545;-10.761538445652413;1.074392000569288;34.41369899596407;-0.45761035760195085;-1.265297856210714,50,1.1451188972420501e-2,1.1451188972420501e-2,0.10584027846712318,0.954195244110318,0.954195244110318,-4.505811285859538,1.1451188972420501e-2,1.1451188972420501e-2,0.10584027846712318,116.45760983636745,116.45760983636745,116.55199892586216
