id,Expression,theta,size,MSE_train,MSE_val,MSE_test,R2_train,R2_val,R2_test,nll_train,nll_val,nll_test,mdl_train,mdl_val,mdl_test
0,(-0.5873246311134159 + ((((2.2235642834644627 + (x24 * ((-0.3347908520739889 + (x30 / Recip(x10))) + ((-2.764153026016642 / x10) + x10)))) * x27) + (x30 / (Abs(x10) ^ (x2 * -3.493449978845935)))) * ((x30 / Recip(Recip(x13))) + (3.438595022411642 + (((Abs(x5) ^ x20) - x24) + (x2 * -1.4276127342184666)))))),-0.5873246311134159;2.2235642834644627;-0.3347908520739889;-2.764153026016642;-3.493449978845935;3.438595022411642;-1.4276127342184666,48,6.552143286402798e-2,6.552143286402798e-2,0.1416745103132427,0.7379142685438881,0.7379142685438881,-6.369908026494604,6.552143286402798e-2,6.552143286402798e-2,0.1416745103132427,124.6358306835657,124.6358306835657,124.7119837610149
