id,Expression,theta,size,MSE_train,MSE_val,MSE_test,R2_train,R2_val,R2_test,nll_train,nll_val,nll_test,mdl_train,mdl_val,mdl_test
0,Recip(((Abs(((((Abs(x11) ^ (-0.968223670469874 / (((x16 - x15) - x5) + x18))) + (Abs(x11) ^ x3)) / (Abs(((x12 + (Abs(Recip(((x28 + x15) + x13))) ^ (x30 + 0.2483733314684136))) * x15)) ^ 1.7940573743844437)) - (x15 * x28))) ^ x12) * Recip(((0.10599253260290445 / (x28 + x15)) / x13)))),-0.968223670469874;0.2483733314684136;1.7940573743844437;0.10599253260290445,53,7.924750404633622e-2,7.924750404633622e-2,0.10269770106221446,0.683009983814655,0.683009983814655,-4.342334409256192,7.924750404633622e-2,7.924750404633622e-2,0.10269770106221446,136.07348801874474,136.07348801874474,136.09693821576062
