id,Expression,theta,size,MSE_train,MSE_val,MSE_test,R2_train,R2_val,R2_test,nll_train,nll_val,nll_test,mdl_train,mdl_val,mdl_test
0,(((((x6 + x25) + x30) * 1.3110299494562552) + -0.9475637465309811) + (((x15 * x12) / Recip((2.317876359596874 / x25))) + ((x30 + x21) * (((-2.874345140884615 * (x26 + x26)) + (x27 + 0.7172650570492417)) + (x12 + 2.0151885200873236))))),1.3110299494562552;-0.9475637465309811;2.317876359596874;-2.874345140884615;0.7172650570492417;2.0151885200873236,36,1.9956418555914252e-2,1.9956418555914252e-2,8.176032547706508e-2,0.920174325776343,0.920174325776343,-3.253172131316763,1.9956418555914252e-2,1.9956418555914252e-2,8.176032547706508e-2,92.35813328717124,92.35813328717124,92.41993719409238
