id,Expression,theta,size,MSE_train,MSE_val,MSE_test,R2_train,R2_val,R2_test,nll_train,nll_val,nll_test,mdl_train,mdl_val,mdl_test
0,((((((x22 + (x12 * (x12 + x1))) * ((((Abs(x1) ^ x12) + (x3 * 555.2070540643113)) + x0) + x9)) - ((x22 / Recip((x12 + 258.9040728748617))) * x3)) * x12) + (x3 * x15)) - ((x6 * 44.3502324038443) * x12)),555.2070540643113;258.9040728748617;44.3502324038443,41,2.8431302595555593e-2,2.8431302595555593e-2,6.823948182574571e-2,0.8862747896177776,0.8862747896177776,-2.549817844575156,2.8431302595555593e-2,2.8431302595555593e-2,6.823948182574571e-2,108.35043934668396,108.35043934668396,108.39024752591415
