id,Expression,theta,size,MSE_train,MSE_val,MSE_test,R2_train,R2_val,R2_test,nll_train,nll_val,nll_test,mdl_train,mdl_val,mdl_test
0,Recip((((Abs(x3) ^ (5.34558889677158 - Recip(x28))) * (Abs((x22 + 6.600929987705209)) ^ (Abs(x8) ^ (-4.188273849548318 * x12)))) + (Abs((((Abs(x17) ^ (-4.368236156527955e-4 - x8)) - x18) + (Abs(Recip((x17 / x20))) ^ (14.86147124581731 * ((Abs(-0.13165595961073506) ^ (x0 - x10)) - x0))))) ^ Recip((x17 / x20))))),5.34558889677158;6.600929987705209;-4.188273849548318;-4.368236156527955e-4;14.86147124581731;-0.13165595961073506,52,5.7078231191733275e-2,5.7078231191733275e-2,4.676931443369299,0.7716870752330669,0.7716870752330669,-242.29397368406168,5.7078231191733275e-2,5.7078231191733275e-2,4.676931443369299,127.55167871372147,127.55167871372147,132.17153192589905
