id,Expression,theta,size,MSE_train,MSE_val,MSE_test,R2_train,R2_val,R2_test,nll_train,nll_val,nll_test,mdl_train,mdl_val,mdl_test
0,Recip(((Abs(x15) ^ (((Abs(x18) ^ x0) + 29.658752797075273) * ((Abs(x24) ^ (x26 * (Abs((Abs((x26 * x30)) ^ -9.062553591553401)) ^ (x28 * x15)))) + -1.4275610756196269))) + (Abs((Abs((Abs(((-1.143544765266374 - (Abs(x24) ^ x0)) * (1.1929803061869098 * x26))) ^ x24)) ^ -0.2331225347680161)) ^ (x26 * -1.5039158023948784)))),29.658752797075273;-9.062553591553401;-1.4275610756196269;-1.143544765266374;1.1929803061869098;-0.2331225347680161;-1.5039158023948784,51,1.9082616837911345e-2,1.9082616837911345e-2,3.1526099980918924e-2,0.9236695326483546,0.9236695326483546,-0.6399877210073397,1.9082616837911345e-2,1.9082616837911345e-2,3.1526099980918924e-2,107.74695563022244,107.74695563022244,107.75939911336546
