id,Expression,theta,size,MSE_train,MSE_val,MSE_test,R2_train,R2_val,R2_test,nll_train,nll_val,nll_test,mdl_train,mdl_val,mdl_test
0,(Abs((5.908309105184953e-3 * x21)) ^ Recip((Abs((Abs((Recip((Abs(x26) ^ (x21 + (x16 - x25)))) + x21)) ^ 9.488677317615801)) ^ (x11 * (-2.339750649226392 - ((((0.4486135806931026 + x20) * x9) + 8.890542319659248) * (((x21 + x20) * x21) * (-6.521268365654979 - (((6.558655615232643 - x7) - x2) - x9))))))))),5.908309105184953e-3;9.488677317615801;-2.339750649226392;0.4486135806931026;8.890542319659248;-6.521268365654979;6.558655615232643,49,1.4699473398979543e-2,1.4699473398979543e-2,7.301205623220289e-2,0.9412021064040819,0.9412021064040819,-2.7980871651990493,1.4699473398979543e-2,1.4699473398979543e-2,7.301205623220289e-2,121.87695852299844,121.87695852299844,121.93527110583166
