id,Expression,theta,size,MSE_train,MSE_val,MSE_test,R2_train,R2_val,R2_test,nll_train,nll_val,nll_test,mdl_train,mdl_val,mdl_test
0,(Abs(Recip((Abs(x28) ^ (x3 / ((Abs((x13 * (x28 - x14))) ^ (x28 * (x28 * 6.434349346314127))) / ((x28 / x15) * (x28 * (-33.0615457709995 * (x3 * x24))))))))) ^ (Abs((Abs((Abs(((Abs(x24) ^ (-0.7758016904269668 * (Abs(0.33242832685187296) ^ x15))) * x12)) ^ 5.6289902036136255)) ^ x3)) ^ ((x28 / x15) * -6.934689771355196))),6.434349346314127;-33.0615457709995;-0.7758016904269668;0.33242832685187296;5.6289902036136255;-6.934689771355196,56,3.1371636949901804e-2,3.1371636949901804e-2,Infinity,0.8745134522003928,0.8745134522003928,-Infinity,3.1371636949901804e-2,3.1371636949901804e-2,Infinity,123.14894079510367,123.14894079510367,Infinity
