id,Expression,theta,size,MSE_train,MSE_val,MSE_test,R2_train,R2_val,R2_test,nll_train,nll_val,nll_test,mdl_train,mdl_val,mdl_test
0,(x23 + (((((Abs((((Abs(x5) ^ x23) * (Abs(x23) ^ x8)) - x14)) ^ (Abs((x7 * 4.7769332892860845)) ^ ((Abs((x8 * 2.0451352688176945)) ^ ((x7 * 2.1679063281780047) + -2.298283803580124)) - x18))) * -4.211472168508) - ((((x7 * -4.722941488528358) + -3.5162349382391964) * (Abs(x22) ^ x8)) - x11)) + x0) * x0)),4.7769332892860845;2.0451352688176945;2.1679063281780047;-2.298283803580124;-4.211472168508;-4.722941488528358;-3.5162349382391964,51,1.7189322354661935e-2,1.7189322354661935e-2,0.10021707782472111,0.9312427105813522,0.9312427105813522,-4.213292388441793,1.7189322354661935e-2,1.7189322354661935e-2,0.10021707782472111,118.7747691550413,118.7747691550413,118.85779691051135
