id,Expression,theta,size,MSE_train,MSE_val,MSE_test,R2_train,R2_val,R2_test,nll_train,nll_val,nll_test,mdl_train,mdl_val,mdl_test
0,((x18 + (-0.7260488036064068 + x18)) + (((Abs(x8) ^ ((Abs(8.315327066681205e-2) ^ ((x22 / x22) + -5.4209013458156674e-3)) + (((Abs(x18) ^ x9) + -0.5909313109971787) * (x15 / x27)))) + -0.5432761899004421) + (x9 + (Recip((2.7254204497847128 + (Recip(x18) + (x20 + (((x18 * x9) * x18) / x30))))) / x27)))),-0.7260488036064068;8.315327066681205e-2;-5.4209013458156674e-3;-0.5909313109971787;-0.5432761899004421;2.7254204497847128,50,5.752144066009524e-2,5.752144066009524e-2,0.10810825523446718,0.7699142373596191,0.7699142373596191,-4.6237914372967674,5.752144066009524e-2,5.752144066009524e-2,0.10810825523446718,124.09321593257724,124.09321593257724,124.14380274715161
