id,Expression,theta,size,MSE_train,MSE_val,MSE_test,R2_train,R2_val,R2_test,nll_train,nll_val,nll_test,mdl_train,mdl_val,mdl_test
0,(Abs((Abs((x23 - x9)) ^ x10)) ^ ((Abs(x29) ^ (Abs(x3) ^ (x23 * x28))) * (Abs(((Abs((Abs(-3.180039449193486e-2) ^ (1.42483945824936 - ((Abs((Recip((Recip(x23) + x23)) * x23)) ^ x24) + (1.263081804562418 * (x24 / x27)))))) ^ Recip(x7)) + (Abs(((x23 - x9) * x27)) ^ Recip(x8)))) ^ x10))),-3.180039449193486e-2;1.42483945824936;1.263081804562418,56,5.427804051714709e-2,5.427804051714709e-2,Infinity,0.7828878379314117,0.7828878379314117,-Infinity,5.427804051714709e-2,5.427804051714709e-2,Infinity,133.21530521115932,133.21530521115932,Infinity
