id,Expression,theta,size,MSE_train,MSE_val,MSE_test,R2_train,R2_val,R2_test,nll_train,nll_val,nll_test,mdl_train,mdl_val,mdl_test
0,(x6 + ((Abs(x6) ^ (Abs(((Abs(x22) ^ (Abs((Abs(x27) ^ x0)) ^ ((-17.99889275919572 + (Abs((x7 / x29)) ^ (x27 * 56.546643396174204))) * x23))) / x29)) ^ (x22 * (Recip(Recip((x5 + x21))) + -41.84920830014363)))) - x26)),-17.99889275919572;56.546643396174204;-41.84920830014363,41,3.3344205653640484e-2,3.3344205653640484e-2,0.1307706326424284,0.866623177385438,0.866623177385438,-5.8026883100588655,3.3344205653640484e-2,3.3344205653640484e-2,0.1307706326424284,99.1958112476212,99.1958112476212,99.29323767460998
