id,Expression,theta,size,MSE_train,MSE_val,MSE_test,R2_train,R2_val,R2_test,nll_train,nll_val,nll_test,mdl_train,mdl_val,mdl_test
0,(Abs((x3 * x0)) ^ (Abs((x12 * (Abs((Abs((x21 / x12)) ^ (((Abs(((x7 * x21) * x29)) ^ x29) * -2.493895579230573) + 9.314826492357602))) ^ x29))) ^ (x29 - (((x15 + x12) - (((Abs((x21 * (x16 - x27))) ^ x29) * -23.868968928479486) + x16)) + -4.610610554659963)))),-2.493895579230573;9.314826492357602;-23.868968928479486;-4.610610554659963,49,1.133716609865017e-2,1.133716609865017e-2,5.1958443975846515e-2,0.9546513356053993,0.9546513356053993,-1.7028782556234323,1.133716609865017e-2,1.133716609865017e-2,5.1958443975846515e-2,116.4574958134937,116.4574958134937,116.49811709137089
