id,Expression,theta,size,MSE_train,MSE_val,MSE_test,R2_train,R2_val,R2_test,nll_train,nll_val,nll_test,mdl_train,mdl_val,mdl_test
0,Recip((Abs((((x3 + x7) / x30) / (x9 + (x7 * -0.2356148925644769)))) ^ (Abs((((Abs(((x27 + x7) / x4)) ^ Recip(x7)) + (x7 * (0.25058988732640264 + x20))) / ((x1 * x28) / (Abs((0.15978618415365628 - x17)) ^ x4)))) ^ Recip(x1)))),-0.2356148925644769;0.25058988732640264;0.15978618415365628,44,1.0775006834216555e-2,1.0775006834216555e-2,3.3982773843053e-2,0.9568999726631338,0.9568999726631338,-0.7677838953155498,1.0775006834216555e-2,1.0775006834216555e-2,3.3982773843053e-2,113.33930876908286,113.33930876908286,113.36251653609169
