id,Expression,theta,size,MSE_train,MSE_val,MSE_test,R2_train,R2_val,R2_test,nll_train,nll_val,nll_test,mdl_train,mdl_val,mdl_test
0,((x30 * (((((x27 - Recip(x25)) - (x6 * (((61.62319262983271 / x10) - x13) + 12.278266521627247))) * (x12 / ((Abs((x6 - x21)) ^ (x8 * x4)) / ((0.12080806092328442 / x22) + (Recip(x25) * x12))))) + 21.166276337209002) + (x15 * (((Abs(x26) ^ x15) + x12) + -19.649285049088522)))) + -1.0796981990191272),61.62319262983271;12.278266521627247;0.12080806092328442;21.166276337209002;-19.649285049088522;-1.0796981990191272,51,7.202309497782848e-2,7.202309497782848e-2,Infinity,0.711907620088686,0.711907620088686,-Infinity,7.202309497782848e-2,7.202309497782848e-2,Infinity,146.86290449912337,146.86290449912337,Infinity
