id,Expression,theta,size,MSE_train,MSE_val,MSE_test,R2_train,R2_val,R2_test,nll_train,nll_val,nll_test,mdl_train,mdl_val,mdl_test
0,(Abs((x5 - (x0 * 0.3185593355517066))) ^ (Abs(((-1.917071836700249 + (-0.6484926058172031 + x6)) - (-16.749771199048094 * x0))) ^ ((Abs((((Abs((x21 / (x27 * -0.5332196646490618))) ^ x12) * (Abs((x9 - (x5 * 0.9939819628979166))) ^ ((-2.732099683286454 + (x6 + -3.2700226621824378)) - (x0 * 1.007126917231744)))) * x5)) ^ x18) + x5))),0.3185593355517066;-1.917071836700249;-0.6484926058172031;-16.749771199048094;-0.5332196646490618;0.9939819628979166;-2.732099683286454;-3.2700226621824378;1.007126917231744,50,7.150006419426319e-2,7.150006419426319e-2,0.204188372823889,0.7139997432229472,0.7139997432229472,-9.6218791542983,7.150006419426319e-2,7.150006419426319e-2,0.204188372823889,118.8290798968809,118.8290798968809,118.96176820551052
