id,Expression,theta,size,MSE_train,MSE_val,MSE_test,R2_train,R2_val,R2_test,nll_train,nll_val,nll_test,mdl_train,mdl_val,mdl_test
0,Recip((Abs(((Abs(x2) ^ ((x12 + 1.69401797882495) * x14)) + (Abs(x18) ^ ((((Abs(x24) ^ (Abs(x1) ^ x2)) - x16) - (Abs(x20) ^ -4.743224117430281)) * (Abs(x14) ^ ((Abs(x28) ^ (((x27 - x14) * -4.622690786468187e-3) * x24)) * (Abs(x16) ^ (x2 * -8.326757241156587)))))))) ^ (x24 + ((x24 + 1.4565728183292652) * x16)))),1.69401797882495;-4.743224117430281;-4.622690786468187e-3;-8.326757241156587;1.4565728183292652,57,6.751666892432645e-2,6.751666892432645e-2,0.1534250751049355,0.7299333243026942,0.7299333243026942,-6.981172406958439,6.751666892432645e-2,6.751666892432645e-2,0.1534250751049355,133.15177533643381,133.15177533643381,133.23768374261442
