id,Expression,theta,size,MSE_train,MSE_val,MSE_test,R2_train,R2_val,R2_test,nll_train,nll_val,nll_test,mdl_train,mdl_val,mdl_test
0,((((x21 / (Abs((Abs(Recip(x21)) ^ x26)) ^ (Abs((Abs(((((x21 * 1.8170917549125272) + (Abs(x24) ^ x26)) - x25) / (Abs(x21) ^ x21))) ^ -12.459853077656806)) ^ ((11.02231452128614 * ((x21 + (Abs(x19) ^ x26)) * x2)) * 11.52336953251437)))) * 39.85467225856707) + ((x21 * x21) * x24)) * x21),1.8170917549125272;-12.459853077656806;11.02231452128614;11.52336953251437;39.85467225856707,51,4.857100233750883e-2,4.857100233750883e-2,Infinity,0.8057159906499647,0.8057159906499647,-Infinity,4.857100233750883e-2,4.857100233750883e-2,Infinity,112.90634273064512,112.90634273064512,Infinity
