id,Expression,theta,size,MSE_train,MSE_val,MSE_test,R2_train,R2_val,R2_test,nll_train,nll_val,nll_test,mdl_train,mdl_val,mdl_test
0,(Abs((((x13 / x28) * (x15 * (x28 - x10))) * (Abs(((x30 - (Abs((x0 - x21)) ^ -0.9427354185951231)) * ((-0.8197296352058088 * x15) / x10))) ^ x28))) ^ ((Abs(((x15 * x15) - ((x1 - x20) - x10))) ^ -3.112518082545367) * (Abs((x28 * x23)) ^ (8.766557004326794 * x15)))),-0.9427354185951231;-0.8197296352058088;-3.112518082545367;8.766557004326794,50,5.732131222109633e-2,5.732131222109633e-2,Infinity,0.7707147511156147,0.7707147511156147,-Infinity,5.732131222109633e-2,5.732131222109633e-2,Infinity,121.91958036182055,121.91958036182055,Infinity
