id,Expression,theta,size,MSE_train,MSE_val,MSE_test,R2_train,R2_val,R2_test,nll_train,nll_val,nll_test,mdl_train,mdl_val,mdl_test
0,((Abs(x9) ^ (Abs((((((x6 * 2.8819109588791245) + x16) + (x6 * 3.1863896227448634)) - (-5.852999085783494 * x24)) + (x1 + -0.7415211943699921))) ^ (((-10.517597163273374 + ((((x12 * x21) / x8) - x17) - (Abs(x9) ^ x16))) + ((x21 * x24) * (x7 + (x24 - (Abs(x9) ^ x16))))) + x3))) + x30),2.8819109588791245;3.1863896227448634;-5.852999085783494;-0.7415211943699921;-10.517597163273374,53,1.1088080316846485e-2,1.1088080316846485e-2,0.15180050784592775,0.955647678732614,0.955647678732614,-6.896662418144859,1.1088080316846485e-2,1.1088080316846485e-2,0.15180050784592775,141.63930421722893,141.63930421722893,141.780016644758
