id,Expression,theta,size,MSE_train,MSE_val,MSE_test,R2_train,R2_val,R2_test,nll_train,nll_val,nll_test,mdl_train,mdl_val,mdl_test
0,((((((x5 - x29) * x6) - x5) * x8) * x17) + (Abs(x5) ^ (Abs((-1072.3406935324138 * (Abs(x5) ^ ((((x12 * x12) + (Abs(1211.0438111850644) ^ (Abs((x0 * (2.141417332443293 + ((x0 * -18.39132992203889) + x17)))) ^ (Abs(x23) ^ x17)))) - (x9 * 84.86927452217509)) + x22)))) ^ x17))),-1072.3406935324138;1211.0438111850644;2.141417332443293;-18.39132992203889;84.86927452217509,51,1.5751759066970614e-2,1.5751759066970614e-2,2.1873252003927455,0.9369929637321175,0.9369929637321175,-112.78465692442627,1.5751759066970614e-2,1.5751759066970614e-2,2.1873252003927455,121.87801080866643,121.87801080866643,124.04958424999221
