id,Expression,theta,size,MSE_train,MSE_val,MSE_test,R2_train,R2_val,R2_test,nll_train,nll_val,nll_test,mdl_train,mdl_val,mdl_test
0,(Abs(Recip(x12)) ^ (((Abs(x12) ^ (Abs(((x26 + x0) * x4)) ^ (x18 / (Abs(((x6 / x27) + (x12 / (Abs((x4 + (Abs(x20) ^ x4))) ^ 3.8102774812775486)))) ^ (x4 * 96.4163055127057))))) * -31.415855439467784) * ((Abs((Abs(x11) ^ (x12 * -647.3532145069693))) ^ x9) * (x27 * x3)))),3.8102774812775486;96.4163055127057;-31.415855439467784;-647.3532145069693,52,1.3985696081145717e-2,1.3985696081145717e-2,6.954944406589772e-2,0.9440572156754171,0.9440572156754171,-2.617962080307861,1.3985696081145717e-2,1.3985696081145717e-2,6.954944406589772e-2,124.67537283455466,124.67537283455466,124.73093658253941
