id,Expression,theta,size,MSE_train,MSE_val,MSE_test,R2_train,R2_val,R2_test,nll_train,nll_val,nll_test,mdl_train,mdl_val,mdl_test
0,(x30 + (Abs(0.9992699786570908) ^ (((Abs(x5) ^ ((((-0.21128232450236295 * (-0.672875130095103 + ((x5 - x22) + (Abs(x10) ^ -0.5499847805303623)))) - x9) * (Abs(x30) ^ -1.1400948004734932)) - (((x18 * x10) - x24) + Recip(Recip(x16))))) + (Recip(Recip(x15)) + x10)) + (x10 + x14)))),0.9992699786570908;-0.21128232450236295;-0.672875130095103;-0.5499847805303623;-1.1400948004734932,47,1.8525781658970245e-2,1.8525781658970245e-2,6.232797363193726e-2,0.9258968733641191,0.9258968733641191,-2.2423011883332524,1.8525781658970245e-2,1.8525781658970245e-2,6.232797363193726e-2,119.23984083796955,119.23984083796955,119.28364302994252
