id,Expression,theta,size,MSE_train,MSE_val,MSE_test,R2_train,R2_val,R2_test,nll_train,nll_val,nll_test,mdl_train,mdl_val,mdl_test
0,(Abs(x3) ^ ((Abs(x17) ^ (Abs((x24 + 1.179068921519472)) ^ 2.0393607353382253)) / (Abs(x30) ^ ((Abs(x28) ^ (Abs((Abs((Abs(x3) ^ (x26 + 0.21800653527141028))) ^ Recip(x27))) ^ x20)) / (Abs(x24) ^ ((Abs((Abs(x8) ^ (Abs(x3) ^ (x10 * (x30 + x6))))) ^ Recip((x0 + (Abs(x20) ^ x0)))) + (x30 / x15))))))),1.179068921519472;2.0393607353382253;0.21800653527141028,60,1.2974632552633767e-2,1.2974632552633767e-2,0.133944577229482,0.948101469789465,0.948101469789465,-5.967796907477388,1.2974632552633767e-2,1.2974632552633767e-2,0.133944577229482,138.40160665337532,138.40160665337532,138.52257659805215
