id,Expression,theta,size,MSE_train,MSE_val,MSE_test,R2_train,R2_val,R2_test,nll_train,nll_val,nll_test,mdl_train,mdl_val,mdl_test
0,(Abs(((x24 + x23) * (x24 + x23))) ^ ((Abs((x21 / x24)) ^ Recip((x8 / (((Abs((x21 / x23)) ^ -98.40235028515797) * (x24 + x27)) / x4)))) + Recip((Abs(((x21 / x14) / (Recip((36.01017885586619 + (x21 + x8))) + (Abs((x24 * -2.6440366654426097)) ^ x24)))) ^ -34.11953643821968)))),-98.40235028515797;36.01017885586619;-2.6440366654426097;-34.11953643821968,51,8.410936424473548e-5,8.410936424473548e-5,Infinity,0.999663562543021,0.999663562543021,-Infinity,8.410936424473548e-5,8.410936424473548e-5,Infinity,117.98775455259492,117.98775455259492,Infinity
