id,Expression,theta,size,MSE_train,MSE_val,MSE_test,R2_train,R2_val,R2_test,nll_train,nll_val,nll_test,mdl_train,mdl_val,mdl_test
0,((Abs(x23) ^ (Abs((Abs((x11 - Recip(Recip((x30 + (x15 * 1.9391698166061513)))))) ^ (Recip(((x1 + (x8 * x22)) + x5)) / (x23 + (Abs(x16) ^ x29))))) ^ ((Abs(x17) ^ -4.834652235426551) * ((Abs(x14) ^ 4.335730185600341) - x0)))) * (Abs((Abs((Abs(x13) ^ x19)) ^ x19)) ^ ((x19 * 1.1125342446801955e-3) * x1))),1.9391698166061513;-4.834652235426551;4.335730185600341;1.1125342446801955e-3,57,3.0290323320923373e-9,3.0290323320923373e-9,Infinity,0.9999999878838707,0.9999999878838707,-Infinity,3.0290323320923373e-9,3.0290323320923373e-9,Infinity,148.37003776422821,148.37003776422821,Infinity
