id,Expression,theta,size,MSE_train,MSE_val,MSE_test,R2_train,R2_val,R2_test,nll_train,nll_val,nll_test,mdl_train,mdl_val,mdl_test
0,(Abs((x21 / ((x1 + 0.9493043718802042) / ((x23 * x21) * (x21 + x12))))) ^ (Abs(-7.387549204413334e-3) ^ ((x21 / (Abs((x7 + -0.16259955916390967)) ^ ((x21 / x2) * x11))) * x11))),0.9493043718802042;-7.387549204413334e-3;-0.16259955916390967,32,3.5791615799883505e-2,3.5791615799883505e-2,9.051736342685521e-2,0.856833536800466,0.856833536800466,-3.7087132454648275,3.5791615799883505e-2,3.5791615799883505e-2,9.051736342685521e-2,72.09808445965189,72.09808445965189,72.15281020727886
