id,Expression,theta,size,MSE_train,MSE_val,MSE_test,R2_train,R2_val,R2_test,nll_train,nll_val,nll_test,mdl_train,mdl_val,mdl_test
0,(Abs(x23) ^ (Abs(((Abs(x5) ^ -50.687793436025714) * ((Abs(x7) ^ ((Abs(((Abs(x9) ^ -20.404399865044674) * (Abs(x5) ^ ((Abs((3.0468303768870695 * (6.310157679246365 * (Abs(x9) ^ -3.6930371399825503)))) ^ x9) + 18.52431993713393)))) ^ x27) * 21.027389031299535)) * x12))) ^ (x27 * (Abs(-15.610429049682496) ^ (x10 + x6))))),-50.687793436025714;-20.404399865044674;3.0468303768870695;6.310157679246365;-3.6930371399825503;18.52431993713393;21.027389031299535;-15.610429049682496,49,2.987706465894938e-7,2.987706465894938e-7,Infinity,0.9999988049174137,0.9999988049174137,-Infinity,2.987706465894938e-7,2.987706465894938e-7,Infinity,96.91135964050265,96.91135964050265,Infinity
