id,Expression,theta,size,MSE_train,MSE_val,MSE_test,R2_train,R2_val,R2_test,nll_train,nll_val,nll_test,mdl_train,mdl_val,mdl_test
0,(Abs((((x13 + x0) / (((Abs(Recip(x3)) ^ ((x11 + (Abs((Abs(x11) ^ Recip((Abs(1773.3410412885073) ^ x26)))) ^ (Abs((((x15 + x16) / (x24 + -737.7876856697812)) * -88.55827104626545)) ^ x18))) / x3)) + 465.46306931933975) + (x25 + x30))) * 1546.4960143639946)) ^ x28),1773.3410412885073;-737.7876856697812;-88.55827104626545;465.46306931933975;1546.4960143639946,45,2.6449218400080517e-2,2.6449218400080517e-2,0.10396193313708905,0.8942031263996779,0.8942031263996779,-4.408099761791166,2.6449218400080517e-2,2.6449218400080517e-2,0.10396193313708905,112.75094777635049,112.75094777635049,112.8284604910875
