id,Expression,theta,size,MSE_train,MSE_val,MSE_test,R2_train,R2_val,R2_test,nll_train,nll_val,nll_test,mdl_train,mdl_val,mdl_test
0,(Recip((Abs((x11 / (x18 * 1.8588304980000664e-5))) ^ (Abs((Abs((-29.64706486935981 * (((x8 * x19) - x29) - Recip(x1)))) ^ (x29 - x3))) ^ (-23.301816601044603 * (x0 - (x21 - x0)))))) - ((x1 * x9) * x13)),1.8588304980000664e-5;-29.64706486935981;-23.301816601044603,38,1.962965591491579e-2,1.962965591491579e-2,4.7708815765012465e-2,0.9214813763403369,0.9214813763403369,-1.4818125960958533,1.962965591491579e-2,1.962965591491579e-2,4.7708815765012465e-2,99.18209669788247,99.18209669788247,99.21017585773257
