id,Expression,theta,size,MSE_train,MSE_val,MSE_test,R2_train,R2_val,R2_test,nll_train,nll_val,nll_test,mdl_train,mdl_val,mdl_test
0,Recip((Abs(x26) ^ (((((Abs(((Abs(-49.47976045712632) ^ (Abs((x21 * 16.901698147393883)) ^ (x6 * 66.61171601462347))) + (x3 + ((x19 / (x22 * x12)) * x21)))) ^ x10) + (x27 / x25)) - ((x19 / x25) * -297.83025010440997)) * x3) * (x3 / (x22 - (x25 / x30)))))),-49.47976045712632;16.901698147393883;66.61171601462347;-297.83025010440997,48,2.5459575796871664e-2,2.5459575796871664e-2,Infinity,0.8981616968125133,0.8981616968125133,-Infinity,2.5459575796871664e-2,2.5459575796871664e-2,Infinity,127.20181692322811,127.20181692322811,Infinity
