id,Expression,theta,size,MSE_train,MSE_val,MSE_test,R2_train,R2_val,R2_test,nll_train,nll_val,nll_test,mdl_train,mdl_val,mdl_test
0,Recip((Abs((Recip(((x17 / (Abs((-1.9645465613198705 * x15)) ^ 1.4829125485412815)) / (Abs(Recip((x9 - x25))) ^ (1.2020452462388456 + (Abs(((((x26 + 0.6612458907427866) + (Recip(x27) + (x17 * x27))) * x15) + x26)) ^ 9.40668591784231))))) + (x14 * (Abs(x16) ^ 0.4631929811395047)))) ^ (x15 / ((x18 / x9) / (Abs(x26) ^ -1.3956197442401255))))),-1.9645465613198705;1.4829125485412815;1.2020452462388456;0.6612458907427866;9.40668591784231;0.4631929811395047;-1.3956197442401255,55,2.0104490022194377e-2,2.0104490022194377e-2,2.7295638010146107e-2,0.9195820399112224,0.9195820399112224,-0.41991908928774624,2.0104490022194377e-2,2.0104490022194377e-2,2.7295638010146107e-2,135.87695187977147,135.87695187977147,135.88414302775942
