id,Expression,theta,size,MSE_train,MSE_val,MSE_test,R2_train,R2_val,R2_test,nll_train,nll_val,nll_test,mdl_train,mdl_val,mdl_test
0,(Abs(x21) ^ ((Abs(x28) ^ -6.714855286351578) * (Abs((((Recip((Abs(((x7 * x28) - x10)) ^ x20)) + (x27 / x0)) * x21) * ((Abs((0.7878687110060307 * x28)) ^ x28) + 2.9715096434988224))) ^ (((Abs((Abs(x1) ^ x28)) ^ -5.513060486009749) * (Abs((x21 - x10)) ^ 1.169084874756982)) + (Abs(x28) ^ x27))))),-6.714855286351578;0.7878687110060307;2.9715096434988224;-5.513060486009749;1.169084874756982,53,1.2109672102527195e-6,1.2109672102527195e-6,2.9943719305031577e-2,0.999995156131159,0.999995156131159,-0.5576722782476831,1.2109672102527195e-6,1.2109672102527195e-6,2.9943719305031577e-2,119.15421005946446,119.15421005946446,119.18415256780229
