id,Expression,theta,size,MSE_train,MSE_val,MSE_test,R2_train,R2_val,R2_test,nll_train,nll_val,nll_test,mdl_train,mdl_val,mdl_test
0,(Abs(x5) ^ (Abs(((((x28 * x1) * (((x16 + x4) + x28) + (Abs(x14) ^ (((x16 + -0.5830882208617486) * x27) * 0.25339972660451004)))) * x27) * Recip((x26 * (Abs(Recip((Abs(x5) ^ (Abs((((x16 / x0) + x26) - x8)) ^ x26)))) ^ ((x4 * -8.158802520628358) + (x9 + x20))))))) ^ 8.188463083440805)),-0.5830882208617486;0.25339972660451004;-8.158802520628358;8.188463083440805,55,1.9285806984520936e-2,1.9285806984520936e-2,0.16244500073657173,0.9228567720619163,0.9228567720619163,-7.450388938316138,1.9285806984520936e-2,1.9285806984520936e-2,0.16244500073657173,144.2967957861401,144.2967957861401,144.43995497989215
