id,Expression,theta,size,MSE_train,MSE_val,MSE_test,R2_train,R2_val,R2_test,nll_train,nll_val,nll_test,mdl_train,mdl_val,mdl_test
0,((((((x24 * (((x18 * Recip(x28)) * ((Abs((Abs(x2) ^ x19)) ^ x10) + 407.57280397478416)) + (Abs(x11) ^ x19))) - ((x6 * (-918.3896317877925 + x29)) + (((x3 - x27) * (x25 * (x1 * x18))) + x6))) - (x18 * 839.5060554230907)) * x27) + x27) * x21),407.57280397478416;-918.3896317877925;839.5060554230907,49,7.148964467494597e-2,7.148964467494597e-2,0.21010986327550507,0.7140414213002162,0.7140414213002162,-9.929915087591356,7.148964467494597e-2,7.148964467494597e-2,0.21010986327550507,137.87517422815853,137.87517422815853,138.01379444675908
