id,Expression,theta,size,MSE_train,MSE_val,MSE_test,R2_train,R2_val,R2_test,nll_train,nll_val,nll_test,mdl_train,mdl_val,mdl_test
0,(Abs(Recip((Abs(Recip((x4 - x20))) ^ x21))) ^ (((Abs(((x0 + x1) / x17)) ^ -4.986151483741497) * (x17 + (Abs((Abs((x6 / ((x0 / x21) + ((Abs((x22 - x18)) ^ x3) + x17)))) ^ -52.40897540643701)) ^ x0))) * x0)),-4.986151483741497;-52.40897540643701,43,1.3339302225847312e-2,1.3339302225847312e-2,9.088284443706704e145,0.9466427910966108,0.9466427910966108,-4.7277255676160474e147,1.3339302225847312e-2,1.3339302225847312e-2,9.088284443706704e145,104.84223303230584,104.84223303230584,9.088284443706704e145
