id,Expression,theta,size,MSE_train,MSE_val,MSE_test,R2_train,R2_val,R2_test,nll_train,nll_val,nll_test,mdl_train,mdl_val,mdl_test
0,((x6 * (x24 * 863.7666943966096)) / (Recip(x30) + (Abs(((Abs(x17) ^ ((Abs((Abs(((Recip((x24 + x14)) * x4) + x2)) ^ x6)) ^ x2) - x12)) * -81.34974655255769)) ^ (Abs(((Abs(x21) ^ ((Abs((Abs(x1) ^ -0.16427524704036317)) ^ -1.9347827739467187) + x17)) / (Recip((x24 + x14)) * x4))) ^ (x15 * -11.43892659982235))))),863.7666943966096;-81.34974655255769;-0.16427524704036317;-1.9347827739467187;-11.43892659982235,56,4.307043913243065e-2,4.307043913243065e-2,0.10556572742210557,0.8277182434702774,0.8277182434702774,-4.491529140497722,4.307043913243065e-2,4.307043913243065e-2,0.10556572742210557,138.78091481814832,138.78091481814832,138.843410106438
