id,Expression,theta,size,MSE_train,MSE_val,MSE_test,R2_train,R2_val,R2_test,nll_train,nll_val,nll_test,mdl_train,mdl_val,mdl_test
0,(Abs(Recip(((x18 + ((Abs((Abs(x10) ^ x6)) ^ (x18 - (805.5017998185757 * x15))) + (Abs(((x18 / x15) + x20)) ^ (((x18 - (x18 - ((x19 - x14) * -3916.771069525512))) - (x21 - Recip(x18))) - (((x26 * 7622.229885536795) / x15) + x20))))) / (Abs((Abs(x16) ^ x6)) ^ x14)))) ^ x7),805.5017998185757;-3916.771069525512;7622.229885536795,55,8.494998702938375e-2,8.494998702938375e-2,0.13215487393347505,0.660200051882465,0.660200051882465,-5.87469654201911,8.494998702938375e-2,8.494998702938375e-2,0.13215487393347505,141.71316612394145,141.71316612394145,141.76037101084555
