id,Expression,theta,size,MSE_train,MSE_val,MSE_test,R2_train,R2_val,R2_test,nll_train,nll_val,nll_test,mdl_train,mdl_val,mdl_test
0,(Abs(x30) ^ ((Abs((Abs((Abs(x26) ^ (Abs(x25) ^ (x12 + x29)))) ^ (-83.12542913603458 * x23))) ^ ((x26 * 12.182854848619211) * (Abs((Abs(Recip(((Abs((Abs(x26) ^ (x22 + x27))) ^ (Abs(x3) ^ -1.3185802897712264)) + ((Abs(x26) ^ 3.1478592840295923) + x25)))) ^ (-3.671856004829435 * x23))) ^ -7.408578440696017))) * (Abs(x30) ^ -6.337593988394851))),-83.12542913603458;12.182854848619211;-1.3185802897712264;3.1478592840295923;-3.671856004829435;-7.408578440696017;-6.337593988394851,56,0.0,0.0,4.277431141688512e-2,1.0,1.0,-1.2251196799062791,0.0,0.0,4.277431141688512e-2,116.11852250307138,116.11852250307138,116.16129681448827
