id,Expression,theta,size,MSE_train,MSE_val,MSE_test,R2_train,R2_val,R2_test,nll_train,nll_val,nll_test,mdl_train,mdl_val,mdl_test
0,(Abs((Abs((x3 * x4)) ^ ((Abs(x3) ^ (x15 * (x22 + 21.892176595931396))) * x3))) ^ (Abs((Abs((Abs((x15 - x3)) ^ x3)) ^ ((x6 - (x25 + 33.06094351311265)) + ((Abs((Abs((Abs((0.5382920131751119 / x25)) ^ x3)) ^ 3.9554726873076453)) ^ ((x3 - (x4 * x5)) + (x3 + 3.139287532809454))) * (x1 + -31.598256321773857))))) ^ x10)),21.892176595931396;33.06094351311265;0.5382920131751119;3.9554726873076453;3.139287532809454;-31.598256321773857,58,3.373113791230944e-2,3.373113791230944e-2,6.0557720042890215e-2,0.8650754483507622,0.8650754483507622,-2.150212596631029,3.373113791230944e-2,3.373113791230944e-2,6.0557720042890215e-2,132.7281909919206,132.7281909919206,132.75501757405118
