id,Expression,theta,size,MSE_train,MSE_val,MSE_test,R2_train,R2_val,R2_test,nll_train,nll_val,nll_test,mdl_train,mdl_val,mdl_test
0,(Abs((Abs(x17) ^ x11)) ^ (Abs((Abs((((Abs(((Abs(x6) ^ -0.8868989775899324) * x27)) ^ x26) + (Abs(x11) ^ 4.7566575412670536e-2)) - (Abs((Abs(Recip(((Abs(x17) ^ x15) + (Abs((5.215154479580188e-2 - x5)) ^ (Abs(x4) ^ -0.14491808491986619))))) ^ (Abs(x21) ^ x4))) ^ (Abs(x17) ^ x3)))) ^ ((x10 - x4) + (Abs((-0.8179906550494744 * x6)) ^ -1.3742843507497344)))) ^ -1.4478155939110677)),-0.8868989775899324;4.7566575412670536e-2;5.215154479580188e-2;-0.14491808491986619;-0.8179906550494744;-1.3742843507497344;-1.4478155939110677,63,1.3715424103684785e-2,1.3715424103684785e-2,Infinity,0.9451383035852609,0.9451383035852609,-Infinity,1.3715424103684785e-2,1.3715424103684785e-2,Infinity,136.00795593880207,136.00795593880207,Infinity
