id,Expression,theta,size,MSE_train,MSE_val,MSE_test,R2_train,R2_val,R2_test,nll_train,nll_val,nll_test,mdl_train,mdl_val,mdl_test
0,(Abs((x12 + x27)) ^ (Abs((((Abs(x17) ^ x11) + x30) / x11)) ^ (Abs(((Abs(x11) ^ (Abs(0.732629322186743) ^ (Abs(((Abs((x9 * 0.362428557997849)) ^ -15.007988503281847) + x25)) ^ x12))) + Recip((((((x15 - (x3 * 119.8039428161707)) / Recip(x6)) - x19) * x5) / (x27 - (x25 * x20)))))) ^ 3.7010726480769742))),0.732629322186743;0.362428557997849;-15.007988503281847;119.8039428161707;3.7010726480769742,55,2.5753653273637676e-2,2.5753653273637676e-2,8.631209770316867e-2,0.8969853869054493,0.8969853869054493,-3.4899553225186626,2.5753653273637676e-2,2.5753653273637676e-2,8.631209770316867e-2,140.82517051031118,140.82517051031118,140.88572895474073
