id,Expression,theta,size,MSE_train,MSE_val,MSE_test,R2_train,R2_val,R2_test,nll_train,nll_val,nll_test,mdl_train,mdl_val,mdl_test
0,(x19 + (x27 * (-6.679544873825083 + (((x6 * 62.110564837829884) * (Abs(((Abs(x22) ^ (x27 * ((Abs(Recip((x23 / (x28 - (x6 * -9.125888213282526))))) ^ x0) + (x21 + -2.3179523787541636)))) + x27)) ^ (x24 * (((x6 * 0.19717887829838313) * -2.6918086720345166e-2) + 11.469944327117439)))) + x13)))),-6.679544873825083;62.110564837829884;-9.125888213282526;-2.3179523787541636;0.19717887829838313;-2.6918086720345166e-2;11.469944327117439,45,7.176446754895607e-2,7.176446754895607e-2,0.19834071789535376,0.7129421298041757,0.7129421298041757,-9.317684144915908,7.176446754895607e-2,7.176446754895607e-2,0.19834071789535376,119.06672491791004,119.06672491791004,119.19330116825643
