id,Expression,theta,size,MSE_train,MSE_val,MSE_test,R2_train,R2_val,R2_test,nll_train,nll_val,nll_test,mdl_train,mdl_val,mdl_test
0,Recip(((Abs((x3 + 0.9189327350300096)) ^ x20) + (Abs(((5.652740591896017 * x30) - x28)) ^ (((x21 * (((-93.338804124675 + x0) + (-93.02051330003779 + (((x20 * x11) * -0.8931118696499684) * x28))) + (-93.7123023467633 + (-13.27910433033183 * x22)))) + x20) + (((x28 * 39.774482588109535) + (-94.05265925295873 * x21)) + (x28 * 38.687788851087774)))))),0.9189327350300096;5.652740591896017;-93.338804124675;-93.02051330003779;-0.8931118696499684;-93.7123023467633;-13.27910433033183;39.774482588109535;-94.05265925295873;38.687788851087774,50,1.7335878892246063e-6,1.7335878892246063e-6,6.938729366145446e-2,0.9999930656484431,0.9999930656484431,-2.609527016268723,1.7335878892246063e-6,1.7335878892246063e-6,6.938729366145446e-2,126.67475355512029,126.67475355512029,126.74413911519385
