id,Expression,theta,size,MSE_train,MSE_val,MSE_test,R2_train,R2_val,R2_test,nll_train,nll_val,nll_test,mdl_train,mdl_val,mdl_test
0,(Abs((x8 / (Recip(x17) / (x12 + x17)))) ^ (Abs(x25) ^ ((Abs((Abs(x8) ^ x3)) ^ 5.239243623789977) / (Abs((x9 * 3.6216919779551384)) ^ (((Abs((Abs((Abs(x8) ^ (Abs(x25) ^ (((x17 * x20) * 17.965562413488065) / x12)))) ^ (-4.133649366122042 * x28))) ^ -4.398204501831544) / (Abs((Abs(x8) ^ x4)) ^ x7)) + x12))))),5.239243623789977;3.6216919779551384;17.965562413488065;-4.133649366122042;-4.398204501831544,57,7.752821542482768e-2,7.752821542482768e-2,0.16288050273264412,0.6898871383006893,0.6898871383006893,-7.473043752151824,7.752821542482768e-2,7.752821542482768e-2,0.16288050273264412,127.61660943845477,127.61660943845477,127.70196172576259
