id,Expression,theta,size,MSE_train,MSE_val,MSE_test,R2_train,R2_val,R2_test,nll_train,nll_val,nll_test,mdl_train,mdl_val,mdl_test
0,(Abs((x15 * x12)) ^ (Abs(x26) ^ (((((x12 * (x12 * -4.000339840444719)) - ((55.40513030662558 * x12) - (x15 * -5.653483347199918))) + (x12 * -56.533888762022066)) + x15) + ((x3 / x2) - ((x15 + ((x6 * 38.934724559402866) * x15)) * (((Abs(x4) ^ ((x12 * 23.909623614289956) * x23)) + x15) * -16.31683597030748)))))),-4.000339840444719;55.40513030662558;-5.653483347199918;-56.533888762022066;38.934724559402866;23.909623614289956;-16.31683597030748,52,3.0904588248344796e-2,3.0904588248344796e-2,0.1596535579288246,0.8763816470066208,0.8763816470066208,-7.30517808345714,3.0904588248344796e-2,3.0904588248344796e-2,0.1596535579288246,129.344713739396,129.344713739396,129.4734627090765
