id,Expression,theta,size,MSE_train,MSE_val,MSE_test,R2_train,R2_val,R2_test,nll_train,nll_val,nll_test,mdl_train,mdl_val,mdl_test
0,((((((3.279158970458539 * x18) * ((x0 - ((x0 * -0.6941202346974396) * 0.3315214023328667)) + ((x9 + -0.5265965910154105) + (x13 * (x24 / x0))))) + ((x0 * 2.7691464074933583) + (((x21 - x0) - (-1.896757497308782 * x27)) + x9))) + -0.9042308419045806) - (x6 * -1.541417252398587)) + ((0.8883913003144354 * x21) - (x0 * -2.7271130773390815))),3.279158970458539;-0.6941202346974396;0.3315214023328667;-0.5265965910154105;2.7691464074933583;-1.896757497308782;-0.9042308419045806;-1.541417252398587;0.8883913003144354;-2.7271130773390815,49,3.1355022608942414e-2,3.1355022608942414e-2,8.936677270736391e-2,0.8745799095642304,0.8745799095642304,-3.648859516236893,3.1355022608942414e-2,3.1355022608942414e-2,8.936677270736391e-2,125.71387353822425,125.71387353822425,125.77188528832266
