id,Expression,theta,size,MSE_train,MSE_val,MSE_test,R2_train,R2_val,R2_test,nll_train,nll_val,nll_test,mdl_train,mdl_val,mdl_test
0,((Abs(((Abs((Abs(x21) ^ x17)) ^ x22) * 0.9972214983105693)) ^ (Abs((Abs((Recip((Abs(x11) ^ 4.337790360727936)) + x12)) ^ (Abs(x6) ^ ((x15 - x5) / x7)))) ^ (3.2371354261581136 + (Abs(1.3878042474002388) ^ ((Abs((Recip((Abs(-0.5874305348645583) ^ x19)) + (x9 * x15))) ^ (Abs((Recip(((Abs(x19) ^ x10) - x17)) + x30)) ^ x0)) * x17))))) + 8.538166367270134e-3),0.9972214983105693;4.337790360727936;3.2371354261581136;1.3878042474002388;-0.5874305348645583;8.538166367270134e-3,62,2.4706016313183345e-2,2.4706016313183345e-2,Infinity,0.9011759347472666,0.9011759347472666,-Infinity,2.4706016313183345e-2,2.4706016313183345e-2,Infinity,152.25082790248433,152.25082790248433,Infinity
