id,Expression,theta,size,MSE_train,MSE_val,MSE_test,R2_train,R2_val,R2_test,nll_train,nll_val,nll_test,mdl_train,mdl_val,mdl_test
0,(Abs((x30 * x29)) ^ Recip((Abs(-1.054850627091563e-2) ^ (6.437396016982264 - (Abs(((((Abs(x3) ^ ((Abs(Recip(x0)) ^ x11) / (Abs(1.2758486378398575) ^ (Abs((x11 + 4.580121357500526e-2)) ^ x11)))) + (-0.619391054845476 * x12)) * (Abs(Recip((Abs(x4) ^ Recip(x30)))) ^ (Abs(x12) ^ x29))) + -0.5795509895320101)) ^ x0))))),-1.054850627091563e-2;6.437396016982264;1.2758486378398575;4.580121357500526e-2;-0.619391054845476;-0.5795509895320101,51,5.2140681032810473e-5,5.2140681032810473e-5,6.958900989649633e-2,0.9997914372758687,0.9997914372758687,-2.6200202948156006,5.2140681032810473e-5,5.2140681032810473e-5,6.958900989649633e-2,108.20140265490663,108.20140265490663,108.27093952412208
