id,Expression,theta,size,MSE_train,MSE_val,MSE_test,R2_train,R2_val,R2_test,nll_train,nll_val,nll_test,mdl_train,mdl_val,mdl_test
0,(((Abs(x19) ^ (Recip(x22) / (Abs((((Abs((Abs((((Abs(x2) ^ x29) + x24) * x15)) ^ ((x20 + x14) * x23))) ^ (x19 + -3.5785039082847)) * x20) + (x20 + x22))) ^ 29.60995820546979))) + (((((Abs(x20) ^ x20) * -1.136502650700887) + x19) + x15) * x3)) + 3.326656547685191e-2),-3.5785039082847;29.60995820546979;-1.136502650700887;3.326656547685191e-2,50,1.5012463796725344e-3,1.5012463796725344e-3,6.566712354897765e-2,0.9939950144813099,0.9939950144813099,-2.416003767017687,1.5012463796725344e-3,1.5012463796725344e-3,6.566712354897765e-2,121.99540502493005,121.99540502493005,122.05957090209935
