id,Expression,theta,size,MSE_train,MSE_val,MSE_test,R2_train,R2_val,R2_test,nll_train,nll_val,nll_test,mdl_train,mdl_val,mdl_test
0,(Abs(x23) ^ (x0 / (Abs(((Abs(x29) ^ ((((Abs((Abs(x27) ^ x9)) ^ Recip(x24)) + x21) * -5.587132447652497) + (x29 * (Abs((((Abs(x3) ^ (x21 + x25)) * (x11 + (x29 * x10))) * -5.645857528423293)) ^ ((Abs(x10) ^ -1.811089103998044) + (x5 * x16)))))) - x0)) ^ -14.81529334558098))),-5.587132447652497;-5.645857528423293;-1.811089103998044;-14.81529334558098,52,1.3864261526931599e-5,1.3864261526931599e-5,Infinity,0.9999445429538922,0.9999445429538922,-Infinity,1.3864261526931599e-5,1.3864261526931599e-5,Infinity,131.81223390063712,131.81223390063712,Infinity
