id,Expression,theta,size,MSE_train,MSE_val,MSE_test,R2_train,R2_val,R2_test,nll_train,nll_val,nll_test,mdl_train,mdl_val,mdl_test
0,(Abs(x23) ^ (Abs((x20 * (Abs((x28 * x5)) ^ (-1.625166321579618 - (((x18 * x5) - (x21 * x5)) - ((Abs(x6) ^ x10) - (x24 - x28))))))) ^ (Abs((Abs(x9) ^ ((Abs(x23) ^ (Abs(x0) ^ (x17 + (x26 / x0)))) + -0.9015952648579126))) ^ -13.152562781644743))),-1.625166321579618;-0.9015952648579126;-13.152562781644743,49,1.3082137093369769e-3,1.3082137093369769e-3,Infinity,0.9947671451626521,0.9947671451626521,-Infinity,1.3082137093369769e-3,1.3082137093369769e-3,Infinity,120.72330635953338,120.72330635953338,Infinity
