id,Expression,theta,size,MSE_train,MSE_val,MSE_test,R2_train,R2_val,R2_test,nll_train,nll_val,nll_test,mdl_train,mdl_val,mdl_test
0,(Abs(x30) ^ (Abs(Recip(x23)) ^ (Recip(((Recip(x19) + ((x30 + 0.5612918288019582) * 0.604628555314502)) * (x21 + x9))) - (Abs(((0.3691232511346763 / ((-1.0806141097158395 * x20) + x21)) - ((x9 + ((Abs(0.6235516385106783) ^ x14) * 0.47248251886882664)) / x22))) ^ -0.7871680134806724)))),0.5612918288019582;0.604628555314502;0.3691232511346763;-1.0806141097158395;0.6235516385106783;0.47248251886882664;-0.7871680134806724,42,3.589214967377315e-2,3.589214967377315e-2,0.15785687728762615,0.8564314013049075,0.8564314013049075,-7.2117147565019994,3.589214967377315e-2,3.589214967377315e-2,0.15785687728762615,102.94179979155776,102.94179979155776,103.06376451917161
