id,Expression,theta,size,MSE_train,MSE_val,MSE_test,R2_train,R2_val,R2_test,nll_train,nll_val,nll_test,mdl_train,mdl_val,mdl_test
0,(Abs(x3) ^ (Recip(((Abs((Abs(Recip((Abs(Recip(x30)) ^ (x24 * x6)))) ^ ((x22 * x3) - (x3 / (x4 / x18))))) ^ -11.224209467471919) * (Abs((((Abs(x13) ^ (((Recip(x12) - x1) * x14) + 437.40818675546143)) * (Abs(x29) ^ 680.0531890142029)) + (Abs(x13) ^ 965.935356700656))) ^ (x11 * x13)))) * x13)),-11.224209467471919;437.40818675546143;680.0531890142029;965.935356700656,55,0.0,0.0,4.389666974082274e-2,1.0,1.0,-1.2835047599175118,0.0,0.0,4.389666974082274e-2,140.79941685703756,140.79941685703756,140.8433135267784
