id,Expression,theta,size,MSE_train,MSE_val,MSE_test,R2_train,R2_val,R2_test,nll_train,nll_val,nll_test,mdl_train,mdl_val,mdl_test
0,(Abs(((x26 / Recip(x4)) / (x20 / (x1 - x3)))) ^ ((Abs(x6) ^ (((x9 + x12) * ((24.722800747480203 * (46.53871655791798 * x2)) - (Abs(35.48673168337896) ^ Recip((Recip(x11) / (x9 + x1)))))) * (x18 + (Abs(x18) ^ (Abs(22.92531762960066) ^ x11))))) * (Abs(x28) ^ (-25.07367457130559 - (x16 * x18))))),24.722800747480203;46.53871655791798;35.48673168337896;22.92531762960066;-25.07367457130559,54,7.5995973906831356e-6,7.5995973906831356e-6,Infinity,0.9999696016104372,0.9999696016104372,-Infinity,7.5995973906831356e-6,7.5995973906831356e-6,Infinity,143.79515673018895,143.79515673018895,Infinity
