id,Expression,theta,size,MSE_train,MSE_val,MSE_test,R2_train,R2_val,R2_test,nll_train,nll_val,nll_test,mdl_train,mdl_val,mdl_test
0,((((((x17 * x17) - (Abs(x16) ^ (((Abs((Abs(x19) ^ (x8 * x17))) ^ (x5 - x9)) + 30.591190447341155) * x17))) - (((Abs((((x12 + x4) + (74.28623096678112 * x5)) + x4)) ^ ((Abs(x16) ^ x16) + x12)) + (x19 + -13.635574016956559)) - (x21 * -64.43265355235627))) * x12) / x4) * x9),30.591190447341155;74.28623096678112;-13.635574016956559;-64.43265355235627,54,4.8753214687525824e-2,4.8753214687525824e-2,3.099309091531301e25,0.8049871412498967,0.8049871412498967,-1.6122605894145212e27,4.8753214687525824e-2,4.8753214687525824e-2,3.099309091531301e25,132.74321306869584,132.74321306869584,3.099309091531301e25
