id,Expression,theta,size,MSE_train,MSE_val,MSE_test,R2_train,R2_val,R2_test,nll_train,nll_val,nll_test,mdl_train,mdl_val,mdl_test
0,(Abs(x30) ^ (Abs((Recip(((x0 * ((x18 + (x0 * -121.02515770657834)) + -243.36244141618343)) / (Abs(x3) ^ (((Abs(x0) ^ x0) + 242.02524422956992) * (-50.1377822044593 + (x0 * 385.8357132015861)))))) * (x30 / (Abs((x30 * x0)) ^ (184.2774764100613 + (x0 * -366.17936613190255)))))) ^ x0)),-121.02515770657834;-243.36244141618343;242.02524422956992;-50.1377822044593;385.8357132015861;184.2774764100613;-366.17936613190255,45,0.0,0.0,NaN,1.0,1.0,NaN,0.0,0.0,NaN,92.10340371976184,92.10340371976184,NaN
