id,Expression,theta,size,MSE_train,MSE_val,MSE_test,R2_train,R2_val,R2_test,nll_train,nll_val,nll_test,mdl_train,mdl_val,mdl_test
0,(Abs(x15) ^ (Abs((Abs((x11 - x21)) ^ (x10 + -29.072416053999117))) ^ ((x3 / (Abs((((x21 / (Abs(x5) ^ x0)) / (x15 * x4)) * ((-0.6553676569927623 - (x4 + x21)) * -0.33504477584823716))) ^ -1.3726867479607383)) - (((((x15 + x15) / x9) - (Abs(x11) ^ x0)) * x11) * x11)))),-29.072416053999117;-0.6553676569927623;-0.33504477584823716;-1.3726867479607383,51,1.9597760804701134e-2,1.9597760804701134e-2,3.8518813917319525e-2,0.9216089567811955,0.9216089567811955,-1.0037486999788854,1.9597760804701134e-2,1.9597760804701134e-2,3.8518813917319525e-2,121.88185681040416,121.88185681040416,121.90077786351678
