id,Expression,theta,size,MSE_train,MSE_val,MSE_test,R2_train,R2_val,R2_test,nll_train,nll_val,nll_test,mdl_train,mdl_val,mdl_test
0,(Abs(((Abs(x9) ^ ((x0 * ((x23 * x25) - (x26 + x5))) * (-808.8613554642952 - ((Abs((x21 - (x17 * x26))) ^ (((x23 * x22) - (x26 + x5)) * (92.0835627723239 - ((Recip(Recip(((x16 / x7) * x12))) * x30) * x17)))) + x18)))) * x26)) ^ (x17 + x26)),-808.8613554642952;92.0835627723239,52,4.9126322555421285e-2,4.9126322555421285e-2,Infinity,0.8034947097783148,0.8034947097783148,-Infinity,4.9126322555421285e-2,4.9126322555421285e-2,Infinity,149.23072577100316,149.23072577100316,Infinity
