id,Expression,theta,size,MSE_train,MSE_val,MSE_test,R2_train,R2_val,R2_test,nll_train,nll_val,nll_test,mdl_train,mdl_val,mdl_test
0,Recip((Abs((Abs((((x27 * Recip((x0 * x18))) - (x20 + 0.6129503444111498)) / ((x6 * -1.6729430382286774) * ((x1 + (x6 / x15)) - ((x26 - x24) * x18))))) ^ Recip((Abs((((x6 * x30) / x15) - x15)) ^ 1.904261905726444)))) ^ Recip((Abs(((x0 / x15) - x15)) ^ -10.891656818288897)))),0.6129503444111498;-1.6729430382286774;1.904261905726444;-10.891656818288897,51,2.8403050632464507e-2,2.8403050632464507e-2,5.571488701184498e-2,0.886387797470142,0.886387797470142,-1.8982884223560652,2.8403050632464507e-2,2.8403050632464507e-2,5.571488701184498e-2,133.18943022127465,133.18943022127465,133.21674205765402
