id,Expression,theta,size,MSE_train,MSE_val,MSE_test,R2_train,R2_val,R2_test,nll_train,nll_val,nll_test,mdl_train,mdl_val,mdl_test
0,((Abs(Recip(Recip((x15 * 6.065762089321388)))) ^ (((Abs(((x17 * x15) * x19)) ^ (Abs(x3) ^ x17)) - ((x15 * 43.65799308798242) + x28)) + ((Abs(((Abs(Recip(x15)) ^ x28) + x12)) ^ (4.33473517001833 + x19)) + (Abs(x4) ^ (x23 / x5))))) + x23),6.065762089321388;43.65799308798242;4.33473517001833,46,2.5887905332741608e-2,2.5887905332741608e-2,Infinity,0.8964483786690336,0.8964483786690336,-Infinity,2.5887905332741608e-2,2.5887905332741608e-2,Infinity,110.92943679492399,110.92943679492399,Infinity
