id,Expression,theta,size,MSE_train,MSE_val,MSE_test,R2_train,R2_val,R2_test,nll_train,nll_val,nll_test,mdl_train,mdl_val,mdl_test
0,(Abs((x19 + (((((x25 + x5) - x23) - x20) + x23) + ((x6 * 0.19101721822184253) / (Abs(x21) ^ 0.37864758214743455))))) ^ (Abs(((((Abs(x4) ^ -1.7472315093297657) / (x8 + -0.6236638833596146)) * ((-0.3873616324324094 * x9) / x11)) * (-0.25326979086527623 / Recip((x5 - (Abs(x27) ^ -0.49370707456038115)))))) ^ Recip(((Abs(x0) ^ 1.165617017554693) + x21)))),0.19101721822184253;0.37864758214743455;-1.7472315093297657;-0.6236638833596146;-0.3873616324324094;-0.25326979086527623;-0.49370707456038115;1.165617017554693,55,2.1020139858173238e-2,2.1020139858173238e-2,Infinity,0.915919440567307,0.915919440567307,-Infinity,2.1020139858173238e-2,2.1020139858173238e-2,Infinity,146.81190154400372,146.81190154400372,Infinity
