id,Expression,theta,size,MSE_train,MSE_val,MSE_test,R2_train,R2_val,R2_test,nll_train,nll_val,nll_test,mdl_train,mdl_val,mdl_test
0,(Abs(0.9954482877654307) ^ (Abs(x24) ^ (x16 * ((x27 * ((x24 * (-0.29244792061706837 - (Recip(x30) * ((-0.4465000888438625 * (x23 / Recip(x0))) - (-14.1142037456438 - ((x21 + x16) / x25)))))) * x15)) * 148.16132860011683)))),0.9954482877654307;-0.29244792061706837;-0.4465000888438625;-14.1142037456438;148.16132860011683,35,7.379487170316301e-2,7.379487170316301e-2,9.544699334899065e-2,0.704820513187348,0.704820513187348,-3.965152594014304,7.379487170316301e-2,7.379487170316301e-2,9.544699334899065e-2,91.56922270561593,91.56922270561593,91.59087482726176
