id,Expression,theta,size,MSE_train,MSE_val,MSE_test,R2_train,R2_val,R2_test,nll_train,nll_val,nll_test,mdl_train,mdl_val,mdl_test
0,((((Recip(x3) + ((-129.90571160444847 - x12) / x19)) + (((x3 * -43573.62777481974) * x21) + 2922.380576079214)) * (x3 * x21)) * (x3 * x21)),-129.90571160444847;-43573.62777481974;2922.380576079214,24,2.8272185266182016e-2,2.8272185266182016e-2,0.8731120408768532,0.8869112589352719,0.8869112589352719,-44.41928836641217,2.8272185266182016e-2,2.8272185266182016e-2,0.8731120408768532,55.290314417123284,55.290314417123284,56.135154272733956
