id,Expression,theta,size,MSE_train,MSE_val,MSE_test,R2_train,R2_val,R2_test,nll_train,nll_val,nll_test,mdl_train,mdl_val,mdl_test
0,(Abs((x10 + x22)) ^ ((Abs(x15) ^ -18.148564975497884) * (Abs(x12) ^ (Abs((((x21 + x3) * (7.172111772109678 + (((x3 - x12) * 1.5771322957767842) + x10))) + -1.0247407796725514)) ^ (x14 + (((x18 * ((x15 + (x21 / x28)) + Recip(Recip((x15 - x10))))) * x3) + (x10 + 8.386187153991418))))))),-18.148564975497884;7.172111772109678;1.5771322957767842;-1.0247407796725514;8.386187153991418,51,0.0,0.0,Infinity,1.0,1.0,-Infinity,0.0,0.0,Infinity,130.31166994526973,130.31166994526973,Infinity
