id,Expression,theta,size,MSE_train,MSE_val,MSE_test,R2_train,R2_val,R2_test,nll_train,nll_val,nll_test,mdl_train,mdl_val,mdl_test
0,(Abs((Abs(x25) ^ (Abs(((Recip((x1 / (Abs((Abs(x11) ^ (Abs((x1 / x11)) ^ 2.2748630349211703))) ^ (Abs((x10 * -1.2699724320550947)) ^ x22)))) * (Recip(x17) + -0.3195377386846859)) + x17)) ^ ((((Abs((x15 / x11)) ^ -1.899015927626973) - (x25 + x19)) * x3) + -2.515573324682586)))) ^ (Abs(x11) ^ ((Abs((x26 + x25)) ^ x19) + -4.773116739599109))),2.2748630349211703;-1.2699724320550947;-0.3195377386846859;-1.899015927626973;-2.515573324682586;-4.773116739599109,59,4.719670085387917e-2,4.719670085387917e-2,Infinity,0.8112131965844833,0.8112131965844833,-Infinity,4.719670085387917e-2,4.719670085387917e-2,Infinity,138.87465055960845,138.87465055960845,Infinity
