id,Expression,theta,size,MSE_train,MSE_val,MSE_test,R2_train,R2_val,R2_test,nll_train,nll_val,nll_test,mdl_train,mdl_val,mdl_test
0,Recip(((Abs(x2) ^ x30) + (Recip((Abs(Recip(((x26 / (Abs(0.2425231127734156) ^ ((x4 + x17) - (x16 / x5)))) + (((Abs(x21) ^ x1) - ((Recip(x25) / (x4 - Recip((Abs(x18) ^ x4)))) - x19)) - (((0.9018476585738043 + x17) + 0.9242277552990382) * x17))))) ^ 7.761974220886168)) - (x26 - x25)))),0.2425231127734156;0.9018476585738043;0.9242277552990382;7.761974220886168,53,7.28094092210805e-5,7.28094092210805e-5,9.121923885902026e-3,0.9997087623631157,0.9997087623631157,0.5254775194553947,7.28094092210805e-5,7.28094092210805e-5,9.121923885902026e-3,141.33314380939836,141.33314380939836,141.34219292387505
