id,Expression,theta,size,MSE_train,MSE_val,MSE_test,R2_train,R2_val,R2_test,nll_train,nll_val,nll_test,mdl_train,mdl_val,mdl_test
0,(Abs(((x5 * (x23 / x21)) * x6)) ^ ((Abs(((((((Abs(((x7 + 0.7579208389942692) + x30)) ^ x16) - x4) * x3) - x6) * 1.2276579733844057) * x13)) ^ -4.935029908311927) / (Abs(x15) ^ (x24 - (x5 * (Abs(Recip(x14)) ^ (x28 - ((x23 / x21) * (-3.6750663277468307 - x14))))))))),0.7579208389942692;1.2276579733844057;-4.935029908311927;-3.6750663277468307,51,1.0000961028904416e-2,1.0000961028904416e-2,0.11180358678598193,0.9599961558843824,0.9599961558843824,-4.816022584606557,1.0000961028904416e-2,1.0000961028904416e-2,0.11180358678598193,140.05803309630636,140.05803309630636,140.15983572206343
