id,Expression,theta,size,MSE_train,MSE_val,MSE_test,R2_train,R2_val,R2_test,nll_train,nll_val,nll_test,mdl_train,mdl_val,mdl_test
0,(((((x3 * 6.7208425998387575) + (-0.3899210692041831 + (((((3.5151145467634644 - (x9 / x24)) + (x25 * x4)) + x3) - (0.44459027516524036 / x21)) * x12))) * x3) / x4) + (x24 * (x1 + ((((0.21493244588383437 + x3) * (x4 - x30)) + x3) + ((x27 + x25) + x22))))),6.7208425998387575;-0.3899210692041831;3.5151145467634644;0.44459027516524036;0.21493244588383437,47,2.2921119550863317e-2,2.2921119550863317e-2,5.8253778472555084e-2,0.9083155217965467,0.9083155217965467,-2.0303615561421995,2.2921119550863317e-2,2.2921119550863317e-2,5.8253778472555084e-2,130.3345910648206,130.3345910648206,130.3699237237423
