id,Expression,theta,size,MSE_train,MSE_val,MSE_test,R2_train,R2_val,R2_test,nll_train,nll_val,nll_test,mdl_train,mdl_val,mdl_test
0,((x27 + -0.312351181073027) + ((x24 + (1.9218108978208546 / (x16 + (Abs(((x24 * x15) / (0.6632002697797245 + (x1 - Recip((Abs(x3) ^ x9)))))) ^ (2.949843411424625e-2 + ((Abs(x20) ^ (x15 * 0.502476145057382)) - (x18 * Recip(x1)))))))) / Recip(x24))),-0.312351181073027;1.9218108978208546;0.6632002697797245;2.949843411424625e-2;0.502476145057382,41,5.080904909793188e-2,5.080904909793188e-2,6.0720483146040935e-2,0.7967638036082725,0.7967638036082725,-2.1586795332569286,5.080904909793188e-2,5.080904909793188e-2,6.0720483146040935e-2,105.40918049420962,105.40918049420962,105.41909192825773
