id,Expression,theta,size,MSE_train,MSE_val,MSE_test,R2_train,R2_val,R2_test,nll_train,nll_val,nll_test,mdl_train,mdl_val,mdl_test
0,(Abs(((x0 * x23) * x6)) ^ (Abs(((x20 * ((x0 - ((x1 * x27) * (x27 * x0))) + (Abs(Recip(x21)) ^ (x11 - x16)))) / (Abs((x18 + (6.574773882645943 * x23))) ^ (Abs((Abs(x22) ^ -1.115616524484223)) ^ x27)))) ^ (Abs((x27 * 8.38547249095002)) ^ (Abs(x7) ^ (x18 * -17.402861687871194))))),6.574773882645943;-1.115616524484223;8.38547249095002;-17.402861687871194,54,2.8671219271574396e-2,2.8671219271574396e-2,0.11697510486258983,0.8853151229137024,0.8853151229137024,-5.085044954951691,2.8671219271574396e-2,2.8671219271574396e-2,0.11697510486258983,135.47286426092785,135.47286426092785,135.56116814651887
