id,Expression,theta,size,MSE_train,MSE_val,MSE_test,R2_train,R2_val,R2_test,nll_train,nll_val,nll_test,mdl_train,mdl_val,mdl_test
0,(Abs(x18) ^ (Abs((Recip(x6) * x30)) ^ (Abs((Recip(x3) * x30)) ^ (x5 - (((72.68348873552381 + Recip((Recip(x18) + x18))) * (x6 / x5)) + -65.49217292506646))))),72.68348873552381;-65.49217292506646,30,2.517274243807863e-3,2.517274243807863e-3,0.1773229255578981,0.9899309030247685,0.9899309030247685,-8.224338587521508,2.517274243807863e-3,2.517274243807863e-3,0.1773229255578981,67.09499681851982,67.09499681851982,67.2698024698339
