id,Expression,theta,size,MSE_train,MSE_val,MSE_test,R2_train,R2_val,R2_test,nll_train,nll_val,nll_test,mdl_train,mdl_val,mdl_test
0,(((((x24 + x19) + -2.571833647087447) * x30) + x19) + (Abs((x12 * Recip((x19 * (Abs((x12 * Recip((x1 * (Abs(((x8 + 0.20254096079864956) + -0.22955337252171054)) ^ (x5 * x27)))))) ^ Recip((x24 + (Abs(x20) ^ 7.726978252032068)))))))) ^ Recip((((Abs((x1 / x9)) ^ x7) * -3.3587785460974717) + (x0 + -5.3560931135575895))))),-2.571833647087447;0.20254096079864956;-0.22955337252171054;7.726978252032068;-3.3587785460974717;-5.3560931135575895,54,9.07922084916371e-2,9.07922084916371e-2,0.15980539663326812,0.6368311660334516,0.6368311660334516,-7.3130767328622905,9.07922084916371e-2,9.07922084916371e-2,0.15980539663326812,141.71900834540372,141.71900834540372,141.78802153354533
