id,Expression,theta,size,MSE_train,MSE_val,MSE_test,R2_train,R2_val,R2_test,nll_train,nll_val,nll_test,mdl_train,mdl_val,mdl_test
0,(Abs((((x15 * (x11 + (x15 * 0.49783775934590396))) * (Abs(x19) ^ ((((x19 * 1.6183951884838412) / x15) * 1.801054075350336) * (Abs((x28 * -1.2769137073734076)) ^ x16)))) / (Abs(x5) ^ (-2.1392334217941826 - x23)))) ^ (Abs(Recip((x5 - (2.186675261570932 - Recip((x19 / x1)))))) ^ (((Abs(x7) ^ -0.8139573784934435) / x7) * x5))),0.49783775934590396;1.6183951884838412;1.801054075350336;-1.2769137073734076;-2.1392334217941826;2.186675261570932;-0.8139573784934435,53,5.715302789034023e-7,5.715302789034023e-7,4.979586077307396e16,0.9999977138788844,0.9999977138788844,-2.5903806774152084e18,5.715302789034023e-7,5.715302789034023e-7,4.979586077307396e16,130.3116705168,130.3116705168,4.979586077307409e16
