id,Expression,theta,size,MSE_train,MSE_val,MSE_test,R2_train,R2_val,R2_test,nll_train,nll_val,nll_test,mdl_train,mdl_val,mdl_test
0,(Abs((Abs(((x7 * (((x30 * -0.7408836510892359) * (x20 + (x3 + x1))) - x6)) * (Abs(x13) ^ (Abs(x24) ^ x1)))) ^ x29)) ^ ((x24 * ((Abs((-2.120174021919927 * x26)) ^ 4.506400097155392) * (x7 / x30))) * ((Abs(((x30 / x24) * x26)) ^ -6.661543819740943) * x7))),-0.7408836510892359;-2.120174021919927;4.506400097155392;-6.661543819740943,49,3.199382862438747e-2,3.199382862438747e-2,Infinity,0.8720246855024502,0.8720246855024502,-Infinity,3.199382862438747e-2,3.199382862438747e-2,Infinity,119.25330888493498,119.25330888493498,Infinity
