id,Expression,theta,size,MSE_train,MSE_val,MSE_test,R2_train,R2_val,R2_test,nll_train,nll_val,nll_test,mdl_train,mdl_val,mdl_test
0,(Abs(x5) ^ (Abs(((x17 + (Abs(Recip(x20)) ^ ((x18 * 47.55138049877908) * x15))) - (Abs(x20) ^ (x12 * (Abs(39.20218844466086) ^ x24))))) ^ (x15 * 838.1423518787666))),47.55138049877908;39.20218844466086;838.1423518787666,29,1.0292803191155338e-2,1.0292803191155338e-2,Infinity,0.9588287872353787,0.9588287872353787,-Infinity,1.0292803191155338e-2,1.0292803191155338e-2,Infinity,61.56907738226804,61.56907738226804,Infinity
