id,Expression,theta,size,MSE_train,MSE_val,MSE_test,R2_train,R2_val,R2_test,nll_train,nll_val,nll_test,mdl_train,mdl_val,mdl_test
0,(Recip((-6.830987198425272 / Recip(Recip(x18)))) + (Abs(x29) ^ (Abs((-6.319390884963397 / (x19 + x12))) ^ ((((Abs(x7) ^ 0.8688591551165015) + x28) - (Abs(x9) ^ ((((x28 + x28) - (((-0.32273522204241295 + (Abs(Recip(Recip(x12))) ^ x9)) * x29) / x11)) * x29) / (Abs(x7) ^ (x2 * x24))))) * -11.261181511066125)))),-6.830987198425272;-6.319390884963397;0.8688591551165015;-0.32273522204241295;-11.261181511066125,54,1.63178905892962e-4,1.63178905892962e-4,Infinity,0.9993472843764282,0.9993472843764282,-Infinity,1.63178905892962e-4,1.63178905892962e-4,Infinity,135.99440369360428,135.99440369360428,Infinity
