id,Expression,theta,size,MSE_train,MSE_val,MSE_test,R2_train,R2_val,R2_test,nll_train,nll_val,nll_test,mdl_train,mdl_val,mdl_test
0,((Abs((Abs((Abs((x18 / x10)) ^ (((Abs((Abs((Abs(x10) ^ x27)) ^ (Abs(x23) ^ (x4 * x18)))) ^ x23) - x30) + 1.5659057024834067))) ^ (Abs(x23) ^ x25))) ^ (((((x4 - ((Abs(7.572493066407033) ^ (x15 / x6)) * -0.5288783272010641)) * (Abs(x0) ^ (-1.3628864372754501 * (Abs(x23) ^ x25)))) + x25) * x7) * x11)) * 1.0530778777792535),1.5659057024834067;7.572493066407033;-0.5288783272010641;-1.3628864372754501;1.0530778777792535,60,6.836035524769582e-2,6.836035524769582e-2,0.16879230583378985,0.7265585790092167,0.7265585790092167,-7.780575749473412,6.836035524769582e-2,6.836035524769582e-2,0.16879230583378985,141.69657649215978,141.69657649215978,141.79700844274586
