id,Expression,theta,size,MSE_train,MSE_val,MSE_test,R2_train,R2_val,R2_test,nll_train,nll_val,nll_test,mdl_train,mdl_val,mdl_test
0,(Abs((Abs(((((x14 + -25.512076685789875) * (x27 + x0)) * x15) + (Abs((Abs(x21) ^ ((x23 * ((7.080067760933349 * x0) + x29)) / x21))) ^ x11))) ^ x4)) ^ (Abs(x23) ^ ((-110.7125868228195 * x7) * x27))),-25.512076685789875;7.080067760933349;-110.7125868228195,38,4.844199690522435e-2,4.844199690522435e-2,Infinity,0.8062320123791026,0.8062320123791026,-Infinity,4.844199690522435e-2,4.844199690522435e-2,Infinity,89.41409863327816,89.41409863327816,Infinity
