id,Expression,theta,size,MSE_train,MSE_val,MSE_test,R2_train,R2_val,R2_test,nll_train,nll_val,nll_test,mdl_train,mdl_val,mdl_test
0,(Abs(x7) ^ (Recip((Abs(x11) ^ (((Abs((((((x13 + (x0 * x26)) * x23) - x21) / x0) + x9)) ^ x18) * (((x2 / (Abs(x7) ^ (x0 - x2))) + -109.49759658681118) * x18)) * (((x2 * -15.739810623363198) + 10.224305300583326) * x18)))) * (Abs(x18) ^ -17.049051489260727))),-109.49759658681118;-15.739810623363198;10.224305300583326;-17.049051489260727,49,1.8537801767701214e-8,1.8537801767701214e-8,Infinity,0.9999999258487929,0.9999999258487929,-Infinity,1.8537801767701214e-8,1.8537801767701214e-8,Infinity,124.66138715701132,124.66138715701132,Infinity
