id,Expression,theta,size,MSE_train,MSE_val,MSE_test,R2_train,R2_val,R2_test,nll_train,nll_val,nll_test,mdl_train,mdl_val,mdl_test
0,(Abs(Recip((Abs((Abs(x5) ^ (x7 * -1.1145392558608487))) ^ x10))) ^ (x1 * (Abs(((x13 - x5) + 1.7173157779726191)) ^ ((x10 + (Abs((Abs((((x1 + x10) * (Abs(x1) ^ x4)) + x21)) ^ x10)) ^ ((-30.370841103176794 * x15) + x7))) * (Abs((Abs(x0) ^ (x1 * -63.07206745330261))) ^ x15))))),-1.1145392558608487;1.7173157779726191;-30.370841103176794;-63.07206745330261,53,2.553367784531597e-2,2.553367784531597e-2,7.132606677995322e-2,0.8978652886187362,0.8978652886187362,-2.7103819938930247,2.553367784531597e-2,2.553367784531597e-2,7.132606677995322e-2,119.17974252634257,119.17974252634257,119.22553491527721
