id,Expression,theta,size,MSE_train,MSE_val,MSE_test,R2_train,R2_val,R2_test,nll_train,nll_val,nll_test,mdl_train,mdl_val,mdl_test
0,((Abs(((Abs((Abs(x21) ^ x13)) ^ ((Abs(-19.085771438423592) ^ x26) + x16)) - x15)) ^ (54.7094889074517 * (Abs((x13 * (Abs(((Abs((Abs(x11) ^ x26)) ^ x20) / x27)) ^ x18))) ^ ((Abs((x14 - ((7.2637287026253965 * x21) * (x12 * -8.946221035361207)))) ^ (x26 * -24.94827990732635)) - x1)))) - (x18 * x16)),-19.085771438423592;54.7094889074517;7.2637287026253965;-8.946221035361207;-24.94827990732635,54,1.9097916885814506e-3,1.9097916885814506e-3,5.7057040415806164e-2,0.9923608332456741,0.9923608332456741,-1.9681072424301234,1.9097916885814506e-3,1.9097916885814506e-3,5.7057040415806164e-2,130.06863889701597,130.06863889701597,130.1237861457432
