id,Expression,theta,size,MSE_train,MSE_val,MSE_test,R2_train,R2_val,R2_test,nll_train,nll_val,nll_test,mdl_train,mdl_val,mdl_test
0,((Recip(Recip(((x26 + ((Abs(x12) ^ ((Recip(x12) * (x9 * x11)) + x27)) * (x26 * 63.715839879354455))) + ((-18.17058568253225 + (((x12 * (x1 + -39.752730630870374)) - x26) + ((Abs(x26) ^ x26) * 30.812565731887872))) + x26)))) * x12) + (((Abs(x26) ^ x26) * -4.974243394948486) * x6)),63.715839879354455;-18.17058568253225;-39.752730630870374;30.812565731887872;-4.974243394948486,49,9.56813114220216e-2,9.56813114220216e-2,0.16684795574566236,0.6172747543119136,0.6172747543119136,-7.679430657889023,9.56813114220216e-2,9.56813114220216e-2,0.16684795574566236,118.08335175465271,118.08335175465271,118.15451839897635
