id,Expression,theta,size,MSE_train,MSE_val,MSE_test,R2_train,R2_val,R2_test,nll_train,nll_val,nll_test,mdl_train,mdl_val,mdl_test
0,(Abs(Recip((((x6 + (Abs((((Abs(x2) ^ 4.044094503466788) * -6.502656074640769) * (x0 + 6.305704224444911))) ^ x2)) + x16) + ((x0 + ((x28 * 0.3074441609515613) * x16)) / (x16 + x2))))) ^ ((Abs(((((Abs(x2) ^ (-9.65115899559999 + x11)) * -4.413376086620947) * x17) * x2)) ^ x16) + x17)),4.044094503466788;-6.502656074640769;6.305704224444911;0.3074441609515613;-9.65115899559999;-4.413376086620947,49,1.5254364906976512e-2,1.5254364906976512e-2,4.2440210897140854e-2,0.9389825403720939,0.9389825403720939,-1.2077397708691828,1.5254364906976512e-2,1.5254364906976512e-2,4.2440210897140854e-2,112.87302609321459,112.87302609321459,112.90021193920475
