id,Expression,theta,size,MSE_train,MSE_val,MSE_test,R2_train,R2_val,R2_test,nll_train,nll_val,nll_test,mdl_train,mdl_val,mdl_test
0,Recip(((((0.14929806604723006 - (x22 * x25)) / (x23 - Recip(x1))) + Recip((Abs(x27) ^ (x21 * x23)))) + ((x26 + (Abs((4.627100662372218 * x26)) ^ (-33.785197416249154 * x26))) + ((Abs((Abs(x7) ^ x1)) ^ -21.401125699994502) / (Abs(Recip((x15 / x29))) ^ ((Abs(x8) ^ x11) + -19.555985812611688)))))),0.14929806604723006;4.627100662372218;-33.785197416249154;-21.401125699994502;-19.555985812611688,51,2.4286014284740755e-3,2.4286014284740755e-3,2.3050006955792037e-2,0.9902855942861037,0.9902855942861037,-0.19906136184025613,2.4286014284740755e-3,2.4286014284740755e-3,2.3050006955792037e-2,132.5021826639183,132.5021826639183,132.5228040694456
