id,Expression,theta,size,MSE_train,MSE_val,MSE_test,R2_train,R2_val,R2_test,nll_train,nll_val,nll_test,mdl_train,mdl_val,mdl_test
0,(Abs((((x23 / x10) * -0.8431112294769822) / (Abs(x0) ^ ((x10 + -1.479449420000444) + -1.060569824618093)))) ^ ((Abs(x10) ^ ((Abs(-15.349947406791948) ^ ((x23 + (((Abs(x19) ^ (Abs(x23) ^ x13)) * x19) * ((x24 * -0.5300281492602961) - x23))) / x21)) + -16.72812018613126)) + ((x12 / x10) * (x2 * x29)))),-0.8431112294769822;-1.479449420000444;-1.060569824618093;-15.349947406791948;-0.5300281492602961;-16.72812018613126,51,3.905832292179243e-2,3.905832292179243e-2,0.11451029987219195,0.8437667083128303,0.8437667083128303,-4.956825799351198,3.905832292179243e-2,3.905832292179243e-2,0.11451029987219195,124.80555082371194,124.80555082371194,124.88100280066234
