id,Expression,theta,size,MSE_train,MSE_val,MSE_test,R2_train,R2_val,R2_test,nll_train,nll_val,nll_test,mdl_train,mdl_val,mdl_test
0,Recip((((-0.1481488203347217 / (Abs(((-0.8423603515639917 / ((Abs(x0) ^ x16) / x2)) + x2)) ^ Recip(x0))) + (x16 / (Abs((Abs((((-2.6168386675351445 / x16) + x6) + x16)) ^ Recip(x0))) ^ (x16 * (Abs(x29) ^ 0.7015964957242871))))) + (Abs(x13) ^ 1.2080964773027598e-4))),-0.1481488203347217;-0.8423603515639917;-2.6168386675351445;0.7015964957242871;1.2080964773027598e-4,44,4.836653391821996e-9,4.836653391821996e-9,2.395733386442514e-2,0.9999999806533865,0.9999999806533865,-0.24626050762734808,4.836653391821996e-9,4.836653391821996e-9,2.395733386442514e-2,94.42645269678066,94.42645269678066,94.45041002580844
