id,Expression,theta,size,MSE_train,MSE_val,MSE_test,R2_train,R2_val,R2_test,nll_train,nll_val,nll_test,mdl_train,mdl_val,mdl_test
0,(Abs(x7) ^ Recip((Abs((Abs(x15) ^ x15)) ^ (((8.292926666097282 + (x23 * -79.62377613327698)) / (Abs((Abs((Abs((Abs((x21 * x23)) ^ ((x0 * (-14.555139618306981 * (x4 + (x20 * ((x13 - (Abs((Abs((x24 / (x13 / x19))) ^ x20)) ^ x0)) + x24))))) * x19))) ^ x19)) ^ -21.13237731254566)) ^ x14)) + 16.48984039964613)))),8.292926666097282;-79.62377613327698;-14.555139618306981;-21.13237731254566;16.48984039964613,57,1.9876560375258174e-7,1.9876560375258174e-7,Infinity,0.999999204937585,0.999999204937585,-Infinity,1.9876560375258174e-7,1.9876560375258174e-7,Infinity,138.7378445777815,138.7378445777815,Infinity
