id,Expression,theta,size,MSE_train,MSE_val,MSE_test,R2_train,R2_val,R2_test,nll_train,nll_val,nll_test,mdl_train,mdl_val,mdl_test
0,((((((x18 / x24) / (x6 / (x24 + (Recip(x30) * 0.9137239323810806)))) + x28) + (((Recip(x27) * -34.18819475310957) - (x24 + x24)) + (5373.328756451527 * x6))) * (x6 / (((x15 * x14) * (Recip(x27) * x24)) + ((x27 + x7) + Recip(x27))))) * x24),0.9137239323810806;-34.18819475310957;5373.328756451527,47,4.811585931252133e-2,4.811585931252133e-2,0.24569221523198154,0.8075365627499147,0.8075365627499147,-11.780909036367191,4.811585931252133e-2,4.811585931252133e-2,0.24569221523198154,127.3264753111164,127.3264753111164,127.52405166703586
