id,Expression,theta,size,MSE_train,MSE_val,MSE_test,R2_train,R2_val,R2_test,nll_train,nll_val,nll_test,mdl_train,mdl_val,mdl_test
0,Recip((Recip(Recip(((Abs((Abs(Recip(((Abs(x4) ^ -3.265532148532644) / x23))) ^ 2.708845226851757)) ^ (4.654587094082027 - (Abs(-5.441214308607946) ^ (Abs((x12 * -5.3951708671922605)) ^ x18)))) / (Abs(Recip(((Abs(x23) ^ -10.944030305097815) * 1.7143781982306092))) ^ ((x20 * Recip((Abs(Recip(x30)) ^ x16))) * Recip(x6)))))) + (Abs(x4) ^ (x18 * x19)))),-3.265532148532644;2.708845226851757;4.654587094082027;-5.441214308607946;-5.3951708671922605;-10.944030305097815;1.7143781982306092,54,2.2835746368092793e-2,2.2835746368092793e-2,0.1085146334770694,0.9086570145276288,0.9086570145276288,-4.644931233476934,2.2835746368092793e-2,2.2835746368092793e-2,0.1085146334770694,124.78932824715824,124.78932824715824,124.87500713426722
