id,Expression,theta,size,MSE_train,MSE_val,MSE_test,R2_train,R2_val,R2_test,nll_train,nll_val,nll_test,mdl_train,mdl_val,mdl_test
0,(((2.4288202625883013 * x9) + (-1.726346716533817 + (((x15 + 2.835469142426049) * x24) + x21))) + ((((x9 + 0.16283871698830146) * (Abs((x21 - (x15 + 0.15957511005080555))) ^ x9)) + ((-4.946983083145119 * (x15 - x21)) + (0.8627707853192113 * ((Abs((x6 / x15)) ^ (x20 * 1.3933895504522915)) + ((x6 - x20) * x2))))) + x9)),2.4288202625883013;-1.726346716533817;2.835469142426049;0.16283871698830146;0.15957511005080555;-4.946983083145119;0.8627707853192113;1.3933895504522915,51,3.546257237458573e-2,3.546257237458573e-2,6.970864986734782e-2,0.8581497105016571,0.8581497105016571,-2.626243966099295,3.546257237458573e-2,3.546257237458573e-2,6.970864986734782e-2,125.71798108798988,125.71798108798988,125.75222716548265
