id,Expression,theta,size,MSE_train,MSE_val,MSE_test,R2_train,R2_val,R2_test,nll_train,nll_val,nll_test,mdl_train,mdl_val,mdl_test
0,(Abs(((((((x10 / ((x21 * (Abs(x0) ^ -1.2083687333555593)) * (Abs((x30 - x0)) ^ -9.857832775523079))) * (Abs((((x0 * -2.6808797576308208) / x21) / x0)) ^ 4.105657978727588)) * x22) * (Abs(x30) ^ -6.87368058711753)) * (Abs((Abs(x23) ^ x12)) ^ (Abs((x29 / x0)) ^ (-5.203466704262319 - x0)))) * x0)) ^ (x10 - x0)),-1.2083687333555593;-9.857832775523079;-2.6808797576308208;4.105657978727588;-6.87368058711753;-5.203466704262319,55,3.801434514724551e-2,3.801434514724551e-2,Infinity,0.847942619411018,0.847942619411018,-Infinity,3.801434514724551e-2,3.801434514724551e-2,Infinity,120.59063414583947,120.59063414583947,Infinity
