id,Expression,theta,size,MSE_train,MSE_val,MSE_test,R2_train,R2_val,R2_test,nll_train,nll_val,nll_test,mdl_train,mdl_val,mdl_test
0,(Abs(x1) ^ (Abs(x7) ^ (Recip(Recip((x4 * (((x1 * (Abs(x4) ^ ((Abs(4.041784090313676) ^ ((x6 + x25) - x11)) + (x1 * -0.4901615434474389)))) + x1) + -79.0589064754812)))) - (((x25 + (x18 / x10)) / Recip((((0.5627865257392455 - x9) + x11) * 103.07431050829226))) - (x1 * 102.42677713699719))))),4.041784090313676;-0.4901615434474389;-79.0589064754812;0.5627865257392455;103.07431050829226;102.42677713699719,50,4.916396167044237e-5,4.916396167044237e-5,Infinity,0.9998033441533183,0.9998033441533183,-Infinity,4.916396167044237e-5,4.916396167044237e-5,Infinity,127.53913038699162,127.53913038699162,Infinity
