id,Expression,theta,size,MSE_train,MSE_val,MSE_test,R2_train,R2_val,R2_test,nll_train,nll_val,nll_test,mdl_train,mdl_val,mdl_test
0,((((x27 + x26) + 25.04679221615441) * (x21 / x0)) / ((Recip(x4) / x6) / (Abs(x22) ^ ((Abs(((((((x22 * (x7 + -3.8464173782625193)) + x18) / x0) * x29) + x23) + x14)) ^ -33.10818826217645) * x22)))),25.04679221615441;-3.8464173782625193;-33.10818826217645,38,3.739662480828917e-2,3.739662480828917e-2,0.1166678639113707,0.8504135007668433,0.8504135007668433,-5.0690622806692724,3.739662480828917e-2,3.739662480828917e-2,0.1166678639113707,104.09077990907022,104.09077990907022,104.1700511481733
