id,Expression,theta,size,MSE_train,MSE_val,MSE_test,R2_train,R2_val,R2_test,nll_train,nll_val,nll_test,mdl_train,mdl_val,mdl_test
0,(Abs(x15) ^ (Abs((((Abs(x11) ^ (Abs(0.7448238218220984) ^ (x26 * x8))) * ((((x24 - x11) / (x5 * (x11 * (x24 + x6)))) * x5) / (Abs(x11) ^ 1.4166924323148298))) * x21)) ^ ((x5 * (x10 * (x16 - (-2.0660532440409103 * x8)))) / (Abs((((x10 * -0.5757851911940078) / x2) * x10)) ^ 3.61249189750471)))),0.7448238218220984;1.4166924323148298;-2.0660532440409103;-0.5757851911940078;3.61249189750471,55,3.500938365431773e-2,3.500938365431773e-2,8.565823981465988e-2,0.8599624653827291,0.8599624653827291,-3.455941635158436,3.500938365431773e-2,3.500938365431773e-2,8.565823981465988e-2,138.8624632424089,138.8624632424089,138.91311209856923
