id,Expression,theta,size,MSE_train,MSE_val,MSE_test,R2_train,R2_val,R2_test,nll_train,nll_val,nll_test,mdl_train,mdl_val,mdl_test
0,(Abs(x25) ^ (((Abs((Abs((Abs((-8.136623327479052e-2 + x27)) ^ (Abs(x26) ^ x18))) ^ (Abs(((x23 - x18) * x5)) ^ (x16 + x17)))) ^ ((Abs(x12) ^ (Abs(x0) ^ (Abs((Abs(x20) ^ x13)) ^ (x20 + x30)))) / x3)) / (Abs(x17) ^ x16)) / (Abs((Abs(x19) ^ (Abs(x16) ^ (x16 + -0.9969777359400737)))) ^ (Abs(x25) ^ x12)))),-8.136623327479052e-2;-0.9969777359400737,64,3.679485754720136e-2,3.679485754720136e-2,1.3012870598097005e8,0.8528205698111946,0.8528205698111946,-6.769295284129804e9,3.679485754720136e-2,3.679485754720136e-2,1.3012870598097005e8,149.21839430599493,149.21839430599493,1.3012885516256951e8
