id,Expression,theta,size,MSE_train,MSE_val,MSE_test,R2_train,R2_val,R2_test,nll_train,nll_val,nll_test,mdl_train,mdl_val,mdl_test
0,(Abs(x20) ^ (Abs(x21) ^ (x29 - ((x21 / x12) * ((((((18.932106347347997 * x21) / x22) - (-59.82726345289999 * (x20 / x3))) + ((x20 / (Abs(x30) ^ x11)) + (x20 - x11))) + ((-8.236865125693832 - x10) + (x12 + x12))) - (x11 / x4)))))),18.932106347347997;-59.82726345289999;-8.236865125693832,46,1.141477085542798e-13,1.141477085542798e-13,Infinity,0.9999999999995434,0.9999999999995434,-Infinity,1.141477085542798e-13,1.141477085542798e-13,Infinity,119.2213150563107,119.2213150563107,Infinity
