id,Expression,theta,size,MSE_train,MSE_val,MSE_test,R2_train,R2_val,R2_test,nll_train,nll_val,nll_test,mdl_train,mdl_val,mdl_test
0,((-3.972734177615358 + (((((((((x22 + -2088.0548660874633) + (((x0 + (-1077.2952480319063 * x22)) + ((x0 - ((x22 + x27) * (x17 + 1453.5490348073624))) - x3)) + x0)) * x0) + (754.9444045919845 + x10)) + (x13 - x4)) * x0) * x0) + x29) + x11)) * x22),-3.972734177615358;-2088.0548660874633;-1077.2952480319063;1453.5490348073624;754.9444045919845,45,2.5974546204669085e-2,2.5974546204669085e-2,9.374585445396706e-2,0.8961018151813237,0.8961018151813237,-3.8766593486951804,2.5974546204669085e-2,2.5974546204669085e-2,9.374585445396706e-2,118.7835543788913,118.7835543788913,118.8513256871406
