id,Expression,theta,size,MSE_train,MSE_val,MSE_test,R2_train,R2_val,R2_test,nll_train,nll_val,nll_test,mdl_train,mdl_val,mdl_test
0,(((124.05515484911653 + (((-352.81379357586815 * (x27 + (x21 / Recip((x6 + x13))))) - x27) + ((((Recip(x6) * Recip((x6 + x13))) * x22) * 13.737187884718086) * x18))) + (x15 * ((x6 - (((Recip(x11) / x6) * x0) + 52.56117041138984)) / x7))) * (x9 * x18)),124.05515484911653;-352.81379357586815;13.737187884718086;52.56117041138984,47,6.916555102521606e-2,6.916555102521606e-2,1.7457914068414724,0.7233377958991358,0.7233377958991358,-89.81606898388992,6.916555102521606e-2,6.916555102521606e-2,1.7457914068414724,133.23019272166738,133.23019272166738,134.90681857748365
