id,Expression,theta,size,MSE_train,MSE_val,MSE_test,R2_train,R2_val,R2_test,nll_train,nll_val,nll_test,mdl_train,mdl_val,mdl_test
0,(332.14094215630126 * Recip((x20 + (((x25 + 221.80911593434342) * (Abs(((((Abs(x21) ^ x29) + x25) * 94.27589840718689) / ((((-3.570117834781123 + x17) + x24) + -4.17740304376987) * (x1 * x10)))) ^ x7)) + (Abs((x6 / (x25 * x4))) ^ 46.34241725150129))))),332.14094215630126;221.80911593434342;94.27589840718689;-3.570117834781123;-4.17740304376987;46.34241725150129,41,1.3738810296909355e-2,1.3738810296909355e-2,4.8021383781349763e-2,0.9450447588123626,0.9450447588123626,-1.4980723843057193,1.3738810296909355e-2,1.3738810296909355e-2,4.8021383781349763e-2,107.67584588443313,107.67584588443313,107.71012845791756
