id,Expression,theta,size,MSE_train,MSE_val,MSE_test,R2_train,R2_val,R2_test,nll_train,nll_val,nll_test,mdl_train,mdl_val,mdl_test
0,(Abs(((x15 - (Abs(x7) ^ x11)) * (-4.709459089379685e-2 - (x1 * -0.46399816464165217)))) ^ (x11 * (Abs(((Recip(x17) * -1.196920880108468) / ((x21 + Recip(x2)) + (((x17 * ((Abs((x5 + (x27 - x11))) ^ x26) - ((Abs(x22) ^ (x11 / x17)) * x27))) / (x8 * x19)) + x16)))) ^ -5.321955280651447))),-4.709459089379685e-2;-0.46399816464165217;-1.196920880108468;-5.321955280651447,54,8.045019337098143e-3,8.045019337098143e-3,Infinity,0.9678199226516074,0.9678199226516074,-Infinity,8.045019337098143e-3,8.045019337098143e-3,Infinity,149.18964446778483,149.18964446778483,Infinity
