id,Expression,theta,size,MSE_train,MSE_val,MSE_test,R2_train,R2_val,R2_test,nll_train,nll_val,nll_test,mdl_train,mdl_val,mdl_test
0,(Abs(0.5722694445303526) ^ (Abs(((((x24 * (-0.17032164262255714 / (Abs(9.945291690163754e-2) ^ x19))) / x15) / (x29 / (-0.5480204193387871 / x22))) - (Abs((Abs(x4) ^ (Abs((Abs(x29) ^ (x24 / x15))) ^ -1.2676452650215499e-2))) ^ 0.7045942306005524))) ^ (Abs(((Recip(x30) * x0) / (9.97454428648139e-6 / (-0.7343225490273373 - x3)))) ^ 0.3635243340767049))),0.5722694445303526;-0.17032164262255714;9.945291690163754e-2;-0.5480204193387871;-1.2676452650215499e-2;0.7045942306005524;9.97454428648139e-6;-0.7343225490273373;0.3635243340767049,50,1.8901642500670138e-9,1.8901642500670138e-9,7.301119295450678e-2,0.999999992439343,0.999999992439343,-2.798042257493298,1.8901642500670138e-9,1.8901642500670138e-9,7.301119295450678e-2,113.73810844818298,113.73810844818298,113.81111963924734
