id,Expression,theta,size,MSE_train,MSE_val,MSE_test,R2_train,R2_val,R2_test,nll_train,nll_val,nll_test,mdl_train,mdl_val,mdl_test
0,(Abs(x30) ^ (((Abs(((x9 * 0.46903650883297215) * Recip(x5))) ^ -5.654550644329758) + (x5 * (x5 * x18))) + (((Abs(x16) ^ (x18 / x8)) + (x25 + x18)) * (Abs(x20) ^ 0.5909009388342811)))),0.46903650883297215;-5.654550644329758;0.5909009388342811,34,5.536312644784322e-2,5.536312644784322e-2,0.13070077490420812,0.7785474942086271,0.7785474942086271,-5.799054310516647,5.536312644784322e-2,5.536312644784322e-2,0.13070077490420812,79.2270830149056,79.2270830149056,79.30242066336197
