id,Expression,theta,size,MSE_train,MSE_val,MSE_test,R2_train,R2_val,R2_test,nll_train,nll_val,nll_test,mdl_train,mdl_val,mdl_test
0,(Abs(x1) ^ (Abs(((x4 / x16) * (Abs(((x10 * -30.88717841431375) * -34.64618325814496)) ^ x25))) ^ (x28 * ((Abs(((409.0475757899218 + x24) * (((x1 / x0) * 442.23257232280696) + ((x5 + x17) + (x7 / x3))))) ^ x1) + -1.1451386968888406)))),-30.88717841431375;-34.64618325814496;409.0475757899218;442.23257232280696;-1.1451386968888406,41,1.5837985022144632e-2,1.5837985022144632e-2,Infinity,0.9366480599114215,0.9366480599114215,-Infinity,1.5837985022144632e-2,1.5837985022144632e-2,Infinity,104.84473171510214,104.84473171510214,Infinity
