id,Expression,theta,size,MSE_train,MSE_val,MSE_test,R2_train,R2_val,R2_test,nll_train,nll_val,nll_test,mdl_train,mdl_val,mdl_test
0,(Abs(x23) ^ Recip((Abs((((Abs((x11 * Recip(x28))) ^ x30) - ((((x23 * x15) * (Abs(x28) ^ (x4 * 10.330651594090925))) + x30) * 2.643528890025313)) / (Abs((x30 + x18)) ^ x3))) ^ ((84.63952195112071 / (Abs(x14) ^ x18)) - (((x7 + x8) + x30) + ((-82.05482081190073 + x8) + -83.14504374139597)))))),10.330651594090925;2.643528890025313;84.63952195112071;-82.05482081190073;-83.14504374139597,53,1.2699708397310369e-5,1.2699708397310369e-5,4.798214442960954e-2,0.9999492011664107,0.9999492011664107,-1.4960311532281927,1.2699708397310369e-5,1.2699708397310369e-5,4.798214442960954e-2,135.84748532082813,135.84748532082813,135.89545476554932
