id,Expression,theta,size,MSE_train,MSE_val,MSE_test,R2_train,R2_val,R2_test,nll_train,nll_val,nll_test,mdl_train,mdl_val,mdl_test
0,(Abs(x1) ^ (-1.3702710966437406 * (((Abs((x6 / (x6 + x27))) ^ -9.31252408457277) - (((x30 - x1) / x0) * (x22 * x9))) * (Recip((x15 / x9)) * (((x30 - x1) / (Abs(x1) ^ x27)) * (Recip((x15 / x9)) * (Abs(x23) ^ (x6 / x9)))))))),-1.3702710966437406;-9.31252408457277,49,2.1925757759576413e-2,2.1925757759576413e-2,Infinity,0.9122969689616943,0.9122969689616943,-Infinity,2.1925757759576413e-2,2.1925757759576413e-2,Infinity,124.78841825854973,124.78841825854973,Infinity
