id,Expression,theta,size,MSE_train,MSE_val,MSE_test,R2_train,R2_val,R2_test,nll_train,nll_val,nll_test,mdl_train,mdl_val,mdl_test
0,((Abs(x17) ^ ((-13.546320786819862 - ((Abs((Abs(x27) ^ -4.4262057865744024)) ^ x3) * ((x30 * -69.14728085655865) * (Abs((Abs(x10) ^ x30)) ^ x25)))) * x30)) * ((x9 * (-1.2847237699422633 + ((x21 * 65.98763292709505) * (Abs((x21 / x30)) ^ (x21 * x26))))) * (Abs(x9) ^ (Abs(x25) ^ (x17 / x26))))),-13.546320786819862;-4.4262057865744024;-69.14728085655865;-1.2847237699422633;65.98763292709505,53,7.441633057371298e-2,7.441633057371298e-2,8.762142929879557e-2,0.702334677705148,0.702334677705148,-3.558066752123172,7.441633057371298e-2,7.441633057371298e-2,8.762142929879557e-2,121.93667538017317,121.93667538017317,121.94988047889825
