id,Expression,theta,size,MSE_train,MSE_val,MSE_test,R2_train,R2_val,R2_test,nll_train,nll_val,nll_test,mdl_train,mdl_val,mdl_test
0,(Abs((((((Abs((-0.37410130207989356 / (Recip(x25) - x30))) ^ ((Abs((x10 + x22)) ^ x3) + 16.966490674272887)) / x4) - x17) + 6.470105892602999) / Recip(x30))) ^ (Abs((x22 - (((Abs(x27) ^ (x21 * 13.934145038384905)) - (x4 + 52.83212613895178)) * (x24 * x27)))) ^ (x14 * -10.974675786331193))),-0.37410130207989356;16.966490674272887;6.470105892602999;13.934145038384905;52.83212613895178;-10.974675786331193,48,4.2572022274248195e-2,4.2572022274248195e-2,25146.594227881247,0.8297119109030072,0.8297119109030072,-1308124.8317343325,4.2572022274248195e-2,4.2572022274248195e-2,25146.594227881247,124.32855761180932,124.32855761180932,25270.880213470784
