id,Expression,theta,size,MSE_train,MSE_val,MSE_test,R2_train,R2_val,R2_test,nll_train,nll_val,nll_test,mdl_train,mdl_val,mdl_test
0,(Abs(x8) ^ ((Abs((Abs((Abs(x27) ^ 7.847181033273339)) ^ -5.87409477964326)) ^ ((x15 * (Abs(x25) ^ (x8 + -2.2318005245128494))) - x4)) * (Abs((x6 * -17.96679470892913)) ^ (Abs((Abs(((Abs(x27) ^ -19.963041493194808) * (Recip((Abs(x2) ^ ((Abs(x8) ^ 3.7033507980997684) + 1.7235026179285242))) * x2))) ^ x5)) ^ (x25 + x22))))),7.847181033273339;-5.87409477964326;-2.2318005245128494;-17.96679470892913;-19.963041493194808;3.7033507980997684;1.7235026179285242,53,0.0,0.0,Infinity,1.0,1.0,-Infinity,0.0,0.0,Infinity,113.73810844629283,113.73810844629283,Infinity
