id,Expression,theta,size,MSE_train,MSE_val,MSE_test,R2_train,R2_val,R2_test,nll_train,nll_val,nll_test,mdl_train,mdl_val,mdl_test
0,(((Recip(x3) * (x0 * -2.241609690972357)) + ((((x12 + ((x8 - (x9 * -3.978309557205606)) + ((x28 * -42.177216900690425) + 17.205986029513028))) * x24) + -3.2426462303656414) + (((31.93854586924877 * (x30 + x0)) + ((x24 * 17.62415082204624) + (x12 * 23.57621074015371))) + -2.5085399629465233))) * x27),-2.241609690972357;-3.978309557205606;-42.177216900690425;17.205986029513028;-3.2426462303656414;31.93854586924877;17.62415082204624;23.57621074015371;-2.5085399629465233,42,3.669297415367211e-2,3.669297415367211e-2,8.450068261091159e-2,0.8532281033853115,0.8532281033853115,-3.395725509419453,3.669297415367211e-2,3.669297415367211e-2,8.450068261091159e-2,110.87710081799452,110.87710081799452,110.92490852645176
