id,Expression,theta,size,MSE_train,MSE_val,MSE_test,R2_train,R2_val,R2_test,nll_train,nll_val,nll_test,mdl_train,mdl_val,mdl_test
0,Recip(Recip((Abs(x2) ^ (((x16 + x2) * x26) + (Abs((((((((-3.165252792991251 - x17) + (Abs(((Abs(x24) ^ -4.447883437709234) - x17)) ^ x26)) + x4) - (x1 - (x20 - x28))) * x17) + x17) - x26)) ^ ((-2.038729879034319 + (-3.0250472984169083 - x9)) + (x25 * 30.074331679339444))))))),-3.165252792991251;-4.447883437709234;-2.038729879034319;-3.0250472984169083;30.074331679339444,49,5.1637876879276526e-2,5.1637876879276526e-2,Infinity,0.793448492482894,0.793448492482894,-Infinity,5.1637876879276526e-2,5.1637876879276526e-2,Infinity,127.54623835940902,127.54623835940902,Infinity
