id,Expression,theta,size,MSE_train,MSE_val,MSE_test,R2_train,R2_val,R2_test,nll_train,nll_val,nll_test,mdl_train,mdl_val,mdl_test
0,(((Abs(((x17 * (x17 * (Abs(x16) ^ ((Abs(-1.9131568197327513) ^ x13) + -0.3206435409169973)))) * (Abs((x14 - x19)) ^ -1.7967125647533175))) ^ (x5 * 5.390510223759064)) * 1.4038467565547172) * (Abs((x20 * (Abs(x17) ^ (((Abs(x3) ^ (x26 * x1)) + x14) - ((x7 * -0.4484745602491392) + -1.2701983375521586))))) ^ x7)),-1.9131568197327513;-0.3206435409169973;-1.7967125647533175;5.390510223759064;1.4038467565547172;-0.4484745602491392;-1.2701983375521586,50,7.64799121617555e-2,7.64799121617555e-2,3.2479616124094364e16,0.6940803513529781,0.6940803513529781,-1.6895896307753242e18,7.64799121617555e-2,7.64799121617555e-2,3.2479616124094364e16,119.29779496847235,119.29779496847235,3.2479616124094484e16
