id,Expression,theta,size,MSE_train,MSE_val,MSE_test,R2_train,R2_val,R2_test,nll_train,nll_val,nll_test,mdl_train,mdl_val,mdl_test
0,((-1.3188008275590206 * ((Abs((Abs(((-10.366705850020923 * x3) * (Abs((((Abs(((x9 - x20) / (x5 + 0.90757725899646))) ^ (x9 * ((x3 * x18) * -5.0233486599308756e-2))) - (x5 * ((x2 - x21) * x3))) * 3.4481812376223914e-2)) ^ x25))) ^ x2)) ^ (Abs((x0 * -5.314888622646698)) ^ -8.213275652283562)) * -6.209843135244159)) * x18),-1.3188008275590206;-10.366705850020923;0.90757725899646;-5.0233486599308756e-2;3.4481812376223914e-2;-5.314888622646698;-8.213275652283562;-6.209843135244159,50,2.0789304837786227e-2,2.0789304837786227e-2,Infinity,0.916842780648855,0.916842780648855,-Infinity,2.0789304837786227e-2,2.0789304837786227e-2,Infinity,121.88304835443725,121.88304835443725,Infinity
