id,Expression,theta,size,MSE_train,MSE_val,MSE_test,R2_train,R2_val,R2_test,nll_train,nll_val,nll_test,mdl_train,mdl_val,mdl_test
0,((0.6714650467450217 / x19) / (((Abs(((Abs(x17) ^ -10.084488975434347) * x21)) ^ x21) / (Abs(((x6 + x19) * (Abs(x6) ^ 6.456022543021355))) ^ x30)) + (Abs(((Abs(x6) ^ ((x14 * x30) + -5.6892950976720735)) * (((((Abs(x26) ^ -6.7309890082924735) * (x21 / x14)) / x21) * x30) + x9))) ^ x3))),0.6714650467450217;-10.084488975434347;6.456022543021355;-5.6892950976720735;-6.7309890082924735,52,4.3965995976182316e-2,4.3965995976182316e-2,4.811166029516342e-2,0.8241360160952708,0.8241360160952708,-1.5027685685543055,4.3965995976182316e-2,4.3965995976182316e-2,4.811166029516342e-2,118.80154582866281,118.80154582866281,118.8056914929818
