id,Expression,theta,size,MSE_train,MSE_val,MSE_test,R2_train,R2_val,R2_test,nll_train,nll_val,nll_test,mdl_train,mdl_val,mdl_test
0,((Abs((x2 * (x26 + (x2 * (x24 + x13))))) ^ (Abs((Abs((Abs(x0) ^ Recip(x24))) ^ x23)) ^ (x2 * 7.313444259134166))) - Recip(((x2 * Recip((19.597234143705663 * x4))) / (x2 * (x25 * x26))))),7.313444259134166;19.597234143705663,38,4.8767110326947846e-2,4.8767110326947846e-2,742278.6854426299,0.8049315586922086,0.8049315586922086,-3.8613336216724135e7,4.8767110326947846e-2,4.8767110326947846e-2,742278.6854426299,92.12247394780209,92.12247394780209,742370.7591494673
