id,Expression,theta,size,MSE_train,MSE_val,MSE_test,R2_train,R2_val,R2_test,nll_train,nll_val,nll_test,mdl_train,mdl_val,mdl_test
0,(Abs(((x11 * (1.3614818317541403e-3 * (x14 / x19))) * ((x15 - x12) * Recip(x13)))) ^ (Abs((Abs(((Abs((x29 / x7)) ^ (-57.59558723225721 * (x3 / x7))) / (((21.44752289086897 / x5) - (Abs(x11) ^ (Recip(x7) + 0.8763535188431294))) * x19))) ^ x29)) ^ x5)),1.3614818317541403e-3;-57.59558723225721;21.44752289086897;0.8763535188431294,46,1.1610502167323698e-2,1.1610502167323698e-2,2.833526103730358e-2,0.9535579913307052,0.9535579913307052,-0.4740002791604758,1.1610502167323698e-2,1.1610502167323698e-2,2.833526103730358e-2,116.17335760847219,116.17335760847219,116.19008236734216
