id,Expression,theta,size,MSE_train,MSE_val,MSE_test,R2_train,R2_val,R2_test,nll_train,nll_val,nll_test,mdl_train,mdl_val,mdl_test
0,(Abs((Recip((((x28 * x20) + -6.544993453855645) * (((Recip(x12) / x1) - x19) / ((x30 * x19) / x0)))) * x2)) ^ (Abs(((x19 * 12.373476123717886) / (((x5 + x9) * x16) / x0))) ^ (((Abs(x15) ^ (-1.9856511582745329 - x4)) - (x30 - (1.0213106866420052 - x0))) * x15))),-6.544993453855645;12.373476123717886;-1.9856511582745329;1.0213106866420052,50,7.614258203937567e-6,7.614258203937567e-6,4.0875997825501255e-2,0.9999695429671842,0.9999695429671842,-1.1263694068824943,7.614258203937567e-6,7.614258203937567e-6,4.0875997825501255e-2,140.79942447129577,140.79942447129577,140.84029285486307
