id,Expression,theta,size,MSE_train,MSE_val,MSE_test,R2_train,R2_val,R2_test,nll_train,nll_val,nll_test,mdl_train,mdl_val,mdl_test
0,((((Abs(((x27 + (Abs(x18) ^ x19)) + x18)) ^ (Abs(x29) ^ (x18 * ((-110.7269869682019 + x18) + (x18 * 1142.776975536056))))) / (Abs((((x12 / x29) + Recip(((((x7 / x1) / x23) - x0) / x19))) * x19)) ^ (x30 - x29))) * x18) * 8.466896184217463),-110.7269869682019;1142.776975536056;8.466896184217463,48,7.139914595929805e-2,7.139914595929805e-2,7.118716789341486e38,0.7144034161628078,0.7144034161628078,-3.703156473815299e40,7.139914595929805e-2,7.139914595929805e-2,7.118716789341486e38,124.73278628443282,124.73278628443282,7.118716789341486e38
