id,Expression,theta,size,MSE_train,MSE_val,MSE_test,R2_train,R2_val,R2_test,nll_train,nll_val,nll_test,mdl_train,mdl_val,mdl_test
0,(Abs((x30 + (x1 * x17))) ^ (Abs((x2 * (x17 * (x2 - ((x1 / x26) / x14))))) ^ ((x26 + ((x17 + x2) + 3.022540707772092)) * ((((x24 * x17) / x26) + (x26 + x14)) - (((x2 + 0.5676346910854102) / x12) / x14))))),3.022540707772092;0.5676346910854102,45,0.0,0.0,4.289704223974789e-2,1.0,1.0,-1.2315041373116,0.0,0.0,4.289704223974789e-2,113.4794651734561,113.4794651734561,113.52236221569585
