id,Expression,theta,size,MSE_train,MSE_val,MSE_test,R2_train,R2_val,R2_test,nll_train,nll_val,nll_test,mdl_train,mdl_val,mdl_test
0,Recip(((Abs((x15 * ((Abs(((x30 / x28) / x28)) ^ x29) * -7.3116949909826))) ^ ((-34.059726573978054 * x19) + -148.625244484453)) + (Abs((Abs(x28) ^ x7)) ^ (x21 - (Abs(((Abs(x20) ^ 10.839825045215033) * x28)) ^ ((Abs(x29) ^ x30) * (Abs(x24) ^ x24))))))),-7.3116949909826;-34.059726573978054;-148.625244484453;10.839825045215033,46,2.3001187098833148e-3,2.3001187098833148e-3,0.1265584821096216,0.9907995251604668,0.9907995251604668,-5.5835722393422635,2.3001187098833148e-3,2.3001187098833148e-3,0.1265584821096216,105.36067156382157,105.36067156382157,105.4849299272213
