id,Expression,theta,size,MSE_train,MSE_val,MSE_test,R2_train,R2_val,R2_test,nll_train,nll_val,nll_test,mdl_train,mdl_val,mdl_test
0,((Abs(x8) ^ ((Abs(x0) ^ x3) * ((Abs(((x5 + 33.380076876105065) * ((x20 * x8) / ((x11 / x10) + (x18 * (6.586658672929099 - x20)))))) ^ (x10 + ((((x20 + x3) + 1.6766221830636314) * x6) * (Abs((x20 * -7.915719703583529)) ^ (x20 * 27.125690601910154))))) / x18))) / (Abs((Abs(x25) ^ x0)) ^ x18)),33.380076876105065;6.586658672929099;1.6766221830636314;-7.915719703583529;27.125690601910154,55,1.2909131586431963e-2,1.2909131586431963e-2,Infinity,0.9483634736542721,0.9483634736542721,-Infinity,1.2909131586431963e-2,1.2909131586431963e-2,Infinity,135.86975652133572,135.86975652133572,Infinity
