id,Expression,theta,size,MSE_train,MSE_val,MSE_test,R2_train,R2_val,R2_test,nll_train,nll_val,nll_test,mdl_train,mdl_val,mdl_test
0,(Abs(-0.9436826683235208) ^ (Abs((x23 - ((x23 / x21) + x19))) ^ (((-20.832740758141007 - x12) + (x21 + (Abs(x11) ^ (x23 * -9.17629514390595)))) * ((Abs((x6 - (x9 - (Abs(x20) ^ x20)))) ^ x26) + (x21 + x28))))),-0.9436826683235208;-20.832740758141007;-9.17629514390595,40,2.020290393300049e-3,2.020290393300049e-3,0.15830061588010497,0.9919188384267998,0.9919188384267998,-7.2347980380827455,2.020290393300049e-3,2.020290393300049e-3,0.15830061588010497,97.04262556878564,97.04262556878564,97.19890589427244
