id,Expression,theta,size,MSE_train,MSE_val,MSE_test,R2_train,R2_val,R2_test,nll_train,nll_val,nll_test,mdl_train,mdl_val,mdl_test
0,Recip((Abs((x20 + (x22 * ((Abs(((x2 + x14) + (x2 - (Abs(((Abs(x21) ^ x27) + x20)) ^ x26)))) ^ -130.91566821280512) + x20)))) ^ (Abs((Abs(x20) ^ (x18 * ((x18 / x26) + (((x3 + 41.50144305158535) * x21) + x20))))) ^ (13.015757602057326 * x0)))),-130.91566821280512;41.50144305158535;13.015757602057326,48,1.2454236225206505e-2,1.2454236225206505e-2,0.25013400581903394,0.950183055099174,0.950183055099174,-12.011970982705648,1.2454236225206505e-2,1.2454236225206505e-2,0.25013400581903394,119.00741468658629,119.00741468658629,119.24509445618011
