id,Expression,theta,size,MSE_train,MSE_val,MSE_test,R2_train,R2_val,R2_test,nll_train,nll_val,nll_test,mdl_train,mdl_val,mdl_test
0,(Abs((x19 * (x16 * x21))) ^ (Abs(((x16 * 70.46165914253896) * (x22 - x23))) ^ (Abs((-13.601939430559344 * x15)) ^ (((-11.617347490862354 * x26) + x9) * ((x7 * 10.299949786416217) + ((x16 + -9.02994857678595) * (-9.907740206978708 * x24))))))),70.46165914253896;-13.601939430559344;-11.617347490862354;10.299949786416217;-9.02994857678595;-9.907740206978708,38,9.388660066622145e-3,9.388660066622145e-3,2.2861414571079354e-2,0.9624453597335114,0.9624453597335114,-0.18925078598750256,9.388660066622145e-3,9.388660066622145e-3,2.2861414571079354e-2,94.79114569864397,94.79114569864397,94.80461845314844
