id,Expression,theta,size,MSE_train,MSE_val,MSE_test,R2_train,R2_val,R2_test,nll_train,nll_val,nll_test,mdl_train,mdl_val,mdl_test
0,(Abs((x23 * x26)) ^ (Abs((0.20483228194558054 + (Abs((x6 * (Abs(x17) ^ x3))) ^ ((x23 + (Abs(x3) ^ 1.7715554929424355)) * x26)))) ^ 36.060019603884214)),0.20483228194558054;1.7715554929424355;36.060019603884214,26,4.9281996663438796e-5,4.9281996663438796e-5,7.269081084721693e-3,0.9998028720133463,0.9998028720133463,0.621862401972792,4.9281996663438796e-5,4.9281996663438796e-5,7.269081084721693e-3,46.141765406057274,46.141765406057274,46.14898520514533
