id,Expression,theta,size,MSE_train,MSE_val,MSE_test,R2_train,R2_val,R2_test,nll_train,nll_val,nll_test,mdl_train,mdl_val,mdl_test
0,(Abs((x6 / (Abs(x0) ^ x2))) ^ (Abs(Recip((((-3.297144708452787 + x16) * x2) + (Abs(x0) ^ (x24 - x2))))) ^ (Recip(x27) / x6))),-3.297144708452787,27,0.0,0.0,6.979113725800787e-2,1.0,1.0,-2.6305349601614303,0.0,0.0,6.979113725800787e-2,58.99383522161534,58.99383522161534,59.06362635887335
