id,Expression,theta,size,MSE_train,MSE_val,MSE_test,R2_train,R2_val,R2_test,nll_train,nll_val,nll_test,mdl_train,mdl_val,mdl_test
0,(Abs((x30 * 6.530019128170175)) ^ Recip((Abs((Abs((Abs(x15) ^ ((1.7791040402465914 * (-1.00236859477768 + ((Recip(x30) + x21) + x12))) - (x30 * (Recip(x6) - (-0.8842270597717587 - (Recip((x12 / x28)) / x15))))))) ^ (((Abs(x20) ^ x22) * 0.7592045803326943) - (x12 / x28)))) ^ 2.4316568344527116))),6.530019128170175;1.7791040402465914;-1.00236859477768;-0.8842270597717587;0.7592045803326943;2.4316568344527116,48,1.3234652961996335e-2,1.3234652961996335e-2,1.8547103712516915e242,0.9470613881520147,0.9470613881520147,-9.648203351250931e243,1.3234652961996335e-2,1.3234652961996335e-2,1.8547103712516915e242,116.45939330035704,116.45939330035704,1.8547103712516915e242
