id,Expression,theta,size,MSE_train,MSE_val,MSE_test,R2_train,R2_val,R2_test,nll_train,nll_val,nll_test,mdl_train,mdl_val,mdl_test
0,(((Abs((Abs((Abs(x9) ^ (Abs((Abs(x5) ^ (Abs(Recip(x17)) ^ x27))) ^ (((Abs(x9) ^ x28) + (Abs((x28 - x24)) ^ x13)) * (Abs(x30) ^ (x14 + x17)))))) ^ 45.37124706856171)) ^ x28) / (x14 + x21)) * 0.21084072247497834),45.37124706856171;0.21084072247497834,43,1.6449569349333084e-2,1.6449569349333084e-2,3.0735537827171526e-2,0.9342017226026677,0.9342017226026677,-0.5988626777694017,1.6449569349333084e-2,1.6449569349333084e-2,3.0735537827171526e-2,96.34570326726069,96.34570326726069,96.35998923573852
