id,Expression,theta,size,MSE_train,MSE_val,MSE_test,R2_train,R2_val,R2_test,nll_train,nll_val,nll_test,mdl_train,mdl_val,mdl_test
0,Recip((x13 + ((Abs(x25) ^ x25) + (Abs(x13) ^ ((Abs(x27) ^ x13) * ((x13 + ((13.233228725279098 - (x21 * x13)) + (x2 + (((x28 * x13) * (-164.23908116791296 - (x21 + x10))) + 14.819527261488775)))) + ((-289.00373946667304 - x28) * x21))))))),13.233228725279098;-164.23908116791296;14.819527261488775;-289.00373946667304,43,1.1636639056307196e-2,1.1636639056307196e-2,2.232357656249636e-2,0.9534534437747713,0.9534534437747713,-0.16127245278101632,1.1636639056307196e-2,1.1636639056307196e-2,2.232357656249636e-2,102.60961093751777,102.60961093751777,102.62029787502397
