id,Expression,theta,size,MSE_train,MSE_val,MSE_test,R2_train,R2_val,R2_test,nll_train,nll_val,nll_test,mdl_train,mdl_val,mdl_test
0,(Abs(x0) ^ (Abs(Recip(((Abs((Abs(x24) ^ (((x15 + -33.11325136169063) - ((x1 * Recip((Abs(x0) ^ x12))) + ((x21 * 10.19852570713747) + 33.534076582230945))) * (Abs(x21) ^ x21)))) ^ 32.295934027702444) + Recip(x21)))) ^ ((((x21 * 47.08539770615151) + -7.467190085497443) + x12) + (Abs(x21) ^ (x18 / x25))))),-33.11325136169063;10.19852570713747;33.534076582230945;32.295934027702444;47.08539770615151;-7.467190085497443,51,0.0,0.0,8.0e-2,1.0,1.0,-3.161599999999841,0.0,0.0,8.0e-2,119.15420884849725,119.15420884849725,119.23420884849725
