id,Expression,theta,size,MSE_train,MSE_val,MSE_test,R2_train,R2_val,R2_test,nll_train,nll_val,nll_test,mdl_train,mdl_val,mdl_test
0,(Recip((x10 * (x13 / x30))) * (1.1089400217305851 - ((Abs(1.3214129999157034) ^ (x10 * ((x24 / x17) - x3))) - (((7.254810477347744 * (Abs((Abs(0.3795550919433107) ^ x20)) ^ -0.14820499799838777)) * (x20 * (Abs((((x30 * x19) + (-0.7032017461128514 / (-2.627255752589636e-2 - x17))) * ((x0 * x10) * -1.007787439025448))) ^ x19))) + x2)))),1.1089400217305851;1.3214129999157034;7.254810477347744;0.3795550919433107;-0.14820499799838777;-0.7032017461128514;-2.627255752589636e-2;-1.007787439025448,52,9.562468161460805e-2,9.562468161460805e-2,6.344307417308745e7,0.6175012735415678,0.6175012735415678,-3.300308717483883e9,9.562468161460805e-2,9.562468161460805e-2,6.344307417308745e7,136.08986519631299,136.08986519631299,6.344321016732796e7
