id,Expression,theta,size,MSE_train,MSE_val,MSE_test,R2_train,R2_val,R2_test,nll_train,nll_val,nll_test,mdl_train,mdl_val,mdl_test
0,Recip(((Abs(Recip(((Abs(((x6 * Recip((Recip(((x7 * x7) * -0.27040507792396307)) - x20))) - x3)) ^ x20) * ((x30 * (x10 / (x19 + x6))) * -1.5650815166762942e-2)))) ^ (Abs((Abs((x30 / x6)) ^ (x30 / x29))) ^ ((x10 * -5.727696912207232) * 6.138505418978045))) * (Abs(x24) ^ (x2 * 9.41574675565305e-2)))),-0.27040507792396307;-1.5650815166762942e-2;-5.727696912207232;6.138505418978045;9.41574675565305e-2,52,4.921350622068577e-2,4.921350622068577e-2,0.13045539243787038,0.8031459751172569,0.8031459751172569,-5.786289514617758,4.921350622068577e-2,4.921350622068577e-2,0.13045539243787038,133.21024067686287,133.21024067686287,133.29148256308005
