id,Expression,theta,size,MSE_train,MSE_val,MSE_test,R2_train,R2_val,R2_test,nll_train,nll_val,nll_test,mdl_train,mdl_val,mdl_test
0,Recip((Abs(Recip(x12)) ^ (Abs((x15 / x0)) ^ (x9 * ((Abs((Abs((x0 - ((x14 * x29) * x3))) ^ ((Abs(x15) ^ (((x3 + x30) + x6) + x25)) - (((Abs(x19) ^ x21) * (Abs(x9) ^ (((x30 + x26) + -0.8733694296260811) + x25))) * x21)))) ^ -7.946684700441881) * -1.2956378644549562))))),-0.8733694296260811;-7.946684700441881;-1.2956378644549562,54,1.6035233412594597e-2,1.6035233412594597e-2,3.880208316106825e-2,0.9358590663496216,0.9358590663496216,-1.018484366038693,1.6035233412594597e-2,1.6035233412594597e-2,3.880208316106825e-2,140.81545209045015,140.81545209045015,140.83821894019863
