id,Expression,theta,size,MSE_train,MSE_val,MSE_test,R2_train,R2_val,R2_test,nll_train,nll_val,nll_test,mdl_train,mdl_val,mdl_test
0,((((64.10718856554804 * (((x9 + (x0 + (-1.721772555475582 / (0.1628025659991026 / ((x14 + x15) * (x0 * x9)))))) + x9) * x15)) - ((Abs(x3) ^ ((Abs(x9) ^ (x14 + (x13 + x15))) + x0)) * (x0 * -87.435950136349))) + -5.1234233530869115) * x9),64.10718856554804;-1.721772555475582;0.1628025659991026;-87.435950136349;-5.1234233530869115,43,2.644668309281701e-2,2.644668309281701e-2,3.193225826936539e-2,0.894213267628732,0.894213267628732,-0.661116075172324,2.644668309281701e-2,2.644668309281701e-2,3.193225826936539e-2,101.90761932440083,101.90761932440083,101.91310489957738
