id,Expression,theta,size,MSE_train,MSE_val,MSE_test,R2_train,R2_val,R2_test,nll_train,nll_val,nll_test,mdl_train,mdl_val,mdl_test
0,(Abs(((Abs((x24 * (((x22 * (((Abs(((x0 * x8) - x0)) ^ (x2 * (-0.8396221561154029 - (x11 * 0.45411809337941694)))) + (Abs(9.903733451636354e-2) ^ (x16 + -1.334903501807244))) + (1.7135100537699808 + (1.6386361581452134 - (x23 / x24))))) + 16.011449690759985) * x6))) ^ (-4.850091227541261 + Recip(x6))) / ((x20 * -1.6515655893377084) + x25))) ^ x16),-0.8396221561154029;0.45411809337941694;9.903733451636354e-2;-1.334903501807244;1.7135100537699808;1.6386361581452134;16.011449690759985;-4.850091227541261;-1.6515655893377084,52,3.948392475427081e-2,3.948392475427081e-2,9.711361432044402e-2,0.8420643009829167,0.8420643009829167,-4.051850216949305,3.948392475427081e-2,3.948392475427081e-2,9.711361432044402e-2,138.77732830377016,138.77732830377016,138.83495799333633
