id,Expression,theta,size,MSE_train,MSE_val,MSE_test,R2_train,R2_val,R2_test,nll_train,nll_val,nll_test,mdl_train,mdl_val,mdl_test
0,((Abs(((x27 * (x27 * 8.75008685521811e-3)) * ((Abs((x2 - x19)) ^ (Abs(x2) ^ (Recip(Recip(Recip(x8))) - ((x26 + 0.2261454069752807) - (x18 / (-0.8583472203121838 + x21)))))) * 0.15037472883623665))) ^ x21) * (x27 * ((Abs(x1) ^ ((x27 * (Abs(x2) ^ -1.1429317056379467)) * x11)) * 25.548888317510205))),8.75008685521811e-3;0.2261454069752807;-0.8583472203121838;0.15037472883623665;-1.1429317056379467;25.548888317510205,49,0.10528521739823075,0.10528521739823075,Infinity,0.5788591304070769,0.5788591304070769,-Infinity,0.10528521739823075,0.10528521739823075,Infinity,122.09918899594861,122.09918899594861,Infinity
