id,Expression,theta,size,MSE_train,MSE_val,MSE_test,R2_train,R2_val,R2_test,nll_train,nll_val,nll_test,mdl_train,mdl_val,mdl_test
0,(((Abs(x19) ^ (x24 * ((Abs((Abs(((Abs(x26) ^ ((x22 + 57.23057161111881) * x15)) * (x8 * x15))) ^ (x6 * -89.07568442289083))) ^ x22) * ((((x12 * (x9 + x6)) + x29) * x0) - (x15 * 7.5299758026837315e-3))))) - ((Abs((Abs(x26) ^ (-16.79925459826919 * (0.11178071888885228 * x12)))) ^ x22) * x7)) + x7),57.23057161111881;-89.07568442289083;7.5299758026837315e-3;-16.79925459826919;0.11178071888885228,55,2.20527364646491e-2,2.20527364646491e-2,Infinity,0.9117890541414035,0.9117890541414035,-Infinity,2.20527364646491e-2,2.20527364646491e-2,Infinity,138.84950659521922,138.84950659521922,Infinity
