id,Expression,theta,size,MSE_train,MSE_val,MSE_test,R2_train,R2_val,R2_test,nll_train,nll_val,nll_test,mdl_train,mdl_val,mdl_test
0,((((x9 + (-0.41421002378879945 + (0.788748293030701 / x3))) + x18) * x18) - ((Abs(x23) ^ x20) + (-0.5269145507532924 + (Abs(x19) ^ (((((x3 - ((2.7102737230922362 / x3) - x0)) * -2.418955564763834) + (Abs((x12 + (((Abs(x18) ^ x20) / x18) - x27))) ^ x1)) * x15) * x15))))),-0.41421002378879945;0.788748293030701;-0.5269145507532924;2.7102737230922362;-2.418955564763834,49,9.179080526331776e-2,9.179080526331776e-2,0.1395097854333447,0.632836778946729,0.632836778946729,-6.257299038242314,9.179080526331776e-2,9.179080526331776e-2,0.1395097854333447,127.58639128779305,127.58639128779305,127.63411026796308
