id,Expression,theta,size,MSE_train,MSE_val,MSE_test,R2_train,R2_val,R2_test,nll_train,nll_val,nll_test,mdl_train,mdl_val,mdl_test
0,((Abs(-0.4406910768480013) ^ x9) + (x9 - (Abs((x4 / x13)) ^ (Abs(((((Abs(x26) ^ (Abs(((((x4 + (x19 - x9)) * 0.6399083898583975) - (x4 / x9)) + -0.8473243746008743)) ^ ((1.9106312900232323 + x4) + (2.3934066058691843 - (x16 / x9))))) * -4.357846579702378) - (x4 / x9)) + x4)) ^ (x19 + -9.234880856486091))))),-0.4406910768480013;0.6399083898583975;-0.8473243746008743;1.9106312900232323;2.3934066058691843;-4.357846579702378;-9.234880856486091,52,2.8213174534436964e-2,2.8213174534436964e-2,0.13720266195527772,0.8871473018622521,0.8871473018622521,-6.137282474913274,2.8213174534436964e-2,2.8213174534436964e-2,0.13720266195527772,116.81882571457047,116.81882571457047,116.9278152019913
