id,Expression,theta,size,MSE_train,MSE_val,MSE_test,R2_train,R2_val,R2_test,nll_train,nll_val,nll_test,mdl_train,mdl_val,mdl_test
0,Recip(((Abs(((((Abs(x15) ^ x3) + (Abs(x24) ^ x0)) - Recip(x30)) * x26)) ^ (x30 - ((x1 + Recip(x10)) + 128.47785556679645))) + Recip((Abs((Abs(x12) ^ (Abs(x2) ^ (Abs((Abs((Abs(x21) ^ x23)) ^ (x18 + 31.23853657918987))) ^ x16)))) ^ (x17 * ((x5 + (x8 / x20)) + 15.899115888433457)))))),128.47785556679645;31.23853657918987;15.899115888433457,56,3.866753331141828e-2,3.866753331141828e-2,7.756485356117322e16,0.8453298667543269,0.8453298667543269,-4.034923682252077e18,3.866753331141828e-2,3.866753331141828e-2,7.756485356117322e16,151.32583130211682,151.32583130211682,7.756485356117336e16
