id,Expression,theta,size,MSE_train,MSE_val,MSE_test,R2_train,R2_val,R2_test,nll_train,nll_val,nll_test,mdl_train,mdl_val,mdl_test
0,(Abs((x21 - x9)) ^ Recip((Abs(Recip((Recip((((x21 - ((x18 - x21) + (x18 - x0))) * 2.6464187249144775) - (Abs(x12) ^ x29))) + (x16 + x19)))) ^ ((x0 - x9) * -44.42250646769861)))),2.6464187249144775;-44.42250646769861,35,5.978805555267974e-2,5.978805555267974e-2,0.10026888743465906,0.760847777789281,0.760847777789281,-4.215987524350766,5.978805555267974e-2,5.978805555267974e-2,0.10026888743465906,84.50962260324094,84.50962260324094,84.55010343512294
