id,Expression,theta,size,MSE_train,MSE_val,MSE_test,R2_train,R2_val,R2_test,nll_train,nll_val,nll_test,mdl_train,mdl_val,mdl_test
0,(-1.413338377176272e-3 + ((Abs(x10) ^ (Abs((((x28 / x10) * x21) + x26)) ^ (((Abs(((-0.20521433774998665 / x21) + ((x29 / (Abs(x18) ^ 0.5685310140324786)) + x21))) ^ (((((x11 + x11) * (4.44579226946374 / x9)) * x11) + -0.45624806776799337) * x10)) + -4.695291774056484) * x10))) * (Abs(x14) ^ x8))),-1.413338377176272e-3;-0.20521433774998665;0.5685310140324786;4.44579226946374;-0.45624806776799337;-4.695291774056484,50,2.10826260415047e-2,2.10826260415047e-2,Infinity,0.9156694958339812,0.9156694958339812,-Infinity,2.10826260415047e-2,2.10826260415047e-2,Infinity,121.88334167564096,121.88334167564096,Infinity
