id,Expression,theta,size,MSE_train,MSE_val,MSE_test,R2_train,R2_val,R2_test,nll_train,nll_val,nll_test,mdl_train,mdl_val,mdl_test
0,((((((Recip(x14) - x10) + -0.4261854729842072) * x14) / Recip((Abs((x23 * -4.257300028332404)) ^ (((Abs(((x13 / x26) + ((-0.5071103208061981 / x8) / x10))) ^ ((-4.690903753984956 * (x12 * 3.487837353977902)) * 5.4475340517889554)) + -29.68889207675142) * x23)))) + -0.5196529697221979) * x12),-0.4261854729842072;-4.257300028332404;-0.5071103208061981;-4.690903753984956;3.487837353977902;5.4475340517889554;-29.68889207675142;-0.5196529697221979,41,5.417231146869332e-2,5.417231146869332e-2,Infinity,0.7833107541252267,0.7833107541252267,-Infinity,5.417231146869332e-2,5.417231146869332e-2,Infinity,102.97740816646377,102.97740816646377,Infinity
