id,Expression,theta,size,MSE_train,MSE_val,MSE_test,R2_train,R2_val,R2_test,nll_train,nll_val,nll_test,mdl_train,mdl_val,mdl_test
0,(Abs((x21 * x6)) ^ (Abs(x6) ^ (x9 * ((Abs((x26 - x0)) ^ (x9 * (((((Abs(4.924557124501952) ^ (x0 / x6)) * -9.445646937926464) + (x3 * x21)) + (((x26 - x24) + (((0.793151460559546 + (Abs(x8) ^ x22)) * x0) * x15)) * x15)) * x21))) * x21)))),4.924557124501952;-9.445646937926464;0.793151460559546,50,3.262231265009106e-3,3.262231265009106e-3,8.789094251075236e-2,0.9869510749399636,0.9869510749399636,-3.5720868294091623,3.262231265009106e-3,3.262231265009106e-3,8.789094251075236e-2,124.76975473205516,124.76975473205516,124.8543834433009
