id,Expression,theta,size,MSE_train,MSE_val,MSE_test,R2_train,R2_val,R2_test,nll_train,nll_val,nll_test,mdl_train,mdl_val,mdl_test
0,(Abs(-3.263027424612362e-2) ^ Recip((Abs((x24 / x0)) ^ (Abs((x10 / ((x24 / x26) * 0.16930553710027174))) ^ (((((Recip(x0) + x6) - x26) * 0.16953708496810366) / (x27 - (Abs((x12 - Recip((Abs(x9) ^ ((Abs((Abs(x0) ^ x16)) ^ x1) * x23))))) ^ Recip(x0)))) - x4))))),-3.263027424612362e-2;0.16930553710027174;0.16953708496810366,50,1.1384519789469433e-2,1.1384519789469433e-2,0.1555303251376015,0.9544619208421222,0.9544619208421222,-7.090687513657722,1.1384519789469433e-2,1.1384519789469433e-2,0.1555303251376015,126.6222606239464,126.6222606239464,126.76640642929453
