id,Expression,theta,size,MSE_train,MSE_val,MSE_test,R2_train,R2_val,R2_test,nll_train,nll_val,nll_test,mdl_train,mdl_val,mdl_test
0,(Abs((Recip((((x25 * (Abs(x30) ^ -119.01472201398951)) / (x1 + ((x7 + x8) / x10))) / Recip(Recip(x26)))) / ((Abs(x25) ^ (x0 * x26)) / x30))) ^ (Abs(x25) ^ ((Abs(-249.70744525533604) ^ (Abs(x30) ^ (x22 + (x3 / x0)))) - x18))),-119.01472201398951;-249.70744525533604,46,8.646318736817447e-3,8.646318736817447e-3,3.0656474742846405e-2,0.9654147250527302,0.9654147250527302,-0.5947498161228091,8.646318736817447e-3,8.646318736817447e-3,3.0656474742846405e-2,115.62351663458341,115.62351663458341,115.64552679058943
