id,Expression,theta,size,MSE_train,MSE_val,MSE_test,R2_train,R2_val,R2_test,nll_train,nll_val,nll_test,mdl_train,mdl_val,mdl_test
0,((1.1578763356058488 - (0.28338468305703646 / (Abs(Recip(x17)) ^ x21))) - (Abs(((x25 - (x29 - x5)) * 1.6796284599704565)) ^ ((x6 + (x10 * (x15 * x5))) * (x15 + (Abs((x30 * (x30 * -0.15727476531701626))) ^ ((((((x15 - x30) + x15) * 1.2268931248889139) - x28) + x15) * -2.3351430361497827)))))),1.1578763356058488;0.28338468305703646;1.6796284599704565;-0.15727476531701626;1.2268931248889139;-2.3351430361497827,49,4.462194766977727e-2,4.462194766977727e-2,0.13147985875708765,0.8215122093208909,0.8215122093208909,-5.839582252543439,4.462194766977727e-2,4.462194766977727e-2,0.13147985875708765,130.37243577425573,130.37243577425573,130.45929368534303
