id,Expression,theta,size,MSE_train,MSE_val,MSE_test,R2_train,R2_val,R2_test,nll_train,nll_val,nll_test,mdl_train,mdl_val,mdl_test
0,(Abs(x21) ^ (Abs(((Abs((((Abs(x3) ^ x6) + x15) + x21)) ^ 4.778014605242075) + x1)) ^ (Abs(Recip((Abs((Abs(((x6 / x5) * x13)) ^ (Abs((Abs((x17 / x4)) ^ x8)) ^ x1))) ^ (x4 * 6.027458523409666)))) ^ 4.194311133444345))),4.778014605242075;6.027458523409666;4.194311133444345,43,1.0174187639056014e-2,1.0174187639056014e-2,Infinity,0.959303249443776,0.959303249443776,-Infinity,1.0174187639056014e-2,1.0174187639056014e-2,Infinity,94.27819074379161,94.27819074379161,Infinity
