id,Expression,theta,size,MSE_train,MSE_val,MSE_test,R2_train,R2_val,R2_test,nll_train,nll_val,nll_test,mdl_train,mdl_val,mdl_test
0,(Abs(x26) ^ (Abs((((x30 * -24.63928483955447) * (Abs(((x26 + -0.24990103458481916) / ((x26 + ((x4 + Recip(x16)) + (x26 - x22))) - (x30 - (x7 * (x27 / x30)))))) ^ ((x12 * 1.2822339499556474) * 3.0593296280855586))) / x28)) ^ (Abs(((Abs(21.342905583752206) ^ (Abs((-1.7428060839010349 / x3)) ^ x24)) - x17)) ^ (x2 + x25)))),-24.63928483955447;-0.24990103458481916;1.2822339499556474;3.0593296280855586;21.342905583752206;-1.7428060839010349,56,3.940762195168738e-3,3.940762195168738e-3,Infinity,0.9842369512193251,0.9842369512193251,-Infinity,3.940762195168738e-3,3.940762195168738e-3,Infinity,152.2300626483663,152.2300626483663,Infinity
