id,Expression,theta,size,MSE_train,MSE_val,MSE_test,R2_train,R2_val,R2_test,nll_train,nll_val,nll_test,mdl_train,mdl_val,mdl_test
0,(Abs(x5) ^ (Abs((Abs(x3) ^ (x7 + (((Abs(((-1.266668644722595 / x30) / ((1.243768414424309 + ((-0.8014758514200595 * x29) * 0.1218509196071132)) + (x15 / ((x16 / x29) / (Abs(x30) ^ x25)))))) ^ (Abs((x26 + x30)) ^ (Abs((x8 - x4)) ^ x29))) * x5) + -1.7468063946837509)))) ^ (2.5784029316176476 + x24))),-1.266668644722595;1.243768414424309;-0.8014758514200595;0.1218509196071132;-1.7468063946837509;2.5784029316176476,52,1.1191027030681734e-3,1.1191027030681734e-3,2.270381006503326e-2,0.9955235891877273,0.9955235891877273,-0.18105219958298524,1.1191027030681734e-3,1.1191027030681734e-3,2.270381006503326e-2,130.06784820803045,130.06784820803045,130.08943291539242
