id,Expression,theta,size,MSE_train,MSE_val,MSE_test,R2_train,R2_val,R2_test,nll_train,nll_val,nll_test,mdl_train,mdl_val,mdl_test
0,(Abs((Abs(x10) ^ (Abs((x3 + ((Abs(x16) ^ x14) / (Abs((x22 + x16)) ^ (Abs(x10) ^ x7))))) ^ ((((x10 * 31.383792665046265) + (x20 * x18)) * x25) * (x20 + (x20 / (Abs(x12) ^ (Abs(19.119291051215335) ^ x26)))))))) ^ 40.46531448870501),31.383792665046265;19.119291051215335;40.46531448870501,45,1.3690361974769738e-6,1.3690361974769738e-6,Infinity,0.99999452385521,0.99999452385521,-Infinity,1.3690361974769738e-6,1.3690361974769738e-6,Infinity,102.5857840919081,102.5857840919081,Infinity
