id,Expression,theta,size,MSE_train,MSE_val,MSE_test,R2_train,R2_val,R2_test,nll_train,nll_val,nll_test,mdl_train,mdl_val,mdl_test
0,(Abs(((x29 / x27) * x27)) ^ (((Abs((x3 * x13)) ^ (Abs(x30) ^ x24)) + x29) * Recip(Recip((Abs(x30) ^ (((Abs((((x27 * x27) + x5) * x27)) ^ (15.730091742896162 * (x26 * (Abs((x29 * x18)) ^ ((x16 * 6.838501268649206) * x29))))) + -6.886967074151683) - (Abs((x27 + x16)) ^ x29))))))),15.730091742896162;6.838501268649206;-6.886967074151683,56,3.4900854389705557e-7,3.4900854389705557e-7,Infinity,0.9999986039658244,0.9999986039658244,-Infinity,3.4900854389705557e-7,3.4900854389705557e-7,Infinity,138.8274542077631,138.8274542077631,Infinity
