id,Expression,theta,size,MSE_train,MSE_val,MSE_test,R2_train,R2_val,R2_test,nll_train,nll_val,nll_test,mdl_train,mdl_val,mdl_test
0,(Abs(((x2 / (x9 + ((x9 + (x0 - x16)) / x8))) / ((-6.29368297250832 / (((x0 - x16) / x11) / (-7.470238645868026 / x2))) / ((x2 / x11) / ((x0 * (x16 / x5)) + Recip(Recip((x0 * (-1.8765192606442818 + x0))))))))) ^ (x0 + x11)),-6.29368297250832;-7.470238645868026;-1.8765192606442818,46,5.273478474980053e-2,5.273478474980053e-2,0.11183889797993406,0.7890608610007979,0.7890608610007979,-4.817859472915948,5.273478474980053e-2,5.273478474980053e-2,0.11183889797993406,118.81031461743643,118.81031461743643,118.86941873066657
