id,Expression,theta,size,MSE_train,MSE_val,MSE_test,R2_train,R2_val,R2_test,nll_train,nll_val,nll_test,mdl_train,mdl_val,mdl_test
0,(Abs((Abs(x23) ^ x1)) ^ ((31.777442367473405 + (Abs(((x1 + (Abs((x1 / x15)) ^ ((((x6 + -9.32753656301552) - (9.267800065114104 + x20)) / Recip(x21)) - x14))) / x1)) ^ ((x27 / x2) + 22.803620322712018))) / ((Abs((Abs(x1) ^ -43.79023072584203)) ^ x23) / x4))),31.777442367473405;-9.32753656301552;9.267800065114104;22.803620322712018;-43.79023072584203,46,8.549235957604099e-3,8.549235957604099e-3,0.11094760228779155,0.9658030561695836,0.9658030561695836,-4.771494271010696,8.549235957604099e-3,8.549235957604099e-3,0.11094760228779155,110.91209812554885,110.91209812554885,111.01449649187904
