id,Expression,theta,size,MSE_train,MSE_val,MSE_test,R2_train,R2_val,R2_test,nll_train,nll_val,nll_test,mdl_train,mdl_val,mdl_test
0,(Abs(x24) ^ ((x15 * x3) / (Abs(x21) ^ (x3 * (((x26 + ((x19 * 183.7817120028594) * (x15 * x3))) * ((793.8389107814677 + (x26 * (15.357411905123717 * (((x4 * (x9 - x18)) + (x18 * x25)) + x9)))) + x9)) + (-32.131106861945085 + (Recip(x9) * (x23 / x30)))))))),183.7817120028594;793.8389107814677;15.357411905123717;-32.131106861945085,50,1.2142228981526651e-3,1.2142228981526651e-3,3.5651934045842125e-2,0.9951431084073893,0.9951431084073893,-0.8546136090646366,1.2142228981526651e-3,1.2142228981526651e-3,3.5651934045842125e-2,141.33428522288727,141.33428522288727,141.36872293403496
