id,Expression,theta,size,MSE_train,MSE_val,MSE_test,R2_train,R2_val,R2_test,nll_train,nll_val,nll_test,mdl_train,mdl_val,mdl_test
0,(((((697.9519237747313 * x0) * x0) + (((x21 + 4.85131244204415) * (x0 * 11.433270031572395)) * (x0 * (x0 * -42.44587132795699)))) + -3.0953640563635605) * x0),697.9519237747313;4.85131244204415;11.433270031572395;-42.44587132795699;-3.0953640563635605,23,1.857341311808716e-2,1.857341311808716e-2,5.472251063281066e-2,0.9257063475276514,0.9257063475276514,-1.846665003118702,1.857341311808716e-2,1.857341311808716e-2,5.472251063281066e-2,37.03564539910239,37.03564539910239,37.07179449661712
