id,Expression,theta,size,MSE_train,MSE_val,MSE_test,R2_train,R2_val,R2_test,nll_train,nll_val,nll_test,mdl_train,mdl_val,mdl_test
0,Recip((Abs(((x15 * x15) + (Abs(((1306.3385109059486 * x9) * x6)) ^ (x9 * x6)))) ^ (Abs((Abs((Abs((x8 * (Abs(x0) ^ ((Recip((Abs(x9) ^ x6)) * (84.94476556875942 * x24)) * x15)))) ^ (x15 * x9))) ^ -468.00348353584263)) ^ ((x15 * x9) * (338.89045631232614 + (x9 * x6)))))),1306.3385109059486;84.94476556875942;-468.00348353584263;338.89045631232614,52,2.011056854407343e-2,2.011056854407343e-2,4.292512261631955e-2,0.9195577258237063,0.9195577258237063,-1.2329648785008573,2.011056854407343e-2,2.011056854407343e-2,4.292512261631955e-2,107.92539784447075,107.92539784447075,107.948212398543
