id,Expression,theta,size,MSE_train,MSE_val,MSE_test,R2_train,R2_val,R2_test,nll_train,nll_val,nll_test,mdl_train,mdl_val,mdl_test
0,(Abs(Recip(((Abs(Recip(((x4 * (Abs((Abs(x6) ^ Recip(x16))) ^ x20)) * 26.3744601473149))) ^ -22.102814474358375) + (Abs((x25 - Recip(((Abs(x14) ^ (Abs(x6) ^ (x4 + x5))) * x5)))) ^ (x3 * x18))))) ^ Recip((Abs(x28) ^ (6.640724517047662 / Recip(((((Abs(x23) ^ x8) + x9) * 11.173945741917583) * x5)))))),26.3744601473149;-22.102814474358375;6.640724517047662;11.173945741917583,56,1.326597918389899e-2,1.326597918389899e-2,7.646838191077077e-2,0.946936083264404,0.946936083264404,-2.977885226998143,1.326597918389899e-2,1.326597918389899e-2,7.646838191077077e-2,140.81268283622146,140.81268283622146,140.8758852389483
