id,Expression,theta,size,MSE_train,MSE_val,MSE_test,R2_train,R2_val,R2_test,nll_train,nll_val,nll_test,mdl_train,mdl_val,mdl_test
0,(((Abs((Abs(((x4 / (x24 / x14)) / x14)) ^ (Abs((x15 / x14)) ^ x24))) ^ x24) * ((Abs(((Abs((x15 / x14)) ^ x24) * x12)) ^ x26) / (Abs(((Abs(((-1.0749135582007185 / x11) * x24)) ^ -214.59817882382208) + x24)) ^ x17))) * (Abs((x24 / x14)) ^ (Abs((x24 / x4)) ^ -1.5308724490982153))),-1.0749135582007185;-214.59817882382208;-1.5308724490982153,56,3.308632897635559e-2,3.308632897635559e-2,0.13342071066620537,0.8676546840945776,0.8676546840945776,-5.940545368855738,3.308632897635559e-2,3.308632897635559e-2,0.13342071066620537,120.58570612966858,120.58570612966858,120.68604051135843
