id,Expression,theta,size,MSE_train,MSE_val,MSE_test,R2_train,R2_val,R2_test,nll_train,nll_val,nll_test,mdl_train,mdl_val,mdl_test
0,(Abs((Abs(((Abs((x26 * x22)) ^ (x21 * ((x10 * Recip(x30)) / x3))) / (-5.330900480910766 / ((Abs(x9) ^ x11) / (((((Abs(x10) ^ Recip(Recip(x4))) * (((x25 + x26) * -1.6860288291416985) + x11)) * x14) + x3) * (x1 + x15)))))) ^ x29)) ^ (Recip(x30) * x29)),-5.330900480910766;-1.6860288291416985,52,2.8360215003277546e-2,2.8360215003277546e-2,0.11874239576875886,0.8865591399868898,0.8865591399868898,-5.1769794278906005,2.8360215003277546e-2,2.8360215003277546e-2,0.11874239576875886,140.82777707204085,140.82777707204085,140.9181592528063
