id,Expression,theta,size,MSE_train,MSE_val,MSE_test,R2_train,R2_val,R2_test,nll_train,nll_val,nll_test,mdl_train,mdl_val,mdl_test
0,Recip(((Abs((1.844740522965506 / x20)) ^ ((Abs((Recip(x13) + (x1 * -1.88204896765535))) ^ (x20 + ((Abs(-0.9833634647253431) ^ ((x20 * x27) * 0.7458296183628081)) + (Abs(x8) ^ Recip((Recip(Recip(((x27 + 0.31201994176225945) - x8))) / (x28 + -1.0861366965927102))))))) + -2.8725696999990475)) + (Abs(Recip(x13)) ^ x26))),1.844740522965506;-1.88204896765535;-0.9833634647253431;0.7458296183628081;0.31201994176225945;-1.0861366965927102;-2.8725696999990475,48,8.76658088371846e-3,8.76658088371846e-3,7.376101171662942e-2,0.9649336764651262,0.9649336764651262,-2.8370478294989163,8.76658088371846e-3,8.76658088371846e-3,7.376101171662942e-2,113.48823175433982,113.48823175433982,113.55322618517273
