id,Expression,theta,size,MSE_train,MSE_val,MSE_test,R2_train,R2_val,R2_test,nll_train,nll_val,nll_test,mdl_train,mdl_val,mdl_test
0,(x6 * (((-0.38617868153103263 + (x3 * 11.99118442724274)) + (((-46.280955849252805 * x9) - x6) + (x15 + ((17.707272349809585 * x18) + -7.413551743918127e-3)))) - ((((-56.12668703052023 * (x15 - x30)) + (-0.6310059388479512 + (x5 * 25.48842917956043))) + ((-25.359330585131012 * x6) + ((x5 * x28) + (x28 - x1)))) + -1.3863365474390839))),-0.38617868153103263;11.99118442724274;-46.280955849252805;17.707272349809585;-7.413551743918127e-3;-56.12668703052023;-0.6310059388479512;25.48842917956043;-25.359330585131012;-1.3863365474390839,47,3.062916524533578e-2,3.062916524533578e-2,0.11115240266592184,0.8774833390186569,0.8774833390186569,-4.782147986681033,3.062916524533578e-2,3.062916524533578e-2,0.11115240266592184,120.58324896593756,120.58324896593756,120.66377220335815
