id,Expression,theta,size,MSE_train,MSE_val,MSE_test,R2_train,R2_val,R2_test,nll_train,nll_val,nll_test,mdl_train,mdl_val,mdl_test
0,Recip((Abs((Recip(((x5 * 0.2399532977888534) / (((x3 + (x2 + x11)) * 18.81109815193981) + x4))) / x3)) ^ (Abs(((x7 - x4) + x29)) ^ Recip(((Abs((Abs(((((Recip((x4 - x18)) * x14) - x17) + x26) - x0)) ^ 0.34033687249600403)) ^ (Abs(x22) ^ (x7 * -0.8396390764675632))) + -0.6128467355979523))))),0.2399532977888534;18.81109815193981;0.34033687249600403;-0.8396390764675632;-0.6128467355979523,52,9.505715567070633e-2,9.505715567070633e-2,0.12755052459199867,0.6197713773171747,0.6197713773171747,-5.635178289275517,9.505715567070633e-2,9.505715567070633e-2,0.12755052459199867,140.89447401270826,140.89447401270826,140.92696738162957
