id,Expression,theta,size,MSE_train,MSE_val,MSE_test,R2_train,R2_val,R2_test,nll_train,nll_val,nll_test,mdl_train,mdl_val,mdl_test
0,((1.243436265894007 + (0.33374268043482197 * (x15 - (x6 - (x12 * -0.5995926733954463))))) * (Abs(x0) ^ (Abs((x24 - x26)) ^ (((((x26 * x15) * 1.587925575591909) - ((-9.73131160481593 * (x15 - x3)) - ((x15 * 2.957651361284817) * (2.531031413162857 * x19)))) - x19) + (7.906879141619438 * (x6 - x30)))))),1.243436265894007;0.33374268043482197;-0.5995926733954463;1.587925575591909;-9.73131160481593;2.957651361284817;2.531031413162857;7.906879141619438,47,4.670391723232472e-2,4.670391723232472e-2,0.10974275281509871,0.8131843310707011,0.8131843310707011,-4.708818001441217,4.670391723232472e-2,4.670391723232472e-2,0.10974275281509871,118.80428374991895,118.80428374991895,118.86732258550173
