id,Expression,theta,size,MSE_train,MSE_val,MSE_test,R2_train,R2_val,R2_test,nll_train,nll_val,nll_test,mdl_train,mdl_val,mdl_test
0,((x27 * ((x10 + -89.81138484073206) + ((Abs(x24) ^ x21) * 120.66630673871862))) + (x27 * ((533.121541728879 + ((Abs(x24) ^ x21) * -726.7274862505757)) / (((Abs((x1 * (x23 + x23))) ^ x27) + ((Abs(x24) ^ x21) * (x8 * x24))) / x3)))),-89.81138484073206;120.66630673871862;533.121541728879;-726.7274862505757,43,4.060806277205312e-2,4.060806277205312e-2,9.222752945182824e-2,0.8375677489117875,0.8375677489117875,-3.797676082083922,4.060806277205312e-2,4.060806277205312e-2,9.222752945182824e-2,100.07363300377199,100.07363300377199,100.12525247045177
