id,Expression,theta,size,MSE_train,MSE_val,MSE_test,R2_train,R2_val,R2_test,nll_train,nll_val,nll_test,mdl_train,mdl_val,mdl_test
0,(Abs(((x17 * x5) + -4.637457063428826e-2)) ^ (Abs(((Abs(((x1 * Recip(x4)) + x5)) ^ (Abs(((4.256373811003471 * (((Abs(x5) ^ x7) - x19) / x30)) * (-3.7594727963770547 - (x15 / (x9 / x1))))) ^ x17)) * x1)) ^ ((x6 - x1) * ((x5 - x17) * -13.928214557937814)))),-4.637457063428826e-2;4.256373811003471;-3.7594727963770547;-13.928214557937814,49,2.852153423849705e-2,2.852153423849705e-2,0.12113408790445908,0.8859138630460118,0.8859138630460118,-5.30139525278972,2.852153423849705e-2,2.852153423849705e-2,0.12113408790445908,124.68990867271201,124.68990867271201,124.78252122637798
