id,Expression,theta,size,MSE_train,MSE_val,MSE_test,R2_train,R2_val,R2_test,nll_train,nll_val,nll_test,mdl_train,mdl_val,mdl_test
0,(((x18 + (x6 - (Abs(((0.6063279707005573 + ((-0.21970576718767243 * x10) * 0.7354220089137646)) + ((-0.8461382727247198 - x24) - (-1.7929958866098925e-2 / x18)))) ^ x10))) + -2.7470434119487158e-2) - (-4.677584391934586e-2 / x18)),0.6063279707005573;-0.21970576718767243;0.7354220089137646;-0.8461382727247198;-1.7929958866098925e-2;-2.7470434119487158e-2;-4.677584391934586e-2,28,3.8664069426784714e-2,3.8664069426784714e-2,8.379946467232194e-2,0.8453437222928611,0.8453437222928611,-3.359248152254021,3.8664069426784714e-2,3.8664069426784714e-2,8.379946467232194e-2,62.208461580266025,62.208461580266025,62.25359697551156
