id,Expression,theta,size,MSE_train,MSE_val,MSE_test,R2_train,R2_val,R2_test,nll_train,nll_val,nll_test,mdl_train,mdl_val,mdl_test
0,(Abs((Abs(x4) ^ x4)) ^ (x4 * (((Abs(((x16 - x13) * (((((x30 * -0.23100223056931082) / x4) * x20) / x5) * (Recip((x15 - (Abs(-0.1775813099920431) ^ (x22 / x17)))) - (x26 + -0.47596109031561534))))) ^ -2.375770400566565) + x9) / x0))),-0.23100223056931082;-0.1775813099920431;-0.47596109031561534;-2.375770400566565,42,3.7112493448392535e-2,3.7112493448392535e-2,Infinity,0.8515500262064298,0.8515500262064298,-Infinity,3.7112493448392535e-2,3.7112493448392535e-2,Infinity,111.92579370177312,111.92579370177312,Infinity
