id,Expression,theta,size,MSE_train,MSE_val,MSE_test,R2_train,R2_val,R2_test,nll_train,nll_val,nll_test,mdl_train,mdl_val,mdl_test
0,(Abs(x15) ^ (Abs((Abs(x4) ^ ((x4 + x10) + (Abs((x4 * -3.9736819385294475)) ^ x14)))) ^ (((x4 * ((-1.6732295363836114 + x21) - ((Abs(x29) ^ x14) * (0.4013487722631557 + x13)))) + x29) * ((((Abs(x4) ^ -3.526862268595102) + x14) + x24) + (4.8366187762142845 + x29))))),-3.9736819385294475;-1.6732295363836114;0.4013487722631557;-3.526862268595102;4.8366187762142845,47,7.475926733852763e-7,7.475926733852763e-7,0.1306753253454563,0.9999970096293065,0.9999970096293065,-5.797730424470378,7.475926733852763e-7,7.475926733852763e-7,0.1306753253454563,105.16292440351569,105.16292440351569,105.29359898126846
