id,Expression,theta,size,MSE_train,MSE_val,MSE_test,R2_train,R2_val,R2_test,nll_train,nll_val,nll_test,mdl_train,mdl_val,mdl_test
0,((Abs((x16 / x11)) ^ 0.1866983587737673) * (Abs(x5) ^ ((0.7784440107434514 * ((Abs((Abs((x16 / (((x13 / x12) + (x2 - x8)) * (Recip(x1) * (x30 - x7))))) ^ 4.3800431763690035)) ^ (Abs((x30 * (x7 * (Recip((Abs((x26 * -5.1988821509533975e-3)) ^ -1.176223490690543)) * x30)))) ^ x26)) * 1.1526542067905254)) / (x20 + x24)))),0.1866983587737673;0.7784440107434514;4.3800431763690035;-5.1988821509533975e-3;-1.176223490690543;1.1526542067905254,55,6.110603555947218e-2,6.110603555947218e-2,7.802282349777838e200,0.7555758577621112,0.7555758577621112,-4.0587472783542765e202,6.110603555947218e-2,6.110603555947218e-2,7.802282349777838e200,146.85198743970503,146.85198743970503,7.802282349777838e200
