id,Expression,theta,size,MSE_train,MSE_val,MSE_test,R2_train,R2_val,R2_test,nll_train,nll_val,nll_test,mdl_train,mdl_val,mdl_test
0,(Abs((Abs(-0.21035335142121897) ^ (x10 + (Abs(Recip((((x1 - x18) * x18) / (Abs((x27 * x18)) ^ x26)))) ^ (((x16 / x19) + x9) - ((Abs((Abs(x25) ^ x10)) ^ (x16 / x1)) / (Abs(x15) ^ x8))))))) ^ ((Abs((x16 / x1)) ^ ((Abs(x10) ^ -0.6469499066471145) / x1)) / x1)),-0.21035335142121897;-0.6469499066471145,55,2.7920390664681806e-2,2.7920390664681806e-2,0.12211819039908625,0.8883184373412728,0.8883184373412728,-5.352588264560224,2.7920390664681806e-2,2.7920390664681806e-2,0.12211819039908625,132.98502125388825,132.98502125388825,133.07921905362264
