id,Expression,theta,size,MSE_train,MSE_val,MSE_test,R2_train,R2_val,R2_test,nll_train,nll_val,nll_test,mdl_train,mdl_val,mdl_test
0,(Abs(x15) ^ (Abs(x11) ^ (((Abs(-26.382969884466775) ^ (x0 - ((((((x16 * (x0 * Recip(x12))) + (x9 * -4.956604085864645)) + (x3 * ((Abs(x16) ^ x0) + -3.3969863371364455))) + (-4.121041766712926 * x12)) - x8) + (Abs(x15) ^ x16)))) + x12) + -5.080819621506232))),-26.382969884466775;-4.956604085864645;-3.3969863371364455;-4.121041766712926;-5.080819621506232,45,2.0434677813530276e-2,2.0434677813530276e-2,0.1315776253455476,0.9182612887458789,0.9182612887458789,-5.844668070475124,2.0434677813530276e-2,2.0434677813530276e-2,0.1315776253455476,105.58272786242387,105.58272786242387,105.69387080995588
