id,Expression,theta,size,MSE_train,MSE_val,MSE_test,R2_train,R2_val,R2_test,nll_train,nll_val,nll_test,mdl_train,mdl_val,mdl_test
0,(Abs((((-10.895521735111757 * x20) / ((x16 - Recip(x12)) * x26)) * ((Abs(x10) ^ ((((Abs(x12) ^ x26) * ((((Abs(x24) ^ x29) * x16) * x1) - x5)) - (x10 * (x25 * -79.51594778887898))) * 1.3878452901251102)) * (Abs((Abs(Recip((x28 / x18))) ^ (x1 / x25))) ^ (x10 + x16))))) ^ x10),-10.895521735111757;-79.51594778887898;1.3878452901251102,55,5.513601454493299e-2,5.513601454493299e-2,Infinity,0.779455941820268,0.779455941820268,-Infinity,5.513601454493299e-2,5.513601454493299e-2,Infinity,144.3326459937005,144.3326459937005,Infinity
