id,Expression,theta,size,MSE_train,MSE_val,MSE_test,R2_train,R2_val,R2_test,nll_train,nll_val,nll_test,mdl_train,mdl_val,mdl_test
0,(((x17 - (Abs(((Abs((x17 - (Abs(((Abs(-0.38466801912943005) ^ (-0.35670687466340706 + x15)) * x17)) ^ x0))) ^ (Abs(x0) ^ Recip((-9.770662173933649e-2 + x17)))) * ((x17 * x9) + (4.514259029799413 * x17)))) ^ x0)) * -3.921725193434069) * (Abs(((Abs((x12 * x17)) ^ Recip((x9 + x12))) * -3.2399466038289666)) ^ x0)),-0.38466801912943005;-0.35670687466340706;-9.770662173933649e-2;4.514259029799413;-3.921725193434069;-3.2399466038289666,52,4.638000410549589e-2,4.638000410549589e-2,9.67374228338875e-2,0.8144799835780164,0.8144799835780164,-4.032280735818636,4.638000410549589e-2,4.638000410549589e-2,9.67374228338875e-2,107.95166728003218,107.95166728003218,108.00202469876056
