id,Expression,theta,size,MSE_train,MSE_val,MSE_test,R2_train,R2_val,R2_test,nll_train,nll_val,nll_test,mdl_train,mdl_val,mdl_test
0,(Abs(Recip(((x16 / x18) + x1))) ^ ((Abs(((Abs((x25 / x10)) ^ (((x0 - x1) - x16) - (x24 / x21))) + (x24 + x21))) ^ 1.6295596163954655) + ((Abs((((x24 / x21) + x11) + ((3.921984511089211 * x1) + x24))) ^ (x1 / x18)) + -2.5657564155506636))),1.6295596163954655;3.921984511089211;-2.5657564155506636,48,5.368527870787155e-2,5.368527870787155e-2,0.1227202274956341,0.7852588851685138,0.7852588851685138,-5.383906234322643,5.368527870787155e-2,5.368527870787155e-2,0.1227202274956341,122.04758905725825,122.04758905725825,122.11662400604601
