id,Expression,theta,size,MSE_train,MSE_val,MSE_test,R2_train,R2_val,R2_test,nll_train,nll_val,nll_test,mdl_train,mdl_val,mdl_test
0,(((Abs(((x4 + Recip((Abs((x5 * (x0 * x5))) ^ x19))) + (x21 + 2.725538085771953))) ^ x18) * (((x9 * (x0 + 14.340240785163962)) + x0) + (Abs((((x21 + x21) * (x21 - (x0 * (x9 * x5)))) * -1.4019000550800422)) ^ (2.7922619460582268 * x8)))) * (x21 + (x21 + -0.1738791121789491))),2.725538085771953;14.340240785163962;-1.4019000550800422;2.7922619460582268;-0.1738791121789491,51,3.060521006277833e-2,3.060521006277833e-2,7.449429088256573e-2,0.8775791597488867,0.8775791597488867,-2.8751930117109215,3.060521006277833e-2,3.060521006277833e-2,7.449429088256573e-2,126.70535703159517,126.70535703159517,126.74924611241497
