id,Expression,theta,size,MSE_train,MSE_val,MSE_test,R2_train,R2_val,R2_test,nll_train,nll_val,nll_test,mdl_train,mdl_val,mdl_test
0,((((((((192.824743714227 * x0) - x1) - x23) * x25) + ((x7 - x6) * -8.070461925311744)) + ((((x6 * -74.04275406885063) + (x11 / x1)) + x14) - (x6 * 75.38934693605553))) + ((x27 * 97.2783416098709) + (x18 + (((x27 * x27) - x11) + x2)))) * x9),192.824743714227;-8.070461925311744;-74.04275406885063;75.38934693605553;97.2783416098709,45,4.799274333651681e-2,4.799274333651681e-2,0.1604106418812801,0.8080290266539327,0.8080290266539327,-7.344561590663872,4.799274333651681e-2,4.799274333651681e-2,0.1604106418812801,127.54259322586626,127.54259322586626,127.65501112441102
