id,Expression,theta,size,MSE_train,MSE_val,MSE_test,R2_train,R2_val,R2_test,nll_train,nll_val,nll_test,mdl_train,mdl_val,mdl_test
0,(Abs(1.4531157915466877e-5) ^ Recip((Abs((x17 + (Abs(x18) ^ x5))) ^ (Abs(x25) ^ (((Abs(x17) ^ (Abs((8.366300723028493 + x3)) ^ (Abs((Abs(x4) ^ (5.906070816867383 + (Abs(x18) ^ x17)))) ^ (Abs(((-0.7347943935233983 * x16) * (x1 + x28))) ^ (x20 - x24))))) * (Abs(x27) ^ ((x5 / x18) * x17))) * -8.418590657932056))))),1.4531157915466877e-5;8.366300723028493;5.906070816867383;-0.7347943935233983;-8.418590657932056,57,1.2499642750584829e-2,1.2499642750584829e-2,6.051588150877669e-2,0.9500014289976607,0.9500014289976607,-2.148036156086443,1.2499642750584829e-2,1.2499642750584829e-2,6.051588150877669e-2,135.45669268440685,135.45669268440685,135.50470892316503
