id,Expression,theta,size,MSE_train,MSE_val,MSE_test,R2_train,R2_val,R2_test,nll_train,nll_val,nll_test,mdl_train,mdl_val,mdl_test
0,(((Abs(x6) ^ x16) - x16) * (((x23 + 3.13477043020109e-2) * -1.838589174620319) - ((((((Recip(Recip(Recip(x1))) * 0.27761399772250483) / (x6 / x0)) + -1.5677186092042588) * (Abs(x6) ^ x16)) + 0.5266141193199904) - ((Abs(x6) ^ x16) + (Abs(2.9354707907175395) ^ (-0.8138691350063215 * x11)))))),3.13477043020109e-2;-1.838589174620319;0.27761399772250483;-1.5677186092042588;0.5266141193199904;2.9354707907175395;-0.8138691350063215,44,4.4216574840663984e-2,4.4216574840663984e-2,0.11281007286800586,0.823133700637344,0.823133700637344,-4.86837999059344,4.4216574840663984e-2,4.4216574840663984e-2,0.11281007286800586,102.64219087330213,102.64219087330213,102.71078437132947
