id,Expression,theta,size,MSE_train,MSE_val,MSE_test,R2_train,R2_val,R2_test,nll_train,nll_val,nll_test,mdl_train,mdl_val,mdl_test
0,(Abs(x18) ^ Recip(((Abs(((Abs(((Abs(-24.16637563676454) ^ ((x15 + x18) * (3.6457649392993083 * (x0 + (3.319872096446321 * (x0 + x9)))))) * x9)) ^ (871.469347022971 * x27)) / (Abs(204.6246203984967) ^ ((x20 + x9) * x3)))) ^ x9) * x15))),-24.16637563676454;3.6457649392993083;3.319872096446321;871.469347022971;204.6246203984967,41,1.4291512355630317e-6,1.4291512355630317e-6,6.536179953795461e-2,0.9999942833950577,0.9999942833950577,-2.400120811964269,1.4291512355630317e-6,1.4291512355630317e-6,6.536179953795461e-2,92.33817829776656,92.33817829776656,92.40353866815327
