id,Expression,theta,size,MSE_train,MSE_val,MSE_test,R2_train,R2_val,R2_test,nll_train,nll_val,nll_test,mdl_train,mdl_val,mdl_test
0,(Abs(x10) ^ (Abs((((Abs((x1 / x15)) ^ x29) / ((Abs(x29) ^ x30) + x20)) - ((Recip((Abs(x19) ^ (-3.0893643859910913 * x29))) - ((Abs((Abs(x21) ^ 9.533574751913095)) ^ x26) + x2)) * (Abs((Abs((x1 * x21)) ^ x26)) ^ x6)))) ^ (x19 + 9.214521181888012))),-3.0893643859910913;9.533574751913095;9.214521181888012,49,4.82314749549982e-2,4.82314749549982e-2,Infinity,0.8070741001800072,0.8070741001800072,-Infinity,4.82314749549982e-2,4.82314749549982e-2,Infinity,115.66310179080159,115.66310179080159,Infinity
