id,Expression,theta,size,MSE_train,MSE_val,MSE_test,R2_train,R2_val,R2_test,nll_train,nll_val,nll_test,mdl_train,mdl_val,mdl_test
0,(Abs(x5) ^ (Abs((Abs(x5) ^ ((Abs((Abs(((Abs(x15) ^ x24) * (x5 * Recip(x6)))) ^ x27)) ^ 78.38931666129375) + -21.88590270228506))) ^ x1)),78.38931666129375;-21.88590270228506,26,4.794923809944742e-7,4.794923809944742e-7,9.500089535038221e-2,0.999998082030476,0.999998082030476,-3.9419465761266936,4.794923809944742e-7,4.794923809944742e-7,9.500089535038221e-2,47.95790593545979,47.95790593545979,48.052906351317795
