id,Expression,theta,size,MSE_train,MSE_val,MSE_test,R2_train,R2_val,R2_test,nll_train,nll_val,nll_test,mdl_train,mdl_val,mdl_test
0,(Abs(x5) ^ (Abs((x21 * Recip(x3))) ^ (Abs((Abs(x5) ^ (((x5 / Recip(x5)) * (((-289.1887805437355 - x9) + Recip(x30)) + Recip(((x28 * x21) / Recip((Abs(x9) ^ (Abs(x12) ^ (x21 * x30)))))))) / Recip(x3)))) ^ ((x23 * (-620.3518656204583 / x25)) * x24)))),-289.1887805437355;-620.3518656204583,51,2.103841133709662e-2,2.103841133709662e-2,6.0648049303557036e-2,0.9158463546516136,0.9158463546516136,-2.1549115247709167,2.103841133709662e-2,2.103841133709662e-2,6.0648049303557036e-2,127.51563889386684,127.51563889386684,127.55524853183329
