id,Expression,theta,size,MSE_train,MSE_val,MSE_test,R2_train,R2_val,R2_test,nll_train,nll_val,nll_test,mdl_train,mdl_val,mdl_test
0,(1.2226926825830986 * (Abs((((x2 - x22) * ((x22 + Recip(x8)) - (((Recip(Recip((Abs(x23) ^ x5))) - ((x3 * x0) - (x28 + (x8 * (x2 - x3))))) + (Abs(((Abs(x29) ^ x25) / (x24 - (Abs(x13) ^ x7)))) ^ Recip((Abs(Recip(x8)) ^ (x19 / x24))))) / ((x19 - x9) + (Abs(x22) ^ x24))))) / (((Abs(x30) ^ (x25 / x16)) * (x19 + x4)) - (((x4 + (Abs(x21) ^ x23)) / (Abs(x30) ^ Recip(x1))) * Recip(((1.5174588546097891 * x24) - x15)))))) ^ x4)),1.2226926825830986;1.5174588546097891,94,2.001243000318732e-2,2.001243000318732e-2,4.337347191704491e-2,0.9199502799872508,0.9199502799872508,-1.25628800912459,2.001243000318732e-2,2.001243000318732e-2,4.337347191704491e-2,279.9251912847203,279.9251912847203,279.94855232663417
