id,Expression,theta,size,MSE_train,MSE_val,MSE_test,R2_train,R2_val,R2_test,nll_train,nll_val,nll_test,mdl_train,mdl_val,mdl_test
0,(Abs(x1) ^ ((Recip((Recip(((Abs((Recip((x25 + (x12 * x20))) * x0)) ^ (x7 / Recip(((x18 - x5) + x15)))) + x1)) + ((Abs(x8) ^ (x23 + x8)) * (Abs(x6) ^ x8)))) + (((Abs((x7 + 0.2947652114838382)) ^ Recip((Recip((x7 + x15)) * x0))) * 13.594071169959852) * (x18 / x15))) - (-30.143451495052776 / (-30.654483624046474 - (Recip((Abs(x20) ^ x24)) + (x0 / (x22 / x23))))))),0.2947652114838382;13.594071169959852;-30.143451495052776;-30.654483624046474,72,8.766200592265966e-2,8.766200592265966e-2,Infinity,0.6493519763093614,0.6493519763093614,-Infinity,8.766200592265966e-2,8.766200592265966e-2,Infinity,201.02614289566858,201.02614289566858,Infinity
