id,Expression,theta,size,MSE_train,MSE_val,MSE_test,R2_train,R2_val,R2_test,nll_train,nll_val,nll_test,mdl_train,mdl_val,mdl_test
0,(((-1.665531274382951 + (x27 * -1.1148446130013843)) + x1) * (-5.8670043731261865 * (x27 * (x22 + (Abs(x7) ^ (((((((((x25 + (Abs(x1) ^ -0.2697484784577821)) - x22) * -1.0618466023806412) + (0.27557771034457657 + (-0.6386763351860674 - (Abs(x7) ^ -1.1752304165654817)))) + (0.16448595999723445 * x1)) * -1.4244707304767539) + (0.47601139685633176 + ((x1 * (x29 * x13)) + (x29 + x19)))) * (x10 * x17)) + ((-0.761353422422562 * (x27 * ((((x1 * (x29 * x13)) + (x29 + x19)) - (Abs(x1) ^ -2.5605239605778203)) + (Abs(x22) ^ ((-0.3643157159234931 * (x25 + x10)) + (x27 * Recip((Abs(x6) ^ x10)))))))) * (0.47005043642553185 - (Abs(x1) ^ 0.609981471926584))))))))),-1.665531274382951;-1.1148446130013843;-5.8670043731261865;-0.2697484784577821;-1.0618466023806412;0.27557771034457657;-0.6386763351860674;-1.1752304165654817;0.16448595999723445;-1.4244707304767539;0.47601139685633176;-0.761353422422562;-2.5605239605778203;-0.3643157159234931;0.47005043642553185;0.609981471926584,101,4.494209636717443e-2,4.494209636717443e-2,0.1232447732245651,0.8202316145313022,0.8202316145313022,-5.411193103141632,4.494209636717443e-2,4.494209636717443e-2,0.1232447732245651,266.3669964376515,266.3669964376515,266.4452991145089
