id,Expression,theta,size,MSE_train,MSE_val,MSE_test,R2_train,R2_val,R2_test,nll_train,nll_val,nll_test,mdl_train,mdl_val,mdl_test
0,((Abs(((-17.109941598115846 * (x27 * x0)) * (((Abs(x8) ^ (x17 * x26)) * x28) / x9))) ^ (Recip((Recip(x29) * Recip(x27))) / ((x30 / x8) - Recip(x0)))) * (Abs(x25) ^ (x25 / Recip(((Abs(((x21 * x24) / ((x29 - Recip((x26 - (x10 + (x6 / x27))))) / ((x11 / (Abs((((((Abs(x13) ^ (x17 * x26)) * x24) - x2) - x25) / x24)) ^ x29)) + ((520.8243048121753 + x17) * x27))))) ^ (((-46.588876938300956 + Recip(x27)) * x27) / (Abs(x8) ^ (x17 * x26)))) - x27))))),-17.109941598115846;520.8243048121753;-46.588876938300956,95,4.890357180963353e-2,4.890357180963353e-2,Infinity,0.8043857127614659,0.8043857127614659,-Infinity,4.890357180963353e-2,4.890357180963353e-2,Infinity,279.7176406424289,279.7176406424289,Infinity
