id,Expression,theta,size,MSE_train,MSE_val,MSE_test,R2_train,R2_val,R2_test,nll_train,nll_val,nll_test,mdl_train,mdl_val,mdl_test
0,Recip((Abs(((Recip((Abs(x23) ^ (((-44.82305091035819 * ((x27 * Recip(x8)) * x4)) - ((x24 * x21) + -2.517095003005073)) * (Recip(Recip(x19)) + 41.624980191606575)))) + -1.9489592119643264) - (((Abs(x19) ^ x27) / x2) * (-30.513001034773474 - Recip(x23))))) ^ (Abs(Recip((Abs(x23) ^ (x26 * 6.186794152045694)))) ^ (Abs((Recip((Abs(x23) ^ ((((x26 - Recip(x21)) * x5) - ((x24 * -133.6366560087818) + Recip((Abs((x22 + x14)) ^ ((x24 * x21) + -17.604529703970154))))) * (x21 * ((x30 * 23.732869144022708) - x29))))) + (Abs(x19) ^ x27))) ^ x6)))),-44.82305091035819;-2.517095003005073;41.624980191606575;-1.9489592119643264;-30.513001034773474;6.186794152045694;-133.6366560087818;-17.604529703970154;23.732869144022708,92,4.949141393775677e-3,4.949141393775677e-3,5.4546700085274256e-2,0.9802034344248973,0.9802034344248973,-1.8375193384358588,4.949141393775677e-3,4.949141393775677e-3,5.4546700085274256e-2,256.561472770134,256.561472770134,256.6110703288255
