id,Expression,theta,size,MSE_train,MSE_val,MSE_test,R2_train,R2_val,R2_test,nll_train,nll_val,nll_test,mdl_train,mdl_val,mdl_test
0,((Abs(x3) ^ (Abs((x11 + (Abs(x25) ^ (x17 + x11)))) ^ (x8 * 0.14551066969671927))) * (((Abs(x7) ^ (Abs((4.731300124251593 * ((x23 / (x15 + x2)) * Recip(((x30 / x6) + x28))))) ^ (-14.62039719267803 * x17))) * 7.7750255575552485) - (x11 * x6))),0.14551066969671927;4.731300124251593;-14.62039719267803;7.7750255575552485,45,2.4394023102445744e-2,2.4394023102445744e-2,1.0180102045251351e36,0.9024239075902171,0.9024239075902171,-5.29568908393955e37,2.4394023102445744e-2,2.4394023102445744e-2,1.0180102045251351e36,117.80195318976006,117.80195318976006,1.0180102045251351e36
