id,Expression,theta,size,MSE_train,MSE_val,MSE_test,R2_train,R2_val,R2_test,nll_train,nll_val,nll_test,mdl_train,mdl_val,mdl_test
0,Recip(((Abs((((Abs((x3 + x24)) ^ x4) + x5) - x2)) ^ -0.3098683935846795) / (5.209250191486765 * ((Abs(x5) ^ (x24 + (x4 - ((x1 + (Abs((1.1827845915078399 / ((Abs(x18) ^ x9) + (Abs(x11) ^ (x14 + -0.7195468049621261))))) ^ (x28 * Recip((((Recip((x22 * (Abs((x18 * (x9 + x17))) ^ x6))) * Recip(x11)) / (Recip(((Abs(x29) ^ x21) * x3)) - (x29 + x8))) * Recip(((((Abs((x26 * x7)) ^ Recip((x4 + x26))) + x22) - (x24 / x19)) - (Abs((x25 + x2)) ^ (Recip(x11) - x27))))))))) * (Recip(Recip(x12)) - (x9 / x22)))))) - x5)))),-0.3098683935846795;5.209250191486765;1.1827845915078399;-0.7195468049621261,107,5.791821231920388e-2,5.791821231920388e-2,1.7922531112439688,0.7683271507231845,0.7683271507231845,-92.2330068469077,5.791821231920388e-2,5.791821231920388e-2,1.7922531112439688,329.97406423354823,329.97406423354823,331.708399132473
