id,Expression,theta,size,MSE_train,MSE_val,MSE_test,R2_train,R2_val,R2_test,nll_train,nll_val,nll_test,mdl_train,mdl_val,mdl_test
0,(((Abs(Recip((x23 - (Abs(Recip(x19)) ^ (Abs(((x16 * -10.211756765539546) - ((-3.002829218067681 / Recip(x25)) + x28))) ^ (x15 * (Recip(((Abs(Recip(x12)) ^ (x25 * (x4 + (x4 + x16)))) / Recip(((x22 + x8) + (((Recip(x28) - (Abs(x3) ^ -7.936009339389748e-3)) * (Abs(x3) ^ -1.1275903810555734)) + (0.4856931612047557 / x28)))))) - ((x7 + -10.109942176297043) / x28)))))))) ^ (Abs((x23 * x7)) ^ x3)) + -0.13419320620145403) + x4),-10.211756765539546;-3.002829218067681;-7.936009339389748e-3;-1.1275903810555734;0.4856931612047557;-10.109942176297043;-0.13419320620145403,73,2.327232875079023e-2,2.327232875079023e-2,9.901275668468382e-2,0.9069106849968391,0.9069106849968391,-4.1506436027370555,2.327232875079023e-2,2.327232875079023e-2,9.901275668468382e-2,194.35624495373582,194.35624495373582,194.43198538166973
