id,Expression,theta,size,MSE_train,MSE_val,MSE_test,R2_train,R2_val,R2_test,nll_train,nll_val,nll_test,mdl_train,mdl_val,mdl_test
0,(Abs(Recip(Recip((x19 / Recip((x15 * (Abs(x10) ^ x21))))))) ^ (Abs(((x3 - (x1 + ((Abs((Abs(((Abs((Abs((x3 * Recip(x6))) ^ ((x28 + x7) + x26))) ^ (Abs((x9 - x11)) ^ (Abs(x18) ^ (x4 - x6)))) * ((x23 * x22) - x19))) ^ Recip(((x27 / (x26 + x9)) * (x13 - x16))))) ^ (Abs(-4.234322101739267e-2) ^ (Abs((x10 - (x7 - x22))) ^ x12))) - x9))) * Recip((Abs(x3) ^ (Abs((x11 + x26)) ^ x26))))) ^ (Recip(x29) + x16))),-4.234322101739267e-2,91,0.1282539748089815,0.1282539748089815,0.1408056362011356,0.48698410076407395,0.48698410076407395,-6.324709195182793,0.1282539748089815,0.1282539748089815,0.1408056362011356,260.04020576847483,260.04020576847483,260.05275742986703
