id,Expression,theta,size,MSE_train,MSE_val,MSE_test,R2_train,R2_val,R2_test,nll_train,nll_val,nll_test,mdl_train,mdl_val,mdl_test
0,((((((9.034782143542957 / (Recip((Abs(x23) ^ x4)) + (Abs((((x17 + x8) * x17) / ((x18 * (0.22214607326196942 - x29)) * ((Abs(x29) ^ x30) - x17)))) ^ (Recip((x30 * ((Abs((x14 * (x14 + x14))) ^ ((x7 * x25) * x6)) / (Abs(((x6 / x3) + ((x19 * x5) * (x5 + 0.733528747726404)))) ^ x28)))) - (Abs(x28) ^ Recip(((((x17 + x8) + x12) * ((((x30 * (Abs(x23) ^ (0.5815483291643083 / (x19 + x3)))) - x7) - x28) * x5)) + (x6 / x13)))))))) * (Abs(x27) ^ x23)) / (Abs(x2) ^ x3)) / (x18 / x15)) * x3) + -1.1476202727874828e-2),9.034782143542957;0.22214607326196942;0.733528747726404;0.5815483291643083;-1.1476202727874828e-2,107,5.357903751224105e-2,5.357903751224105e-2,0.18668436041740732,0.7856838499510358,0.7856838499510358,-8.711320428913158,5.357903751224105e-2,5.357903751224105e-2,0.18668436041740732,323.0455919059365,323.0455919059365,323.17869722884166
