id,Expression,theta,size,MSE_train,MSE_val,MSE_test,R2_train,R2_val,R2_test,nll_train,nll_val,nll_test,mdl_train,mdl_val,mdl_test
0,Recip(((x16 * (Abs((((x5 / ((x30 / (Abs(x29) ^ x14)) - (x25 / (0.19458673400966692 * (Abs((x0 / (x27 * Recip((Abs(x27) ^ x23))))) ^ x0))))) * x27) + x15)) ^ (x21 - (Abs(x30) ^ x30)))) + (Abs((Recip(((x16 * (Abs(((x23 + x15) / ((x21 + (Abs((x25 / x24)) ^ -0.7649799940921352)) - ((x15 * x26) - x6)))) ^ (x21 - (Abs(((x30 / (Recip(x14) / (x27 * -6.868243028423571e-4))) + Recip(((Abs((Abs(x20) ^ x12)) ^ x15) / x30)))) ^ x30)))) + (Abs((x25 / (-0.8968019904857228 * x13))) ^ (Abs(x11) ^ x1)))) / (-0.15562954984368738 * x13))) ^ Recip((x15 / x26))))),0.19458673400966692;-0.7649799940921352;-6.868243028423571e-4;-0.8968019904857228;-0.15562954984368738,110,6.644183865076089e-2,6.644183865076089e-2,0.13970410996379434,0.7342326453969564,0.7342326453969564,-6.267407800316304,6.644183865076089e-2,6.644183865076089e-2,0.13970410996379434,316.1018060267345,316.1018060267345,316.17506829804756
