id,Expression,theta,size,MSE_train,MSE_val,MSE_test,R2_train,R2_val,R2_test,nll_train,nll_val,nll_test,mdl_train,mdl_val,mdl_test
0,(Abs((Abs(x9) ^ Recip((Abs((x10 + -1.461786262811638)) ^ ((x5 - ((Abs(-0.6078772708717333) ^ (((x16 + 0.3711952946045251) - (x10 + 1.088038039502865)) / x24)) + 0.59919824062299)) / x3))))) ^ (Abs(Recip((Abs((((x8 + x13) * ((Abs((x10 + 0.6598900305097055)) ^ (((x9 + Recip((Abs(Recip((Abs(x7) ^ x3))) ^ ((x6 * x3) + x9)))) - (x3 + -0.7144431086185326)) / x3)) + x2)) * Recip(x13))) ^ (((x10 + 0.37503998578061404) - (x10 + -0.597478961004772)) + ((x9 + 0.47330547589561495) - (x10 + -0.33688724877221404)))))) ^ (((x29 + x15) / ((x15 + (x18 / x24)) + (x10 / x7))) * x11))),-1.461786262811638;-0.6078772708717333;0.3711952946045251;1.088038039502865;0.59919824062299;0.6598900305097055;-0.7144431086185326;0.37503998578061404;-0.597478961004772;0.47330547589561495;-0.33688724877221404,99,2.002070600732121e-2,2.002070600732121e-2,0.1138085620596961,0.9199171759707152,0.9199171759707152,-4.920321398345165,2.002070600732121e-2,2.002070600732121e-2,0.1138085620596961,278.21384150825577,278.21384150825577,278.3076293643082
