id,Expression,theta,size,MSE_train,MSE_val,MSE_test,R2_train,R2_val,R2_test,nll_train,nll_val,nll_test,mdl_train,mdl_val,mdl_test
0,((Abs((((x8 / (((x2 + x15) * x24) / ((x24 - x15) / (x10 / x1)))) / ((x19 - x22) * x0)) * ((Recip((x26 + 0.970277174597009)) * x6) * x0))) ^ (x26 * (Abs((((x6 + x29) - ((Abs(Recip(x30)) ^ x11) - x30)) - (Abs(x26) ^ ((x20 * x16) + (Abs(x0) ^ x8))))) ^ (((x25 + x0) - (x28 * x19)) + Recip(Recip((Abs(x10) ^ Recip(x18)))))))) / Recip(((x23 * ((((x23 * 7.1099312549792515) - x0) + (x6 * x2)) + 54.7487709019935)) * x30))),0.970277174597009;7.1099312549792515;54.7487709019935,91,3.240333659488835e-2,3.240333659488835e-2,Infinity,0.8703866536204465,0.8703866536204465,-Infinity,3.240333659488835e-2,3.240333659488835e-2,Infinity,280.1785369469629,280.1785369469629,Infinity
