id,Expression,theta,size,MSE_train,MSE_val,MSE_test,R2_train,R2_val,R2_test,nll_train,nll_val,nll_test,mdl_train,mdl_val,mdl_test
0,((Recip((((Abs((((x20 / Recip(x23)) / ((x24 + -0.2983602019999869) + ((Abs(((((x14 / x12) - x15) * (0.4313404522857871 / ((x18 * x30) / Recip((x1 * x13))))) * (Abs(((x29 / x26) * x4)) ^ x27))) ^ 1.2901867594005447) - Recip(x27)))) * -0.41223129819140203)) ^ x27) + x19) * (x14 + (Recip(Recip((Abs((x12 - x1)) ^ (x15 * -0.2959862131372339)))) / (x24 + 0.1403894658071211))))) + -0.7535236554186086) + x10),-0.2983602019999869;0.4313404522857871;1.2901867594005447;-0.41223129819140203;-0.2959862131372339;0.1403894658071211;-0.7535236554186086,69,6.074089990322817e-2,6.074089990322817e-2,0.13649474905227413,0.7570364003870873,0.7570364003870873,-6.1004568456990285,6.074089990322817e-2,6.074089990322817e-2,0.13649474905227413,203.86786493529797,203.86786493529797,203.943618784447
