id,Expression,theta,size,MSE_train,MSE_val,MSE_test,R2_train,R2_val,R2_test,nll_train,nll_val,nll_test,mdl_train,mdl_val,mdl_test
0,Recip((Abs(Recip((Abs((Abs(((Abs(Recip((x27 - (Abs((Abs(((((Abs(Recip((6.298538076070025 - (Abs((Abs(x19) ^ x19)) ^ ((0.7747995195498637 + x4) + (x4 + x2)))))) ^ (x24 / x16)) * (x24 / x16)) + (x26 / x10)) * x11)) ^ x22)) ^ ((11.881244268740522 - x26) * (((-9.790884375642754 + x4) + (-9.054520515637543 + Recip((x26 / x18)))) * Recip((x26 / x25)))))))) ^ (Abs(Recip((x13 + x27))) ^ x8)) * (x18 * x13))) ^ x30)) ^ 13.68990923102564))) ^ x7)),6.298538076070025;0.7747995195498637;11.881244268740522;-9.790884375642754;-9.054520515637543;13.68990923102564,82,4.222936013821274e-2,4.222936013821274e-2,20.46584709368043,0.831082559447149,0.831082559447149,-1063.6333658132155,4.222936013821274e-2,4.222936013821274e-2,20.46584709368043,225.79781290703698,225.79781290703698,246.2214306405792
