id,Expression,theta,size,MSE_train,MSE_val,MSE_test,R2_train,R2_val,R2_test,nll_train,nll_val,nll_test,mdl_train,mdl_val,mdl_test
0,(((-6.3764431123589365 + x6) + ((x6 * -30.015491007660238) * ((((((x0 - ((9.196985470737374 + x6) * x19)) * Recip(Recip((((x20 * (Abs(x12) ^ (((Recip((Recip(x12) * x27)) / ((((Recip((x20 / x18)) / (x7 / x16)) + Recip(Recip(x12))) / x14) * x21)) + (x20 * 0.7969365834637445)) * x22))) * x20) - Recip(((Recip(Recip(x1)) + Recip((6.832040507001921 + x21))) - x1)))))) - x19) * x9) - (Recip(((Abs((0.9320465242762268 + x8)) ^ (x20 * 37.034793241040084)) - x23)) + (x27 / (x18 + x18)))) + -2.8904801863356226))) * x15),-6.3764431123589365;-30.015491007660238;9.196985470737374;0.7969365834637445;6.832040507001921;0.9320465242762268;37.034793241040084;-2.8904801863356226,91,8.32482824127878e-2,8.32482824127878e-2,0.25822208783725525,0.6670068703488488,0.6670068703488488,-12.432713009293506,8.32482824127878e-2,8.32482824127878e-2,0.25822208783725525,282.93003918337996,282.93003918337996,283.10501298880445
