id,Expression,theta,size,MSE_train,MSE_val,MSE_test,R2_train,R2_val,R2_test,nll_train,nll_val,nll_test,mdl_train,mdl_val,mdl_test
0,(Abs(Recip(((-3.642712678362292 * x19) - (((((x18 + (x27 / x3)) * x19) - ((((Recip(Recip((x16 + x5))) / (Abs((x21 + x23)) ^ x26)) * (x15 + x27)) / x3) / (((Abs((x14 - x18)) ^ (Abs((x8 + x25)) ^ x8)) * (x27 * x23)) + x24))) / x3) / (((x15 * -181.85246132686657) - ((x27 / x18) / x25)) + ((x11 - x18) * (x19 - (x16 * x15)))))))) ^ ((Abs((x6 / x0)) ^ 1.9400689699301898) + x1)),-3.642712678362292;-181.85246132686657;1.9400689699301898,81,0.12124409205747382,0.12124409205747382,0.37414391436920974,0.5150236317701047,0.5150236317701047,-18.462966425485547,0.12124409205747382,0.12124409205747382,0.37414391436920974,244.75580678204074,244.75580678204074,245.00870660435245
