id,Expression,theta,size,MSE_train,MSE_val,MSE_test,R2_train,R2_val,R2_test,nll_train,nll_val,nll_test,mdl_train,mdl_val,mdl_test
0,Recip((((Abs((-0.5480799345301475 - (x6 / x29))) ^ (Abs(Recip(Recip((x12 - x26)))) ^ (x15 + x10))) + (x21 / (x14 * Recip(x7)))) + (Abs((x25 / (Recip((x15 + x10)) * (x5 * x25)))) ^ ((((Abs((((Abs(((Abs((x26 - (x6 / x3))) ^ (Abs(Recip(Recip((x15 - x10)))) ^ (Recip(Recip((x15 - x16))) + x2))) + (x21 / ((Abs(x1) ^ x20) * Recip(x7))))) ^ x30) + -0.9637342755609939) - ((x9 / x28) * (x18 * 0.6254717186803002)))) ^ (0.112376896159825 - (x6 / x30))) - ((x30 * x11) * x17)) + -0.7926120068325015) - ((x9 / x26) * -5.452269672964077))))),-0.5480799345301475;-0.9637342755609939;0.6254717186803002;0.112376896159825;-0.7926120068325015;-5.452269672964077,103,1.189944469706397e-2,1.189944469706397e-2,7.612897856054943e-2,0.9524022212117441,0.9524022212117441,-2.96022946471963,1.189944469706397e-2,1.189944469706397e-2,7.612897856054943e-2,319.9050032934121,319.9050032934121,319.9692328272756
