id,Expression,theta,size,MSE_train,MSE_val,MSE_test,R2_train,R2_val,R2_test,nll_train,nll_val,nll_test,mdl_train,mdl_val,mdl_test
0,(Abs(x16) ^ ((Abs(x27) ^ ((x16 + x26) * Recip(Recip(((x29 * ((x16 + x26) / x9)) * (((Abs(x17) ^ x12) + -0.8924634760797957) * (Abs(((Recip(((x16 / x10) / x11)) + x25) * 0.6884665300789056)) ^ ((Recip(Recip((Abs(((x23 / ((Abs((((Recip(x10) + (x11 - x21)) / x7) * x30)) ^ (-0.7601162140843813 + x5)) - (x12 * x12))) * -0.8046668849035173)) ^ Recip((Abs(x5) ^ (Recip(x3) + x29)))))) + -2.625160017971641) - x24)))))))) + 3.980136027114725e-2)),-0.8924634760797957;0.6884665300789056;-0.7601162140843813;-0.8046668849035173;-2.625160017971641;3.980136027114725e-2,80,5.812963999176815e-2,5.812963999176815e-2,0.1376434959511682,0.7674814400329274,0.7674814400329274,-6.160214659379496,5.812963999176815e-2,5.812963999176815e-2,0.1376434959511682,232.0560592553918,232.0560592553918,232.13557311135122
