id,Expression,theta,size,MSE_train,MSE_val,MSE_test,R2_train,R2_val,R2_test,nll_train,nll_val,nll_test,mdl_train,mdl_val,mdl_test
0,(((x27 * x19) + -1.8452295273512137e-2) + (Abs(((Abs((Abs(x29) ^ (((Abs(x6) ^ x27) / x1) - x16))) ^ (Abs(((Abs(((x6 + ((Recip(x22) / (x12 + x25)) - ((Abs(x12) ^ (Abs(x6) ^ x1)) / Recip(Recip(Recip((Abs((Recip(((Abs((x16 + x28)) ^ x2) / x11)) + Recip(x22))) ^ (Abs((Abs(((x3 * x23) * x29)) ^ Recip(x9))) ^ (Recip(x16) + (x16 / x6)))))))))) / x1)) ^ (Abs(x15) ^ (((x7 - (x6 + x26)) + 1.9789385296848354) + x10))) - (x8 / x7))) ^ x1)) - (((x0 - x16) + (x21 / x28)) / Recip(x15)))) ^ 1.2227167963443593)),-1.8452295273512137e-2;1.9789385296848354;1.2227167963443593,107,1.2774907283797685e-2,1.2774907283797685e-2,8.774238304738158e-2,0.9489003708648093,0.9489003708648093,-3.5643587661246157,1.2774907283797685e-2,1.2774907283797685e-2,8.774238304738158e-2,316.5385829260124,316.5385829260124,316.61355040177597
