id,Expression,theta,size,MSE_train,MSE_val,MSE_test,R2_train,R2_val,R2_test,nll_train,nll_val,nll_test,mdl_train,mdl_val,mdl_test
0,Recip((Recip((Abs(x10) ^ x25)) + (Abs((Recip(((((Abs((x12 - ((x25 / x21) + (x12 - x4)))) ^ (((x12 + x7) * x1) - ((Abs(x15) ^ x21) - (x30 * x13)))) * ((-0.7331439385703038 + (Abs((x17 * 0.17483310047299025)) ^ x3)) / (x4 * ((x11 + x29) - x17)))) - (Abs(Recip((x10 + x25))) ^ x20)) + x15)) / ((x27 + x26) + (x21 - (x3 / x14))))) ^ Recip((((x8 * x30) + (x5 + x25)) * (Recip((x10 + x25)) / (Abs((x4 / Recip(x7))) ^ x21))))))),-0.7331439385703038;0.17483310047299025,93,5.922494123604942e-2,5.922494123604942e-2,7.619369850333114e-2,0.7631002350558023,0.7631002350558023,-2.9635961961431345,5.922494123604942e-2,5.922494123604942e-2,7.619369850333114e-2,283.50119541760836,283.50119541760836,283.51816417487566
