id,Expression,theta,size,MSE_train,MSE_val,MSE_test,R2_train,R2_val,R2_test,nll_train,nll_val,nll_test,mdl_train,mdl_val,mdl_test
0,(((Abs((((Abs(Recip((((x15 + x4) * ((x8 * (((Abs(((Abs((x8 - (x27 * Recip(x7)))) ^ x14) * x8)) ^ (Abs(x26) ^ x3)) * 0.20728353077318906) - x30)) + -8.579780193047734e-3)) * Recip((x19 / x27))))) ^ x18) / x9) * (((Abs((((Abs(x9) ^ x18) / x9) * (x0 * (Abs(x9) ^ (Abs((x5 * x20)) ^ (x9 + x18)))))) ^ 0.3522186361009597) * 0.8482706589354807) * (Abs(x9) ^ (Abs(((x10 - ((x6 - x9) * Recip(x7))) * x20)) ^ (x15 + x9)))))) ^ 1.2939606023613845) * 4.704129837955826e-2) - x30),0.20728353077318906;-8.579780193047734e-3;0.3522186361009597;0.8482706589354807;1.2939606023613845;4.704129837955826e-2,92,6.382909097523629e-2,6.382909097523629e-2,0.12113269331680057,0.7446836360990549,0.7446836360990549,-5.301322706339725,6.382909097523629e-2,6.382909097523629e-2,0.12113269331680057,257.48618934915885,257.48618934915885,257.5434929515004
