id,Expression,theta,size,MSE_train,MSE_val,MSE_test,R2_train,R2_val,R2_test,nll_train,nll_val,nll_test,mdl_train,mdl_val,mdl_test
0,(x2 * (((x2 - x5) * (3.0577787602134996 - (-0.2696219363832975 / (x26 - (((x20 + x5) - x2) - ((Recip(Recip(((x8 + x3) * x10))) - x26) / (x27 - (x24 - ((Abs((((x3 - x0) / x16) * x25)) ^ (Recip(x30) + ((((((Abs(x28) ^ (x19 / x1)) / (-0.30836570976520816 / x24)) / Recip(Recip(x28))) * ((x6 - x18) - (Abs(((x17 + x23) * x19)) ^ x26))) / x19) + x17))) + (Abs((x5 - x2)) ^ 0.7969985338826856)))))))))) - x25)),3.0577787602134996;-0.2696219363832975;-0.30836570976520816;0.7969985338826856,84,8.149656950709532e-3,8.149656950709532e-3,1.1788851418471298,0.9674013721971618,0.9674013721971618,-60.32560507888535,8.149656950709532e-3,8.149656950709532e-3,1.1788851418471298,263.67509893729704,263.67509893729704,264.84583442219343
