id,Expression,theta,size,MSE_train,MSE_val,MSE_test,R2_train,R2_val,R2_test,nll_train,nll_val,nll_test,mdl_train,mdl_val,mdl_test
0,(Abs((Abs(Recip(Recip((Abs(((Abs(Recip(Recip(x6))) ^ (x6 + 8.007091414860676)) / (Recip((x0 - x22)) * (x3 + x25)))) ^ x25)))) ^ x28)) ^ (Abs(((-3.566457690738613 + (x26 * (Abs((Abs(((Abs(((Abs(0.643839327273346) ^ (x8 + -0.1497418746719091)) + (x28 / x18))) ^ ((x21 - x23) / x5)) / (((x17 + 0.7045457136240313) - (Abs(x29) ^ x5)) + Recip((Abs(Recip(x12)) ^ (x18 + -3.927112345853724e-2)))))) ^ x3)) ^ (Recip((Abs(x5) ^ -1.011362005084955)) + Recip((((Abs((Abs(x15) ^ -0.3583536017477309)) ^ x10) - Recip((x25 + x15))) - x3)))))) / (x21 + (((Abs((Abs(x2) ^ -5.1282759263384686e-2)) ^ x10) - Recip((x3 + x15))) - x3)))) ^ (x17 + -8.330836924875511))),8.007091414860676;-3.566457690738613;0.643839327273346;-0.1497418746719091;0.7045457136240313;-3.927112345853724e-2;-1.011362005084955;-0.3583536017477309;-5.1282759263384686e-2;-8.330836924875511,114,7.361518636732631e-2,7.361518636732631e-2,0.17267050554965419,0.7055392545306948,0.7055392545306948,-7.9823196986926686,7.361518636732631e-2,7.361518636732631e-2,0.17267050554965419,315.52344602345096,315.52344602345096,315.6225013426333
