id,Expression,theta,size,MSE_train,MSE_val,MSE_test,R2_train,R2_val,R2_test,nll_train,nll_val,nll_test,mdl_train,mdl_val,mdl_test
0,((Abs(((((Abs((x21 - x30)) ^ x9) - (Abs((((Abs((((Abs(((Abs((0.5874917909870493 / x2)) ^ ((x4 - (x10 / x1)) * x1)) / x2)) ^ x17) * ((((x15 / (x6 * x6)) / (((Abs(x4) ^ (x4 * ((x9 * x0) / x17))) * -0.13419727247710994) * (x1 + x12))) / (Abs(x12) ^ x0)) + ((x15 / (x6 * x9)) / x23))) * 1.413786087785415)) ^ x1) * x6) * (x24 * x0))) ^ x27)) * (((x15 / (x6 * x19)) / x24) + ((x15 / (x6 * x9)) / x23))) * -0.5162230350820092)) ^ x1) * 0.17076312637633223),0.5874917909870493;-0.13419727247710994;1.413786087785415;-0.5162230350820092;0.17076312637633223,97,0.15262298703627983,0.15262298703627983,25.148776308693755,0.3895080518548807,0.3895080518548807,-1307.2393435781992,0.15262298703627983,0.15262298703627983,25.148776308693755,275.2554013359264,275.2554013359264,300.2515546575839
