id,Expression,theta,size,MSE_train,MSE_val,MSE_test,R2_train,R2_val,R2_test,nll_train,nll_val,nll_test,mdl_train,mdl_val,mdl_test
0,((Abs(((((((x10 / ((Abs(x8) ^ x25) * x22)) * ((Abs((x7 * (Abs((Abs((Abs(x22) ^ x16)) ^ Recip(x6))) ^ ((x22 - x23) / (Abs(x25) ^ x15))))) ^ (x8 + (Abs(x7) ^ -0.8086234896316504))) * x8)) / ((Abs(x25) ^ 6.86946475630672) - (Recip(((x10 / x3) * ((Abs((x7 * x7)) ^ (((x6 - x10) - x28) + x3)) * x8))) * (x6 - x28)))) / (x22 * x3)) * ((Abs(((((x9 / x15) + 0.23950509066626277) + x5) / x0)) ^ x12) * (x1 * x22))) / (Abs((Abs((Abs(x22) ^ x16)) ^ (x16 + (Abs(x25) ^ -1.7179234069245801)))) ^ (x3 - x11)))) ^ x6) * (x3 * 9.984267727017178)),-0.8086234896316504;6.86946475630672;0.23950509066626277;-1.7179234069245801;9.984267727017178,114,0.11133901746857332,0.11133901746857332,0.25989693530004593,0.5546439301257067,0.5546439301257067,-12.519838574307872,0.11133901746857332,0.11133901746857332,0.25989693530004593,314.73866822191525,314.73866822191525,314.8872261397467
