id,Expression,theta,size,MSE_train,MSE_val,MSE_test,R2_train,R2_val,R2_test,nll_train,nll_val,nll_test,mdl_train,mdl_val,mdl_test
0,(Abs(Recip((Abs((Abs((Abs(Recip((Abs(x23) ^ x26))) ^ x3)) ^ (Abs(x27) ^ x23))) ^ (497.36046653181995 + (Abs(((Abs(x8) ^ x3) - (((-153.52637076802108 / ((Abs((((x15 * x10) / (x24 - x29)) * x28)) ^ 10.084918882101222) / (((Abs(x8) ^ x3) - ((((x5 - x10) * (x23 + (x27 / x25))) / (x23 / x10)) * x8)) - -172.47033680470125))) * x8) + x2))) ^ (x6 / x11)))))) ^ x26),497.36046653181995;-153.52637076802108;10.084918882101222;-172.47033680470125,73,6.687359401960936e-2,6.687359401960936e-2,Infinity,0.7325056239215626,0.7325056239215626,-Infinity,6.687359401960936e-2,6.687359401960936e-2,Infinity,194.8025481555935,194.8025481555935,Infinity
