id,Expression,theta,size,MSE_train,MSE_val,MSE_test,R2_train,R2_val,R2_test,nll_train,nll_val,nll_test,mdl_train,mdl_val,mdl_test
0,Recip(((x29 + -0.21424453545626815) + ((((x15 - x22) + Recip(Recip(x26))) * x1) + ((Abs(((Abs(x24) ^ -1.599097407281515) / ((x11 + Recip(x26)) - ((x0 / x28) + x29)))) ^ Recip((Abs(x5) ^ ((Abs(x16) ^ x30) * (1.1767689172456248 * (x21 - x24)))))) + (Abs((((Abs(x1) ^ x23) + (x28 * x28)) * x28)) ^ (((Abs(x1) ^ (x2 * x29)) + x21) * ((x25 - (Abs(x26) ^ x27)) * (x8 - x24)))))))),-0.21424453545626815;-1.599097407281515;1.1767689172456248,78,8.589720538377556e-2,8.589720538377556e-2,0.1478367109514885,0.6564111784648978,0.6564111784648978,-6.690465703696138,8.589720538377556e-2,8.589720538377556e-2,0.1478367109514885,225.40720494615783,225.40720494615783,225.46914445172553
