id,Expression,theta,size,MSE_train,MSE_val,MSE_test,R2_train,R2_val,R2_test,nll_train,nll_val,nll_test,mdl_train,mdl_val,mdl_test
0,(Recip((Abs(((((x30 - (x11 + x11)) + 0.2402658628502587) * ((Recip((Abs((x3 + ((x30 + x26) / x25))) ^ ((0.8544646807174696 - x18) * 5.470153156835153e-2))) * x25) + (x3 + ((x30 + x26) / x25)))) + ((Abs((x13 + x24)) ^ (Abs(x27) ^ x26)) - (x11 / x15)))) ^ x6)) - ((Abs((Abs((Abs((Abs(((x2 - x26) - x27)) ^ Recip(Recip((x26 * x6))))) ^ (Recip((Abs(x10) ^ (Abs(x13) ^ x23))) - (x12 * 0.8943400640460117)))) ^ x23)) ^ (Abs((Abs(x21) ^ x23)) ^ ((-2.1435431432581344 / x25) * 2.0018198109394576))) * (((x15 - x12) * 0.8490991912490895) + 0.9489130240125548))),0.2402658628502587;0.8544646807174696;5.470153156835153e-2;0.8943400640460117;-2.1435431432581344;2.0018198109394576;0.8490991912490895;0.9489130240125548,102,4.299040134227068e-2,4.299040134227068e-2,Infinity,0.8280383946309173,0.8280383946309173,-Infinity,4.299040134227068e-2,4.299040134227068e-2,Infinity,282.23746983496574,282.23746983496574,Infinity
