id,Expression,theta,size,MSE_train,MSE_val,MSE_test,R2_train,R2_val,R2_test,nll_train,nll_val,nll_test,mdl_train,mdl_val,mdl_test
0,((Abs((((1.4476630522467966 + x3) - ((((x6 + x17) - (x14 - x16)) / ((((Abs((Abs(x21) ^ x29)) ^ x11) - (x15 / ((x13 * Recip((x5 - x29))) + x26))) + x13) + Recip(x3))) / (((x6 * (x7 * x26)) + Recip(x5)) + x15))) * (Abs(((x18 + x24) / (Recip(x16) + 2.9415423988122615))) ^ (x18 + x24)))) ^ (Abs((((x6 * (x21 * x26)) + Recip(x5)) + x15)) ^ (Abs(x23) ^ x23))) - ((x7 - ((Abs(x19) ^ (Abs(((((Abs((x28 / x12)) ^ (x0 / x7)) / x4) + x5) / x15)) ^ x9)) - x19)) * Recip((x1 / x30)))),1.4476630522467966;2.9415423988122615,108,7.11658685298457e-2,7.11658685298457e-2,0.16741641342491315,0.7153365258806172,0.7153365258806172,-7.709001826363648,7.11658685298457e-2,7.11658685298457e-2,0.16741641342491315,340.0358991125593,340.0358991125593,340.1321496574544
