id,Expression,theta,size,MSE_train,MSE_val,MSE_test,R2_train,R2_val,R2_test,nll_train,nll_val,nll_test,mdl_train,mdl_val,mdl_test
0,(((-5.041212757844424 * (x17 + (Recip(((Abs(x2) ^ x30) - x27)) - (Abs(x28) ^ x17)))) + ((x15 / (x8 + x24)) + ((x11 / x30) + 5.989694249025025))) / ((((-8.524282213409823e-2 - (x26 + x15)) * x30) + ((x11 / x30) + ((x15 / (x10 / (x11 / x30))) * 5.906135162826209))) / ((Recip((Abs((Recip((Abs((Abs(x15) ^ x15)) ^ x5)) + ((x15 * (((x17 - x16) * x21) - x13)) - (x26 + x15)))) ^ -8.303311868499524)) * (((x9 + x23) * 5.945883782135063) + (x19 - x5))) + x23))),-5.041212757844424;5.989694249025025;-8.524282213409823e-2;5.906135162826209;-8.303311868499524;5.945883782135063,89,3.436305430557518e-2,3.436305430557518e-2,19.943829371234358,0.8625477827776993,0.8625477827776993,-1036.4780038915717,3.436305430557518e-2,3.436305430557518e-2,19.943829371234358,270.4199323432344,270.4199323432344,290.3293986601632
