id,Expression,theta,size,MSE_train,MSE_val,MSE_test,R2_train,R2_val,R2_test,nll_train,nll_val,nll_test,mdl_train,mdl_val,mdl_test
0,(((Abs(x10) ^ x24) / Recip(((x3 * 85.12975169069588) + -4.478302904238627))) * ((x2 / (Abs(x24) ^ (x0 - x2))) - (-0.22809208433083214 * (x15 * -1.6844922002495755)))),85.12975169069588;-4.478302904238627;-0.22809208433083214;-1.6844922002495755,26,6.271217939780993e-2,6.271217939780993e-2,6.816610658648985e-2,0.7491512824087603,0.7491512824087603,-2.5460008646290664,6.271217939780993e-2,6.271217939780993e-2,6.816610658648985e-2,61.6214967584747,61.6214967584747,61.626950685663374
