id,Expression,theta,size,MSE_train,MSE_val,MSE_test,R2_train,R2_val,R2_test,nll_train,nll_val,nll_test,mdl_train,mdl_val,mdl_test
0,Recip((Abs((Abs(x21) ^ (Abs(x30) ^ x30))) ^ (((-41.90729455663752 * (Abs(Recip(((x11 + (Abs((Recip(((x11 + (Abs((x24 / Recip(x5))) ^ (x24 * x18))) / (Abs(x5) ^ x24))) / Recip(x5))) ^ (Abs(x23) ^ (x13 + x25)))) / (Abs(x5) ^ x24)))) ^ (Recip((Recip((x20 * ((Abs(x21) ^ x14) * x9))) - x2)) * (-2142.4470292641317 - x4)))) * ((Abs((Abs(x17) ^ x1)) ^ (x24 / Recip(x22))) / (Abs((Abs(x23) ^ x20)) ^ x4))) / Recip(((Abs((x15 - x14)) ^ (x2 / x4)) + ((x15 * (x16 + (x16 - x19))) * x26)))))),-41.90729455663752;-2142.4470292641317,105,9.558818804052177e-3,9.558818804052177e-3,6.767841396698573e27,0.9617647247837913,0.9617647247837913,-3.520631094562463e29,9.558818804052177e-3,9.558818804052177e-3,6.767841396698573e27,299.90796473457243,299.90796473457243,6.767841396698573e27
