id,Expression,theta,size,MSE_train,MSE_val,MSE_test,R2_train,R2_val,R2_test,nll_train,nll_val,nll_test,mdl_train,mdl_val,mdl_test
0,(Abs((((x23 + ((Abs(x16) ^ x17) * -0.12331437565905848)) * (Abs(x22) ^ (x23 + x18))) / (Abs(x9) ^ x24))) ^ (Abs(((x17 / x10) * (x17 / (Abs((((x23 / (Abs(x27) ^ x24)) / (x27 / (Abs(x10) ^ x13))) + Recip(x14))) ^ (-3.6126032946147024e-2 - ((x27 / x16) * Recip(x10))))))) ^ ((((Abs((Recip(((x10 * x4) + x20)) * (x6 * (Recip(x14) + x28)))) ^ (x28 * (((x15 / x4) + 4.468414879177266) - x28))) - x14) - (Abs(x13) ^ x18)) * (x12 + (-0.19170429732166283 + x14))))),-0.12331437565905848;-3.6126032946147024e-2;4.468414879177266;-0.19170429732166283,93,4.813276795230928e-2,4.813276795230928e-2,0.2990604638513171,0.8074689281907629,0.8074689281907629,-14.557125329544922,4.813276795230928e-2,4.813276795230928e-2,0.2990604638513171,263.8266006868318,263.8266006868318,264.0775283827308
