id,Expression,theta,size,MSE_train,MSE_val,MSE_test,R2_train,R2_val,R2_test,nll_train,nll_val,nll_test,mdl_train,mdl_val,mdl_test
0,(((x15 * 1.386387473646594) + ((x6 - x30) * (x9 / x22))) / (((Abs(-2.7646317925691073) ^ x1) * (Abs(((Abs((Abs((4.677907393020567e-2 * (Recip(((x18 - Recip(x20)) - (x21 + (x23 / x10)))) * (Abs(x26) ^ x21)))) ^ (Abs(((x2 * ((x30 * x27) * (x15 - x12))) / (Abs(((Abs((Abs(x3) ^ x14)) ^ x15) * (Abs(x9) ^ (x21 + (((Abs((x18 * x24)) ^ x9) * ((x13 * x25) + x4)) - (Abs(((x1 + x19) - x1)) ^ (Recip(x24) - (x9 - x29)))))))) ^ x15))) ^ x2))) ^ 4.193798252684729) / x1)) ^ x22)) + 0.1803138476868396)),1.386387473646594;-2.7646317925691073;4.677907393020567e-2;4.193798252684729;0.1803138476868396,102,6.750718878490743e-2,6.750718878490743e-2,9.361465226273052e-2,0.7299712448603703,0.7299712448603703,-3.8698342107070562,6.750718878490743e-2,6.750718878490743e-2,9.361465226273052e-2,306.1752715383789,306.1752715383789,306.2013790018567
