id,Expression,theta,size,MSE_train,MSE_val,MSE_test,R2_train,R2_val,R2_test,nll_train,nll_val,nll_test,mdl_train,mdl_val,mdl_test
0,(Abs((Abs((Abs(x19) ^ (((x9 + x10) / (((((x28 + (Abs(x27) ^ ((((x26 / x9) + (x20 - (x19 + x7))) * (Abs(x4) ^ x30)) / ((Abs(x9) ^ x11) - x29)))) + ((Abs(x3) ^ x14) + -0.7115498554405794)) + (x25 / x7)) / (((x2 + x14) + -0.7377606560993951) + x10)) * x27)) + (x21 / x18)))) ^ (1.1511996604263144 + (Abs(x8) ^ x22)))) ^ (Abs(((x30 * x29) - (((Abs(x1) ^ ((x2 / (x4 / x25)) + (x10 / x9))) + x16) / x25))) ^ (Abs(x10) ^ (-2.216846861825821 + (Abs(x8) ^ (x21 / (Recip(x17) + (-0.30007605464512516 - (x27 / x25))))))))),-0.7115498554405794;-0.7377606560993951;1.1511996604263144;-2.216846861825821;-0.30007605464512516,108,1.626464226622835e-2,1.626464226622835e-2,6.528731785569914e163,0.9349414309350866,0.9349414309350866,-3.3962462748533395e165,1.626464226622835e-2,1.626464226622835e-2,6.528731785569914e163,326.5312132818331,326.5312132818331,6.528731785569914e163
