id,Expression,theta,size,MSE_train,MSE_val,MSE_test,R2_train,R2_val,R2_test,nll_train,nll_val,nll_test,mdl_train,mdl_val,mdl_test
0,(((Abs((x26 / (Recip(((Abs(x17) ^ x30) * (x5 + x14))) - (Abs(x27) ^ x27)))) ^ Recip(Recip((x29 / Recip(x27))))) / (Recip(((Abs(x17) ^ (x17 * -16.577063680225187)) * (Abs(x27) ^ x11))) - (Abs(Recip(Recip((Recip(((Abs(x17) ^ (x5 * 6.95512712702622)) * (x11 - x14))) - (Abs(Recip(Recip((x3 / x13)))) ^ ((Recip(x19) - x29) / x27)))))) ^ ((x17 * -14.327955309905336) / x8)))) * (Abs((-3.175859713247684 / (Abs(x27) ^ -8.947535845934697))) ^ x16)),-16.577063680225187;6.95512712702622;-14.327955309905336;-3.175859713247684;-8.947535845934697,82,8.542389776178547e-2,8.542389776178547e-2,0.28084971053863966,0.6583044089528581,0.6583044089528581,-13.609801942219478,8.542389776178547e-2,8.542389776178547e-2,0.28084971053863966,215.77814759364912,215.77814759364912,215.97357340642597
