id,Expression,theta,size,MSE_train,MSE_val,MSE_test,R2_train,R2_val,R2_test,nll_train,nll_val,nll_test,mdl_train,mdl_val,mdl_test
0,(Abs(((((((((Abs(x11) ^ x24) / (x25 / (((x23 / (x26 * x5)) * x5) * (x18 * x29)))) * 4.762188831052154) / (x18 / x17)) / (Abs(x17) ^ x2)) / (((((((Recip((Abs(x18) ^ x26)) + ((x1 * x8) * x8)) / x4) * Recip((Abs(((x3 / x8) - x17)) ^ (Recip((x15 - x22)) / ((Abs(x11) ^ x24) / (x29 * 11.571205851678537)))))) - x18) * x0) + x16) + Recip((x25 * x17)))) * ((Abs(x8) ^ (Abs((Abs((Abs((x24 + ((x6 + Recip(x17)) * x15))) ^ x22)) ^ x12)) ^ x22)) * x11)) * 4.621857834085335)) ^ x30),4.762188831052154;11.571205851678537;4.621857834085335,104,0.1344364343545865,0.1344364343545865,0.22213229190781938,0.46225426258165403,0.46225426258165403,-10.555321825044324,0.1344364343545865,0.1344364343545865,0.22213229190781938,313.3616603908238,313.3616603908238,313.449356248377
