id,Expression,theta,size,MSE_train,MSE_val,MSE_test,R2_train,R2_val,R2_test,nll_train,nll_val,nll_test,mdl_train,mdl_val,mdl_test
0,Recip(Recip((Abs((Abs(Recip(((x3 + (x2 - (Abs(x5) ^ x5))) - Recip((((((Abs(((x19 - (Abs(x23) ^ ((Recip((Abs((x16 - x18)) ^ (x14 - x0))) - x20) + x19))) + 42.825256679014046)) ^ (x19 + x25)) * (x21 + x19)) + (((((x0 - x4) * x3) / Recip((x21 + Recip(x10)))) * (((Abs(x5) ^ x2) + 51.70022078654081) + ((x30 / x6) + (x21 + x19)))) * x30)) / x0) - ((x23 + x19) * (Recip(x30) * (Recip(x30) - ((x19 + x13) - x5))))))))) ^ (x10 * Recip(Recip(x30))))) ^ (x30 * -2007.158345254536)))),42.825256679014046;51.70022078654081;-2007.158345254536,101,6.410781790863748e-2,6.410781790863748e-2,1.7148430680411288e26,0.7435687283654501,0.7435687283654501,-8.920613639949611e27,6.410781790863748e-2,6.410781790863748e-2,1.7148430680411288e26,298.80116787061553,298.80116787061553,1.7148430680411288e26
