id,Expression,theta,size,MSE_train,MSE_val,MSE_test,R2_train,R2_val,R2_test,nll_train,nll_val,nll_test,mdl_train,mdl_val,mdl_test
0,(Abs(Recip(((x13 * x6) - (Abs(x24) ^ (Abs((((Abs((x27 / (Recip(x9) + x30))) ^ x1) * (((x3 * x5) + (x13 * x6)) + Recip(x24))) - (Recip(((((Abs(x4) ^ x13) + x17) * (Abs(Recip((x25 - (Abs(x24) ^ ((x0 * x7) / x22))))) ^ (x14 * (x17 - (x9 * x5))))) - x16)) - ((x30 * x23) + 0.6970849646515367)))) ^ (Abs(((x4 / (x4 * 4.8114303126016285e-2)) / (x18 + Recip(x9)))) ^ x1)))))) ^ (x4 * -3.6376173982806894)),0.6970849646515367;4.8114303126016285e-2;-3.6376173982806894,85,9.821141483254751e-2,9.821141483254751e-2,0.1020750273900972,0.6071543406698099,0.6071543406698099,-4.3099429248326535,9.821141483254751e-2,9.821141483254751e-2,0.1020750273900972,250.97164484248668,250.97164484248668,250.97550845504423
