id,Expression,theta,size,MSE_train,MSE_val,MSE_test,R2_train,R2_val,R2_test,nll_train,nll_val,nll_test,mdl_train,mdl_val,mdl_test
0,Recip(((((Abs((((Abs((x30 + -45.19450617168296)) ^ Recip(x27)) * (x25 + x20)) / x0)) ^ x26) + 3.978981533854795) / (Abs(((Recip(((Abs(((Abs(-1.464177724507179) ^ (x4 + x8)) * x6)) ^ Recip(x0)) * (x2 - ((x10 + x23) - (x7 * 0.25169664108301737))))) - (Recip((Abs(Recip(x13)) ^ x19)) - x30)) / x21)) ^ (((x24 * 16.52258894113954) * (x20 - x26)) / ((x25 + (x25 + x20)) / x3)))) + (Abs((((x24 * -0.959145726434897) / ((x27 * x4) + (Abs((x21 * (x30 + -0.9455927170392664))) ^ Recip(x24)))) / x20)) ^ (x24 * (x6 * x15))))),-45.19450617168296;3.978981533854795;-1.464177724507179;0.25169664108301737;16.52258894113954;-0.959145726434897;-0.9455927170392664,98,4.7760460890571e-2,4.7760460890571e-2,7.782235241580145e-2,0.808958156437716,0.808958156437716,-3.0483187726698366,4.7760460890571e-2,4.7760460890571e-2,7.782235241580145e-2,293.27644888282396,293.27644888282396,293.3065107743492
