id,Expression,theta,size,MSE_train,MSE_val,MSE_test,R2_train,R2_val,R2_test,nll_train,nll_val,nll_test,mdl_train,mdl_val,mdl_test
0,(Recip(Recip(x23)) / Recip(((x16 * x23) + (x12 * Recip((x14 / ((24.595597358872062 - (Recip(Recip(x23)) / Recip(((Recip(((((-52.62585379132751 + x27) / ((x20 - (Abs(x6) ^ x10)) + (Recip(Recip(x23)) / x14))) * (x11 - (Abs(x30) ^ x14))) / (((Abs(x8) ^ x21) - x26) + Recip(Recip(x23))))) * x12) + (-22.01300237201975 * (((x25 * (Abs(6.829417810611192) ^ (x16 + x14))) - x6) + (-20.6120350715361 * x23))))))) + (Recip(Recip(((x24 / (Abs(x25) ^ x13)) / x23))) + (Abs((Abs(x21) ^ x14)) ^ x24))))))))),24.595597358872062;-52.62585379132751;-22.01300237201975;6.829417810611192;-20.6120350715361,94,8.440683733008038e-2,8.440683733008038e-2,43.908032872876944,0.6623726506796785,0.6623726506796785,-2283.0958700469714,8.440683733008038e-2,8.440683733008038e-2,43.908032872876944,272.8724036231661,272.8724036231661,316.696029658713
