id,Expression,theta,size,MSE_train,MSE_val,MSE_test,R2_train,R2_val,R2_test,nll_train,nll_val,nll_test,mdl_train,mdl_val,mdl_test
0,(Abs(((Abs((Abs(((((Abs((Abs((Abs(x6) ^ x12)) ^ (x10 * x9))) ^ (x28 - (x6 + 5.1883010772458035e-2))) - (x7 / ((Abs(((x3 / x19) - x28)) ^ x16) - x24))) + (Recip((((0.6826386778083138 * x14) * ((x28 / x14) / x8)) + x9)) + (x11 - x23))) / x19)) ^ (x9 + (x9 - x29)))) ^ (x28 - (x6 - x17))) - (Abs((0.8719373078869284 + x27)) ^ ((x13 * x14) / x24)))) ^ (Abs(Recip(((x16 * (x10 * x3)) - (Abs(x7) ^ x2)))) ^ Recip(((((5.351151302170604e-3 + x24) * x9) / ((((x7 + x13) - x19) + x14) * x22)) / (x26 - x10))))),5.1883010772458035e-2;0.6826386778083138;0.8719373078869284;5.351151302170604e-3,108,6.395781730112828e-2,6.395781730112828e-2,0.13098824573153084,0.744168730795487,0.744168730795487,-5.8140085429539745,6.395781730112828e-2,6.395781730112828e-2,0.13098824573153084,326.6199998144711,326.6199998144711,326.6870302429015
