id,Expression,theta,size,MSE_train,MSE_val,MSE_test,R2_train,R2_val,R2_test,nll_train,nll_val,nll_test,mdl_train,mdl_val,mdl_test
0,(Abs((Abs((x20 + (x13 * x30))) ^ ((Recip(Recip(((-29.24262146179188 + x0) + -28.646380607429354))) * (x9 - (x16 * x18))) - ((Abs((x24 * ((Recip(Recip(((x5 - (x3 / x7)) + 5.999236249875405))) * (Recip((x9 + x3)) - (x16 * x18))) + -76.21282044000466))) ^ (Abs((x3 / x7)) ^ x17)) * ((x18 - Recip((Recip((x30 + x3)) - (x21 + (Abs((x1 + x23)) ^ (x15 * (x10 + x6))))))) * (x11 + ((Abs(x7) ^ x29) + 38.17837403630397))))))) ^ x0),-29.24262146179188;-28.646380607429354;5.999236249875405;-76.21282044000466;38.17837403630397,84,7.436612968542947e-2,7.436612968542947e-2,0.14871525635220553,0.7025354812582821,0.7025354812582821,-6.736167635441436,7.436612968542947e-2,7.436612968542947e-2,0.14871525635220553,257.1496416780231,257.1496416780231,257.2239908046899
