id,Expression,theta,size,MSE_train,MSE_val,MSE_test,R2_train,R2_val,R2_test,nll_train,nll_val,nll_test,mdl_train,mdl_val,mdl_test
0,(Abs((x10 - x24)) ^ (Abs((Abs((Abs((Abs((x21 * 12.7096171982046)) ^ x11)) ^ ((Abs(x11) ^ (x8 * (Abs(((((Abs((Abs((x9 * -0.6671605127341943)) ^ x29)) ^ ((x14 + 0.48527801328638853) * 9.509234296113864e-2)) + ((x21 + x3) - (Abs(x29) ^ x27))) * (((x8 - x10) - (x23 * 0.6659960745470055)) / (Abs((x27 * 0.24979713410708615)) ^ (-0.9139354385433984 * x1)))) - (x3 + x19))) ^ x21))) * 49.8780021994349))) ^ x29)) ^ ((Abs(x11) ^ (x19 + x30)) * 48.844571554088596))),12.7096171982046;-0.6671605127341943;0.48527801328638853;9.509234296113864e-2;0.6659960745470055;0.24979713410708615;-0.9139354385433984;49.8780021994349;48.844571554088596,79,1.2834530199651993e-2,1.2834530199651993e-2,Infinity,0.948661879201392,0.948661879201392,-Infinity,1.2834530199651993e-2,1.2834530199651993e-2,Infinity,200.72689685831705,200.72689685831705,Infinity
