id,Expression,theta,size,MSE_train,MSE_val,MSE_test,R2_train,R2_val,R2_test,nll_train,nll_val,nll_test,mdl_train,mdl_val,mdl_test
0,(Abs((((Abs((((Abs(x27) ^ 1.0472758748479416) / (x18 * x18)) * x4)) ^ (x14 * x4)) + x4) * ((x15 / ((Abs(x23) ^ x30) / (x18 * (Abs(x27) ^ -7.185325356897121)))) * (((((x13 * 1.1146820365353534) - x3) + (Abs(x30) ^ (x14 * x4))) * (x30 / ((Abs((Abs(((Abs(x15) ^ (x8 - x3)) - Recip(Recip(x17)))) ^ (Abs(Recip(x20)) ^ (x20 - x0)))) ^ x20) / (x18 * x18)))) * Recip((Recip((Abs(x18) ^ x20)) * (Abs((Abs((((x18 * (((x30 * -5.068741034183635) - x3) + x20)) - x3) + x30)) ^ -4.970625429857146)) ^ (x20 + 0.842413456075305)))))))) ^ (x13 - x9)),1.0472758748479416;-7.185325356897121;1.1146820365353534;-5.068741034183635;-4.970625429857146;0.842413456075305,107,4.984264675727339e-2,4.984264675727339e-2,5.9767268959274825e-2,0.8006294129709064,0.8006294129709064,-2.1090933312613576,4.984264675727339e-2,4.984264675727339e-2,5.9767268959274825e-2,286.23495179275903,286.23495179275903,286.244876414961
