id,Expression,theta,size,MSE_train,MSE_val,MSE_test,R2_train,R2_val,R2_test,nll_train,nll_val,nll_test,mdl_train,mdl_val,mdl_test
0,((((((-24.864593712895108 * x9) - (x4 + x19)) + x13) - ((((x6 * (x9 + x9)) * Recip(((Abs(((x16 * x15) + x0)) ^ x10) / x13))) * 7.268505019720835) + -2.726159425431368)) - ((x19 / x7) * (x21 * x11))) * (((((((2.3998667549046857 + ((Abs(x1) ^ (x30 * x12)) * (Abs(x12) ^ x12))) - x17) * (x0 * -2.5503616959052495)) - (Abs(((x15 * (x9 + x30)) / (Abs(x7) ^ x14))) ^ (x8 + x10))) * x12) + x0) / x21)),-24.864593712895108;7.268505019720835;-2.726159425431368;2.3998667549046857;-2.5503616959052495,81,7.12501276852579e-2,7.12501276852579e-2,0.17406982790122344,0.7149994892589684,0.7149994892589684,-8.055112447421298,7.12501276852579e-2,7.12501276852579e-2,0.17406982790122344,244.70581281766852,244.70581281766852,244.8086325178845
