id,Expression,theta,size,MSE_train,MSE_val,MSE_test,R2_train,R2_val,R2_test,nll_train,nll_val,nll_test,mdl_train,mdl_val,mdl_test
0,(Abs(x10) ^ (Abs(((0.6993256698512522 * (((x21 + 0.396838396568753) / (0.36571060838029523 + Recip(x28))) * ((Abs((x3 / (x14 * x24))) ^ x9) / (Recip(((Recip(Recip(Recip(((Abs(((x26 + x24) * Recip(x10))) ^ Recip((Recip(x17) * (x21 + x20)))) * (Abs(((Abs(x2) ^ x30) + x9)) ^ Recip(((x21 / x17) / x29))))))) / x11) + (Abs((x13 + (x10 * (((x0 - x4) / x11) * x12)))) ^ 0.9146668368874373))) - x30)))) - x3)) ^ 6.413564409400538)),0.6993256698512522;0.396838396568753;0.36571060838029523;0.9146668368874373;6.413564409400538,81,8.031586443074917e-2,8.031586443074917e-2,Infinity,0.6787365422770033,0.6787365422770033,-Infinity,8.031586443074917e-2,8.031586443074917e-2,Infinity,238.2771269046776,238.2771269046776,Infinity
