id,Expression,theta,size,MSE_train,MSE_val,MSE_test,R2_train,R2_val,R2_test,nll_train,nll_val,nll_test,mdl_train,mdl_val,mdl_test
0,((0.7446036439516446 - ((Abs((((-0.35794021044517876 + (x17 * x15)) - x14) + (Recip(((x6 * -0.8818804954696355) - Recip((Abs(((2.6316392267445463e-2 - (x0 - x12)) / (-0.4580809162361881 - Recip((Abs((x13 * x2)) ^ x4))))) ^ ((Abs(Recip((Recip((x16 + x3)) / (Recip(x1) / Recip((Abs(x11) ^ x5)))))) ^ 1.9925156741968284) + -0.8702442700259178))))) - (Abs((x17 + x29)) ^ x14)))) ^ (-8.860931093461737 * x1)) + (((((Abs(x4) ^ x0) * x29) * x3) + ((x14 * x28) + x29)) * (Recip(Recip((3.2856997574660167 - ((Abs(x17) ^ x4) * 5.25843389069551)))) / (-0.7471039547581889 - x14))))) + x27),0.7446036439516446;-0.35794021044517876;-0.8818804954696355;2.6316392267445463e-2;-0.4580809162361881;1.9925156741968284;-0.8702442700259178;-8.860931093461737;3.2856997574660167;5.25843389069551;-0.7471039547581889,96,9.915070063414097e-2,9.915070063414097e-2,0.20923915831715142,0.6033971974634361,0.6033971974634361,-9.884621015657801,9.915070063414097e-2,9.915070063414097e-2,0.20923915831715142,279.76788777125336,279.76788777125336,279.87797622893635
