id,Expression,theta,size,MSE_train,MSE_val,MSE_test,R2_train,R2_val,R2_test,nll_train,nll_val,nll_test,mdl_train,mdl_val,mdl_test
0,Recip((Recip(Recip((Abs(((Abs(((Recip(Recip((Abs(Recip((Abs(((Abs(((Recip(Recip((Abs(((Abs((x16 + x25)) ^ -288.1336017934207) / x14)) ^ x4))) + x25) / (Abs(((x4 * x23) / ((44.327597942091266 + Recip((Abs(x16) ^ x4))) / (Abs(((x19 + x15) / (x27 + x25))) ^ -41.60274602724119)))) ^ x30))) ^ 601.2126118934269) / ((((x20 * Recip(x27)) * ((Abs((x13 + -85.97392531045685)) ^ Recip(Recip(x17))) + x15)) / x27) / (Abs(x2) ^ x16)))) ^ x4))) ^ x4))) + x2) / (Abs(x21) ^ x30))) ^ -761.2178969516507) / x23)) ^ x4))) + (Abs(((Abs(x9) ^ ((x0 + x20) + x25)) - x16)) ^ (x20 * (x23 * x15))))),-288.1336017934207;44.327597942091266;-41.60274602724119;601.2126118934269;-85.97392531045685;-761.2178969516507,112,6.138752440782966e-7,6.138752440782966e-7,1.8173380855607654e-2,0.9999975444990237,0.9999975444990237,5.462072789132599e-2,6.138752440782966e-7,6.138752440782966e-7,1.8173380855607654e-2,304.1429395590028,304.1429395590028,304.16111232598314
