id,Expression,theta,size,MSE_train,MSE_val,MSE_test,R2_train,R2_val,R2_test,nll_train,nll_val,nll_test,mdl_train,mdl_val,mdl_test
0,((((((1.9447009892660552 - (Recip(x21) * ((x6 - (x19 + -0.5900050547840762)) - x30))) - (x20 + x20)) - ((x18 + ((((x15 + x1) + (x8 / (Abs(x21) ^ (Recip(((((Recip(x0) - (x2 - (x3 / x15))) * (x28 / x24)) + Recip((x18 * x11))) * (Recip(x9) - x20))) + x6)))) + x3) + Recip(Recip(x0)))) * (-5.0505029625184665 - ((x9 + ((Abs(((x1 + x28) + x22)) ^ x6) - x7)) - (((x4 / x28) - x15) + (Abs((x1 - x15)) ^ (x16 / x15))))))) - (x2 - (x3 / x9))) * x9) - x5),1.9447009892660552;-0.5900050547840762;-5.0505029625184665,99,4.2535716192352545e-2,4.2535716192352545e-2,1.403579071421885e8,0.8298571352305898,0.8298571352305898,-7.3014183285363655e9,4.2535716192352545e-2,4.2535716192352545e-2,1.403579071421885e8,319.9341686930119,319.9341686930119,1.4035822703382146e8
