id,Expression,theta,size,MSE_train,MSE_val,MSE_test,R2_train,R2_val,R2_test,nll_train,nll_val,nll_test,mdl_train,mdl_val,mdl_test
0,((((x0 / (Abs((x0 * (((x20 - (Abs(x0) ^ x1)) - ((Abs(x7) ^ (x20 - x18)) + (x26 * x10))) + -1.0021568842634083))) ^ x9)) / (Abs((x6 * (((x20 - (Abs(((x30 + x0) - x9)) ^ (x2 - x11))) - (x16 + Recip(x0))) - (x6 * Recip(Recip(((x24 + x0) * (x26 / x23)))))))) ^ (Abs(x26) ^ x9))) * 1.520095990513529) * (x15 * (9.258817522270103 / (Abs((x0 * x0)) ^ x9)))),-1.0021568842634083;1.520095990513529;9.258817522270103,77,4.8774574989268134e-2,4.8774574989268134e-2,6.94535208463917e-2,0.8049017000429275,0.8049017000429275,-2.6129721544291584,4.8774574989268134e-2,4.8774574989268134e-2,6.94535208463917e-2,219.53336969002973,219.53336969002973,219.55404863588686
