id,Expression,theta,size,MSE_train,MSE_val,MSE_test,R2_train,R2_val,R2_test,nll_train,nll_val,nll_test,mdl_train,mdl_val,mdl_test
0,((Abs((Abs((x7 - x25)) ^ (x1 + x28))) ^ (Abs((x19 / (Recip(((x0 + x13) - (x12 + Recip(x18)))) * ((Abs((x17 * (Abs((x22 - x25)) ^ ((x14 * (Recip(x30) * (x2 + (x22 - x25)))) * 35.17437168332263)))) ^ (x16 + x7)) * (Recip(x24) / ((Abs((x4 + (Abs((x22 - x25)) ^ (x28 + x5)))) ^ (x13 / x1)) / x24)))))) ^ x12)) * (Abs((x5 - ((x28 * (Recip(x30) * ((x19 + (-1.5617267002496127 + x22)) - (-4.742552730883211 * x29)))) * Recip(x20)))) ^ x20)),35.17437168332263;-1.5617267002496127;-4.742552730883211,93,0.12674805300534417,0.12674805300534417,107.3945530059947,0.4930077879786233,0.4930077879786233,-5585.66464737163,0.12674805300534417,0.12674805300534417,107.3945530059947,280.27288166337337,280.27288166337337,387.5406866163627
