id,Expression,theta,size,MSE_train,MSE_val,MSE_test,R2_train,R2_val,R2_test,nll_train,nll_val,nll_test,mdl_train,mdl_val,mdl_test
0,(Abs(-2.62442740735532e-4) ^ (Abs(((x22 / x30) - (Abs((((Abs((Recip(((x5 * x16) * (((x8 - x3) + (((Abs((x4 * (Abs(x6) ^ (x4 * x11)))) ^ (x25 + x16)) * ((Abs(x8) ^ x16) * (x11 - (x12 + x26)))) * x7)) + (((x14 * x12) * (x29 + x8)) - x29)))) + 0.5694174436911847)) ^ (x14 * x29)) + x11) - x5)) ^ (Abs(0.5946351590441677) ^ (Abs(((x22 / x30) - x11)) ^ (x4 * 0.21551351149379225)))))) ^ ((Abs((x14 + x16)) ^ Recip(x16)) * -5.721009116025282))),-2.62442740735532e-4;0.5694174436911847;0.5946351590441677;0.21551351149379225;-5.721009116025282,89,1.1937971138728791e-3,1.1937971138728791e-3,5.3483512624801985e-2,0.9952248115445085,0.9952248115445085,-1.7822123267420928,1.1937971138728791e-3,1.1937971138728791e-3,5.3483512624801985e-2,244.19354761242084,244.19354761242084,244.24583732793178
