id,Expression,theta,size,MSE_train,MSE_val,MSE_test,R2_train,R2_val,R2_test,nll_train,nll_val,nll_test,mdl_train,mdl_val,mdl_test
0,Recip(((Recip(((-0.44423983205317336 * (Abs(x2) ^ x28)) + ((4.012541229548611 * x7) + (Recip(((x23 + x16) / x10)) * x2)))) + Recip(Recip((Abs(Recip((Abs(x3) ^ x13))) ^ (x9 + ((((x23 + x16) / x10) * ((x10 / Recip((Abs(Recip(((Abs(x24) ^ -1.345607883709887) / x8))) ^ ((Abs(x4) ^ (Abs((x10 + x6)) ^ Recip(x26))) - (Abs((((((x11 * x10) - x20) - Recip(x19)) - (Abs(0.23961105227615653) ^ x16)) - (Abs(x2) ^ x28))) ^ x15))))) / (x19 + (((x6 * 1.101235674511646) + x7) * (2.1258274328913482 + x7))))) + x9)))))) / ((Abs(x19) ^ x8) / x10))),-0.44423983205317336;4.012541229548611;-1.345607883709887;0.23961105227615653;1.101235674511646;2.1258274328913482,104,8.982510418080877e-2,8.982510418080877e-2,3.864773016547428,0.6406995832767649,0.6406995832767649,-200.04549232078952,8.982510418080877e-2,8.982510418080877e-2,3.864773016547428,299.44527681692347,299.44527681692347,303.22022472929007
