id,Expression,theta,size,MSE_train,MSE_val,MSE_test,R2_train,R2_val,R2_test,nll_train,nll_val,nll_test,mdl_train,mdl_val,mdl_test
0,((Abs(((x0 - (Abs((x16 / x12)) ^ (x22 * (x6 * x13)))) / Recip(x9))) ^ (Abs((x11 / x12)) ^ ((x5 - (Abs(x25) ^ ((Abs(x6) ^ x12) - x0))) - (Abs(x25) ^ (((Abs((((Abs(x5) ^ x12) + x9) - x15)) ^ x27) * x30) * ((x30 / x10) - (Abs((Abs(x22) ^ x8)) ^ x12))))))) / Recip((((Abs(x5) ^ x21) + 0.9347073351670152) / (x28 + ((Abs(x5) ^ ((x22 * (x6 * x1)) + ((Recip((x25 / (x9 * -1469.443446907822))) * x24) * (x15 * x1)))) * ((Abs(x6) ^ (x20 * x15)) - x0)))))),0.9347073351670152;-1469.443446907822,103,3.416753038961082e-2,3.416753038961082e-2,5.7942379407097525e-2,0.8633298784415567,0.8633298784415567,-2.014162576757098,3.416753038961082e-2,3.416753038961082e-2,5.7942379407097525e-2,296.6594854707792,296.6594854707792,296.6832603197967
