id,Expression,theta,size,MSE_train,MSE_val,MSE_test,R2_train,R2_val,R2_test,nll_train,nll_val,nll_test,mdl_train,mdl_val,mdl_test
0,(((Abs((Abs(((Abs((x27 / ((((Abs(x15) ^ x11) * 16.42525387376165) * (Abs((Abs((x6 * (x13 + x18))) ^ 15.412899764616093)) ^ x12)) / x18))) ^ x25) - x0)) ^ (14.022402853398278 + x1))) ^ x17) * -5.928748376446128) * (((((x19 * ((x6 + x0) / (((x24 * x15) * x1) + x30))) - x11) / Recip((x15 - x6))) - (Abs((Recip(((Abs(((x8 * 6.352130465966345) - x0)) ^ x20) - Recip(((x29 * x13) / x11)))) - x28)) ^ (x6 / (Abs(x15) ^ x11)))) / Recip(x15))),16.42525387376165;15.412899764616093;14.022402853398278;-5.928748376446128;6.352130465966345,88,8.360561197864462e-2,8.360561197864462e-2,0.14417806509827125,0.6655775520854215,0.6655775520854215,-6.500142946411784,8.360561197864462e-2,8.360561197864462e-2,0.14417806509827125,254.3747957765665,254.3747957765665,254.4353682296861
