id,Expression,theta,size,MSE_train,MSE_val,MSE_test,R2_train,R2_val,R2_test,nll_train,nll_val,nll_test,mdl_train,mdl_val,mdl_test
0,Recip(((((Abs(x12) ^ ((Abs(x2) ^ (x2 / (Abs(x27) ^ x22))) / (x24 - x5))) + x15) + (x7 * x24)) + Recip((x11 + x27)))),,28,0.12548981852129715,0.12548981852129715,0.11419236044485455,0.4980407259148114,0.4980407259148114,-4.940286590341106,0.12548981852129715,0.12548981852129715,0.11419236044485455,67.82674484607655,67.82674484607655,67.81544738800011
