id,Expression,theta,size,MSE_train,MSE_val,MSE_test,R2_train,R2_val,R2_test,nll_train,nll_val,nll_test,mdl_train,mdl_val,mdl_test
0,(Abs((Abs((Abs(Recip((Abs((Recip((Recip(Recip(Recip(((Recip((((((Recip((Abs((x8 / x6)) ^ x8)) / x19) * x26) + x17) + (((x4 + x1) * Recip(x4)) - Recip(x0))) + ((x16 / (((Abs(x7) ^ x10) + x25) + (x14 * x12))) + ((Abs((x18 * x4)) ^ Recip(x2)) - ((Abs(x1) ^ ((x19 + x1) * x25)) - Recip((x15 - x21))))))) + x12) * ((-55.196197328816126 + x14) + (Abs(((x10 - x17) + x25)) ^ x12)))))) - (x21 / x22))) / Recip((x12 / (x16 * -0.8965550323348787))))) ^ (x21 + x28)))) ^ x4)) ^ (x29 + -257.19510270654564))) ^ x4),-55.196197328816126;-0.8965550323348787;-257.19510270654564,106,7.954629446795074e-2,7.954629446795074e-2,23650.862089106464,0.681814822128197,0.681814822128197,-1230316.8458752714,7.954629446795074e-2,7.954629446795074e-2,23650.862089106464,323.30338378146274,323.30338378146274,23974.08592659346
