id,Expression,theta,size,MSE_train,MSE_val,MSE_test,R2_train,R2_val,R2_test,nll_train,nll_val,nll_test,mdl_train,mdl_val,mdl_test
0,(Abs(Recip(((((x20 - ((Abs(x27) ^ (x9 * (Abs(x27) ^ x7))) - (x20 * x12))) * x28) * x24) - (Abs((((((((Abs((((x8 + -0.640573697616499) / x21) + x7)) ^ x21) - (x4 * x0)) * (x27 + -0.43648504879528777)) * x24) + 0.21336863310241727) / x21) + x7)) ^ (((Abs(0.518403725231332) ^ (((Abs(0.38721881679201886) ^ x17) - x8) - ((((-4.533113363236467 / (x2 + x11)) * (x4 * x0)) + x24) * Recip((Abs(x4) ^ (x22 / x16)))))) / x3) / (x14 + (Abs(-1.6150834127646926e-4) ^ (((Abs(x17) ^ x3) - ((x4 * x4) * x0)) + x17)))))))) ^ x28),-0.640573697616499;-0.43648504879528777;0.21336863310241727;0.518403725231332;0.38721881679201886;-4.533113363236467;-1.6150834127646926e-4,101,4.931347083078468e-2,4.931347083078468e-2,0.10529708588998703,0.8027461166768612,0.8027461166768612,-4.477554407996916,4.931347083078468e-2,4.931347083078468e-2,0.10529708588998703,292.967013533837,292.967013533837,293.02299714889625
