id,Expression,theta,size,MSE_train,MSE_val,MSE_test,R2_train,R2_val,R2_test,nll_train,nll_val,nll_test,mdl_train,mdl_val,mdl_test
0,(1.259058794663123 + ((x23 + -11.18514953725752) * x0)),1.259058794663123;-11.18514953725752,7,0.13540247557345186,0.13540247557345186,0.14764844404553168,0.45839009770619255,0.45839009770619255,-6.680672059248264,0.13540247557345186,0.13540247557345186,0.14764844404553168,11.401467862612154,11.401467862612154,11.413713831084234
