id,Expression,theta,size,MSE_train,MSE_val,MSE_test,R2_train,R2_val,R2_test,nll_train,nll_val,nll_test,mdl_train,mdl_val,mdl_test
0,((Abs(Recip((((Recip(x12) - (x12 * ((Abs(x3) ^ x10) * ((x3 / x14) / x7)))) / ((Abs((x14 * x19)) ^ (x11 + -1.320603683582077)) * (Recip(((x0 * (x28 - (((x9 - x24) * x14) + (x0 - (x0 - x27))))) * x17)) * (x8 + x25)))) * Recip(((Abs(x5) ^ (x2 * x16)) + (Recip(x2) * (x8 + ((Abs(x13) ^ ((x21 / x19) * x16)) + Recip((((x4 - (x23 * 1.7100930191976418)) * (x9 - x24)) * x11)))))))))) ^ x18) * x30),-1.320603683582077;1.7100930191976418,88,0.11653256442494192,0.11653256442494192,Infinity,0.5338697423002323,0.5338697423002323,-Infinity,0.11653256442494192,0.11653256442494192,Infinity,285.13747053669204,285.13747053669204,Infinity
