id,Expression,theta,size,MSE_train,MSE_val,MSE_test,R2_train,R2_val,R2_test,nll_train,nll_val,nll_test,mdl_train,mdl_val,mdl_test
0,(Abs(((Abs(x9) ^ x19) + (Recip(Recip(x3)) / (Abs(((0.5486451352620547 - x3) - x9)) ^ (x22 / (((Abs(((Abs(Recip(((x0 - x6) + x27))) ^ x0) - x21)) ^ x3) - x27) / (x18 / x7))))))) ^ (((x12 * ((x19 - ((-0.6573937662669727 - x3) * x4)) + (x9 + -0.3494438478268892))) + (Abs(x28) ^ x13)) * (Abs(((0.2362339954976085 * x27) / (Abs((x4 + (-0.6797986409024236 * x27))) ^ (Abs(5.690964119524303e-2) ^ x17)))) ^ Recip(Recip((((-1.3178967550508607 - x3) - x3) * 1.5469345606038953)))))),0.5486451352620547;-0.6573937662669727;-0.3494438478268892;0.2362339954976085;-0.6797986409024236;5.690964119524303e-2;-1.3178967550508607;1.5469345606038953,85,4.6234066466473905e-2,4.6234066466473905e-2,1.9228613392566756e58,0.8150637341341044,0.8150637341341044,-1.0002724686812844e60,4.6234066466473905e-2,4.6234066466473905e-2,1.9228613392566756e58,234.9654605216985,234.9654605216985,1.9228613392566756e58
