id,Expression,theta,size,MSE_train,MSE_val,MSE_test,R2_train,R2_val,R2_test,nll_train,nll_val,nll_test,mdl_train,mdl_val,mdl_test
0,(x20 - (((((((x24 / (Abs(x12) ^ x27)) * -245.40464617887827) - x20) * x6) + (x4 * (((Abs(((x26 * x21) / (x16 + (x30 * (x22 * x28))))) ^ Recip(x24)) * x2) + x12))) * x30) - Recip((((x30 + Recip(x7)) + ((x17 * (x12 * ((Abs(((x26 * x21) / (x28 * x23))) ^ 54.191080362485344) * (25.013754429180654 + x30)))) + (x16 * 18.966905994807295))) + Recip((Abs(((((Abs((Abs(x3) ^ x27)) ^ x12) + x0) + (Abs(x6) ^ x30)) / x13)) ^ (((Abs((x17 / x1)) ^ x13) + (Abs((x8 / x15)) ^ (x27 * (x28 * x15)))) / x12))))))),-245.40464617887827;54.191080362485344;25.013754429180654;18.966905994807295,106,0.10880346436894012,0.10880346436894012,0.38226344936588974,0.5647861425242395,0.5647861425242395,-18.885344636012825,0.10880346436894012,0.10880346436894012,0.38226344936588974,326.7364989730569,326.7364989730569,327.00995895805386
