id,Expression,theta,size,MSE_train,MSE_val,MSE_test,R2_train,R2_val,R2_test,nll_train,nll_val,nll_test,mdl_train,mdl_val,mdl_test
0,(Abs(x10) ^ ((Abs((Abs(x5) ^ ((Abs(x15) ^ x24) + (Abs((Abs((Abs((x10 - x12)) ^ (x11 + (((x21 / ((Abs(x22) ^ Recip(x3)) + (Abs(x15) ^ -0.8717819351366975))) * x28) * 114.06236855724372)))) ^ Recip(((Recip((((x0 * -4.160553836170544) * x25) * (x6 / x25))) * x16) * Recip((x11 * 1.5360694494562208)))))) ^ (((((x12 * 4.037384682683944) * x12) + (x26 - x0)) + ((Abs(x25) ^ x12) / (Abs(x7) ^ (x3 / x30)))) - (Recip((Recip(x11) + (Abs(x13) ^ x16))) - (x3 / x30))))))) ^ (x16 * (x15 / x29))) * ((x26 + x5) + 5.160038530192649))),-0.8717819351366975;114.06236855724372;-4.160553836170544;1.5360694494562208;4.037384682683944;5.160038530192649,103,7.339199635331785e-2,7.339199635331785e-2,10.922773535193025,0.7064320145867287,0.7064320145867287,-567.2026793007194,7.339199635331785e-2,7.339199635331785e-2,10.922773535193025,296.5601769563082,296.5601769563082,307.4095584951479
