id,Expression,theta,size,MSE_train,MSE_val,MSE_test,R2_train,R2_val,R2_test,nll_train,nll_val,nll_test,mdl_train,mdl_val,mdl_test
0,(Recip((Recip(x9) / (27.80478345940508 * x0))) + ((((Recip(x8) * (Abs((x9 + x17)) ^ x25)) - x24) + Recip(x8)) * (x8 * (((0.9915039139204666 * (Abs(((x21 * x21) - (x3 / Recip(Recip(x6))))) ^ (Abs((x8 + x19)) ^ x25))) + ((-7.144839910745545 * x0) - x9)) / ((x8 - (Abs(x14) ^ x24)) / x15))))),27.80478345940508;0.9915039139204666;-7.144839910745545,59,4.0033936772123566e-2,4.0033936772123566e-2,8.924754542175334e-2,0.8398642529115057,0.8398642529115057,-3.6426573128394315,4.0033936772123566e-2,4.0033936772123566e-2,8.924754542175334e-2,161.98417779092634,161.98417779092634,162.03339139957598
