id,Expression,theta,size,MSE_train,MSE_val,MSE_test,R2_train,R2_val,R2_test,nll_train,nll_val,nll_test,mdl_train,mdl_val,mdl_test
0,Recip(((Abs(Recip(Recip((x19 - (Abs(((x5 / x27) / x27)) ^ x11))))) ^ (Abs(((Abs(x22) ^ x1) + x19)) ^ x19)) + (((((-0.9343903956926608 + x19) + (x1 + x27)) + ((x15 / x18) - x3)) / Recip((Abs(((((Abs(Recip((Abs(x26) ^ ((Abs(Recip(x26)) ^ x11) + x16)))) ^ (x12 / x6)) * (Abs(((Recip(((Abs(x18) ^ x1) + -0.2553620183484843)) / x1) + ((x6 - x21) * x21))) ^ (Abs(Recip(x27)) ^ x15))) + x18) + (x27 + x21))) ^ (x9 * 2.6480298129101363)))) * Recip(Recip((x20 - (x12 + -0.4279529055720587))))))),-0.9343903956926608;-0.2553620183484843;2.6480298129101363;-0.4279529055720587,98,9.311018219460929e-2,9.311018219460929e-2,0.18025391590358278,0.6275592712215629,0.6275592712215629,-8.376808705304018,9.311018219460929e-2,9.311018219460929e-2,0.18025391590358278,272.8811069680306,272.8811069680306,272.9682507017396
