id,Expression,theta,size,MSE_train,MSE_val,MSE_test,R2_train,R2_val,R2_test,nll_train,nll_val,nll_test,mdl_train,mdl_val,mdl_test
0,Recip((Recip(Recip((Abs(((Abs((Abs(Recip(Recip((Abs(((x1 * 4.2385607459720705e-2) + x0)) ^ -1.449999451397306)))) ^ (x18 - x28))) ^ (Abs(((x1 - (x4 * x28)) / x10)) ^ x21)) / (Abs((Abs(x25) ^ x30)) ^ ((x30 + (Abs((Recip((Abs((Abs(x25) ^ x30)) ^ (x9 / x6))) + (x27 / (Abs(x9) ^ x17)))) ^ x21)) - x21)))) ^ ((x22 + -34.44628058612205) - x13)))) + (8.444608144305142e-2 + (Abs((Recip((Abs((Abs(x25) ^ x30)) ^ (x30 / x6))) + ((((x14 / Recip(x27)) / (x3 * (x17 / x20))) - ((Abs(x20) ^ x20) - (x14 / (x28 / x27)))) / (Abs(x9) ^ x17)))) ^ x21)))),4.2385607459720705e-2;-1.449999451397306;-34.44628058612205;8.444608144305142e-2,111,2.268740745844162e-2,2.268740745844162e-2,8.371654128092951e-2,0.9092503701662336,0.9092503701662336,-3.354934477433786,2.268740745844162e-2,2.268740745844162e-2,8.371654128092951e-2,305.8158907699375,305.8158907699375,305.87691990376
