id,Expression,theta,size,MSE_train,MSE_val,MSE_test,R2_train,R2_val,R2_test,nll_train,nll_val,nll_test,mdl_train,mdl_val,mdl_test
0,(Abs((Abs(Recip((Abs((x6 * -5.088879705694353)) ^ (Abs((Abs((x29 * x5)) ^ x16)) ^ (x13 * Recip(((Abs(Recip(x26)) ^ (x6 * -7.00384170990044)) + (Abs(((Abs(x13) ^ (Abs((x8 + (((Abs(x7) ^ (x28 + x1)) - (x28 / (Abs(x8) ^ x20))) / Recip(Recip((x25 + x3)))))) ^ (x1 * 3.8268411805918485))) + x17)) ^ (x25 + ((x0 + x8) / x7)))))))))) ^ (Abs((((x7 * -2.3861061632419633) * x21) + (Abs(x29) ^ x3))) ^ (Abs(x7) ^ (x5 + (x2 * -5.949204015218281)))))) ^ -13.53866148992931),-5.088879705694353;-7.00384170990044;3.8268411805918485;-2.3861061632419633;-5.949204015218281;-13.53866148992931,90,4.173877057810874e-2,4.173877057810874e-2,0.12687067863681425,0.8330449176875651,0.8330449176875651,-5.599812702686826,4.173877057810874e-2,4.173877057810874e-2,0.12687067863681425,241.573829877022,241.573829877022,241.6589617850807
