id,Expression,theta,size,MSE_train,MSE_val,MSE_test,R2_train,R2_val,R2_test,nll_train,nll_val,nll_test,mdl_train,mdl_val,mdl_test
0,((Abs(((Abs((x16 * (Abs(x25) ^ (x10 + (x13 + x8))))) ^ ((-0.6213288578801608 + (x1 * x30)) * Recip(x13))) * -1.44689868127626e-4)) ^ x22) - (x30 + x29)),-0.6213288578801608;-1.44689868127626e-4,29,0.15208475967400012,0.15208475967400012,0.2361337625536583,0.3916609613039995,0.3916609613039995,-11.283678328040835,0.15208475967400012,0.15208475967400012,0.2361337625536583,70.56138998833146,70.56138998833146,70.64543899121112
