id,Expression,theta,size,MSE_train,MSE_val,MSE_test,R2_train,R2_val,R2_test,nll_train,nll_val,nll_test,mdl_train,mdl_val,mdl_test
0,((Abs((Abs(x12) ^ x18)) ^ (x0 * (((-10.977368971294887 * (Abs((Abs((Recip(((x0 * ((Abs((x1 + (Abs((Abs(Recip((-0.4697581699385247 + x3))) ^ -0.25001966213252586)) ^ (x2 + x9)))) ^ x15) + 1.5844562323185067)) / ((Abs((Abs((Abs(x12) ^ x12)) ^ (x23 * x10))) ^ (Abs((x0 + x29)) ^ 0.6831564953453892)) + (((Abs(x0) ^ x22) / (x25 / x2)) + x11)))) / Recip((0.9629408515521828 + x17)))) ^ (Abs(x22) ^ ((0.1885244604995024 + x18) * x11)))) ^ x30)) + x11) - x30))) + -1.1825897296805046),-10.977368971294887;-0.4697581699385247;-0.25001966213252586;1.5844562323185067;0.6831564953453892;0.9629408515521828;0.1885244604995024;-1.1825897296805046,85,5.267953145781343e-2,5.267953145781343e-2,0.5497699097664159,0.7892818741687463,0.7892818741687463,-27.599030706047866,5.267953145781343e-2,5.267953145781343e-2,0.5497699097664159,225.8082630783566,225.8082630783566,226.3053534566652
