id,Expression,theta,size,MSE_train,MSE_val,MSE_test,R2_train,R2_val,R2_test,nll_train,nll_val,nll_test,mdl_train,mdl_val,mdl_test
0,(Abs(((Abs((Abs(-0.12684620413163894) ^ Recip((((((x8 - x3) * x11) - x3) * x5) - x0)))) ^ Recip((((Recip(((x24 / x30) - ((((x25 * x8) - ((x26 * x2) * -0.5776452264826152)) * (((x23 - x6) * (x23 - x22)) + x29)) - x1))) * x10) * x23) - (Abs((((Abs((x24 / x30)) ^ (57.70913664760276 * x0)) * x10) + (Abs(((((x25 * x8) + -2.6245622632536496) * (x22 + x29)) - x1)) ^ x6))) ^ (Abs(((Abs(x28) ^ x23) - x5)) ^ x25))))) / x13)) ^ x11),-0.12684620413163894;-0.5776452264826152;57.70913664760276;-2.6245622632536496,90,5.131775715402338e-2,5.131775715402338e-2,4.2241133238120194e265,0.7947289713839065,0.7947289713839065,-2.197383751046929e267,5.131775715402338e-2,5.131775715402338e-2,4.2241133238120194e265,263.9991353963465,263.9991353963465,4.2241133238120194e265
