id,Expression,theta,size,MSE_train,MSE_val,MSE_test,R2_train,R2_val,R2_test,nll_train,nll_val,nll_test,mdl_train,mdl_val,mdl_test
0,((Abs((-0.5397245985218689 + (-6.586254980451735e-2 * x18))) ^ (16.00741487962289 * (1.3237503154492565 * x24))) * Recip(((((x25 - ((x25 + x5) - (x19 + x10))) + x10) * ((x12 - x24) + ((((x9 + x5) - x17) / ((Abs(x28) ^ x6) / (x18 * x1))) + x22))) - (((8.212367478371629 * x18) - Recip((Abs(x30) ^ x10))) - ((x12 - x6) / (x3 + x15)))))),-0.5397245985218689;-6.586254980451735e-2;16.00741487962289;1.3237503154492565;8.212367478371629,64,0.11492638984475657,0.11492638984475657,0.3839033677615131,0.5402944406209738,0.5402944406209738,-18.97065319095315,0.11492638984475657,0.11492638984475657,0.3839033677615131,191.3800735615229,191.3800735615229,191.64905053943966
