id,Expression,theta,size,MSE_train,MSE_val,MSE_test,R2_train,R2_val,R2_test,nll_train,nll_val,nll_test,mdl_train,mdl_val,mdl_test
0,(Abs((46.98874048977748 / ((Abs(((x10 / Recip(((((x30 + Recip(x2)) + ((x25 * x7) + x17)) + x9) - x6))) / (Abs(Recip(x10)) ^ (0.6564780848329865 * x18)))) ^ (x5 * 40.924914760359954)) * ((Abs(Recip(x19)) ^ (20.311141208975492 * x30)) / x12)))) ^ (x7 / (Abs((x30 / Recip(x19))) ^ (x7 / x10)))),46.98874048977748;0.6564780848329865;40.924914760359954;20.311141208975492,55,8.558699173781895e-2,8.558699173781895e-2,Infinity,0.6576520330487242,0.6576520330487242,-Infinity,8.558699173781895e-2,8.558699173781895e-2,Infinity,147.30753595005982,147.30753595005982,Infinity
