id,Expression,theta,size,MSE_train,MSE_val,MSE_test,R2_train,R2_val,R2_test,nll_train,nll_val,nll_test,mdl_train,mdl_val,mdl_test
0,((((Abs((Abs(x0) ^ -1.7969524868120719)) ^ (x0 - x20)) + (-2.2431816794960393 - x9)) + Recip((Abs((Abs(x9) ^ (3.086494358526758 - x9))) ^ x0))) * ((x9 / ((Abs((Abs(x0) ^ x6)) ^ (x0 + 4.235261569713302)) - x12)) + (((Abs(x0) ^ x0) * x30) / Recip(x20)))),-1.7969524868120719;-2.2431816794960393;3.086494358526758;4.235261569713302,48,5.6374953787682036e-2,5.6374953787682036e-2,0.2821523282681019,0.7745001848492719,0.7745001848492719,-13.677564116506097,5.6374953787682036e-2,5.6374953787682036e-2,0.2821523282681019,105.21929860971069,105.21929860971069,105.4450759841911
