id,Expression,theta,size,MSE_train,MSE_val,MSE_test,R2_train,R2_val,R2_test,nll_train,nll_val,nll_test,mdl_train,mdl_val,mdl_test
0,(Abs((((Abs(((x13 + x29) * (Abs((Abs(((Abs(x13) ^ x26) - Recip(((Abs(x9) ^ x3) * (x1 * x0))))) ^ (0.1752432094815179 - x15))) ^ -7.809805865062774))) ^ x11) * (Abs((Abs(((Abs(Recip((x13 + (Recip(Recip(((x21 * x3) * x14))) + (Abs((Abs((x17 * x13)) ^ x14)) ^ (0.13638412455621918 - (Abs((Abs(x29) ^ x25)) ^ x13))))))) ^ (Abs(((Abs(x13) ^ Recip(x13)) + -7.188839703221833)) ^ x15)) / x19)) ^ (0.421759616155745 - x15))) ^ -3.016266725103005)) / (Abs(((Abs(x13) ^ x13) - ((Abs((Abs(((-2.0000366754953722 - x15) * ((x17 * x15) * x14))) ^ x14)) ^ (x13 - x15)) - (Abs(x17) ^ x30)))) ^ x20))) ^ (x0 / x15)),0.1752432094815179;-7.809805865062774;0.13638412455621918;-7.188839703221833;0.421759616155745;-3.016266725103005;-2.0000366754953722,116,6.555845228047147e-2,6.555845228047147e-2,0.1827576132050109,0.7377661908781141,0.7377661908781141,-8.507051038924304,6.555845228047147e-2,6.555845228047147e-2,0.1827576132050109,301.07300318147884,301.07300318147884,301.1902023424034
