id,Expression,theta,size,MSE_train,MSE_val,MSE_test,R2_train,R2_val,R2_test,nll_train,nll_val,nll_test,mdl_train,mdl_val,mdl_test
0,Recip((x12 + Recip((Abs(((((Abs(x10) ^ x9) + 6.744486525511302) * x15) / (Abs((Recip(x9) * x13)) ^ (x16 / ((Abs(Recip(((Recip(Recip((Recip(x4) - x6))) - x6) / ((Recip(x12) + (x23 + (Abs(Recip(((Recip(x4) - Recip((Recip(Recip((Abs((Recip((-0.40428284292753464 / x15)) / Recip((Abs(x6) ^ x18)))) ^ x23))) - x6))) / (x3 + x6)))) ^ (x14 * x6)))) - Recip(x4))))) ^ -1.8279418662372264) + x11))))) ^ (Recip(Recip((Abs(Recip(x21)) ^ 4.063912284091707))) / (Abs((Recip((Abs((-8.998334832843213 / x2)) ^ -3.7119883178056097)) / x29)) ^ x14)))))),6.744486525511302;-0.40428284292753464;-1.8279418662372264;4.063912284091707;-8.998334832843213;-3.7119883178056097,97,2.4981374512981182e-2,2.4981374512981182e-2,8.1517376193089,0.9000745019480753,0.9000745019480753,-423.0533909564328,2.4981374512981182e-2,2.4981374512981182e-2,8.1517376193089,272.812978160349,272.812978160349,280.9397344051449
