id,Expression,theta,size,MSE_train,MSE_val,MSE_test,R2_train,R2_val,R2_test,nll_train,nll_val,nll_test,mdl_train,mdl_val,mdl_test
0,(Recip((x9 + x2)) / (Recip(x9) + ((x6 + (x21 * (Abs((x25 + x8)) ^ (-0.9534291361673277 * Recip(x10))))) * (((x21 + (-1.1873193821171455 + (Abs(((Abs((x14 - x12)) ^ (x25 + x8)) + (Abs((x22 * (Recip((x9 * x19)) / ((x26 + ((0.5468903264970342 + x2) / Recip(((x23 / ((x19 + (0.6972202421189546 + (Abs(x21) ^ (Abs(((Recip((Abs((x9 / (x23 - x18))) ^ x23)) + x23) + (Recip(x10) * x18))) ^ ((((Abs((Abs(x3) ^ x8)) ^ x26) + x19) / x27) + x21))))) + 0.9542850656554327)) * (Abs(x14) ^ x11))))) + Recip(x9))))) ^ x23))) ^ x29))) + x6) + x2)))),-0.9534291361673277;-1.1873193821171455;0.5468903264970342;0.6972202421189546;0.9542850656554327,109,0.10111025324445819,0.10111025324445819,2.717001542852177,0.5955589870221673,0.5955589870221673,-140.33842025916485,0.10111025324445819,0.10111025324445819,2.717001542852177,318.7698169151963,318.7698169151963,321.385708204804
