id,Expression,theta,size,MSE_train,MSE_val,MSE_test,R2_train,R2_val,R2_test,nll_train,nll_val,nll_test,mdl_train,mdl_val,mdl_test
0,(Abs(x0) ^ (Abs((Abs((Recip((((x23 + x7) + (x10 * x2)) - ((-5.861217032743557 * ((x22 + x1) - x2)) * x22))) / Recip((((x30 * x16) + ((x23 + x7) - x0)) + (Abs((x8 - x22)) ^ x0))))) ^ Recip((((x16 - x27) * Recip((x14 + x7))) + x7)))) ^ (Recip((Abs(x6) ^ (((x9 * x7) * 73.50544762201963) * (Abs((x23 - Recip((Abs(((Recip((x5 + (x29 - x28))) - ((Abs((x23 - ((x23 + x7) + (x2 * x2)))) ^ x12) * Recip((Recip(Recip(x17)) - x26)))) - x22)) ^ x29)))) ^ (x22 * x24))))) * x28))),-5.861217032743557;73.50544762201963,105,5.271860525952691e-5,5.271860525952691e-5,6.010360550775903e-2,0.9997891255789619,0.9997891255789619,-2.126589558513505,5.271860525952691e-5,5.271860525952691e-5,6.010360550775903e-2,323.22389020560007,323.22389020560007,323.2839410925026
