id,Expression,theta,size,MSE_train,MSE_val,MSE_test,R2_train,R2_val,R2_test,nll_train,nll_val,nll_test,mdl_train,mdl_val,mdl_test
0,(Abs(((Abs(((Abs(x20) ^ x11) - (x14 - x6))) ^ (((x6 / (x8 - x21)) / Recip((x6 + (x23 - x6)))) * ((x10 - x28) + x6))) * ((-64.42686183787947 * (Abs((x2 * x11)) ^ (Abs(Recip(x6)) ^ (Abs(x10) ^ x15)))) * (x27 + Recip(x4))))) ^ (((Abs((x28 - x5)) ^ (x9 / (x10 + Recip(x6)))) * ((Recip(Recip(x9)) + (x9 * x21)) * x25)) / ((x10 * (Abs(162.3522308204836) ^ ((x0 * (x8 + 34.911315365173046)) + (-6.720276868403387 - (x23 * (x8 + -35.40774047571721)))))) * (x18 + x10)))),-64.42686183787947;162.3522308204836;34.911315365173046;-6.720276868403387;-35.40774047571721,95,2.685967770361992e-2,2.685967770361992e-2,Infinity,0.8925612891855204,0.8925612891855204,-Infinity,2.685967770361992e-2,2.685967770361992e-2,Infinity,280.0690564412371,280.0690564412371,Infinity
