id,Expression,theta,size,MSE_train,MSE_val,MSE_test,R2_train,R2_val,R2_test,nll_train,nll_val,nll_test,mdl_train,mdl_val,mdl_test
0,(Abs((((Abs((((x3 * -0.3092945423225988) - (-1.4692882918901875 / x29)) - Recip(x19))) ^ (((Recip(((((((x2 - x23) * (x26 - x0)) * x9) / x11) - (x15 / (x22 * x10))) - Recip(((x23 + (Abs(x23) ^ ((x27 - (x9 / x4)) - x20))) * (x15 / x10))))) * ((x20 * (Abs((0.46527226320967163 - x20)) ^ Recip(x10))) / x21)) * ((x15 - x5) * x29)) - ((((x27 - (x9 / x4)) - x20) - (x9 / x4)) - x20))) + (((Abs(x20) ^ x27) * x10) + x7)) * (Abs(2.0621758174719202e-5) ^ Recip((x9 / x4))))) ^ x21),-0.3092945423225988;-1.4692882918901875;0.46527226320967163;2.0621758174719202e-5,100,6.696609989299333e-2,6.696609989299333e-2,4.3299434749537316,0.7321356004280266,0.7321356004280266,-224.2436595670845,6.696609989299333e-2,6.696609989299333e-2,4.3299434749537316,302.6412936375038,302.6412936375038,306.90427101256455
