id,Expression,theta,size,MSE_train,MSE_val,MSE_test,R2_train,R2_val,R2_test,nll_train,nll_val,nll_test,mdl_train,mdl_val,mdl_test
0,Recip(((((x17 * x6) + (Abs(((Recip(((x15 - ((Abs(x22) ^ x12) - Recip(((x22 * (x8 * x17)) + x8)))) / (x14 * x3))) - (((x12 * ((Abs(x23) ^ x4) + -11.957479343230665)) * x17) - (Recip(((Abs((x12 + x23)) ^ x6) + (((Abs((1.6059865131041213 + x12)) ^ x6) + -0.7983030491115213) / x28))) / Recip(Recip((x26 / x14)))))) - x8)) ^ (x14 / Recip(x25)))) - (Recip(((((-83.48355686549307 * x14) * x23) * x14) * x23)) + (Abs((Abs((Abs(0.3227824197892478) ^ x17)) ^ x17)) ^ Recip((x13 + x28))))) + x22)),-11.957479343230665;1.6059865131041213;-0.7983030491115213;-83.48355686549307;0.3227824197892478,96,2.37430721727742e-2,2.37430721727742e-2,1.3046659744615363,0.9050277113089031,0.9050277113089031,-66.86872399148653,2.37430721727742e-2,2.37430721727742e-2,1.3046659744615363,267.941717591834,267.941717591834,269.2226404941228
