id,Expression,theta,size,MSE_train,MSE_val,MSE_test,R2_train,R2_val,R2_test,nll_train,nll_val,nll_test,mdl_train,mdl_val,mdl_test
0,(Abs(x16) ^ (((Abs(Recip((Abs(((Abs((Abs(x16) ^ ((Abs(x28) ^ (Abs((-5.804265027745539 / x7)) ^ (x28 - x16))) + 24.32913303035592))) ^ ((x15 + ((Abs(x0) ^ (x28 - x16)) / (Abs(x26) ^ (x9 / x7)))) * x2)) * (x29 - x16))) ^ (((x10 * -1.103778033665911) - x26) * (1.3771247492215384 - ((x16 + ((Abs(x0) ^ (x28 - x16)) / (Abs(x26) ^ (x9 / x7)))) + Recip((Abs(x18) ^ x7)))))))) ^ (x4 * (Abs(x16) ^ x11))) + ((Abs(x18) ^ (x28 - x16)) / (x16 + ((Abs(x0) ^ (x28 - x16)) / (Abs(x26) ^ (x9 / x7)))))) * x2)),-5.804265027745539;24.32913303035592;-1.103778033665911;1.3771247492215384,107,6.234311910817213e-2,6.234311910817213e-2,0.14357767356549875,0.7506275235673114,0.7506275235673114,-6.46891057887696,6.234311910817213e-2,6.234311910817213e-2,0.14357767356549875,272.6739800125213,272.6739800125213,272.7552145669787
