id,Expression,theta,size,MSE_train,MSE_val,MSE_test,R2_train,R2_val,R2_test,nll_train,nll_val,nll_test,mdl_train,mdl_val,mdl_test
0,(Recip((((x19 * (x6 - (((0.313387195606097 * x19) - (x5 + x16)) / (Abs((-3.289735593615538e-3 - (x19 / x16))) ^ (x6 * x30))))) + ((x22 + (x6 - ((x5 / (((x22 - x19) - x30) - x1)) / ((x5 + x29) / x16)))) - ((x5 / (((x22 - x19) - x30) - x1)) / ((Abs(x27) ^ Recip(((x6 + (x23 - x16)) * ((x6 * x19) - (x19 / x26))))) / x16)))) - Recip((((Abs(x25) ^ x26) - x16) * ((Abs(x23) ^ x20) * -1.2479042334372614))))) - ((Abs(x25) ^ x26) * 5.498548963990781e-3)),0.313387195606097;-3.289735593615538e-3;-1.2479042334372614;5.498548963990781e-3,95,7.765859779584884e-2,7.765859779584884e-2,0.9760404588459423,0.6893656088166047,0.6893656088166047,-49.77362466916398,7.765859779584884e-2,7.765859779584884e-2,0.9760404588459423,269.693563217655,269.693563217655,270.5919450787051
