id,Expression,theta,size,MSE_train,MSE_val,MSE_test,R2_train,R2_val,R2_test,nll_train,nll_val,nll_test,mdl_train,mdl_val,mdl_test
0,(((x6 - (x11 + x30)) + Recip((x30 - ((Recip(Recip((((x10 * -3.4121541853223105) * ((Abs(408.75833212085695) ^ ((Abs(-568.1955302987903) ^ ((x6 - x11) + x20)) + x20)) + x20)) - x17))) + ((Abs((x20 * (x2 * x3))) ^ Recip((x28 / x15))) * Recip((Recip((x22 * x27)) - (x23 + x25))))) + (x30 + (Abs(x10) ^ x12)))))) - ((x10 * -13.205982317727454) * x6)),-3.4121541853223105;408.75833212085695;-568.1955302987903;-13.205982317727454,67,3.707114237647731e-2,3.707114237647731e-2,6.150129046084064e-2,0.8517154304940908,0.8517154304940908,-2.1992971297728077,3.707114237647731e-2,3.707114237647731e-2,6.150129046084064e-2,194.7727457039504,194.7727457039504,194.79717585203477
