id,Expression,theta,size,MSE_train,MSE_val,MSE_test,R2_train,R2_val,R2_test,nll_train,nll_val,nll_test,mdl_train,mdl_val,mdl_test
0,(((-0.32352155810957345 * x24) * (Recip((x6 * (((((x8 - x26) - x10) / ((Recip((x10 - Recip(Recip(x25)))) - Recip((x17 * x13))) / x0)) - Recip(x24)) / ((((Recip(x25) + (Abs((((((Recip(x25) + (Abs(Recip((x10 * Recip(x0)))) ^ (Abs((Abs(x20) ^ x12)) ^ x25))) * x6) / x13) + (x12 - x6)) - ((x23 + Recip(Recip(x24))) * (x16 * (x20 + (x0 - Recip(Recip((x24 * Recip(x0)))))))))) ^ (Abs(x16) ^ (x17 * x13)))) * x6) / x6) - (((x24 - x3) * x6) * x25))))) + x6)) - x6),-0.32352155810957345,101,6.771908645859734e-2,6.771908645859734e-2,0.2298097168148745,0.7291236541656106,0.7291236541656106,-10.954701468709315,6.771908645859734e-2,6.771908645859734e-2,0.2298097168148745,292.34187310790725,292.34187310790725,292.5039637382635
