id,Expression,theta,size,MSE_train,MSE_val,MSE_test,R2_train,R2_val,R2_test,nll_train,nll_val,nll_test,mdl_train,mdl_val,mdl_test
0,((((Abs(x5) ^ x2) + -1.5637065321910748) / Recip(x6)) + (Abs((Abs(((Abs(x11) ^ (x8 * 4.750094446846797)) * Recip(((((Abs(((Abs(x12) ^ x26) + 1.3643669123828266)) ^ x30) + 1.661096931269118) / Recip(x6)) / x8)))) ^ (x28 + ((Abs((x18 + x12)) ^ (x7 + (Abs((x15 / (((Abs(x29) ^ Recip(x19)) + -3.6231680269546986) / Recip(x6)))) ^ (((x28 + -0.8416203964089063) / Recip(x6)) - ((Abs(x12) ^ x26) + 1.9941518575004704))))) - ((((x29 + 8.63375098984955) * ((x7 * x9) - ((Abs(x12) ^ x26) + 8.171158114243127))) + x29) / Recip(x28)))))) ^ ((((((Abs(x5) ^ x29) + 18.657377157056725) / Recip(x6)) * x24) / (Abs(x7) ^ x27)) * x11))),-1.5637065321910748;4.750094446846797;1.3643669123828266;1.661096931269118;-3.6231680269546986;-0.8416203964089063;1.9941518575004704;8.63375098984955;8.171158114243127;18.657377157056725,112,9.068846534094062e-2,9.068846534094062e-2,3.046529572255782e83,0.6372461386362376,0.6372461386362376,-1.5848046834873975e85,9.068846534094062e-2,9.068846534094062e-2,3.046529572255782e83,314.71801766978757,314.71801766978757,3.046529572255782e83
