id,Expression,theta,size,MSE_train,MSE_val,MSE_test,R2_train,R2_val,R2_test,nll_train,nll_val,nll_test,mdl_train,mdl_val,mdl_test
0,(Recip((Recip((-1.9306827928711991 + x18)) * ((-0.9164972532727542 * ((Abs(x27) ^ x25) * (x7 * (x21 * (x21 + (Abs(x14) ^ (((((x28 / x9) * x11) - x19) - (Abs(x23) ^ x2)) + x1))))))) - ((Abs((Recip(x10) * ((Abs((Recip(x13) * (Abs(x29) ^ x30))) ^ (x6 + x1)) + (Recip((x27 * x27)) / ((-0.7137052761762663 + (((((x22 / (x20 * x26)) * (x13 * x9)) + x7) - x5) + x11)) * x10))))) ^ x10) + x5)))) - (0.9056494563725358 * (x7 * x22))),-1.9306827928711991;-0.9164972532727542;-0.7137052761762663;0.9056494563725358,88,9.513040755834262e-2,9.513040755834262e-2,0.23042746083512536,0.6194783697666295,0.6194783697666295,-10.986836512642762,9.513040755834262e-2,9.513040755834262e-2,0.23042746083512536,276.2133884664492,276.2133884664492,276.348685519726
