id,Expression,theta,size,MSE_train,MSE_val,MSE_test,R2_train,R2_val,R2_test,nll_train,nll_val,nll_test,mdl_train,mdl_val,mdl_test
0,(Abs((Abs(((Abs((x12 - x1)) ^ x6) - x17)) ^ (2777.847198801273 * ((((x6 / (x2 / x7)) * (((Abs(x29) ^ (x14 * (0.34844398415686245 / x10))) * (((x0 * x21) * (x2 / (Recip(x6) * x0))) * (x2 / (Recip((x14 + (x12 / x2))) * x0)))) / x12)) / (x2 / (x6 / (x6 / x4)))) * (x2 / x7))))) ^ (Abs(((Abs(x10) ^ ((x0 * x21) * ((Recip((x14 + x30)) * x0) / x11))) + (x30 * 67.62754567486945))) ^ (x12 / x2))),2777.847198801273;0.34844398415686245;67.62754567486945,88,8.309221615101463e-2,8.309221615101463e-2,1.031770453510213e98,0.6676311353959414,0.6676311353959414,-5.367269899159923e99,8.309221615101463e-2,8.309221615101463e-2,1.031770453510213e98,249.7339321094717,249.7339321094717,1.031770453510213e98
