id,Expression,theta,size,MSE_train,MSE_val,MSE_test,R2_train,R2_val,R2_test,nll_train,nll_val,nll_test,mdl_train,mdl_val,mdl_test
0,Recip((Abs((x1 * (((((x25 - (x25 - x3)) + (x15 * (Abs(-0.6606613149583541) ^ ((x25 / x20) + x19)))) + (((Abs((x11 / (x24 * -0.12231665097018751))) ^ x28) - x25) - x16)) / ((Recip(Recip(x19)) - ((x18 + x1) + (Abs(x25) ^ x24))) * (Abs((Abs(x23) ^ Recip(x7))) ^ (Abs(((x24 * -2.9338013256148083) / x22)) ^ (33.07338423832293 * x7))))) - ((x15 * (Abs(-0.9337133485899756) ^ ((x25 / x20) + -0.8053997688431627))) + (((x26 * (Abs(x25) ^ x11)) + (x1 + (x17 * x24))) + Recip(Recip((((x17 / x18) - x22) * x26)))))))) ^ x19)),-0.6606613149583541;-0.12231665097018751;-2.9338013256148083;33.07338423832293;-0.9337133485899756;-0.8053997688431627,100,2.9055170235847014e-2,2.9055170235847014e-2,2.97004216704099e-2,0.8837793190566119,0.8837793190566119,-0.545015935294664,2.9055170235847014e-2,2.9055170235847014e-2,2.97004216704099e-2,285.3590288197885,285.3590288197885,285.359674071223
