id,Expression,theta,size,MSE_train,MSE_val,MSE_test,R2_train,R2_val,R2_test,nll_train,nll_val,nll_test,mdl_train,mdl_val,mdl_test
0,(Abs(x13) ^ ((Abs(((((((1.4216014668561691e-2 + (x27 * x8)) * x14) + 0.6481295470723264) + ((Recip(((x6 / x1) / (-0.2221406201769128 - (Abs((x0 + x2)) ^ x15)))) / (Abs(x14) ^ x24)) * (-0.12054319707062947 + x25))) * (-0.850048213824072 - ((Abs((Recip((x19 + x27)) * x1)) ^ x7) / x23))) / ((((Recip(x4) / Recip(x2)) + (x27 * (Recip(x19) / Recip(x2)))) * -2.62808949709029) + x19))) ^ ((1.3877278431711497 + x11) - (x21 - (Abs(x18) ^ x25)))) / Recip(((x27 * (Recip((((x24 - x17) / (x8 - x17)) + (x21 / (x14 / x28)))) * (x29 + (x0 + x7)))) + x25)))),1.4216014668561691e-2;0.6481295470723264;-0.2221406201769128;-0.12054319707062947;-0.850048213824072;-2.62808949709029;1.3877278431711497,105,1.1877371705038074e-2,1.1877371705038074e-2,Infinity,0.9524905131798477,0.9524905131798477,-Infinity,1.1877371705038074e-2,1.1877371705038074e-2,Infinity,329.9001238790502,329.9001238790502,Infinity
