id,Expression,theta,size,MSE_train,MSE_val,MSE_test,R2_train,R2_val,R2_test,nll_train,nll_val,nll_test,mdl_train,mdl_val,mdl_test
0,(Abs(x18) ^ (Abs((Abs(x18) ^ (Recip((x16 / (Recip(((Recip((Recip(((Recip(x11) + x24) / (x15 + (x24 / Recip((x16 - x5)))))) * (x6 + x11))) + x29) / (12.786507501167032 * x18))) * (x27 + x11)))) * (x6 + x11)))) ^ ((Abs((x11 + 5.312928590029002)) ^ x11) + ((Abs((x11 + 5.097281155572798)) ^ x11) + (x5 * (x24 + (Abs((x16 - (-2.0539113767757913 - x5))) ^ (((x6 + ((x15 * (x10 + (x4 / x14))) + (x0 + (x11 / x22)))) + (x27 * 30.548784398365388)) - x5)))))))),12.786507501167032;5.312928590029002;5.097281155572798;-2.0539113767757913;30.548784398365388,91,4.459238359863999e-2,4.459238359863999e-2,0.1021125711416293,0.8216304656054401,0.8216304656054401,-4.3118959507873535,4.459238359863999e-2,4.459238359863999e-2,0.1021125711416293,258.8289995900896,258.8289995900896,258.8865197776326
