id,Expression,theta,size,MSE_train,MSE_val,MSE_test,R2_train,R2_val,R2_test,nll_train,nll_val,nll_test,mdl_train,mdl_val,mdl_test
0,Recip(((Abs(Recip((x27 / (Recip(x23) / x17)))) ^ ((x27 - (((x22 - (x25 * 2.0601192347655193)) * x27) - x1)) / Recip((x29 + x8)))) + Recip(((Abs(x17) ^ (((x8 * x6) + -14.024218711663037) * (Recip(((Abs((Abs(x17) ^ ((((Recip(Recip((x7 * 1.556612991954497))) + (x20 - x27)) * ((((x20 + x3) * x27) + (x1 / x24)) / ((x17 * -7.397884095130453e-2) - Recip(x9)))) + -2.702855502174568) + (x25 * x27)))) ^ x22) - (x8 / (Recip(x6) / (x10 - x9))))) - ((((x8 * x6) + 6.2116167214925015) - (-1.6347505913533995 * x28)) * x9)))) - x17)))),2.0601192347655193;-14.024218711663037;1.556612991954497;-7.397884095130453e-2;-2.702855502174568;6.2116167214925015;-1.6347505913533995,99,7.006010664792242e-2,7.006010664792242e-2,0.5720891511549259,0.7197595734083103,0.7197595734083103,-28.760077643078105,7.006010664792242e-2,7.006010664792242e-2,0.5720891511549259,297.94201061991714,297.94201061991714,298.4440396644241
