id,Expression,theta,size,MSE_train,MSE_val,MSE_test,R2_train,R2_val,R2_test,nll_train,nll_val,nll_test,mdl_train,mdl_val,mdl_test
0,(Abs((x29 / (Abs((Abs((Abs((Abs(x17) ^ x24)) ^ x23)) ^ x4)) ^ (x1 + Recip(x27))))) ^ (Abs(((Abs((((x18 / (x2 * -9.251720501830174)) * x9) * -64.79008729847254)) ^ x29) * (((x1 + x1) * ((Abs(x1) ^ (x1 + x1)) / x13)) + ((((Abs((x1 * (Abs((x2 * -12.826736920163041)) ^ x29))) ^ x24) - (x1 + ((x0 * -16.740077097765415) * (x10 - x15)))) + ((((x17 - x21) / (-11.001340097243329 - x25)) + x6) + (Abs(x16) ^ (x24 * x20)))) + x15)))) ^ (Recip((Abs(x1) ^ (Abs(-84.15440330931925) ^ x1))) * (Recip((Recip(x27) - ((Abs(x24) ^ x29) * 3.6704095344354823))) - x15)))),-9.251720501830174;-64.79008729847254;-12.826736920163041;-16.740077097765415;-11.001340097243329;-84.15440330931925;3.6704095344354823,109,7.638658518370028e-2,7.638658518370028e-2,Infinity,0.6944536592651989,0.6944536592651989,-Infinity,7.638658518370028e-2,7.638658518370028e-2,Infinity,309.5955576972245,309.5955576972245,Infinity
