id,Expression,theta,size,MSE_train,MSE_val,MSE_test,R2_train,R2_val,R2_test,nll_train,nll_val,nll_test,mdl_train,mdl_val,mdl_test
0,((((x7 * (Abs(((((((((Abs(x19) ^ x22) * x20) - (x6 + x22)) / x0) * x20) - ((x10 * x19) + x22)) / x0) + x23)) ^ ((0.2874922751510546 - x11) * (Abs(((Recip(((x10 + x11) / x1)) * 2.428433041871409) * x25)) ^ x21)))) + (((((Abs((x6 + x13)) ^ Recip((x13 / x1))) + x6) + x3) + (x30 + x11)) * -0.19097314123621636)) - (Abs((x6 + x22)) ^ Recip(((x10 + x11) / x1)))) - ((((x6 * 6.807176098206453) - (Abs(x1) ^ (Abs((Abs((Recip(x30) + x5)) ^ x5)) ^ x18))) * (-0.286220876156504 - x14)) - (Abs(x1) ^ (x21 + (x10 * x13))))),0.2874922751510546;2.428433041871409;-0.19097314123621636;6.807176098206453;-0.286220876156504,108,0.1363829416606096,0.1363829416606096,3.6629369150399536e16,0.4544682333575616,0.4544682333575616,-1.9054597832037112e18,0.1363829416606096,0.1363829416606096,3.6629369150399536e16,318.80508960361243,318.80508960361243,3.6629369150399856e16
