id,Expression,theta,size,MSE_train,MSE_val,MSE_test,R2_train,R2_val,R2_test,nll_train,nll_val,nll_test,mdl_train,mdl_val,mdl_test
0,(Abs((Abs(x17) ^ (x24 * (Recip(x19) + ((7406.236068344619 + x1) * x19))))) ^ (Abs(Recip((((x8 * x17) * x17) + (17821.609368475223 / ((x4 * x30) - (Abs(x19) ^ x12)))))) ^ (((x29 * ((((((8329.06915340208 * x19) * (x25 / x19)) * x2) + x17) - (x2 * x17)) * x26)) * (x0 / x16)) * x5))),7406.236068344619;17821.609368475223;8329.06915340208,59,1.66524598230207e-2,1.66524598230207e-2,1.6253562546370376e32,0.9333901607079171,0.9333901607079171,-8.455103236621547e33,1.66524598230207e-2,1.66524598230207e-2,1.6253562546370376e32,170.0239873945304,170.0239873945304,1.6253562546370376e32
