id,Expression,theta,size,MSE_train,MSE_val,MSE_test,R2_train,R2_val,R2_test,nll_train,nll_val,nll_test,mdl_train,mdl_val,mdl_test
0,Recip(((Abs(((Recip(((-0.300063122208985 - (x28 / x17)) * (Abs(x27) ^ (x11 - x17)))) + (((x14 + x25) * 6.4889785061124266e-3) / ((x20 - x14) - x2))) * Recip(x27))) ^ (x16 + ((Abs(Recip((x19 * x29))) ^ (x25 - (x1 * x2))) * (Recip(x21) * (Recip(Recip((((((Abs(-0.7542962355187726) ^ x19) + (x29 - x25)) + (x2 / (Abs(x15) ^ x18))) + x7) * Recip(((x25 - x0) / ((x9 + ((Abs(x11) ^ x18) / (Abs(x10) ^ (-0.3337143911199042 * x19)))) + Recip(x25))))))) * x12))))) - (x30 - ((Abs(Recip(x27)) ^ x9) / (Abs(Recip(x21)) ^ (8.205282379584582e-2 * x19)))))),-0.300063122208985;6.4889785061124266e-3;-0.7542962355187726;-0.3337143911199042;8.205282379584582e-2,107,3.0905202944154345e-2,3.0905202944154345e-2,0.10223985826334135,0.8763791882233827,0.8763791882233827,-4.318517426858814,3.0905202944154345e-2,3.0905202944154345e-2,0.10223985826334135,326.58694720011414,326.58694720011414,326.6582818554333
