id,Expression,theta,size,MSE_train,MSE_val,MSE_test,R2_train,R2_val,R2_test,nll_train,nll_val,nll_test,mdl_train,mdl_val,mdl_test
0,(Abs((x24 * x2)) ^ ((Abs(x9) ^ x20) / (Recip(Recip(x2)) + (((((((Abs((Abs(-2499.158777027427) ^ (x20 + (((((((Abs(x10) ^ x25) + ((Abs((((((Recip(x10) - (Recip(x10) - x25)) + x1) + ((1520.6486083491927 + x23) + x27)) - (Recip(Recip(x2)) - x18)) / ((-0.8249022648486282 + (Abs((x4 + x14)) ^ x28)) / (x7 + 1338.5452708813086)))) ^ x26) + x17)) * x15) + x22) + x9) + x14) - (x19 - x13))))) ^ x9) + x3) * x15) + x29) + x18) + (Abs(((x16 - x28) + x17)) ^ (Recip(x30) + x0))) - (x19 - x13))))),-2499.158777027427;1520.6486083491927;-0.8249022648486282;1338.5452708813086,102,3.3632435987985904e-2,3.3632435987985904e-2,0.1009952591690609,0.8654702560480564,0.8654702560480564,-4.253773381974347,3.3632435987985904e-2,3.3632435987985904e-2,0.1009952591690609,325.81280729916233,325.81280729916233,325.8801701223434
