id,Expression,theta,size,MSE_train,MSE_val,MSE_test,R2_train,R2_val,R2_test,nll_train,nll_val,nll_test,mdl_train,mdl_val,mdl_test
0,Recip(((Abs((((Abs(((((x27 / x5) + x6) / Recip(Recip(((x4 / x28) / x12)))) - x16)) ^ x2) / ((Recip((x26 - x17)) / ((Abs(x2) ^ (Abs(x23) ^ x25)) * -3.404715294115684)) * Recip(((Abs(((x29 / x4) / Recip(Recip(Recip((((x7 + x23) / x14) * x5)))))) ^ x28) - Recip(x20))))) - (x7 + x23))) ^ ((Abs(x20) ^ x22) + x7)) + ((Abs((x29 + x8)) ^ Recip(Recip((x7 * x12)))) + Recip((Recip((72.21565856508863 - ((x18 - x30) - (x26 - x29)))) / (x1 * ((Abs(x20) ^ ((x21 / Recip(x2)) + x8)) / Recip(x2)))))))),-3.404715294115684;72.21565856508863,106,0.12901730995001404,0.12901730995001404,0.27874416402550445,0.48393076019994385,0.48393076019994385,-13.500271412606187,0.12901730995001404,0.12901730995001404,0.27874416402550445,330.1240086486245,330.1240086486245,330.2737355027
