id,Expression,theta,size,MSE_train,MSE_val,MSE_test,R2_train,R2_val,R2_test,nll_train,nll_val,nll_test,mdl_train,mdl_val,mdl_test
0,(Abs(((Recip((x4 / (Recip(((x23 / ((Abs(x2) ^ (Abs(x7) ^ x25)) - (x16 + x0))) + Recip(x6))) - (((x12 * x1) * ((Abs(((x30 * (x8 * ((x2 / x19) * x11))) * x13)) ^ x4) * x17)) / x16)))) * (Abs(x13) ^ x27)) / (Abs(((Recip(Recip(Recip(((Abs(x2) ^ 0.4334020459794724) * x13)))) - (-1.0483676601237013 / Recip((x30 + -1.052792202943043)))) + (4.423011571605057e-2 / Recip((-2.3910271601812017e-2 + x1))))) ^ (Abs(x1) ^ (0.4740695480817293 * x0))))) ^ (((Abs(x3) ^ ((Abs(Recip(x27)) ^ x13) * x8)) / (x29 * Recip((Abs(Recip(x27)) ^ (2.498659751984654 / x10))))) / (Abs(x2) ^ -0.8676664185887824))),0.4334020459794724;-1.0483676601237013;-1.052792202943043;4.423011571605057e-2;-2.3910271601812017e-2;0.4740695480817293;2.498659751984654;-0.8676664185887824,108,4.437147908847726e-5,4.437147908847726e-5,Infinity,0.9998225140836461,0.9998225140836461,-Infinity,4.437147908847726e-5,4.437147908847726e-5,Infinity,316.4003835078947,316.4003835078947,Infinity
