id,Expression,theta,size,MSE_train,MSE_val,MSE_test,R2_train,R2_val,R2_test,nll_train,nll_val,nll_test,mdl_train,mdl_val,mdl_test
0,(Abs(Recip(((Abs((0.647413190484498 - x8)) ^ x8) - ((Abs((Abs(x3) ^ ((x21 * x5) + ((x5 - (Abs((-1.600682700613623 - (x26 - (((((x26 - x3) - x21) + x26) / x28) * 7.257998285629815)))) ^ (Abs(((Abs(((x25 - (x10 + (x28 / x18))) / (Abs((Abs(x2) ^ x29)) ^ x6))) ^ (Abs((x11 * x19)) ^ (x15 / x13))) + ((Abs(Recip((x23 - (x10 + (x28 / x18))))) ^ Recip(x22)) - x8))) ^ x13))) + Recip((x13 / x6)))))) ^ (Abs(x26) ^ x26)) + (x28 / x18))))) ^ (Abs(((x29 / x6) * (x28 * 4.578145054445009e-2))) ^ (x12 / (x3 + x28)))),0.647413190484498;-1.600682700613623;7.257998285629815;4.578145054445009e-2,108,6.330185488033345e-2,6.330185488033345e-2,8.46023454539186e-2,0.7467925804786661,0.7467925804786661,-3.401014010512678,6.330185488033345e-2,6.330185488033345e-2,8.46023454539186e-2,309.5824729669211,309.5824729669211,309.6037734574947
