id,Expression,theta,size,MSE_train,MSE_val,MSE_test,R2_train,R2_val,R2_test,nll_train,nll_val,nll_test,mdl_train,mdl_val,mdl_test
0,(((((Abs(x18) ^ x18) - x1) + (x21 + (((x2 * -5.282188487557829) - (((((Abs((x30 + Recip(((Abs(((x23 * ((x8 + -0.5353735741213643) + ((x2 * -0.707506230227764) - (((x1 + 0.8362224309516163) - (x10 * -0.6465994307774962)) * x30)))) * -1.1077961871401902)) ^ x18) * (Abs(((Recip((((x7 + (x10 / x3)) - x27) - x15)) + -2.121506292632072) / (x3 / x30))) ^ x2))))) ^ x2) - x1) + (((x8 + -47.48562085331005) + ((x2 * -2.060493204982949) - ((9.50824702346618 - (x10 * -1.6798553415577486)) * x30))) + x21)) - x10) * x30)) + x21))) - ((x1 + 6.047477541817776) - (x6 * 29.438079185567744))) * x21),-5.282188487557829;-0.5353735741213643;-0.707506230227764;0.8362224309516163;-0.6465994307774962;-1.1077961871401902;-2.121506292632072;-47.48562085331005;-2.060493204982949;9.50824702346618;-1.6798553415577486;6.047477541817776;29.438079185567744,99,4.460549462138962e-2,4.460549462138962e-2,7.42378458183838e-2,0.8215780215144415,0.8215780215144415,-2.861852739472178,4.460549462138962e-2,4.460549462138962e-2,7.42378458183838e-2,284.63917148225056,284.63917148225056,284.66880383344756
