id,Expression,theta,size,MSE_train,MSE_val,MSE_test,R2_train,R2_val,R2_test,nll_train,nll_val,nll_test,mdl_train,mdl_val,mdl_test
0,Recip((((x6 / x3) + (Abs(x18) ^ (x16 - (x22 * (x11 * ((Abs(((x19 / (Abs((x5 / x15)) ^ 5.686896043348388)) * ((Recip((Abs(x5) ^ (x10 - x23))) + x29) * (Recip(x15) + x24)))) ^ (Abs(((x11 + x19) + (x6 / (x19 / (Abs(((Abs(Recip((x21 + x14))) ^ x10) / x15)) ^ 12.51347732078356))))) ^ ((x24 * ((x7 / (x29 - x0)) - (x30 - x5))) * x27))) - (Recip(x11) - (x20 / ((Abs(x5) ^ (Abs((Abs((x5 / x15)) ^ -11.803312456019782)) ^ Recip(((Abs(x9) ^ (x15 - x20)) * (x29 - x7))))) * x11))))))))) + (x4 * x11))),5.686896043348388;12.51347732078356;-11.803312456019782,108,5.2540247734527305e-2,5.2540247734527305e-2,NaN,0.7898390090618908,0.7898390090618908,NaN,5.2540247734527305e-2,5.2540247734527305e-2,NaN,326.6802357564225,326.6802357564225,NaN
