id,Expression,theta,size,MSE_train,MSE_val,MSE_test,R2_train,R2_val,R2_test,nll_train,nll_val,nll_test,mdl_train,mdl_val,mdl_test
0,((Abs((Abs(Recip(x16)) ^ (x5 / x4))) ^ (Abs(((Abs(x10) ^ 1.2744602348329097) * x5)) ^ (Abs((x5 / x4)) ^ (Recip(x28) - x10)))) / (((Abs(((Abs(x25) ^ Recip((x21 - x18))) + x11)) ^ x2) - ((x4 + x29) * 0.35907154355031723)) + (Abs((((Abs(x13) ^ x12) - ((x4 + -6.919485809777138) * 4.324051461858665)) + (x16 + Recip((Abs(Recip(((((Abs(Recip(x16)) ^ x16) + (((x4 + x29) * -7.078077144139531) * x5)) * (x29 / x7)) + x29))) ^ (Abs(Recip((Abs(Recip(x16)) ^ (x5 / x4)))) ^ (-5.910787581785674 + x20))))))) ^ x16))),1.2744602348329097;0.35907154355031723;-6.919485809777138;4.324051461858665;-7.078077144139531;-5.910787581785674,98,6.1509278690484e-2,6.1509278690484e-2,9.422760582821661e-2,0.753962885238064,0.753962885238064,-3.901720055183641,6.1509278690484e-2,6.1509278690484e-2,9.422760582821661e-2,262.80011781414737,262.80011781414737,262.8328361412851
