id,Expression,theta,size,MSE_train,MSE_val,MSE_test,R2_train,R2_val,R2_test,nll_train,nll_val,nll_test,mdl_train,mdl_val,mdl_test
0,(Abs(((x8 * x30) + x27)) ^ Recip((Abs(Recip((Recip((x10 - (x20 + x11))) - (x22 * x10)))) ^ (((((x10 - x0) + (((x10 - (x10 + (Abs(((x11 * (x19 * -1.1845987766940778)) + x27)) ^ Recip((Abs(Recip((x20 - (x26 + Recip((x10 - (x20 + x11))))))) ^ ((((x20 + x11) - (Recip(Recip((x19 / x22))) + x11)) + (((x10 - x19) + (x19 * 3.0562085565487003)) + x10)) + x10)))))) + (x19 * -9.678993337190562)) * x27)) * 7.439011138755364) + (x19 * 0.1524444561260681)) + ((x10 - (x20 + x19)) + (x19 * 0.5094499265888806)))))),-1.1845987766940778;3.0562085565487003;-9.678993337190562;7.439011138755364;0.1524444561260681;0.5094499265888806,97,0.10258675011292735,0.10258675011292735,0.18682763393006474,0.5896529995482906,0.5896529995482906,-8.718773517041596,0.10258675011292735,0.10258675011292735,0.18682763393006474,263.5914277473411,263.5914277473411,263.6756686311582
