id,Expression,theta,size,MSE_train,MSE_val,MSE_test,R2_train,R2_val,R2_test,nll_train,nll_val,nll_test,mdl_train,mdl_val,mdl_test
0,((Abs(((Abs(x3) ^ 0.3803916539303331) + (x13 + x24))) ^ x3) * ((Abs((x29 + (Abs(x2) ^ x22))) ^ x24) * ((Abs(x22) ^ (Abs((Abs(((-2.2025476876706497e-6 / x26) * ((Abs((x29 + (Abs(Recip((Abs(Recip((Abs(Recip((x29 * x22))) ^ ((x5 - x14) - (x25 + x15))))) ^ (x2 * (x30 / Recip(x28)))))) ^ (Recip(x3) * x2)))) ^ x12) * (((x2 * (x30 / Recip(x28))) * x22) + x30)))) ^ (x13 * (x15 + (x9 - ((Abs((x29 + x2)) ^ x12) * (((Abs((x29 + (Abs(x25) ^ ((x25 * x25) * x22)))) ^ x30) * x24) + x30))))))) ^ (x2 / x0))) + -6.346986134517406e-2))),0.3803916539303331;-2.2025476876706497e-6;-6.346986134517406e-2,113,3.763281661688156e-2,3.763281661688156e-2,5.654453877630761e-2,0.8494687335324738,0.8494687335324738,-1.9414469071434093,3.763281661688156e-2,3.763281661688156e-2,5.654453877630761e-2,310.45156019360275,310.45156019360275,310.4704719157621
