id,Expression,theta,size,MSE_train,MSE_val,MSE_test,R2_train,R2_val,R2_test,nll_train,nll_val,nll_test,mdl_train,mdl_val,mdl_test
0,Recip(Recip((Abs((Abs(x21) ^ (Abs(((x11 + x19) * x16)) ^ ((x15 - (Abs((Abs(Recip((Abs(0.5179148806476156) ^ x21))) ^ ((x15 + (Abs((x19 + (Abs(9.01643104510248e-2) ^ x10))) ^ x20)) * (x13 * x21)))) ^ ((x15 + (Abs((x19 + (Abs(-0.5141490541753654) ^ x2))) ^ x20)) * (x13 * x29)))) * (x19 - (x15 - x19)))))) ^ (Abs(Recip((Abs(x4) ^ x23))) ^ (((x11 + x11) * (((x15 + x19) * x7) * (Abs(Recip((Abs(0.893806001024312) ^ ((((x10 / x16) / x12) - x29) / x3)))) ^ ((x15 + (Abs((x19 + (Abs(-3.427009980645952) ^ x2))) ^ x20)) * (x13 * x21))))) * (x13 * -3.3060045258046333)))))),0.5179148806476156;9.01643104510248e-2;-0.5141490541753654;0.893806001024312;-3.427009980645952;-3.3060045258046333,112,2.4342190145192075e-3,2.4342190145192075e-3,2.2425144001967684e-2,0.9902631239419232,0.9902631239419232,-0.16655599098231444,2.4342190145192075e-3,2.4342190145192075e-3,2.2425144001967684e-2,296.74250974141285,296.74250974141285,296.7625006664003
