id,Expression,theta,size,MSE_train,MSE_val,MSE_test,R2_train,R2_val,R2_test,nll_train,nll_val,nll_test,mdl_train,mdl_val,mdl_test
0,Recip((Abs(((Recip((Abs(((-14.235333097766004 * (x14 * x5)) + (x4 / x18))) ^ ((x24 - Recip(x3)) * (-42.99859033824065 / x26)))) / (x4 / x18)) + (9.347939895750175 * (Abs(x2) ^ -2.936891767038381)))) ^ Recip(((Abs(Recip((Abs((x5 - ((x29 / x26) - x28))) ^ (Abs((x9 + x30)) ^ (((x29 / x18) + (Abs(x27) ^ x5)) * x9))))) ^ -11.246067135120677) + Recip(x16))))),-14.235333097766004;-42.99859033824065;9.347939895750175;-2.936891767038381;-11.246067135120677,66,0.13980819664474997,0.13980819664474997,0.30479733944888726,0.4407672134210001,0.4407672134210001,-14.85555759813051,0.13980819664474997,0.13980819664474997,0.30479733944888726,179.7666320223267,179.7666320223267,179.93162116513085
