id,Expression,theta,size,MSE_train,MSE_val,MSE_test,R2_train,R2_val,R2_test,nll_train,nll_val,nll_test,mdl_train,mdl_val,mdl_test
0,Recip((((((((Abs((x19 - (Abs(x26) ^ ((Abs(((Abs((x19 + ((Abs(((Abs((x19 + ((x23 + x10) + x2))) ^ x24) + x28)) ^ x22) + (Abs((x19 - (Abs(x26) ^ x1))) ^ ((-0.3257317662359487 * x16) + 0.6281851925299194))))) ^ x24) + x28)) ^ x22) + (Abs(x23) ^ x25))))) ^ ((x16 * -17.33903715157022) + (x30 * 26.438937006666595))) + x27) + (Recip(((Abs(x20) ^ x12) - x9)) * (x30 * -0.5806416947516344))) + x29) + (x1 * (Abs((x30 * (((Abs(x12) ^ x24) - (x6 - x20)) / x3))) ^ x28))) + x1) + (Abs((Abs(x26) ^ (x20 + (Recip(((Abs(x20) ^ x26) - x9)) - x20)))) ^ x12))),-0.3257317662359487;0.6281851925299194;-17.33903715157022;26.438937006666595;-0.5806416947516344,113,4.8468407300432045e-2,4.8468407300432045e-2,9.188344596457228e-2,0.8061263707982718,0.8061263707982718,-3.7797768590768674,4.8468407300432045e-2,4.8468407300432045e-2,9.188344596457228e-2,319.3419291334057,319.3419291334057,319.38534417206984
