id,Expression,theta,size,MSE_train,MSE_val,MSE_test,R2_train,R2_val,R2_test,nll_train,nll_val,nll_test,mdl_train,mdl_val,mdl_test
0,((((x7 - ((-5.0804604680556566e-2 * (0.5295039750728713 - x20)) - (Abs(Recip(x15)) ^ ((x18 * ((0.49051620722666234 - x22) * (x27 + x15))) + (2.0454225267988946 * Recip((Abs(Recip(x15)) ^ x27))))))) - (x27 + x16)) * x27) / Recip(((x0 * (Abs(x22) ^ (x16 + ((Recip((Abs((((-2.3124339578342785 - ((x1 * x18) - (Abs(Recip(x15)) ^ ((x18 * x8) + (2.548614328872986 * (x27 + x15)))))) - x24) - x20)) ^ 6.500884411418769)) / (Abs(((x27 * x18) + (2.6076535795466222 * Recip((Abs((Abs(x12) ^ x12)) ^ x27))))) ^ (Abs(x15) ^ x9))) + x22)))) / (x16 + (x30 + x2))))),-5.0804604680556566e-2;0.5295039750728713;0.49051620722666234;2.0454225267988946;-2.3124339578342785;2.548614328872986;6.500884411418769;2.6076535795466222,101,6.983676554269876e-2,6.983676554269876e-2,Infinity,0.720652937829205,0.720652937829205,-Infinity,6.983676554269876e-2,6.983676554269876e-2,Infinity,284.44574247450777,284.44574247450777,Infinity
