id,Expression,theta,size,MSE_train,MSE_val,MSE_test,R2_train,R2_val,R2_test,nll_train,nll_val,nll_test,mdl_train,mdl_val,mdl_test
0,Recip(((Abs(((x14 / ((Abs(-0.12136944178648502) ^ x22) / (x6 - Recip(x10)))) + (Abs((x17 / x23)) ^ (x9 / x23)))) ^ (Recip(x10) / x3)) + Recip(Recip(((Abs(((((Recip(x14) - (Abs(x5) ^ x29)) + Recip((Abs(x0) ^ (x5 * x10)))) + (((x14 + x7) * x13) / ((x9 * x4) / x22))) / x23)) ^ (Abs(x14) ^ Recip(x11))) + x15))))),-0.12136944178648502,68,5.174690056151747e-2,5.174690056151747e-2,0.1751993791105459,0.7930123977539301,0.7930123977539301,-8.11387170133025,5.174690056151747e-2,5.174690056151747e-2,0.1751993791105459,191.31689407223965,191.31689407223965,191.4403465507887
