id,Expression,theta,size,MSE_train,MSE_val,MSE_test,R2_train,R2_val,R2_test,nll_train,nll_val,nll_test,mdl_train,mdl_val,mdl_test
0,Recip(Recip((((-22.31034020669399 * x15) + ((Abs(x10) ^ ((((Abs(((x2 + x17) * (Abs((x1 + x25)) ^ (x20 + x25)))) ^ x6) + x7) * x29) * ((x9 * x30) * ((58.29507215122613 + ((x29 * -131.60349471015874) + (x25 + x6))) / (Recip(((Recip(x10) / x9) / x0)) - x10))))) * (x9 + (x19 * ((((x4 + (1.7928008955181831 + (x3 + 2.095419867468089))) * x17) + (x19 * (x2 + (x29 * (267.00815079622913 / x19))))) * (Abs(x4) ^ (x20 + x25))))))) * x9))),-22.31034020669399;58.29507215122613;-131.60349471015874;1.7928008955181831;2.095419867468089;267.00815079622913,85,8.694871015514845e-2,8.694871015514845e-2,0.4090798008359204,0.6522051593794063,0.6522051593794063,-20.280331239483765,8.694871015514845e-2,8.694871015514845e-2,0.4090798008359204,254.0619802004163,254.0619802004163,254.38411129109704
