id,Expression,theta,size,MSE_train,MSE_val,MSE_test,R2_train,R2_val,R2_test,nll_train,nll_val,nll_test,mdl_train,mdl_val,mdl_test
0,Recip((((Abs(x2) ^ ((x1 + (x15 * -0.7105137869556587)) + (Abs(((7.919975710528976e-2 * x16) + ((0.6192548982241458 * x16) + x22))) ^ (Abs(-0.46189305314884316) ^ x18)))) - (Abs((-1.2040134388066035 / (Abs((0.42983734417633784 / (Abs((-0.7845622021039529 * x16)) ^ (x21 * ((((Abs((x30 + x18)) ^ (Abs(x0) ^ x4)) + x1) / (Abs(x27) ^ x18)) + x15))))) ^ (-0.2698819769757954 + (Abs(((0.6836353975710895 * x16) + x22)) ^ (Abs(-0.4925437675212178) ^ x18)))))) ^ (x5 * ((((Abs(((x23 - (x13 / x3)) * (x15 * x4))) ^ (Abs((x18 + 8.734012008007457e-2)) ^ x4)) + x1) / (9.942163469641138e-2 * x16)) + ((0.5271115956505128 * x16) * x15))))) + (x13 / x3))),-0.7105137869556587;7.919975710528976e-2;0.6192548982241458;-0.46189305314884316;-1.2040134388066035;0.42983734417633784;-0.7845622021039529;-0.2698819769757954;0.6836353975710895;-0.4925437675212178;8.734012008007457e-2;9.942163469641138e-2;0.5271115956505128,107,0.13241208145046118,0.13241208145046118,0.7445533354287037,0.47035167419815527,0.47035167419815527,-37.73166450899969,0.13241208145046118,0.13241208145046118,0.7445533354287037,290.6904026971322,290.6904026971322,291.3025439511104
