id,Expression,theta,size,MSE_train,MSE_val,MSE_test,R2_train,R2_val,R2_test,nll_train,nll_val,nll_test,mdl_train,mdl_val,mdl_test
0,(Abs(x15) ^ (((x25 * x23) + (Abs((Abs(x26) ^ (x23 * (x5 / x14)))) ^ (10094.754072953783 - (Abs(x27) ^ 2682.312356835298)))) + ((x25 * x23) + (Abs((Abs(x26) ^ (x23 * (x5 / ((Abs(((x3 / ((Abs(((x4 - Recip(x27)) - ((x24 - x11) + x4))) ^ x19) * -49.209322496903646)) + ((-13793.535636041828 - (Abs(x27) ^ 420.05551655189214)) / x1))) ^ x14) / x25))))) ^ (14998.189004152402 - (Recip(Recip(Recip(Recip(((Abs(x22) ^ ((x8 * (x13 + ((213.91548645167452 - x10) - x2))) - (x18 - x29))) - x26))))) + ((x26 / x25) * x30))))))),10094.754072953783;2682.312356835298;-49.209322496903646;-13793.535636041828;420.05551655189214;14998.189004152402;213.91548645167452,98,5.4366049705116416e-2,5.4366049705116416e-2,8.457289821310467e-2,0.7825358011795344,0.7825358011795344,-3.3994821650455362,5.4366049705116416e-2,5.4366049705116416e-2,8.457289821310467e-2,293.288362945123,293.288362945123,293.318569793631
