id,Expression,theta,size,MSE_train,MSE_val,MSE_test,R2_train,R2_val,R2_test,nll_train,nll_val,nll_test,mdl_train,mdl_val,mdl_test
0,(Abs((x2 / (Abs(x4) ^ (x7 * (x10 * x10))))) ^ (Abs((Abs(((x23 / (Abs(x22) ^ ((0.7056681522851335 * (x6 / x29)) * (x11 / x21)))) / x11)) ^ x2)) ^ (Abs(((Recip((Abs(Recip(((Abs(x5) ^ x3) * ((Abs((x14 - x28)) ^ 2.345186277575957) * x18)))) ^ x22)) + (x29 * x18)) * Recip((((x28 + ((x27 + 0.9263513589171595) / (Abs(Recip((x27 + (Recip(Recip((x27 * 0.2888265180813757))) - (Recip(x11) - (x19 / x29)))))) ^ (Abs(x22) ^ (Abs(Recip((x7 + -0.8689325925488748))) ^ x11))))) * x13) * (Abs(x29) ^ ((x9 * x9) + x3)))))) ^ -3.9562760894347586))),0.7056681522851335;2.345186277575957;0.9263513589171595;0.2888265180813757;-0.8689325925488748;-3.9562760894347586,104,0.1080062984673821,0.1080062984673821,Infinity,0.5679748061304716,0.5679748061304716,-Infinity,0.1080062984673821,0.1080062984673821,Infinity,296.5947912584223,296.5947912584223,Infinity
