id,Expression,theta,size,MSE_train,MSE_val,MSE_test,R2_train,R2_val,R2_test,nll_train,nll_val,nll_test,mdl_train,mdl_val,mdl_test
0,(Abs((Abs(x5) ^ x21)) ^ (Abs(Recip((Abs(x2) ^ x21))) ^ (((((((x1 * ((-104.5340195031601 / x26) + Recip(x25))) + (14.579900226885982 / x12)) + (Abs(x21) ^ x21)) * x26) + (x5 / x27)) + 10.375165714906492) + ((Recip(Recip(Recip((Abs(x0) ^ (((x17 / x10) / x10) - ((x16 + x1) + x14)))))) + x25) + 11.541643154948982)))),-104.5340195031601;14.579900226885982;10.375165714906492;11.541643154948982,60,3.967928337689102e-2,3.967928337689102e-2,9.822441432859189e-2,0.8412828664924359,0.8412828664924359,-4.109634033373155,3.967928337689102e-2,3.967928337689102e-2,9.822441432859189e-2,161.8092220552924,161.8092220552924,161.8677671862441
