id,Expression,theta,size,MSE_train,MSE_val,MSE_test,R2_train,R2_val,R2_test,nll_train,nll_val,nll_test,mdl_train,mdl_val,mdl_test
0,((((x3 + 1.23677539836976) / ((Abs((x27 + ((((x19 * -1.1136828176271816) - (x21 * (0.5120265048888183 - (x16 * 0.7907427439728262)))) + x20) + x24))) ^ ((x1 + x3) * -1.186884353346756)) + (((Recip(x30) + -0.6245916343346662) * x14) + (Abs((((((Abs(x20) ^ (x22 + x18)) - x26) + x11) / ((Abs(x27) ^ (x1 / (((Recip(x7) + (Recip(Recip((x7 / x3))) - x13)) * ((Abs((Abs(x28) ^ x9)) ^ x1) * x2)) / x7))) - (x17 - x15))) - ((x27 * x20) + (x17 / Recip(x14))))) ^ (x16 - x21))))) * -3.4124491556734355) - (x3 * -8.362568023213546)),1.23677539836976;-1.1136828176271816;0.5120265048888183;0.7907427439728262;-1.186884353346756;-0.6245916343346662;-3.4124491556734355;-8.362568023213546,98,5.218753535219906e-2,5.218753535219906e-2,0.1177933209806381,0.7912498585912038,0.7912498585912038,-5.12760855741256,5.218753535219906e-2,5.218753535219906e-2,0.1177933209806381,306.6150024714709,306.6150024714709,306.6806082570994
