id,Expression,theta,size,MSE_train,MSE_val,MSE_test,R2_train,R2_val,R2_test,nll_train,nll_val,nll_test,mdl_train,mdl_val,mdl_test
0,(Recip(x13) * (((x18 * -0.13527757635237547) / x21) / Recip(((x30 - x26) + (x15 - (Abs((Abs(x3) ^ ((Abs(((Abs(x28) ^ x5) * (x18 + x3))) ^ Recip(x16)) * (Recip(x14) / x21)))) ^ (((((((x17 * x28) / Recip(((x13 * -276.99269121415534) / x9))) * 37.431291079289586) / x9) / (x1 - (Abs(x2) ^ x26))) * x24) * x9))))))),-0.13527757635237547;-276.99269121415534;37.431291079289586,63,5.6963505351994945e-2,5.6963505351994945e-2,Infinity,0.7721459785920202,0.7721459785920202,-Infinity,5.6963505351994945e-2,5.6963505351994945e-2,Infinity,181.9156280292427,181.9156280292427,Infinity
