id,Expression,theta,size,MSE_train,MSE_val,MSE_test,R2_train,R2_val,R2_test,nll_train,nll_val,nll_test,mdl_train,mdl_val,mdl_test
0,Recip((Abs(((((x14 + x29) / ((x0 + x6) * (x4 * 9.051927251768012e-3))) - x10) - (Abs(x14) ^ x1))) ^ ((Abs(x2) ^ Recip((Abs((((((Abs((Abs(x5) ^ x0)) ^ (x13 + x16)) + x29) / (x4 * 2.8375594622749887)) - ((Abs((x18 - x1)) ^ Recip(Recip((x18 - x15)))) - ((x12 * -0.6989496945724362) + (x7 - x14)))) - (x13 * ((x14 * ((x13 + (x27 + (Abs(x14) ^ x1))) + (x29 / (x7 * -0.10257754328837455)))) * (x4 / (Abs(Recip(x0)) ^ x0)))))) ^ ((Abs(x14) ^ x1) + (Abs(x2) ^ (Abs((x3 + x21)) ^ 2.0877968472212656)))))) + (x26 / Recip(x6))))),9.051927251768012e-3;2.8375594622749887;-0.6989496945724362;-0.10257754328837455;2.0877968472212656,107,7.198283444714815e-2,7.198283444714815e-2,0.18213484783958492,0.7120686622114074,0.7120686622114074,-8.474654784614845,7.198283444714815e-2,7.198283444714815e-2,0.18213484783958492,309.59115394648796,309.59115394648796,309.70130595988036
