id,Expression,theta,size,MSE_train,MSE_val,MSE_test,R2_train,R2_val,R2_test,nll_train,nll_val,nll_test,mdl_train,mdl_val,mdl_test
0,((Recip((((x25 - Recip(x21)) / ((Recip(((x5 / ((x25 * x5) * ((x18 / x25) + ((Abs(x8) ^ x30) + ((x8 + (x15 + 0.6157990351022447)) - x16))))) - x9)) - (x21 + (Recip(x27) - x16))) + x25)) - Recip(x21))) - (((-8.865127200781016 * ((x15 - (x15 * (9.291109127745031 * x21))) + (x15 - (x4 * (x21 * (x8 - x15)))))) - x3) + 0.802852081865868)) + x25),0.6157990351022447;-8.865127200781016;9.291109127745031;0.802852081865868,69,5.99877311384551e-2,5.99877311384551e-2,0.10469555193685344,0.7600490754461796,0.7600490754461796,-4.446262611754908,5.99877311384551e-2,5.99877311384551e-2,0.10469555193685344,200.2818383144564,200.2818383144564,200.3265461352548
