id,Expression,theta,size,MSE_train,MSE_val,MSE_test,R2_train,R2_val,R2_test,nll_train,nll_val,nll_test,mdl_train,mdl_val,mdl_test
0,(((x6 * x27) + (-4.441990053534797e-3 * (Recip(((Abs((Abs(x14) ^ x3)) ^ x19) * x7)) * x26))) / Recip(((7.964025153218339 + ((x22 + 1.7342640104137366) / Recip(x27))) / x14))),-4.441990053534797e-3;7.964025153218339;1.7342640104137366,30,5.371866379503897e-2,5.371866379503897e-2,0.13102900425229105,0.7851253448198441,0.7851253448198441,-5.81612880120392,5.371866379503897e-2,5.371866379503897e-2,0.13102900425229105,73.94732389302227,73.94732389302227,74.02463423347953
