id,Expression,theta,size,MSE_train,MSE_val,MSE_test,R2_train,R2_val,R2_test,nll_train,nll_val,nll_test,mdl_train,mdl_val,mdl_test
0,((-1.2219460805159252 + (-1.0640711680149554e-2 + ((Abs((x19 / (Abs(1.9418301362685474e-2) ^ (Abs((x13 * (x27 + x26))) ^ (Abs(((Abs(x28) ^ (0.942099577529541 + (((x26 + -0.6090429467423186) / (Abs(x12) ^ x27)) + x1))) * x12)) ^ (0.7825936543672848 + x0)))))) ^ ((1.4466541307895628 / (x27 + x13)) * x21)) + (0.6423520029927573 * (x13 - x0))))) - x17),-1.2219460805159252;-1.0640711680149554e-2;1.9418301362685474e-2;0.942099577529541;-0.6090429467423186;0.7825936543672848;1.4466541307895628;0.6423520029927573,55,0.13517157429749452,0.13517157429749452,0.317319535575752,0.45931370281002193,0.45931370281002193,-15.506962240649987,0.13517157429749452,0.13517157429749452,0.317319535575752,135.99201896404676,135.99201896404676,136.17416692532504
