id,Expression,theta,size,MSE_train,MSE_val,MSE_test,R2_train,R2_val,R2_test,nll_train,nll_val,nll_test,mdl_train,mdl_val,mdl_test
0,(((Abs((x27 * x4)) ^ (x8 + x12)) * (Abs((((x20 + (((x6 + x9) / (x29 * x20)) + x29)) / ((Recip(((x15 + x20) * (x24 - x23))) - (((Recip(x24) + (x6 + x9)) + x11) / (((((x29 + x29) - ((x9 * x13) * (x6 - x2))) / x6) * (x8 + x7)) / (x3 - x18)))) - (((((Abs(x29) ^ x0) + (x27 + ((237.4173460949258 - (x30 + x0)) - x6))) + (Abs(((x12 * x14) + x25)) ^ x21)) / (x22 - x5)) * x23))) - x22)) ^ ((x29 - x6) * 7.8577834361101155))) + (Abs(x24) ^ 310.10232623252705)),237.4173460949258;7.8577834361101155;310.10232623252705,104,0.1441070358203055,0.1441070358203055,61537.61141112628,0.42357185671877795,0.42357185671877795,-3201185.5456066667,0.1441070358203055,0.1441070358203055,61537.61141112628,340.1088402798498,340.1088402798498,61877.57614437031
