id,Expression,theta,size,MSE_train,MSE_val,MSE_test,R2_train,R2_val,R2_test,nll_train,nll_val,nll_test,mdl_train,mdl_val,mdl_test
0,(((Abs(9.525879456435473e-4) ^ ((x24 * ((x19 + ((Abs((((((Recip(x0) * (x18 - x15)) - ((x5 + Recip(x3)) / (x8 - (Abs(x30) ^ x15)))) / (Abs(x6) ^ ((x11 / x18) + x3))) - (Abs((x15 / x8)) ^ x25)) * (((Abs((Abs(x28) ^ x18)) ^ x12) / x11) / Recip(x14)))) ^ ((0.19567110449351474 * (x0 - x21)) + x22)) * x1)) + (Abs((((Abs((((x15 / x28) - (x13 / x24)) + -0.7935535074016452)) ^ x18) + -0.6580896982570515) + Recip((x11 / x18)))) ^ (Abs(Recip(x23)) ^ x5)))) - (4.476263805314509e-2 - x5))) * (Abs(-1.0416186188674834) ^ Recip(x14))) - x5),9.525879456435473e-4;0.19567110449351474;-0.7935535074016452;-0.6580896982570515;4.476263805314509e-2;-1.0416186188674834,104,9.128775615094555e-2,9.128775615094555e-2,0.10569067778545488,0.6348489753962179,0.6348489753962179,-4.498029058399153,9.128775615094555e-2,9.128775615094555e-2,0.10569067778545488,306.6041162945536,306.6041162945536,306.6185192161881
