id,Expression,theta,size,MSE_train,MSE_val,MSE_test,R2_train,R2_val,R2_test,nll_train,nll_val,nll_test,mdl_train,mdl_val,mdl_test
0,(((Abs((x2 - -0.3771533239298963)) ^ (x18 - x21)) - ((-0.19335127212845582 * (x0 * x20)) / (x20 / (Abs(x22) ^ x15)))) / ((((x5 * (Abs(x18) ^ x10)) + (x21 / (x22 + x22))) + ((x17 * (x13 - x15)) / (x28 / (x7 + x10)))) * ((Abs((-1.7373501258221236e-2 / (Abs(x2) ^ x1))) ^ (x23 * -0.19651420274623166)) - ((Abs(x18) ^ (x18 + x3)) - (x16 + (Abs(x22) ^ x8)))))),-0.3771533239298963;-0.19335127212845582;-1.7373501258221236e-2;-0.19651420274623166,72,1.0229083298418467,1.0229083298418467,1.835521178729651,-3.0916333193673866,-3.0916333193673866,-94.4838117175128,1.0229083298418467,1.0229083298418467,1.835521178729651,207.59640730245832,207.59640730245832,208.40902015134614
