id,Expression,theta,size,MSE_train,MSE_val,MSE_test,R2_train,R2_val,R2_test,nll_train,nll_val,nll_test,mdl_train,mdl_val,mdl_test
0,(Abs((((x29 / x25) * (x19 - x11)) * (x30 / x4))) ^ (Abs((x14 / ((x29 - x0) / (Abs(x13) ^ ((x3 - x10) + ((x30 / Recip(Recip((x16 / x12)))) * -33.80184193458073)))))) ^ (((Abs((((Abs((x28 / x24)) ^ x22) + x8) - (x6 + x27))) ^ x22) - (0.2350754421292991 - x30)) - (((((x29 / (Abs(Recip(Recip(x22))) ^ x10)) * x19) * x10) / x21) * 1.599323106767715)))),-33.80184193458073;0.2350754421292991;1.599323106767715,73,1.3958583506738464e-2,1.3958583506738464e-2,7.903202642300094e29,0.9441656659730462,0.9441656659730462,-4.111246014524352e31,1.3958583506738464e-2,1.3958583506738464e-2,7.903202642300094e29,220.8350286057968,220.8350286057968,7.903202642300094e29
