id,Expression,theta,size,MSE_train,MSE_val,MSE_test,R2_train,R2_val,R2_test,nll_train,nll_val,nll_test,mdl_train,mdl_val,mdl_test
0,(Abs(((x14 * x30) + -3.083429938301136e-2)) ^ (Abs((Abs((x0 / (x3 + (Abs(x29) ^ ((x1 / x24) / x28))))) ^ (x2 * (x17 * (Abs(x6) ^ x0))))) ^ (Abs((Abs(x12) ^ -27.77144096858052)) ^ x12))),-3.083429938301136e-2;-27.77144096858052,38,3.614985990759744e-2,3.614985990759744e-2,8.169031040063131e-2,0.8554005603696102,0.8554005603696102,-3.2495299470406778,3.614985990759744e-2,3.614985990759744e-2,8.169031040063131e-2,87.8657635256503,87.8657635256503,87.91130397614333
