id,Expression,theta,size,MSE_train,MSE_val,MSE_test,R2_train,R2_val,R2_test,nll_train,nll_val,nll_test,mdl_train,mdl_val,mdl_test
0,((Abs((5.906590214914033 + (((-71.01750317330728 / Recip(x22)) * x0) / x21))) ^ ((Abs((9.593378148988263 / Recip((Abs(x16) ^ x22)))) ^ (((-3.7647611592899564 / Recip(x22)) * x22) / Recip(x29))) - x3)) * x21),5.906590214914033;-71.01750317330728;9.593378148988263;-3.7647611592899564,34,6.057634457211909e-2,6.057634457211909e-2,0.3998383991101682,0.7576946217115237,0.7576946217115237,-19.799593521710154,6.057634457211909e-2,6.057634457211909e-2,0.3998383991101682,79.57400642587974,79.57400642587974,79.9132684804178
