id,Expression,theta,size,MSE_train,MSE_val,MSE_test,R2_train,R2_val,R2_test,nll_train,nll_val,nll_test,mdl_train,mdl_val,mdl_test
0,(Abs(((((Recip(x28) * ((Abs(x1) ^ ((x21 * x21) * (x1 - x22))) - (((x22 / x17) + (Abs(Recip(((x2 * x10) * x28))) ^ (Abs(x1) ^ ((Abs(x15) ^ x8) * (x21 - x22))))) * x6))) / (((Abs(x22) ^ (x2 * (x26 * x9))) + 7.014174556832976) + (Abs((x1 - x14)) ^ x30))) + x4) / ((x26 - ((8.69854603071871 - (x30 * ((x6 - x29) + (Abs(-2.170452536193114) ^ x10)))) / x6)) / Recip(((x30 * (-0.5909157170181736 + (Abs(-0.2576487172910741) ^ (x18 + Recip(x28))))) - Recip((Abs((x18 * -5.670708437665473e-3)) ^ (x1 * ((8.95057148690226 - x30) - x14))))))))) ^ x9),7.014174556832976;8.69854603071871;-2.170452536193114;-0.5909157170181736;-0.2576487172910741;-5.670708437665473e-3;8.95057148690226,106,0.13430443184548554,0.13430443184548554,0.13493533407273464,0.4627822726180578,0.4627822726180578,-6.019336078463389,0.13430443184548554,0.13430443184548554,0.13493533407273464,305.22747214524827,305.22747214524827,305.22810304747554
