id,Expression,theta,size,MSE_train,MSE_val,MSE_test,R2_train,R2_val,R2_test,nll_train,nll_val,nll_test,mdl_train,mdl_val,mdl_test
0,(Abs(((((Abs(x1) ^ (Abs(x1) ^ (-8.035406320594213 * x24))) * 2.7258438668378706) / (x11 - ((((x23 + (Abs((9.973916718656727e-5 * x12)) ^ (Abs(x22) ^ x12))) * ((x14 * -3.9994392619060113) * ((Abs(((Abs(x12) ^ (0.31395196040733775 * x24)) * (Abs((x23 - ((((x1 + Recip(Recip((Abs(x10) ^ (Abs(x22) ^ x11))))) / x11) - x21) / x11))) ^ (3.824903415157516 + x14)))) ^ x16) + (0.64664363696578 + (-0.6443098203920004 * (2.5080622208962733e-2 * x12)))))) - Recip(Recip(x14))) / ((x7 / (x9 / x22)) - ((x14 + x6) - ((Abs((Recip(x2) - x11)) ^ x4) + Recip(x14))))))) * (x9 * (-7.0480473852603405 + (5.948992404166287 * x28))))) ^ x14),-8.035406320594213;2.7258438668378706;9.973916718656727e-5;-3.9994392619060113;0.31395196040733775;3.824903415157516;0.64664363696578;-0.6443098203920004;2.5080622208962733e-2;-7.0480473852603405;5.948992404166287,108,0.12195477336855592,0.12195477336855592,1.9682530526497242,0.5121809065257763,0.5121809065257763,-101.38852379883474,0.12195477336855592,0.12195477336855592,1.9682530526497242,304.26489371849607,304.26489371849607,306.11119199777727
