id,Expression,theta,size,MSE_train,MSE_val,MSE_test,R2_train,R2_val,R2_test,nll_train,nll_val,nll_test,mdl_train,mdl_val,mdl_test
0,((((x2 * ((x27 + -135.59531974940967) / x11)) / (((Abs((((x6 - (x30 - x7)) * Recip(Recip(Recip(Recip((x20 * x17)))))) + 54.45495584551659)) ^ (Abs(x19) ^ (x18 * x7))) + x4) - x19)) + Recip(Recip((((Abs(((((40.958092820218226 + x7) - x22) * Recip(Recip((x20 * x17)))) + -57.463130455636396)) ^ (Abs(x19) ^ (x18 * x7))) + ((Abs((Recip(x3) + ((x18 + x19) / x6))) ^ ((x30 * x12) + x3)) - x13)) + ((-43.811094604464856 + x7) - (Recip((x8 + x10)) - x5)))))) * x30),-135.59531974940967;54.45495584551659;40.958092820218226;-57.463130455636396;-43.811094604464856,90,0.11120235156032779,0.11120235156032779,1.5677028452482789,0.5551905937586888,0.5551905937586888,-80.55190200981235,0.11120235156032779,0.11120235156032779,1.5677028452482789,273.7156474653574,273.7156474653574,275.17214795904533
