id,Expression,theta,size,MSE_train,MSE_val,MSE_test,R2_train,R2_val,R2_test,nll_train,nll_val,nll_test,mdl_train,mdl_val,mdl_test
0,Recip(Recip(Recip(((Abs((x4 / x12)) ^ (x6 * x21)) + (x19 / (x10 / (Recip(((((Abs((x5 * x27)) ^ x6) - x9) + ((Abs((x6 * x5)) ^ x20) - x19)) + Recip((Abs((Abs(x5) ^ x12)) ^ x22)))) - (((Abs(x12) ^ (x4 * -19.055567844354865)) - (x6 - (Abs((x5 / x8)) ^ Recip((Abs(x9) ^ x22))))) * (x9 * ((0.46958282203794444 * x27) - (Abs(x17) ^ x10))))))))))),-19.055567844354865;0.46958282203794444,74,7.328084447501812e-2,7.328084447501812e-2,7.932337616428443e-2,0.7068766220999275,0.7068766220999275,-3.126402028065918,7.328084447501812e-2,7.328084447501812e-2,7.932337616428443e-2,194.79587862548442,194.79587862548442,194.8019211571737
