id,Expression,theta,size,MSE_train,MSE_val,MSE_test,R2_train,R2_val,R2_test,nll_train,nll_val,nll_test,mdl_train,mdl_val,mdl_test
0,(((x30 * 36.26212955921678) + Recip((((((x9 + x2) * x25) - (Abs(x9) ^ x19)) * (((((x0 / x25) * 162.22684429712208) * x10) - x9) * Recip((Recip((x20 * x7)) - (x22 - ((x0 / x25) * x15)))))) - (Recip(((x3 - x0) - (Abs(Recip((Abs(x13) ^ x15))) ^ x18))) / (((x4 * x18) + (((x30 * -16.25166312582053) + Recip(Recip(x19))) * x1)) + (((x30 * -48.92546532662817) * x10) - x9)))))) * x1),36.26212955921678;162.22684429712208;-16.25166312582053;-48.92546532662817,77,0.12735614550415628,0.12735614550415628,89.36479715777384,0.4905754179833749,0.4905754179833749,-4647.756748147217,0.12735614550415628,0.12735614550415628,89.36479715777384,232.15392812426126,232.15392812426126,321.3913691365309
