id,Expression,theta,size,MSE_train,MSE_val,MSE_test,R2_train,R2_val,R2_test,nll_train,nll_val,nll_test,mdl_train,mdl_val,mdl_test
0,((((((x30 + ((x10 - (x11 + x3)) - (Abs(x11) ^ (x6 - x10)))) * x1) / (((x30 * x16) / (x12 - x11)) / (x8 * (-0.8590630061705267 * x13)))) * (x21 - (x20 * (x16 + x21)))) + Recip((Abs((x17 / (x6 / x8))) ^ x8))) * Recip(((Abs(((Abs(x2) ^ -2.6792227543968044) - (((x21 - (x2 + x12)) - (((Abs((x22 * (Abs(x27) ^ x11))) ^ ((x23 + 23.871608531935944) + x4)) * (Abs(x2) ^ -35.59250676544538)) + ((x4 + -0.8288570462879596) * (x11 * (x24 * (Abs(x11) ^ x20)))))) * x7))) ^ x21) - x19))),-0.8590630061705267;-2.6792227543968044;23.871608531935944;-35.59250676544538;-0.8288570462879596,99,0.10692216783914425,0.10692216783914425,0.41287936423322946,0.5723113286434229,0.5723113286434229,-20.477984527411778,0.10692216783914425,0.10692216783914425,0.41287936423322946,303.33753259378267,303.33753259378267,303.6434897901768
