id,Expression,theta,size,MSE_train,MSE_val,MSE_test,R2_train,R2_val,R2_test,nll_train,nll_val,nll_test,mdl_train,mdl_val,mdl_test
0,Recip((((Abs(x10) ^ x30) - ((x25 + x25) / (x24 - (Abs(x1) ^ Recip(x17))))) / (((Recip(Recip((Abs((x26 + x26)) ^ (3.6380660543536534 * x20)))) - ((x6 * x29) + 1.0259935101131317)) + ((Abs((Abs((x25 + x12)) ^ x11)) ^ ((x11 * x30) + x20)) / (((x27 / x1) * (Recip(x17) * 1.4049660192601774)) / x7))) + ((Abs(x6) ^ ((x11 * x30) + (Abs(Recip(x21)) ^ ((Abs(x15) ^ x27) / x17)))) / ((((Abs((Recip(x22) * ((x25 * (Abs(x14) ^ x4)) + (x27 * x29)))) ^ x22) / (x10 / (x24 - (Abs(x1) ^ Recip(x17))))) * (0.7140322286628474 * x17)) / x21))))),3.6380660543536534;1.0259935101131317;1.4049660192601774;0.7140322286628474,110,7.394399069807571e-2,7.394399069807571e-2,1.4601356581263332,0.7042240372076971,0.7042240372076971,-74.95625693572896,7.394399069807571e-2,7.394399069807571e-2,1.4601356581263332,322.6255012548248,322.6255012548248,324.0116929222531
