id,Expression,theta,size,MSE_train,MSE_val,MSE_test,R2_train,R2_val,R2_test,nll_train,nll_val,nll_test,mdl_train,mdl_val,mdl_test
0,(Abs(((Abs((((x17 / x20) - x13) / ((x7 + (Abs((x16 * -31.605485536924945)) ^ (Abs(x26) ^ x19))) / Recip(((x2 + x25) / x13))))) ^ (x9 - x28)) + (((x8 * -10.54630847511714) - ((-178.44465206379385 + x29) * x15)) + x22))) ^ ((Abs((Recip(Recip(x7)) - x19)) ^ ((x26 + x13) - (-24.867376852083016 * x8))) - (Abs(((((x17 * x17) * Recip(x8)) - Recip((x8 + x14))) - (x13 - ((10.374921611859934 + x29) * x15)))) ^ (-43.23139236518619 * x8)))),-31.605485536924945;-10.54630847511714;-178.44465206379385;-24.867376852083016;10.374921611859934;-43.23139236518619,82,7.596019074699732e-2,7.596019074699732e-2,Infinity,0.6961592370120107,0.6961592370120107,-Infinity,7.596019074699732e-2,7.596019074699732e-2,Infinity,238.37352060136237,238.37352060136237,Infinity
