id,Expression,theta,size,MSE_train,MSE_val,MSE_test,R2_train,R2_val,R2_test,nll_train,nll_val,nll_test,mdl_train,mdl_val,mdl_test
0,(Abs(((x26 - x12) - (Abs(x30) ^ x12))) ^ ((Abs((Abs(((-5.294429844223497 - ((x21 / x4) + x14)) * x30)) ^ -23.769249027917567)) ^ ((x26 - x12) + (Abs(((Abs(((x21 / x4) + x14)) ^ x26) - (x17 - x15))) ^ -9.267392463719197))) + Recip((Recip(x14) - x22)))),-5.294429844223497;-23.769249027917567;-9.267392463719197,49,4.241158342038305e-3,4.241158342038305e-3,Infinity,0.9830353666318468,0.9830353666318468,-Infinity,4.241158342038305e-3,4.241158342038305e-3,Infinity,119.22555621465263,119.22555621465263,Infinity
