id,Expression,theta,size,MSE_train,MSE_val,MSE_test,R2_train,R2_val,R2_test,nll_train,nll_val,nll_test,mdl_train,mdl_val,mdl_test
0,(Abs((Recip((x10 + (Abs(20.407726246235768) ^ (Abs(((Abs(((2.861415938682927 - x6) - x5)) ^ x9) / Recip(Recip((Abs(((-17.032522108718872 / x12) - (((x26 / x1) - (x27 / x12)) - (Abs(((-3.2116714379987066 * x2) / x11)) ^ x3)))) ^ ((Abs((Abs(x12) ^ x9)) ^ ((Abs(x19) ^ x3) - Recip((-3.671206556754609 * (x2 - Recip(x1)))))) + -7.420512357876931)))))) ^ ((x5 / x1) * (Abs(x5) ^ ((x0 / x1) * (Abs((((x23 / Recip(x30)) - x5) - (x13 + x13))) ^ x9)))))))) * (Recip((Abs((x11 / Recip((x9 * (x12 + x0))))) ^ (Abs(x0) ^ x4))) * x30))) ^ x17),20.407726246235768;2.861415938682927;-17.032522108718872;-3.2116714379987066;-3.671206556754609;-7.420512357876931,106,0.13140335020911179,0.13140335020911179,Infinity,0.47438659916355286,0.47438659916355286,-Infinity,0.13140335020911179,0.13140335020911179,Infinity,299.48685506295175,299.48685506295175,Infinity
