id,Expression,theta,size,MSE_train,MSE_val,MSE_test,R2_train,R2_val,R2_test,nll_train,nll_val,nll_test,mdl_train,mdl_val,mdl_test
0,Recip(((Abs((((Abs(x9) ^ x17) + x24) / (Abs(-12398.182245678528) ^ (x24 * (x0 + x21))))) ^ (x21 - ((307.58394285409463 * (x13 * x11)) * (Abs(x27) ^ x11)))) + ((x2 + ((x14 / (Abs(Recip(((x23 * x15) + (((Abs(x9) ^ x17) + x17) / (Abs((Abs((Abs(((x15 * x17) - x21)) ^ -84.75586857513005)) ^ x30)) ^ (x24 * (x0 + x21))))))) ^ x0)) - ((x2 * (Abs(Recip(((x7 / (x24 * (x0 + x21))) * Recip(x4)))) ^ x13)) * x11))) * x17))),-12398.182245678528;307.58394285409463;-84.75586857513005,89,2.581003275720449e-2,2.581003275720449e-2,4.7834780824787355,0.896759868971182,0.896759868971182,-247.83652985053433,2.581003275720449e-2,2.581003275720449e-2,4.7834780824787355,244.21816384806417,244.21816384806417,248.9758318977857
