id,Expression,theta,size,MSE_train,MSE_val,MSE_test,R2_train,R2_val,R2_test,nll_train,nll_val,nll_test,mdl_train,mdl_val,mdl_test
0,(((4.744221807912245 / Recip(x6)) - ((((x21 * x9) + x26) + ((x10 - (((x17 + ((-7.016665925611275 - (Abs((Abs((Abs(Recip((x21 / x12))) ^ x20)) ^ (x30 - x5))) ^ x28)) - x5)) - ((Abs(x26) ^ x20) * 11.817115201175648)) + x17)) - (((Abs(x26) ^ x20) * 23.226431744653183) / (Abs(Recip((((((Abs(x26) ^ x9) * x17) * x5) / (Abs(Recip(x12)) ^ (x22 + x17))) - ((((x22 + (x21 / x12)) - (x30 / x9)) + x17) - x25)))) ^ x3)))) + x26)) * x26),4.744221807912245;-7.016665925611275;11.817115201175648;23.226431744653183,89,5.073285202647965e-2,5.073285202647965e-2,0.18578706444903945,0.7970685918940814,0.7970685918940814,-8.664643092638663,5.073285202647965e-2,5.073285202647965e-2,0.18578706444903945,246.65705030762373,246.65705030762373,246.7921045200463
