id,Expression,theta,size,MSE_train,MSE_val,MSE_test,R2_train,R2_val,R2_test,nll_train,nll_val,nll_test,mdl_train,mdl_val,mdl_test
0,Recip((Abs((x4 + (((Abs((Abs(x5) ^ (Abs((Abs(Recip(Recip(Recip((Abs(x6) ^ x6))))) ^ x24)) ^ x20))) ^ x23) * ((Abs(((x10 / x20) + x6)) ^ (((Recip(Recip((Abs(x22) ^ (x3 + (x23 / (x5 * (Abs(x23) ^ x13))))))) - (x24 * ((Recip(Recip((0.883762650297421 - (-25.853670890072024 / x12)))) - x13) + (1.3210826679877326 - x29)))) + (30.166034964504725 - x29)) / x4)) - ((Recip(((x28 / x8) - ((Abs(x24) ^ x12) - x4))) - (x9 * x5)) + (7.341879423171025 - Recip(x24))))) / x24))) ^ x4)),0.883762650297421;-25.853670890072024;1.3210826679877326;30.166034964504725;7.341879423171025,93,8.416608042234715e-2,8.416608042234715e-2,0.15392654865804709,0.6633356783106115,0.6633356783106115,-7.007259061191304,8.416608042234715e-2,8.416608042234715e-2,0.15392654865804709,256.6406897091626,256.6406897091626,256.7104501773983
