id,Expression,theta,size,MSE_train,MSE_val,MSE_test,R2_train,R2_val,R2_test,nll_train,nll_val,nll_test,mdl_train,mdl_val,mdl_test
0,((Abs((((x10 * x25) + x2) / Recip(x6))) ^ (((x29 * x6) + (x14 / Recip(((Abs(Recip(Recip((Recip(x10) / (x18 + x17))))) ^ ((2.365889486858616 + (x12 + 2.4079832636702982)) * x25)) * ((x6 + (x8 * ((x28 / x30) * x14))) + (x8 * ((((Abs(x21) ^ x28) + (x12 + x10)) - x26) * x13))))))) / (Abs((x25 * 2.6315030385622507)) ^ x29))) + ((((Abs(x16) ^ x20) + x29) + ((Abs(x4) ^ x30) * (x18 - x7))) / (Recip(Recip((Recip(x10) / x30))) + Recip((-1.2587516624805577 + ((Abs(x22) ^ x8) / x4)))))),2.365889486858616;2.4079832636702982;2.6315030385622507;-1.2587516624805577,99,0.13036069435491918,0.13036069435491918,1.5236056344034905,0.4785572225803233,0.4785572225803233,-78.25796510166656,0.13036069435491918,0.13036069435491918,1.5236056344034905,303.3473523667532,303.3473523667532,304.7405973068018
