id,Expression,theta,size,MSE_train,MSE_val,MSE_test,R2_train,R2_val,R2_test,nll_train,nll_val,nll_test,mdl_train,mdl_val,mdl_test
0,((((x21 * (Abs((x30 + x3)) ^ ((x8 - x15) + (-1.917585953697834 + ((Abs(x20) ^ (x15 / x26)) * 2.3867215899818968))))) * (Abs((Recip(x28) / (((Recip((Abs(Recip(((x30 + x22) / x29))) ^ x28)) * (x6 / x5)) + ((x23 - Recip(x12)) * (Abs((x26 * x5)) ^ (Abs(x8) ^ (Abs(x16) ^ (x15 / x26)))))) + (((x21 * (x4 + ((((x12 * x30) * x14) * x9) * x21))) * (Abs((Recip((Abs(x8) ^ x2)) / x14)) ^ x3)) - (Abs(-1.165868768374954) ^ ((x5 + x21) - (x2 * -0.6039867913620377))))))) ^ x3)) + ((x5 + x10) - (x2 * 1.5310313852107766))) * x15),-1.917585953697834;2.3867215899818968;-1.165868768374954;-0.6039867913620377;1.5310313852107766,108,7.995912231041315e-2,7.995912231041315e-2,7.589523141060191e-2,0.6801635107583475,0.6801635107583475,-2.9480699379793602,7.995912231041315e-2,7.995912231041315e-2,7.589523141060191e-2,323.07197199073465,323.07197199073465,323.0679080998348
