id,Expression,theta,size,MSE_train,MSE_val,MSE_test,R2_train,R2_val,R2_test,nll_train,nll_val,nll_test,mdl_train,mdl_val,mdl_test
0,(((Abs((((x24 / x13) + (Recip((Recip(x2) + Recip(x2))) - (((Recip(x11) + (x13 * (Abs(x15) ^ (Abs(x23) ^ x2)))) * Recip(x0)) + ((x18 + x1) + x10)))) * ((Recip(x13) - (0.392123154288715 * Recip(x16))) - x10))) ^ x19) + ((Recip((x0 - x10)) + 10.597825465674912) + ((Recip(Recip((Abs(Recip(x3)) ^ x30))) + -1.5786420330820006) * Recip(x6)))) * x0),0.392123154288715;10.597825465674912;-1.5786420330820006,67,9.738770538537539e-2,9.738770538537539e-2,9.558645157417068,0.6104491784584984,0.6104491784584984,-496.2407210888169,9.738770538537539e-2,9.738770538537539e-2,9.558645157417068,194.8330622669593,194.8330622669593,204.29431971899098
