id,Expression,theta,size,MSE_train,MSE_val,MSE_test,R2_train,R2_val,R2_test,nll_train,nll_val,nll_test,mdl_train,mdl_val,mdl_test
0,((Abs(x18) ^ ((Abs(((x20 / (x15 * Recip(((Abs(0.7452654397587115) ^ (x19 - x23)) + 0.1796758370501885)))) * -1.7400851763494876e-6)) ^ (((Abs(x11) ^ ((x1 / Recip((Abs(x13) ^ (Abs(x12) ^ x30)))) * (-7.734502850450744e-3 / (Abs(x7) ^ (x22 / (x0 + x14)))))) * ((Abs(Recip(((((Abs((Recip(x4) + (Abs(x10) ^ x11))) ^ (x24 - (x20 * x11))) * Recip((((x28 - x13) - (x2 / x27)) * (x15 + (x10 - x22))))) + (Recip(x11) * x27)) + -0.8078988407950579))) ^ x15) - x11)) - (Abs(x19) ^ x11))) - x23)) + 6.597818934479643e-2),0.7452654397587115;0.1796758370501885;-1.7400851763494876e-6;-7.734502850450744e-3;-0.8078988407950579;6.597818934479643e-2,96,3.5965978464382285e-2,3.5965978464382285e-2,0.25270957538289807,0.8561360861424708,0.8561360861424708,-12.145952111417857,3.5965978464382285e-2,3.5965978464382285e-2,0.25270957538289807,280.1820995888324,280.1820995888324,280.3988431857509
