id,Expression,theta,size,MSE_train,MSE_val,MSE_test,R2_train,R2_val,R2_test,nll_train,nll_val,nll_test,mdl_train,mdl_val,mdl_test
0,(((Abs(x18) ^ x29) - ((x10 - x8) + ((((x24 * -11.892740446105629) - x19) + (x13 + 0.12795688689224347)) + 0.6281803362300412))) * (Abs(((Abs((Abs(((x24 + x12) - x27)) ^ x5)) ^ (x30 * -0.31465730688103316)) / (Recip((x22 + (((x30 * (0.20547118992133953 / (x13 - x30))) - x19) - (x30 * ((x16 * 2.686181667071584e-2) / (x13 - x30)))))) + Recip((Recip(((x0 + x6) / (x8 * x16))) / (Abs((x15 + x3)) ^ (x2 * (x11 / x4)))))))) ^ x17)),-11.892740446105629;0.12795688689224347;0.6281803362300412;-0.31465730688103316;0.20547118992133953;2.686181667071584e-2,81,7.858060016108656e-2,7.858060016108656e-2,0.2817447155146338,0.6856775993556538,0.6856775993556538,-13.656360101070693,7.858060016108656e-2,7.858060016108656e-2,0.2817447155146338,253.32612337347658,253.32612337347658,253.52928748883014
