id,Expression,theta,size,MSE_train,MSE_val,MSE_test,R2_train,R2_val,R2_test,nll_train,nll_val,nll_test,mdl_train,mdl_val,mdl_test
0,Recip(((Abs((Abs(x10) ^ Recip(x15))) ^ (((x26 / Recip(x18)) - x0) - x20)) + ((x13 * x8) + (Abs(((x8 * (x8 + x15)) + (Abs((x30 / (Abs((Abs((Recip(x18) + -7.358306955664287)) ^ x28)) ^ (x28 + -9.787833219505483)))) ^ (x3 - (((x26 / Recip(x15)) - x10) / x13))))) ^ (Abs(x25) ^ (x3 - (x30 - x20))))))),-7.358306955664287;-9.787833219505483,63,5.288215471070398e-2,5.288215471070398e-2,4.39399918600795e-2,0.7884713811571841,0.7884713811571841,-1.285758376561248,5.288215471070398e-2,5.288215471070398e-2,4.39399918600795e-2,164.94146498803136,164.94146498803136,164.9325228251807
