id,Expression,theta,size,MSE_train,MSE_val,MSE_test,R2_train,R2_val,R2_test,nll_train,nll_val,nll_test,mdl_train,mdl_val,mdl_test
0,((Abs((x24 * (Abs(((((x17 - x24) * (Abs(x24) ^ ((x10 + Recip((x10 * Recip(x18)))) * x10))) - x5) / (Abs(((((((x7 / x30) * (x7 - (x20 * x6))) * Recip((9.420004696264982 / (x20 - x3)))) * ((((x10 + x1) * x10) - x9) + x14)) * x1) * (x9 * ((((x16 + x9) * x10) - x9) + (x15 - (-8.024696500484516e-2 * x27)))))) ^ x1))) ^ x5))) ^ (x15 - (-55.197597558979034 * x27))) + (Abs(x1) ^ (Abs(x0) ^ ((((x17 - x24) * (Abs(x24) ^ 0.4382404793945227)) - x5) * 41.07458214652641)))),9.420004696264982;-8.024696500484516e-2;-55.197597558979034;0.4382404793945227;41.07458214652641,97,4.064094892552157e-2,4.064094892552157e-2,Infinity,0.8374362042979138,0.8374362042979138,-Infinity,4.064094892552157e-2,4.064094892552157e-2,Infinity,286.0654856802406,286.0654856802406,Infinity
