id,Expression,theta,size,MSE_train,MSE_val,MSE_test,R2_train,R2_val,R2_test,nll_train,nll_val,nll_test,mdl_train,mdl_val,mdl_test
0,((x30 + ((x17 / (((x8 - x1) + x10) + ((x13 + (Abs((x8 + (x20 - x11))) ^ (x9 - x3))) + Recip(Recip(x1))))) * -0.9257048035996749)) + (Abs(((x20 - x24) - x24)) ^ (x11 * ((x8 + -1.9915061418303945) + ((Abs(x13) ^ x22) + (x30 + ((Abs((x8 - x24)) ^ (x11 * ((-35.98130806010558 + (265.17514312069335 * x24)) + (x3 + x23)))) + x1))))))),-0.9257048035996749;-1.9915061418303945;-35.98130806010558;265.17514312069335,67,2.672985263707606e-2,2.672985263707606e-2,Infinity,0.8930805894516958,0.8930805894516958,-Infinity,2.672985263707606e-2,2.672985263707606e-2,Infinity,188.75786308653852,188.75786308653852,Infinity
