id,Expression,theta,size,MSE_train,MSE_val,MSE_test,R2_train,R2_val,R2_test,nll_train,nll_val,nll_test,mdl_train,mdl_val,mdl_test
0,((((x17 - (x30 * -6.701116979062663)) - Recip((Abs((x4 / (((Abs((x1 / (x13 / ((x18 * x15) / x20)))) ^ (x30 - x25)) * x27) + x6))) ^ (x17 - (x30 * ((Abs((Abs((x1 * x10)) ^ (x18 / x9))) ^ (x28 - x24)) + x22)))))) + (x30 * (((x17 - (x30 * -288.7439882864274)) - Recip((Abs(x18) ^ x23))) + (Abs(x13) ^ (x27 + (Abs(x2) ^ x1)))))) * (Recip(((Abs(Recip((x11 / x25))) ^ x30) / x25)) * (Abs((x27 / x7)) ^ (x13 + (x18 * x15))))),-6.701116979062663;-288.7439882864274,94,0.1324808291011209,0.1324808291011209,0.22844780785461102,0.47007668359551635,0.47007668359551635,-10.883854964596413,0.1324808291011209,0.1324808291011209,0.22844780785461102,280.2786144394691,280.2786144394691,280.3745814182226
