id,Expression,theta,size,MSE_train,MSE_val,MSE_test,R2_train,R2_val,R2_test,nll_train,nll_val,nll_test,mdl_train,mdl_val,mdl_test
0,Recip((((Abs(x25) ^ x19) / Recip((Abs((Recip(x3) * (((((x30 + 17.046250265465652) * x30) * x16) * x24) * (Abs(((x30 + 38.00839153209271) * x30)) ^ ((x30 / (x6 + x17)) / x3))))) ^ (((((Recip((x26 + x16)) - x20) + x4) - x27) * ((x19 * Recip(x3)) + (x24 * x5))) + (Abs((Abs((x16 + x1)) ^ x5)) ^ x5))))) + (Abs((x10 * x19)) ^ x6))),17.046250265465652;38.00839153209271,72,1.6180389659917513e-2,1.6180389659917513e-2,3.0257092636979854e-2,0.9352784413603299,0.9352784413603299,-0.5739739589756319,1.6180389659917513e-2,1.6180389659917513e-2,3.0257092636979854e-2,204.02498231130878,204.02498231130878,204.03905901428584
