id,Expression,theta,size,MSE_train,MSE_val,MSE_test,R2_train,R2_val,R2_test,nll_train,nll_val,nll_test,mdl_train,mdl_val,mdl_test
0,(((Abs(((Recip(((x30 / x29) + (Abs((((x29 * x2) / (x12 / x28)) / (Recip(x27) / x29))) ^ x30))) * ((Recip(Recip((Abs(x7) ^ x11))) - (Abs((((x23 + x6) + x19) - x0)) ^ x12)) / x10)) * x1)) ^ x11) / Recip(((x0 + x9) + -0.7151561709768058))) + (Recip(Recip(((x6 + (Abs(x0) ^ 1.0990676845210183)) + (Abs(x2) ^ (Abs(1.5318053107303137e-2) ^ ((Abs(x1) ^ (Abs(0.5486525035310509) ^ x17)) * (x10 + x19))))))) - (((Abs((Abs((x9 + x19)) ^ 0.2655520671016126)) ^ (x4 + x16)) * (x24 + (x25 - (x6 + (Abs((x6 * Recip(x0))) ^ 1.0559394395576422))))) * (x0 + x9)))),-0.7151561709768058;1.0990676845210183;1.5318053107303137e-2;0.5486525035310509;0.2655520671016126;1.0559394395576422,109,5.565008370393935e-2,5.565008370393935e-2,0.11337544480004759,0.7773996651842426,0.7773996651842426,-4.89779063849825,5.565008370393935e-2,5.565008370393935e-2,0.11337544480004759,319.75182608612386,319.75182608612386,319.80955144722
