id,Expression,theta,size,MSE_train,MSE_val,MSE_test,R2_train,R2_val,R2_test,nll_train,nll_val,nll_test,mdl_train,mdl_val,mdl_test
0,(Abs((((Abs(x1) ^ x3) * x16) / (x18 * x11))) ^ ((((((x0 / ((Abs(x2) ^ (Abs(x14) ^ (Abs(x22) ^ Recip(((0.9156825461044475 * x0) / (Abs(((((Abs(x24) ^ x13) - x0) + ((x0 / x3) + x25)) * ((x15 + (0.4125341663987918 * ((Recip((Abs(x7) ^ x16)) - (x13 + (x26 + x0))) * (Abs((x13 + (x2 + x15))) ^ x11)))) - x7))) ^ x27)))))) / x0)) * 47.271880002399556) + x9) * x21) - x0) - ((((x0 / ((Abs(x2) ^ (Abs(x22) ^ ((-98.26322721416709 * x0) / (x3 + Recip(x21))))) / x0)) * 2.4972110281349047) + x9) * x21))),0.9156825461044475;0.4125341663987918;47.271880002399556;-98.26322721416709;2.4972110281349047,105,5.500075082721079e-2,5.500075082721079e-2,Infinity,0.7799969966911569,0.7799969966911569,-Infinity,5.500075082721079e-2,5.500075082721079e-2,Infinity,302.62932828843805,302.62932828843805,Infinity
