id,Expression,theta,size,MSE_train,MSE_val,MSE_test,R2_train,R2_val,R2_test,nll_train,nll_val,nll_test,mdl_train,mdl_val,mdl_test
0,(Abs(((x19 / x13) / Recip(x13))) ^ (((Abs(2.9095085203709185e-2) ^ x23) + -1.663171359488619) + (Abs(x13) ^ (x19 + -0.9228474389134906)))),2.9095085203709185e-2;-1.663171359488619;-0.9228474389134906,21,3.225447753866435e-2,3.225447753866435e-2,7.953758530354862e-2,0.8709820898453426,0.8709820898453426,-3.137545187490441,3.225447753866435e-2,3.225447753866435e-2,7.953758530354862e-2,37.462202227775705,37.462202227775705,37.50948533554059
