id,Expression,theta,size,MSE_train,MSE_val,MSE_test,R2_train,R2_val,R2_test,nll_train,nll_val,nll_test,mdl_train,mdl_val,mdl_test
0,(Abs(((Abs((((Abs(((x27 / x25) * x22)) ^ (-0.9491587430962358 - (x11 - (Recip(x16) + x11)))) / (Abs(x22) ^ x7)) / ((((x10 + x16) / (x24 - (Abs(x0) ^ ((((x30 - x11) / (x6 / (x20 + -0.21984710772809185))) - (((x22 - x2) + (x13 * x23)) / (x4 * x18))) * (((-0.2704027983924946 + x17) - Recip(x27)) * x16))))) + ((((x27 / x11) - x18) + x10) * x15)) / (x3 / x0)))) ^ x5) - x15)) ^ 2.7844679009593825),-0.9491587430962358;-0.21984710772809185;-0.2704027983924946;2.7844679009593825,82,6.095484260043885e-2,6.095484260043885e-2,2262.4915124391378,0.7561806295982446,0.7561806295982446,-117693.80847707945,6.095484260043885e-2,6.095484260043885e-2,2262.4915124391378,256.6407021260911,256.6407021260911,2519.0712597226284
