id,Expression,theta,size,MSE_train,MSE_val,MSE_test,R2_train,R2_val,R2_test,nll_train,nll_val,nll_test,mdl_train,mdl_val,mdl_test
0,(((21.69386019891146 + x5) * Recip((((Abs(x28) ^ x8) / (x11 - x18)) - ((((x29 * (x30 * x6)) + (x18 - Recip(Recip((Abs(x8) ^ x30))))) - (Recip(x13) - ((x24 - x28) * -0.8526157266273644))) / (Abs(Recip((Recip((Abs((x11 + (x24 - x28))) ^ (((x18 * x13) / ((Abs((Abs(x5) ^ ((Abs(x1) ^ x13) + (Abs(x4) ^ x6)))) ^ (((x14 + x23) + x9) - x14)) * x6)) - (-17.542683521785726 + x5)))) + Recip((x27 + -4.8000300574285815))))) ^ ((Abs(x25) ^ (x20 + x12)) - (Abs(x16) ^ (Abs(-0.5733219126087407) ^ Recip((Abs(x16) ^ (Abs(2.013832279105166) ^ x15))))))))))) * x12),21.69386019891146;-0.8526157266273644;-17.542683521785726;-4.8000300574285815;-0.5733219126087407;2.013832279105166,108,4.809974486637776e-2,4.809974486637776e-2,0.10072432921104377,0.807601020534489,0.807601020534489,-4.239679605558297,4.809974486637776e-2,4.809974486637776e-2,0.10072432921104377,316.6075282115107,316.6075282115107,316.6601527958554
