id,Expression,theta,size,MSE_train,MSE_val,MSE_test,R2_train,R2_val,R2_test,nll_train,nll_val,nll_test,mdl_train,mdl_val,mdl_test
0,((Abs((((Abs((x11 + (x22 / x11))) ^ ((x16 + (Abs(((x4 * (Abs((Abs(Recip(x23)) ^ x20)) ^ x29)) - (x6 / x16))) ^ x6)) * x4)) / (((Recip((x4 / x26)) - x23) + x7) / Recip((((((x22 * x4) / (x29 / x1)) + x22) / x20) + (x0 / x22))))) + 0.40189885925649615)) ^ (x18 * -1.2506473663492728)) - (((Abs((Abs(x4) ^ (x6 / x1))) ^ (x6 / x16)) - x1) + (Abs(x4) ^ (x6 / x1)))),0.40189885925649615;-1.2506473663492728,82,8.633432289170456e-2,8.633432289170456e-2,0.19266831522045572,0.6546627084331818,0.6546627084331818,-9.022605757767725,8.633432289170456e-2,8.633432289170456e-2,0.19266831522045572,221.77052256588703,221.77052256588703,221.8768565582158
