id,Expression,theta,size,MSE_train,MSE_val,MSE_test,R2_train,R2_val,R2_test,nll_train,nll_val,nll_test,mdl_train,mdl_val,mdl_test
0,(((Abs(-3.56654116944023e-2) ^ (x25 + x25)) / (((Abs((x17 * (x15 * x12))) ^ x12) + x3) + (Abs((Abs((x28 * (Abs(((x20 + 3.987062901810799) - ((x14 + x25) + ((x11 * ((x24 + x1) + (0.15979878072434403 + x16))) + (((Abs((x3 - x1)) ^ ((x3 - (Abs(x25) ^ x12)) + x25)) / ((x14 + x3) + (Abs((x30 / x29)) ^ (Abs((x28 * x17)) ^ x30)))) - x3))))) ^ (Abs(Recip(x14)) ^ x29)))) ^ (x15 + (x30 / x29)))) ^ (Abs((Abs((Abs((((x18 * x1) + x4) - x14)) ^ x25)) ^ x27)) ^ x29)))) - x3),-3.56654116944023e-2;3.987062901810799;0.15979878072434403,103,7.370368895295676e-2,7.370368895295676e-2,8.931335571054765e-2,0.705185244188173,0.705185244188173,-3.6460807640625106,7.370368895295676e-2,7.370368895295676e-2,8.931335571054765e-2,286.09854842026806,286.09854842026806,286.11415808702566
