id,Expression,theta,size,MSE_train,MSE_val,MSE_test,R2_train,R2_val,R2_test,nll_train,nll_val,nll_test,mdl_train,mdl_val,mdl_test
0,(-0.650344963395769 + ((x29 + (x9 * 4.3164034367502095)) + ((x9 + (x29 + (x12 * ((-0.6380956279988461 / ((x9 + (x29 + ((Abs((x29 / (x14 * -0.8441451348361625))) ^ x12) * (x11 * x3)))) / x25)) * ((x3 / x0) * (((x15 + x5) - x29) * (Recip((Abs(x29) ^ x4)) - ((x3 / ((x9 + (x29 + x9)) / (x0 * 0.18190064608274711))) * x29)))))))) * ((-1.1181354472974603 + ((x9 + (x29 + x4)) + ((x9 + (x29 + (x12 * ((x3 / ((x9 + (x30 + x29)) / (x0 * 0.8633451748858484))) * -0.4104002609080528)))) * (-1.3735572389472421 * x4)))) * -1.0941426419347464)))),-0.650344963395769;4.3164034367502095;-0.6380956279988461;-0.8441451348361625;0.18190064608274711;-1.1181354472974603;0.8633451748858484;-0.4104002609080528;-1.3735572389472421;-1.0941426419347464,98,3.817127497270992e-2,3.817127497270992e-2,0.1026573516559599,0.8473149001091603,0.8473149001091603,-4.34023543314283,3.817127497270992e-2,3.817127497270992e-2,0.1026573516559599,282.70431327495095,282.70431327495095,282.76879935163424
