id,Expression,theta,size,MSE_train,MSE_val,MSE_test,R2_train,R2_val,R2_test,nll_train,nll_val,nll_test,mdl_train,mdl_val,mdl_test
0,(Abs((x0 * -0.7023293914602999)) ^ (Abs((Abs((x2 * (x15 + ((((((1.530245144350308 - (Abs(((Abs((x30 * 0.47472056101041255)) ^ x2) - (Recip(x29) - x18))) ^ 1.0253963293588013)) * x30) * (Abs(x9) ^ x11)) / (Abs(x18) ^ x26)) / (x0 * Recip(((Abs(x18) ^ (Recip((x9 + x8)) - ((Abs(x22) ^ x4) * x17))) + (Abs((((((1.4273018753084845 - Recip((x13 + x11))) * -0.5194009973445187) + x15) + (Abs(x7) ^ x26)) + ((Abs((x10 + 0.5767040709732547)) ^ (x1 + x6)) + x30))) ^ (Abs((Abs(x2) ^ -0.43218282720105006)) ^ x8)))))) / ((x8 * x30) / x22))))) ^ Recip((Abs(x0) ^ (Abs(x0) ^ x8))))) ^ Recip((Abs(x0) ^ x4)))),-0.7023293914602999;1.530245144350308;0.47472056101041255;1.0253963293588013;1.4273018753084845;-0.5194009973445187;0.5767040709732547;-0.43218282720105006,114,1.0632213201108279e-3,1.0632213201108279e-3,4.523687696145983e-2,0.9957471147195567,0.9957471147195567,-1.3532223395350509,1.0632213201108279e-3,1.0632213201108279e-3,4.523687696145983e-2,312.2320182335356,312.2320182335356,312.2761918891769
