id,Expression,theta,size,MSE_train,MSE_val,MSE_test,R2_train,R2_val,R2_test,nll_train,nll_val,nll_test,mdl_train,mdl_val,mdl_test
0,((((x19 / Recip((Abs(0.798515226105822) ^ ((((-1.8316630235495086e-2 + x6) + x29) * x2) * (0.17524446711103828 + (Abs(x9) ^ x10)))))) / Recip(x29)) + Recip((x5 - ((((x23 * -1.8149111872482269) - (x3 - (Abs(x26) ^ ((((Abs((Abs(x15) ^ (Recip(x14) + (x15 / x20)))) ^ (x29 * x22)) * x15) - x3) * x17)))) * ((x9 / x19) * Recip((x22 + x23)))) * (x23 - ((Abs(x22) ^ Recip(Recip(x15))) / (Abs(Recip(x29)) ^ x2))))))) * (x5 + 2.207797096604382e-2)),0.798515226105822;-1.8316630235495086e-2;0.17524446711103828;-1.8149111872482269;2.207797096604382e-2,84,2.6835858517035262e-2,2.6835858517035262e-2,9.875025575543267e-2,0.8926565659318589,0.8926565659318589,-4.136988304397411,2.6835858517035262e-2,2.6835858517035262e-2,9.875025575543267e-2,238.0371047671074,238.0371047671074,238.10901916434577
