id,Expression,theta,size,MSE_train,MSE_val,MSE_test,R2_train,R2_val,R2_test,nll_train,nll_val,nll_test,mdl_train,mdl_val,mdl_test
0,((5.018725525874631 * ((x15 - (Abs(((((7.12799335187041e-2 * Recip((x5 - (x6 * x17)))) + (Abs((Recip(x16) - x18)) ^ x10)) * (x27 * (Recip(x16) - x18))) / (4.426842564270403 + (x22 / (x27 + x24))))) ^ x11)) * x6)) + Recip(Recip(((((x6 * (Abs((Abs(x6) ^ x3)) ^ -3.570646262107065)) + ((((x3 - x21) * x7) * x10) * -1.5288818850291293)) * 2.3444640868630895) + (x0 * (x15 - (Abs(Recip(((Abs((x6 + (Abs(x10) ^ ((x17 + x29) + (x16 + (x29 + (Abs((x8 * Recip(x7))) ^ x3))))))) ^ ((x14 * ((x3 - x17) + x17)) + x5)) * Recip(x7)))) ^ x15))))))),5.018725525874631;7.12799335187041e-2;4.426842564270403;-3.570646262107065;-1.5288818850291293;2.3444640868630895,107,2.1055917637217224e-2,2.1055917637217224e-2,1.7866669597581104e10,0.9157763294511311,0.9157763294511311,-9.294241524651337e11,2.1055917637217224e-2,2.1055917637217224e-2,1.7866669597581104e10,318.68976257958906,318.68976257958906,1.786666991624981e10
