id,Expression,theta,size,MSE_train,MSE_val,MSE_test,R2_train,R2_val,R2_test,nll_train,nll_val,nll_test,mdl_train,mdl_val,mdl_test
0,(Abs((((Recip((Abs(x21) ^ (Abs(((((((2.61729239301287 * x19) - (Abs((x15 - Recip((Recip(x4) * x20)))) ^ -0.19867029464608515)) / ((x9 + (x4 - x19)) + x19)) * -1.3276074056399547) - Recip((x15 - Recip((((((0.5337611230068297 * x19) - (Abs(((8.975346469969836e-2 * (x7 - x19)) - x19)) ^ -1.243021083324073)) / ((x9 + x24) + x19)) * x18) * (((x18 + 2.084096922102463) - ((((((x7 / x29) * (x10 + x9)) * x0) * Recip(x22)) - (Abs(x7) ^ 0.2954081174344296)) - x19)) * x15)))))) * (Abs((x7 * x7)) ^ x11))) ^ (Abs(-2.0860438188416444) ^ x19)))) / (Abs(4.5674146558373625) ^ x29)) * x21) * x8)) ^ x11),2.61729239301287;-0.19867029464608515;-1.3276074056399547;0.5337611230068297;8.975346469969836e-2;-1.243021083324073;2.084096922102463;0.2954081174344296;-2.0860438188416444;4.5674146558373625,106,0.12073164267527338,0.12073164267527338,1.8423907571778558e39,0.5170734292989065,0.5170734292989065,-9.58411671883884e40,0.12073164267527338,0.12073164267527338,1.8423907571778558e39,299.95184961843194,299.95184961843194,1.8423907571778558e39
