id,Expression,theta,size,MSE_train,MSE_val,MSE_test,R2_train,R2_val,R2_test,nll_train,nll_val,nll_test,mdl_train,mdl_val,mdl_test
0,((((Abs((x29 * x3)) ^ (x3 - x24)) * x6) * (5.133932502853919 / Recip(((Recip((Abs(x26) ^ ((x13 * x20) * x18))) - (Abs((x28 * x16)) ^ x3)) / Recip((x18 + 5.788884605867519)))))) + (Recip(((Abs(((Abs(((x21 * x3) * -0.8982108826106143)) ^ (x0 - x27)) * x6)) ^ (Abs(0.45547809518150484) ^ (x3 - x24))) - Recip(x12))) * 4.477482925288752)),5.133932502853919;5.788884605867519;-0.8982108826106143;0.45547809518150484;4.477482925288752,62,9.772719693926517e-2,9.772719693926517e-2,0.181048905491606,0.6090912122429393,0.6090912122429393,-8.418164063672984,9.772719693926517e-2,9.772719693926517e-2,0.181048905491606,170.59098370945097,170.59098370945097,170.67430541800329
