id,Expression,theta,size,MSE_train,MSE_val,MSE_test,R2_train,R2_val,R2_test,nll_train,nll_val,nll_test,mdl_train,mdl_val,mdl_test
0,(x24 * ((Recip((x3 * x28)) - ((Abs(x5) ^ x5) * ((Abs((Abs(x24) ^ x8)) ^ x24) - ((Abs(x10) ^ x15) + -29.08378905988165)))) * 9.12105945958847e-2)),-29.08378905988165;9.12105945958847e-2,28,6.737021223042912e-2,6.737021223042912e-2,0.21057145072797503,0.7305191510782836,0.7305191510782836,-9.953926866868843,6.737021223042912e-2,6.737021223042912e-2,0.21057145072797503,61.626154791307314,61.626154791307314,61.76935602980486
