id,Expression,theta,size,MSE_train,MSE_val,MSE_test,R2_train,R2_val,R2_test,nll_train,nll_val,nll_test,mdl_train,mdl_val,mdl_test
0,Recip(((Abs(x6) ^ ((((Abs(x11) ^ ((x1 / x10) * (x18 / (x19 + Recip(x2))))) / (x24 / x17)) * ((x27 + x12) + ((x14 + -44.16384943324616) - (Abs(x26) ^ ((x0 * -25.430164524061777) - x6))))) / (Recip(x2) / ((x1 / x10) * ((Abs(x9) ^ x27) / (x19 + Recip(x2))))))) * Recip((Abs((Abs((Abs(x13) ^ 11.339203519609391)) ^ (((Abs(((x11 - x0) / x3)) ^ x1) - x3) / x14))) ^ (x0 * ((Abs(x14) ^ Recip((x18 + x12))) * 18.779087104492266)))))),-44.16384943324616;-25.430164524061777;11.339203519609391;18.779087104492266,88,7.79752923750657e-2,7.79752923750657e-2,NaN,0.6880988304997372,0.6880988304997372,NaN,7.79752923750657e-2,7.79752923750657e-2,NaN,251.14422788986278,251.14422788986278,NaN
