id,Expression,theta,size,MSE_train,MSE_val,MSE_test,R2_train,R2_val,R2_test,nll_train,nll_val,nll_test,mdl_train,mdl_val,mdl_test
0,((x18 + x0) * (((Abs((x12 / (x8 + (x6 * ((((x28 * x26) * 30.81631039216819) + (x28 + x28)) / (x18 + x6)))))) ^ ((((Abs((x28 - x26)) ^ x12) * (122.9793747314751 * ((x19 * x14) / (x23 + Recip(x12))))) * x26) / (x18 + x0))) * (239.8974573739542 * x6)) * x18)),30.81631039216819;122.9793747314751;239.8974573739542,54,5.790229390851041e-2,5.790229390851041e-2,0.12912891517259112,0.7683908243659583,0.7683908243659583,-5.717286167277933,5.790229390851041e-2,5.790229390851041e-2,0.12912891517259112,147.38499618483175,147.38499618483175,147.45622280609584
