id,Expression,theta,size,MSE_train,MSE_val,MSE_test,R2_train,R2_val,R2_test,nll_train,nll_val,nll_test,mdl_train,mdl_val,mdl_test
0,(Abs(Recip(Recip(((x7 + x23) / (x4 + (x11 / (Abs(Recip(Recip(((x0 + -47.79928829918495) / (Recip(x15) + ((Abs(Recip((x14 * Recip((((x15 + x9) + (Recip(x15) * -90.99773733522598)) * x11))))) ^ x16) / (Recip(((Abs(x4) ^ (x21 - x5)) / (x1 - x18))) * Recip(((x19 * ((((x11 + (Abs((Abs(Recip(((x29 + x30) - (Abs(x11) ^ x23)))) ^ (Abs(x11) ^ x16))) ^ x15)) * (Recip(x15) + (x13 / x10))) + -34.98077961482915) * x29)) + (x13 * Recip(x9))))))))))) ^ (x11 * 136.09701010964383)))))))) ^ x16),-47.79928829918495;-90.99773733522598;-34.98077961482915;136.09701010964383,96,5.4828090184568634e-2,5.4828090184568634e-2,0.11916699340157944,0.7806876392617255,0.7806876392617255,-5.1990669967499255,5.4828090184568634e-2,5.4828090184568634e-2,0.11916699340157944,283.3159006785862,283.3159006785862,283.3802395818032
