id,Expression,theta,size,MSE_train,MSE_val,MSE_test,R2_train,R2_val,R2_test,nll_train,nll_val,nll_test,mdl_train,mdl_val,mdl_test
0,(x12 * ((-8.55886384964132 - (Abs((Abs(x19) ^ -1.9320499615999702)) ^ x20)) / ((Abs(x3) ^ Recip(x5)) - (Recip(((Abs(x19) ^ (x18 + x25)) * (Abs(x17) ^ (x5 - x9)))) + (Abs(x7) ^ (Abs((((((Abs((Abs((((x2 * Recip((Abs(x27) ^ x25))) + ((Abs(x12) ^ x21) / Recip((Abs((((Abs(x19) ^ -0.42362689241450957) / x16) * x25)) ^ (x16 + 2.73152985478523))))) * (Abs(((x5 / x26) * x25)) ^ (Abs((x12 * x21)) ^ x16)))) ^ (x3 * 5.074248443594293))) ^ -5.296329104248305) / Recip(x5)) / (x25 * x18)) * x24) / ((x17 - x5) + (Recip((-4.702294997159544 * x27)) + x27)))) ^ (Abs((Abs(x27) ^ -2.1579227857463676)) ^ x20))))))),-8.55886384964132;-1.9320499615999702;-0.42362689241450957;2.73152985478523;5.074248443594293;-5.296329104248305;-4.702294997159544;-2.1579227857463676,114,0.11121896904513501,0.11121896904513501,0.10115910470916066,0.55512412381946,0.55512412381946,-4.262296626970336,0.11121896904513501,0.11121896904513501,0.10115910470916066,304.25415791417265,304.25415791417265,304.2440980498367
