id,Expression,theta,size,MSE_train,MSE_val,MSE_test,R2_train,R2_val,R2_test,nll_train,nll_val,nll_test,mdl_train,mdl_val,mdl_test
0,Recip((Abs(Recip(((Abs(Recip((((Abs((x17 * x26)) ^ Recip((Recip((x10 + x1)) + x10))) + Recip(((Abs(x16) ^ (-5.773191284095489 * x1)) + x18))) * ((((((Abs((Abs(x23) ^ x16)) ^ (1.3790191408429868 * x1)) + x18) + x16) * -1.5888605595566736) + (Abs(x14) ^ (3.647452030395537 * x1))) * (Abs((Recip((5.53796687523788e-2 * x1)) + (Abs(-1.6452952658795663) ^ x16))) ^ ((x0 / x16) / x24)))))) ^ x4) + (x10 * x18)))) ^ (((Abs(x16) ^ x15) - Recip(((Abs(x14) ^ (0.991527904915102 * x1)) + x18))) + (Abs(Recip(x19)) ^ x17)))),-5.773191284095489;1.3790191408429868;-1.5888605595566736;3.647452030395537;5.53796687523788e-2;-1.6452952658795663;0.991527904915102,94,7.8023438409222e-3,7.8023438409222e-3,72.62446838744886,0.9687906246363112,0.9687906246363112,-3776.9248455149454,7.8023438409222e-3,7.8023438409222e-3,72.62446838744886,245.65784877526818,245.65784877526818,318.2745148188761
