id,Expression,theta,size,MSE_train,MSE_val,MSE_test,R2_train,R2_val,R2_test,nll_train,nll_val,nll_test,mdl_train,mdl_val,mdl_test
0,(Recip(Recip((x20 * (x23 + 5.681304858652991e-2)))) - ((Abs(x26) ^ x30) - (((12.246569983125813 - x3) - x12) * Recip(Recip(x27))))),5.681304858652991e-2;12.246569983125813,22,9.171566282627258e-2,9.171566282627258e-2,0.2860350937411134,0.6331373486949097,0.6331373486949097,-13.879545576412152,9.171566282627258e-2,9.171566282627258e-2,0.2860350937411134,53.955652169518544,53.955652169518544,54.14997160043338
