id,Expression,theta,size,MSE_train,MSE_val,MSE_test,R2_train,R2_val,R2_test,nll_train,nll_val,nll_test,mdl_train,mdl_val,mdl_test
0,Recip(((Abs((Abs(x8) ^ x4)) ^ Recip(x23)) + ((x30 - Recip((((x3 - x0) + -6.085773216432716) * (((x21 / ((Abs((((Abs((Abs((((Abs(Recip((x26 - ((x15 + x3) / (x13 + x3))))) ^ (Abs(x22) ^ Recip(x28))) - x7) + (x3 * x21))) ^ (Abs(x24) ^ x23))) ^ (Abs(x22) ^ Recip(x28))) - x7) + ((Abs(x8) ^ x4) * x21))) ^ x1) * x19)) * (x17 - (x8 * x15))) - ((4.3826308640978154e-2 * x7) / (Abs(x6) ^ x26)))))) - (Recip((-30.165724394294433 * (x13 * x23))) - x0)))),-6.085773216432716;4.3826308640978154e-2;-30.165724394294433,95,3.408172283081892e-2,3.408172283081892e-2,0.26949742345909,0.8636731086767243,0.8636731086767243,-13.019255968341326,3.408172283081892e-2,3.408172283081892e-2,0.26949742345909,270.41965101175964,270.41965101175964,270.6550667123879
