id,Expression,theta,size,MSE_train,MSE_val,MSE_test,R2_train,R2_val,R2_test,nll_train,nll_val,nll_test,mdl_train,mdl_val,mdl_test
0,Recip((Abs(((x8 - (Abs((Abs(x23) ^ (-2.6025540513303858 / x11))) ^ (((x26 - x23) / x25) / x11))) + Recip((((x14 / x26) + x4) * ((((x13 - x3) / x11) * x8) * x8))))) ^ Recip(((Recip(x18) / (Abs(x6) ^ (x13 * -0.6782818831528222))) + (Abs((Abs(x23) ^ (9.449988098394285e-2 / x11))) ^ (((Recip(Recip(x20)) - x23) / x25) / x11)))))),-2.6025540513303858;-0.6782818831528222;9.449988098394285e-2,65,6.560111760317275e-2,6.560111760317275e-2,0.19870963006606746,0.737595529587309,0.737595529587309,-9.336874956036434,6.560111760317275e-2,6.560111760317275e-2,0.19870963006606746,173.78750088842315,173.78750088842315,173.92060940088606
