id,Expression,theta,size,MSE_train,MSE_val,MSE_test,R2_train,R2_val,R2_test,nll_train,nll_val,nll_test,mdl_train,mdl_val,mdl_test
0,(Abs((((((x18 / x22) * (x4 * x8)) / (Abs(x14) ^ (x24 * x0))) / (((Abs(x2) ^ x0) + -0.13000716722048228) + (Recip(((x14 * -0.2376871247397314) / (Recip(x23) + ((x23 + x11) * -0.3237763913455271)))) * -0.8590135290884993))) / (Recip((x25 + ((x18 * x5) - x4))) - (Recip(x4) * Recip(((x11 + -0.3533627179264979) - ((x2 / x21) - x0))))))) ^ (Abs(((Abs(x7) ^ -0.527276737083713) * ((x18 / x8) - ((x14 * 1.1242877105422788) * x4)))) ^ (((x28 + (x29 / x24)) - (x15 / Recip(x23))) / (Recip(x23) + ((x23 + x11) * -0.4301327554505091))))),-0.13000716722048228;-0.2376871247397314;-0.3237763913455271;-0.8590135290884993;-0.3533627179264979;-0.527276737083713;1.1242877105422788;-0.4301327554505091,97,8.39800236260091e-7,8.39800236260091e-7,1.9380198944499702e-2,0.9999966407990549,0.9999966407990549,-8.157949092835848e-3,8.39800236260091e-7,8.39800236260091e-7,1.9380198944499702e-2,292.38095323181125,292.38095323181125,292.4003325909555
