id,Expression,theta,size,MSE_train,MSE_val,MSE_test,R2_train,R2_val,R2_test,nll_train,nll_val,nll_test,mdl_train,mdl_val,mdl_test
0,(Abs(-0.5414570356725151) ^ (Abs((-2.428531408990038 * (Recip(((x17 * (x17 * ((0.429719028974946 * x30) + (x1 - ((x17 * 0.42863900769146074) + x12))))) * (((x17 * ((0.4351561458514211 * x30) + (x21 + (0.8262933788098833 * x30)))) - ((-8.81715054669414e-2 * ((Recip((x21 / x22)) / x13) / Recip(x16))) * ((x21 / x22) * (x29 * ((Recip((x21 / x22)) / x13) / Recip(x16)))))) * ((Recip(((x6 * x4) - (x4 / x12))) * ((x11 - x20) - (Recip(x16) + x27))) / Recip(x16))))) / (Abs(2.4009790763698902e-2) ^ Recip(Recip((x15 - (x6 + (x1 / x4))))))))) ^ x10)),-0.5414570356725151;-2.428531408990038;0.429719028974946;0.42863900769146074;0.4351561458514211;0.8262933788098833;-8.81715054669414e-2;2.4009790763698902e-2,98,5.6095647588295945e-2,5.6095647588295945e-2,0.1379209834056596,0.7756174096468162,0.7756174096468162,-6.174649556762137,5.6095647588295945e-2,5.6095647588295945e-2,0.1379209834056596,297.9280461608575,297.9280461608575,298.00987149667486
