id,Expression,theta,size,MSE_train,MSE_val,MSE_test,R2_train,R2_val,R2_test,nll_train,nll_val,nll_test,mdl_train,mdl_val,mdl_test
0,Recip((Abs((x28 - (((Abs(x2) ^ x22) / x8) + (((11.260231543720327 * x9) + ((((x1 * x15) / x16) * x29) * x28)) / ((-2.1578783607635894 * (Recip(((Recip(x6) / x25) * -2.171337458284538)) / Recip(x29))) + x2))))) ^ (Recip((Abs((((x16 * x19) + (Abs(x21) ^ Recip(x13))) + x23)) ^ (((x26 * ((x29 * (Recip(x2) * x7)) - (x4 + -44.21729195974242))) / (Abs(x4) ^ x22)) + x5))) + x20))),11.260231543720327;-2.1578783607635894;-2.171337458284538;-44.21729195974242,75,6.662358016351662e-2,6.662358016351662e-2,Infinity,0.7335056793459336,0.7335056793459336,-Infinity,6.662358016351662e-2,6.662358016351662e-2,Infinity,230.77520420046656,230.77520420046656,Infinity
