id,Expression,theta,size,MSE_train,MSE_val,MSE_test,R2_train,R2_val,R2_test,nll_train,nll_val,nll_test,mdl_train,mdl_val,mdl_test
0,(Abs((x26 - x22)) ^ (Abs(((x3 + ((Abs(x22) ^ x26) - (Abs(x16) ^ x20))) / (x25 / Recip((2.8638768725023667 - x9))))) ^ ((x8 - (x7 / x6)) * ((Abs((((((x6 / (x22 + x21)) + -0.15642477070833927) + x8) + Recip(((0.1926699401371951 / ((Abs(((x4 / x26) - x0)) ^ x24) / x18)) + (Recip((Abs((Abs(Recip(x5)) ^ x1)) ^ x19)) / (x25 / Recip(((((x25 * x5) / ((x14 + x6) * x23)) - (x7 / x22)) - x18))))))) / (Abs(x26) ^ (((x7 * x9) + 0.5110467495229492) + (x26 + x22))))) ^ ((x11 - ((x8 + x20) * x16)) * -6.243296622201566)) / x10)))),2.8638768725023667;-0.15642477070833927;0.1926699401371951;0.5110467495229492;-6.243296622201566,109,3.6369089152142195e-2,3.6369089152142195e-2,Infinity,0.8545236433914312,0.8545236433914312,-Infinity,3.6369089152142195e-2,3.6369089152142195e-2,Infinity,336.7659520877995,336.7659520877995,Infinity
