id,Expression,theta,size,MSE_train,MSE_val,MSE_test,R2_train,R2_val,R2_test,nll_train,nll_val,nll_test,mdl_train,mdl_val,mdl_test
0,((Recip(Recip(Recip(Recip((Abs(x2) ^ (Abs(Recip(((x9 - (0.6290385050513864 * x6)) / (Abs((x7 * Recip((Abs((x19 * (Abs((Abs(((x5 * Recip((Abs((x19 * (Abs(x5) ^ (Abs((((x27 * -0.28488451956985966) / x9) * -0.8056405310447156)) ^ (Abs(x7) ^ ((x5 * x6) * ((x29 * x25) + 0.8111469389636962))))))) ^ x26))) * ((x29 * x25) + -0.3599548936768009))) ^ (Abs((Recip(Recip(x24)) + (0.5357795636982382 * x25))) ^ x4))) ^ x5))) ^ x4)))) ^ x13)))) ^ ((x5 * x6) * ((x24 * x29) + 131.87195915194505)))))))) + ((x29 * x21) + -8.60098352416877e-2)) + x9),0.6290385050513864;-0.28488451956985966;-0.8056405310447156;0.8111469389636962;-0.3599548936768009;0.5357795636982382;131.87195915194505;-8.60098352416877e-2,97,1.2827512417611738e-2,1.2827512417611738e-2,Infinity,0.9486899503295531,0.9486899503295531,-Infinity,1.2827512417611738e-2,1.2827512417611738e-2,Infinity,261.841757156632,261.841757156632,Infinity
