id,Expression,theta,size,MSE_train,MSE_val,MSE_test,R2_train,R2_val,R2_test,nll_train,nll_val,nll_test,mdl_train,mdl_val,mdl_test
0,(Abs((x12 + x30)) ^ (Abs(Recip(((((Abs(x28) ^ x17) - (x4 - x21)) + ((Abs(((Abs(((-272.16629325213336 - x16) + x29)) ^ x15) + (x3 * x30))) ^ (x0 + x29)) + ((x18 / (x6 - ((x0 + x29) / (4.492427290071177 - x16)))) * x17))) - (x25 + (x5 * x27))))) ^ ((((Abs((Abs(-146.33264122146412) ^ x23)) ^ x16) * x14) / ((x0 + x29) / (-3417.205056129618 - (x6 + x13)))) * (((x28 + ((x24 - (x11 / x16)) * (Abs(x6) ^ x16))) + x15) / (((x28 / x11) / x4) / (x20 / ((x5 / x26) / x4))))))),-272.16629325213336;4.492427290071177;-146.33264122146412;-3417.205056129618,102,4.954147977889787e-2,4.954147977889787e-2,0.17608885878721728,0.8018340808844086,0.8018340808844086,-8.160142434110693,4.954147977889787e-2,4.954147977889787e-2,0.17608885878721728,319.7620953560215,319.7620953560215,319.88864273502986
