id,Expression,theta,size,MSE_train,MSE_val,MSE_test,R2_train,R2_val,R2_test,nll_train,nll_val,nll_test,mdl_train,mdl_val,mdl_test
0,(Abs((1.2382833289656446e-2 / (x8 + (Recip((x4 + x17)) - x28)))) ^ (Abs((((x26 / (Abs(x30) ^ x2)) - ((((Recip(x24) + (x9 - ((x29 - x6) + (x15 + x26)))) + (x20 + ((Abs(x19) ^ x19) + x17))) - (Abs(x7) ^ x22)) - x10)) * x6)) ^ (Abs((x0 + 10.887984682525701)) ^ (Abs(x15) ^ ((x0 + x17) * (Abs((Abs(x18) ^ x29)) ^ (Abs(((x3 * x30) + x2)) ^ x29))))))),1.2382833289656446e-2;10.887984682525701,77,7.059797337444762e-2,7.059797337444762e-2,0.17044900461672155,0.7176081065022095,0.7176081065022095,-7.866757220161517,7.059797337444762e-2,7.059797337444762e-2,0.17044900461672155,220.8916679956645,220.8916679956645,220.9915190269068
