id,Expression,theta,size,MSE_train,MSE_val,MSE_test,R2_train,R2_val,R2_test,nll_train,nll_val,nll_test,mdl_train,mdl_val,mdl_test
0,((x17 + (Recip((Abs(x27) ^ x24)) - (x30 * x16))) / ((((Recip((Abs(x27) ^ x24)) - (x24 * x30)) + (Abs(Recip(((x22 * -7.674521213142966) * x13))) ^ (((((Abs(x30) ^ x21) / x15) / x1) * x9) * 14.614220825229145))) * (Abs(Recip((Abs(x14) ^ x27))) ^ x24)) + Recip((((x22 * 76.09052154034983) * x23) * (Abs(x10) ^ Recip((Abs(((x24 + (Recip(x19) * x15)) / (((x20 - x21) * (Abs((((x4 + x24) + (-0.2872469682323484 - x10)) + ((x13 * x27) + x4))) ^ x8)) + ((x4 * Recip(x17)) + (Abs((x24 - x23)) ^ (x25 * x10)))))) ^ x26))))))),-7.674521213142966;14.614220825229145;76.09052154034983;-0.2872469682323484,107,1.5178928421366047e-2,1.5178928421366047e-2,6.509074609122936e-2,0.9392842863145359,0.9392842863145359,-2.386020611665622,1.5178928421366047e-2,1.5178928421366047e-2,6.509074609122936e-2,319.7113549308413,319.7113549308413,319.76126674851116
