id,Expression,theta,size,MSE_train,MSE_val,MSE_test,R2_train,R2_val,R2_test,nll_train,nll_val,nll_test,mdl_train,mdl_val,mdl_test
0,(((Recip(((x8 - x29) - Recip((((((x21 + x24) - Recip(x6)) + (((Abs((x21 + x20)) ^ Recip(x0)) - (Abs((Abs((Abs((x19 / x26)) ^ x29)) ^ x1)) ^ x29)) / x24)) / ((Recip(x26) - (x27 + -32.64141387158588)) - (x8 + Recip((x26 * x1))))) - ((Abs((x28 + x8)) ^ ((x0 / x1) * (Recip(((x19 * x29) / (x30 + (x24 - x5)))) - x16))) / (Recip(x1) - x13)))))) - x3) + 363.71011232390225) / (Recip(x27) * Recip((x30 * x6)))),-32.64141387158588;363.71011232390225,88,6.565311336852232e-2,6.565311336852232e-2,0.36152408104774125,0.7373875465259108,0.7373875465259108,-17.80648269610278,6.565311336852232e-2,6.565311336852232e-2,0.36152408104774125,263.844121032248,263.844121032248,264.1399919999272
