id,Expression,theta,size,MSE_train,MSE_val,MSE_test,R2_train,R2_val,R2_test,nll_train,nll_val,nll_test,mdl_train,mdl_val,mdl_test
0,(Abs((((x15 / ((Abs((Recip(Recip((x3 + x29))) * (Recip(((x24 * x5) / Recip(((Abs(x15) ^ ((Abs(((x11 + x30) * x14)) ^ ((x5 - x16) + -0.8368324809097586)) * (((x3 + x20) + x7) / ((x24 / x4) + x20)))) / (x23 + x17))))) - Recip(x16)))) ^ (Abs((((x24 * x5) / (((Abs((x26 * (Abs((Abs(x15) ^ x6)) ^ x28))) ^ ((x18 - x23) * x17)) - x16) * 0.19441275120643775)) + x13)) ^ x29)) - x2)) + 2.3203697888524806e-7) * Recip(((Recip(x15) - Recip(Recip((x4 * Recip((x20 / x23)))))) / Recip((x6 * x22)))))) ^ x16),-0.8368324809097586;0.19441275120643775;2.3203697888524806e-7,104,7.766856144997018e-2,7.766856144997018e-2,7.354518405569664e-2,0.6893257542001192,0.6893257542001192,-2.8258204745771933,7.766856144997018e-2,7.766856144997018e-2,7.354518405569664e-2,319.9693015382695,319.9693015382695,319.96517816087527
