id,Expression,theta,size,MSE_train,MSE_val,MSE_test,R2_train,R2_val,R2_test,nll_train,nll_val,nll_test,mdl_train,mdl_val,mdl_test
0,Recip(((Abs((Abs(((x16 / x3) - x23)) ^ x3)) ^ (((x2 + x4) / x26) / (Recip(x23) + ((Abs(((x17 / (x28 + x5)) + (Recip(Recip((x17 + x24))) - x14))) ^ Recip(((((x14 * (Abs((Abs(Recip((x12 + x1))) ^ x10)) ^ -0.11117371047125517)) - x9) * x22) + ((((x2 + x4) / (Recip(x23) + 0.5406359516557082)) * -0.165911542795757) - (x11 / ((x13 - x26) * x14)))))) * -0.5238697702848802)))) + ((Abs(x9) ^ ((x9 - (0.15020274774664877 / Recip((((x9 - (-0.10724501583937471 / Recip((x5 / x26)))) + x4) / x26)))) / x15)) + (x2 + x9)))),-0.11117371047125517;0.5406359516557082;-0.165911542795757;-0.5238697702848802;0.15020274774664877;-0.10724501583937471,100,6.393926413425749e-2,6.393926413425749e-2,0.1056874008445096,0.74424294346297,0.74424294346297,-4.4978585919311795,6.393926413425749e-2,6.393926413425749e-2,0.1056874008445096,306.3250138381536,306.3250138381536,306.36676197486383
