id,Expression,theta,size,MSE_train,MSE_val,MSE_test,R2_train,R2_val,R2_test,nll_train,nll_val,nll_test,mdl_train,mdl_val,mdl_test
0,((Abs((x9 - x25)) ^ (Abs(x30) ^ ((Abs((Abs((Abs(x5) ^ (10.311855301161271 + (((0.40446404348575177 / ((x20 * x14) - x24)) - x22) + x21)))) ^ x28)) ^ ((Abs(x5) ^ x20) * (x30 / x0))) * (Recip((x29 + (x5 * x20))) / Recip(Recip((Abs((Recip(x30) + (x6 - (x2 / (0.28220472201424635 + x18))))) ^ (((Abs(x5) ^ (-1.3590544464328014 + (x18 + (x25 / (x10 + x15))))) * x6) + x5)))))))) * ((Abs(x24) ^ x22) - Recip((x27 - (((Abs(x1) ^ x23) * Recip(x16)) - (Recip(x20) / x9)))))),10.311855301161271;0.40446404348575177;0.28220472201424635;-1.3590544464328014,96,5.227594457462065e-2,5.227594457462065e-2,5.898606874791311e-2,0.7908962217015174,0.7908962217015174,-2.0684552962663227,5.227594457462065e-2,5.227594457462065e-2,5.898606874791311e-2,286.62186381964216,286.62186381964216,286.62857394381547
