id,Expression,theta,size,MSE_train,MSE_val,MSE_test,R2_train,R2_val,R2_test,nll_train,nll_val,nll_test,mdl_train,mdl_val,mdl_test
0,(Abs(x9) ^ (Abs((x30 + -1.1059002263141977)) ^ ((2.8924769007566025 / x29) / x17))),-1.1059002263141977;2.8924769007566025,13,4.3647281154264424e-2,4.3647281154264424e-2,0.11746321945649263,0.8254108753829423,0.8254108753829423,-5.110436676126513,4.3647281154264424e-2,4.3647281154264424e-2,0.11746321945649263,22.917504239632457,22.917504239632457,22.991320177934686
