id,Expression,theta,size,MSE_train,MSE_val,MSE_test,R2_train,R2_val,R2_test,nll_train,nll_val,nll_test,mdl_train,mdl_val,mdl_test
0,(Abs(((x30 + x6) * (Abs(x7) ^ x4))) ^ (Abs((-6.9559597941393925 * x4)) ^ Recip(x17))),-6.9559597941393925,17,0.12808761935105864,0.12808761935105864,0.2693441293242735,0.48764952259576544,0.48764952259576544,-13.01128160744817,0.12808761935105864,0.12808761935105864,0.2693441293242735,32.3642789212677,32.3642789212677,32.505535431240915
