id,Expression,theta,size,MSE_train,MSE_val,MSE_test,R2_train,R2_val,R2_test,nll_train,nll_val,nll_test,mdl_train,mdl_val,mdl_test
0,((((-3.1701457998929743 - (-534.0443262147738 / ((Abs((((Abs(x5) ^ Recip((x26 / x10))) + (Abs(x10) ^ x24)) + (Abs(Recip((Abs((x6 * (x4 / x27))) ^ (-23.546342834122992 - (((x20 * x26) + (((x29 + ((x26 * x19) + x18)) / (x18 + x19)) - (x21 + (x10 + x7)))) * 28.56361118843125))))) ^ Recip((Recip(x26) / ((-17.423627801955494 * x19) + 4.036314537959386)))))) ^ x6) / x18))) * (Recip((Abs(Recip(Recip(((x26 / x21) - x12)))) ^ x12)) * x27)) - (Recip(x3) * x30)) * x6),-3.1701457998929743;-534.0443262147738;-23.546342834122992;28.56361118843125;-17.423627801955494;4.036314537959386,87,5.926367894556151e-2,5.926367894556151e-2,0.1216899878926208,0.762945284217754,0.762945284217754,-5.330313170173892,5.926367894556151e-2,5.926367894556151e-2,0.1216899878926208,254.0342951692067,254.0342951692067,254.09672147815374
