id,Expression,theta,size,MSE_train,MSE_val,MSE_test,R2_train,R2_val,R2_test,nll_train,nll_val,nll_test,mdl_train,mdl_val,mdl_test
0,(Abs(Recip(((x29 + 6.793124404760673) + Recip(x1)))) ^ (Abs(((Abs(x16) ^ (2.238521837020431 * x7)) * ((Abs((x7 * (x1 / x10))) ^ (x7 * 4.744774909820701)) / x10))) ^ (((((x2 + 12.036232540444788) * (x23 / x24)) + x9) * ((x4 + (x20 * x3)) + (x12 - ((Abs((x7 * -1.771223187962377)) ^ (((x10 + x9) * (Recip(x27) + x1)) + (x16 * 0.6294669149644305))) + x17)))) + ((Recip(x12) * x12) * x4)))),6.793124404760673;2.238521837020431;4.744774909820701;12.036232540444788;-1.771223187962377;0.6294669149644305,74,1.6402890649422904e-2,1.6402890649422904e-2,0.10869090763984178,0.9343884374023084,0.9343884374023084,-4.654101015424353,1.6402890649422904e-2,1.6402890649422904e-2,0.10869090763984178,213.29833217237325,213.29833217237325,213.39062018936366
