id,Expression,theta,size,MSE_train,MSE_val,MSE_test,R2_train,R2_val,R2_test,nll_train,nll_val,nll_test,mdl_train,mdl_val,mdl_test
0,Recip((((x11 * (Abs((Abs((x9 + ((((Abs((Abs(-20.2531640000564) ^ x16)) ^ (Recip(x25) - (Abs(x30) ^ x0))) - ((Abs(Recip(x20)) ^ ((x7 / (x7 + x17)) - x27)) + (Recip(x22) / Recip((x11 * x7))))) * x17) + Recip((x6 / (x5 / x0)))))) ^ Recip((((Abs(Recip(x26)) ^ Recip((Abs(x5) ^ x9))) + ((x30 + x27) * (x14 * -48.63018811529231))) - ((x16 * ((x6 / (x5 / x2)) + x19)) * x9))))) ^ 3.9365005070066186)) / x22) - ((x7 + (x30 / Recip(Recip((Abs((x27 + x11)) ^ x9))))) - (x7 / (x7 + x17))))),-20.2531640000564;-48.63018811529231;3.9365005070066186,103,8.504555425695802e-2,8.504555425695802e-2,254.00866432370074,0.6598177829721679,0.6598177829721679,-13212.530718118409,8.504555425695802e-2,8.504555425695802e-2,254.00866432370074,298.8221056069639,298.8221056069639,552.7457243764077
