id,Expression,theta,size,MSE_train,MSE_val,MSE_test,R2_train,R2_val,R2_test,nll_train,nll_val,nll_test,mdl_train,mdl_val,mdl_test
0,Recip(((Abs((Recip(((Abs((Abs(x19) ^ x2)) ^ (x1 * -4.343477898172012)) + -1.8162373411336497)) / x4)) ^ ((Abs((Abs(x19) ^ x29)) ^ (x1 * -20.722232112658286)) - x21)) + (Abs((Abs((Abs((Abs(x15) ^ (Abs((Recip(x25) * (x12 + x1))) ^ (((Abs(x19) ^ x18) * x19) - (x5 + x22))))) ^ x18)) ^ (x1 * -0.19339169705355305))) ^ (x1 * 1.2618841655605935)))),-4.343477898172012;-1.8162373411336497;-20.722232112658286;-0.19339169705355305;1.2618841655605935,63,9.910749104210767e-3,9.910749104210767e-3,6.728810520096332e-2,0.9603570035831569,0.9603570035831569,-2.5003272325539783,9.910749104210767e-3,9.910749104210767e-3,6.728810520096332e-2,153.12073766575912,153.12073766575912,153.17811502185586
