id,Expression,theta,size,MSE_train,MSE_val,MSE_test,R2_train,R2_val,R2_test,nll_train,nll_val,nll_test,mdl_train,mdl_val,mdl_test
0,(Recip((((Abs(x24) ^ x24) / (Abs((Abs(-6.201327622056846e-2) ^ x3)) ^ ((0.35185491388992024 * x9) + x14))) / (Abs(Recip(((Abs(x30) ^ x24) / (x30 * -3.602332851250981)))) ^ (((Abs(0.7725420291451505) ^ x26) + ((-7.574238907493043 - x28) * x18)) + x12)))) - (Abs(((x23 * x12) - ((-1.8701438386194968 + ((Abs(x21) ^ x24) + (x1 * (x28 * x30)))) * (Abs(x26) ^ (x29 / x19))))) ^ (((4.378109150493297 - x12) * x22) * ((((x18 + x24) + x2) + x12) - x21)))),-6.201327622056846e-2;0.35185491388992024;-3.602332851250981;0.7725420291451505;-7.574238907493043;-1.8701438386194968;4.378109150493297,82,4.877423129181523e-2,4.877423129181523e-2,0.11482661520636099,0.804903074832739,0.804903074832739,-4.973280523034671,4.877423129181523e-2,4.877423129181523e-2,0.11482661520636099,228.93985199411975,228.93985199411975,229.0059043780343
