id,Expression,theta,size,MSE_train,MSE_val,MSE_test,R2_train,R2_val,R2_test,nll_train,nll_val,nll_test,mdl_train,mdl_val,mdl_test
0,Recip((Abs(Recip(((x27 * x21) / (Abs(((x11 / x12) + 1.0097202098163913)) ^ x18)))) ^ (Abs((Abs(x17) ^ x22)) ^ (((-1.0591745836325575 - x30) / ((x13 / x26) + 4.954603616908531)) / (Abs(x27) ^ ((x7 * ((((Abs((Abs((Abs(x11) ^ x22)) ^ (x14 * x7))) ^ ((x27 * x7) - (x27 * 0.8767800933215897))) * x2) / (((x9 / x5) * x2) - x26)) / x9)) - ((Abs((Recip(x22) + x0)) ^ x3) * (x7 - x27)))))))),1.0097202098163913;-1.0591745836325575;4.954603616908531;0.8767800933215897,79,1.1871257607997678e-3,1.1871257607997678e-3,1.3521973550033924e-2,0.9952514969568009,0.9952514969568009,0.29658693592726215,1.1871257607997678e-3,1.1871257607997678e-3,1.3521973550033924e-2,222.464955250117,222.464955250117,222.47729009790623
