id,Expression,theta,size,MSE_train,MSE_val,MSE_test,R2_train,R2_val,R2_test,nll_train,nll_val,nll_test,mdl_train,mdl_val,mdl_test
0,(((Recip((x12 - Recip((x28 - (x6 + (((x24 * (Abs(x13) ^ (2.6805997751539703 * (x13 * x13)))) * ((Abs(x13) ^ (Recip(x25) - (((x13 + Recip(Recip(x18))) + x25) * 3.1206339302231556))) + 3.8254410741698344)) / x28)))))) * (Abs(x22) ^ (6.422914836995311 * x4))) * (Abs(((x20 * x0) + Recip((x12 - (x24 + x8))))) ^ x3)) / Recip(((Abs(x11) ^ x12) + Recip((x1 / x9))))),2.6805997751539703;3.1206339302231556;3.8254410741698344;6.422914836995311,70,0.10091345045181084,0.10091345045181084,Infinity,0.5963461981927567,0.5963461981927567,-Infinity,0.10091345045181084,0.10091345045181084,Infinity,203.90803748584653,203.90803748584653,Infinity
