id,Expression,theta,size,MSE_train,MSE_val,MSE_test,R2_train,R2_val,R2_test,nll_train,nll_val,nll_test,mdl_train,mdl_val,mdl_test
0,(Abs(Recip((Recip(x1) * (((Abs(x20) ^ x30) - (x27 / (x14 * -0.994709814009932))) - (5.010117013236335e-2 * ((((((Recip((x19 + x6)) + x5) * x6) / x2) * Recip((Abs(x9) ^ (Recip(x1) * ((-1.4630734856468643 + x17) - (-0.623914016034181 * Recip(x1))))))) + (x0 + (x22 * x2))) - Recip((x5 * x8)))))))) ^ x29),-0.994709814009932;5.010117013236335e-2;-1.4630734856468643;-0.623914016034181,57,8.865482301314792e-2,8.865482301314792e-2,0.1428172158049292,0.6453807079474083,0.6453807079474083,-6.429351566172133,8.865482301314792e-2,8.865482301314792e-2,0.1428172158049292,167.00494730436222,167.00494730436222,167.059109697154
