id,Expression,theta,size,MSE_train,MSE_val,MSE_test,R2_train,R2_val,R2_test,nll_train,nll_val,nll_test,mdl_train,mdl_val,mdl_test
0,Recip((Recip(x0) / (-4.560940005336808 + (x21 * (53.98021350566949 + ((((Abs(((x21 - (4.747716022444855 + (x21 * x28))) - (((Abs((x26 - x14)) ^ (-3.5003890062632346 + x21)) - (x26 - x10)) - (Abs(0.9394414057905156) ^ x14)))) ^ (x21 + ((x25 * (x16 * x19)) + (Abs((x0 * x7)) ^ (Abs(0.11197766622591604) ^ x14))))) - x24) - ((x6 * ((Abs(((x6 * ((Abs((x26 - x30)) ^ x18) * (x21 / x26))) - (Abs(Recip((x29 - x24))) ^ x28))) ^ -0.8037955090679608) * (x10 / (Recip(x0) / (0.4592493855828632 + (x21 * (0.2749083912150637 + (x6 * Recip((Recip(x0) / (-0.7574096321431502 - x24))))))))))) - x1)) * x10)))))),-4.560940005336808;53.98021350566949;4.747716022444855;-3.5003890062632346;0.9394414057905156;0.11197766622591604;-0.8037955090679608;0.4592493855828632;0.2749083912150637;-0.7574096321431502,107,5.1888680191144496e-2,5.1888680191144496e-2,8.064731161824093e-2,0.792445279235422,0.792445279235422,-3.195273150380733,5.1888680191144496e-2,5.1888680191144496e-2,8.064731161824093e-2,310.465816057177,310.465816057177,310.4945746886041
