id,Expression,theta,size,MSE_train,MSE_val,MSE_test,R2_train,R2_val,R2_test,nll_train,nll_val,nll_test,mdl_train,mdl_val,mdl_test
0,((Abs(Recip(Recip((x21 * x19)))) ^ Recip((Abs((Abs(Recip(x26)) ^ (Recip(Recip(((x0 * 1.7076586452669045) + (x8 - (Abs(-2.5694158842252373) ^ x11))))) + Recip((x13 / ((x5 + ((x4 * 4.2165574643693855) - (Abs(x12) ^ x30))) * -1.4773588693052706)))))) ^ (Abs(x22) ^ (Abs(x29) ^ (Abs((((Abs((x6 * x1)) ^ x8) * x15) / x20)) ^ x12)))))) * (Abs((((-0.28851665905977997 / x14) + x21) * (((Abs(x4) ^ x1) - ((Abs(x30) ^ x6) * ((x0 * x23) + -0.4677375856280364))) * (Abs((x21 / x7)) ^ ((x22 * x12) * x12))))) ^ (((Abs((x13 * x30)) ^ (x26 * x20)) * x14) - x3))),1.7076586452669045;-2.5694158842252373;4.2165574643693855;-1.4773588693052706;-0.28851665905977997;-0.4677375856280364,108,2.5508498889806507e-2,2.5508498889806507e-2,9.936429123734139e-2,0.897966004440774,0.897966004440774,-4.168930430166301,2.5508498889806507e-2,2.5508498889806507e-2,9.936429123734139e-2,313.25273245535897,313.25273245535897,313.3265882477065
