id,Expression,theta,size,MSE_train,MSE_val,MSE_test,R2_train,R2_val,R2_test,nll_train,nll_val,nll_test,mdl_train,mdl_val,mdl_test
0,Recip(((Abs((Abs((Recip(x23) + Recip(x4))) ^ (Abs((Abs(((x13 + x28) * x24)) ^ x28)) ^ x10))) ^ (Abs(((Abs((x9 * ((x23 - (Abs((Abs(((x27 - x19) + (Recip(Recip(((x23 / (0.12050920439668211 - x6)) - (x12 + x10)))) * 4.178090244652569))) ^ ((x28 + x24) * (3.3420031953169906 * x10)))) ^ x11)) / x8))) ^ (x13 / x10)) - x5)) ^ Recip((x13 * Recip((Abs(((((Abs(x8) ^ x1) - x23) * (Abs(x0) ^ x18)) - (Abs((Abs(x17) ^ x23)) ^ (x13 + (Abs(x7) ^ x5))))) ^ x19)))))) + x12)),0.12050920439668211;4.178090244652569;3.3420031953169906,98,4.391071672800852e-2,4.391071672800852e-2,0.561417679991917,0.824357133087966,0.824357133087966,-28.204947713178406,4.391071672800852e-2,4.391071672800852e-2,0.561417679991917,273.72401991053255,273.72401991053255,274.24152687379643
