id,Expression,theta,size,MSE_train,MSE_val,MSE_test,R2_train,R2_val,R2_test,nll_train,nll_val,nll_test,mdl_train,mdl_val,mdl_test
0,((((((x21 * (x15 / x16)) * -1.4370316751383119) - (-1.3144878457951048 + (x23 + (1.468110311844456 * (Abs(x16) ^ (Recip(Recip(x24)) + x24)))))) / x16) / Recip((x21 - (x20 + -0.4553421736691264)))) / (Recip(x20) / (Recip((x20 + x12)) + ((x27 + x21) / x24)))),-1.4370316751383119;-1.3144878457951048;1.468110311844456;-0.4553421736691264,45,8.644563736672245e-2,8.644563736672245e-2,1.0055561279710135,0.6542174505331102,0.6542174505331102,-51.30902977705012,8.644563736672245e-2,8.644563736672245e-2,1.0055561279710135,119.24065448586397,119.24065448586397,120.15976497646827
