id,Expression,theta,size,MSE_train,MSE_val,MSE_test,R2_train,R2_val,R2_test,nll_train,nll_val,nll_test,mdl_train,mdl_val,mdl_test
0,((((x6 * 21.50265458667936) * (Abs(((((x20 / (Abs(x25) ^ x3)) - (x30 * -19.767330329798604)) * (Abs(Recip((x21 / (Abs((x7 * (x18 + x7))) ^ (Abs((x4 + ((Abs(x10) ^ ((Abs((Abs(((x28 / x3) * x0)) ^ x10)) ^ ((Abs(x6) ^ x17) + 0.175031683650486)) - (((((x14 * x6) * (((Abs((x21 / ((x11 + (x0 / x2)) + -0.9008574921089204))) ^ (x4 - ((Abs(x6) ^ x7) + x9))) * x23) * (Abs(Recip(x7)) ^ x3))) + 0.6975343329540693) - x1) * x23))) + -0.1733495518313591))) ^ (x5 - x2)))))) ^ x4)) + -2.0342872918345756)) ^ x18)) + -1.146771437094027) - x1),21.50265458667936;-19.767330329798604;0.175031683650486;-0.9008574921089204;0.6975343329540693;-0.1733495518313591;-2.0342872918345756;-1.146771437094027,103,0.11689405896771587,0.11689405896771587,0.31836542258352973,0.5324237641291365,0.5324237641291365,-15.561369282794583,0.11689405896771587,0.11689405896771587,0.31836542258352973,300.03804886536165,300.03804886536165,300.2395202289775
