id,Expression,theta,size,MSE_train,MSE_val,MSE_test,R2_train,R2_val,R2_test,nll_train,nll_val,nll_test,mdl_train,mdl_val,mdl_test
0,((((Abs(0.3318529463767456) ^ ((0.4303920798125182 + x0) - (Abs(x14) ^ x19))) - (Abs(-9.02805095066853e-3) ^ (x17 + -0.12488031993307062))) - (((Abs((((x14 / x12) * 0.5200102352186792) + 0.8400821129916015)) ^ x0) - x24) - (0.8190707559614063 + x22))) * Recip(((Recip(Recip(Recip(Recip((Abs((1.936034875732662 + ((x14 * (x24 + -2.632845367880892)) / (x26 / (x29 - x8))))) ^ (((x18 * Recip(x3)) * (Abs(x29) ^ (x29 + -1.2054569831090691))) + ((x14 * (x25 - x16)) / ((Recip(x1) * x27) - x5)))))))) + ((Abs(x1) ^ x1) + x3)) / (Abs((Abs(x15) ^ x12)) ^ x22)))),0.3318529463767456;0.4303920798125182;-9.02805095066853e-3;-0.12488031993307062;0.5200102352186792;0.8400821129916015;0.8190707559614063;1.936034875732662;-2.632845367880892;-1.2054569831090691,95,6.997174446149321e-2,6.997174446149321e-2,0.15878503588811993,0.7201130221540272,0.7201130221540272,-7.259997566899683,6.997174446149321e-2,6.997174446149321e-2,0.15878503588811993,276.89329268312673,276.89329268312673,276.98210597455335
