id,Expression,theta,size,MSE_train,MSE_val,MSE_test,R2_train,R2_val,R2_test,nll_train,nll_val,nll_test,mdl_train,mdl_val,mdl_test
0,Recip(((Recip((x21 / x9)) / (Abs((x9 * -6.693652608321198)) ^ Recip((x21 / x14)))) + ((x9 / x16) * ((Abs((Recip(x27) / ((x21 / x14) * Recip(Recip(x22))))) ^ (Recip((Recip(((((1.2349107263292067 * x8) - x21) / x10) / x4)) * (Recip(Recip(x22)) * ((Abs((Recip((x22 / x4)) * (x26 * ((Abs(x5) ^ x29) / x21)))) ^ x29) / x21)))) / x17)) + (x21 - x13))))),-6.693652608321198;1.2349107263292067,72,4.16461921956732e-2,4.16461921956732e-2,0.5017773838028692,0.8334152312173072,0.8334152312173072,-25.102459505424257,4.16461921956732e-2,4.16461921956732e-2,0.5017773838028692,207.06917195738845,207.06917195738845,207.52930314899564
