id,Expression,theta,size,MSE_train,MSE_val,MSE_test,R2_train,R2_val,R2_test,nll_train,nll_val,nll_test,mdl_train,mdl_val,mdl_test
0,(Abs((Recip((((x27 + (x21 / x11)) / (x17 * x24)) / (x6 * -3.467999712302653e-5))) * (x0 + x5))) ^ Recip((Abs((Recip((Abs((x27 + x9)) ^ ((Abs(x25) ^ x29) * (-1.798832598014583 * x27)))) + x20)) ^ (Abs((((Abs((((x15 / ((x5 * Recip(x22)) / x4)) * x7) - x26)) ^ x1) - x29) * (x8 + x24))) ^ Recip((((Recip(x5) / (x5 - x27)) / (((x2 * (((x28 * ((x16 * (x22 / x28)) * Recip((((x8 * -0.9244727639304531) / x28) * 1.231460420908238)))) - (((x2 * x8) / x28) * -1.165383575780949)) + 3.537537533796464)) / x28) * -6.977129963711606)) * x11)))))),-3.467999712302653e-5;-1.798832598014583;-0.9244727639304531;1.231460420908238;-1.165383575780949;3.537537533796464;-6.977129963711606,104,2.4643399751789743e-13,2.4643399751789743e-13,1.442610963834671e-2,0.9999999999990142,0.9999999999990142,0.24955377661323286,2.4643399751789743e-13,2.4643399751789743e-13,1.442610963834671e-2,329.9949913386747,329.9949913386747,330.00941744831283
