id,Expression,theta,size,MSE_train,MSE_val,MSE_test,R2_train,R2_val,R2_test,nll_train,nll_val,nll_test,mdl_train,mdl_val,mdl_test
0,(Abs((Abs(((x17 - x3) + x15)) ^ x19)) ^ (Abs(((((x5 + x24) + -6.341424394499304e-2) + x24) / x18)) ^ (((Abs(((0.487085801943159 + x24) / x18)) ^ ((((Abs(x23) ^ x9) + x8) * (Abs(x12) ^ ((x20 + x21) + (((((x13 - ((x29 * x3) * (x22 - x30))) + Recip(x17)) + (x29 / x20)) * Recip((x3 + x23))) + (((Abs(x7) ^ x15) - x2) / x28))))) + ((0.5166513867678338 - x26) - (Abs(x26) ^ (0.35367191851340823 + x22))))) * x15) + ((5.750647127462698 - x26) - (Abs((Abs(x23) ^ x9)) ^ (x11 + (x18 * x23))))))),-6.341424394499304e-2;0.487085801943159;0.5166513867678338;0.35367191851340823;5.750647127462698,101,4.828713499853014e-2,4.828713499853014e-2,1.6483964157674293e22,0.8068514600058794,0.8068514600058794,-8.57495815482184e23,4.828713499853014e-2,4.828713499853014e-2,1.6483964157674293e22,306.4722076637677,306.4722076637677,1.6483964157674293e22
