id,Expression,theta,size,MSE_train,MSE_val,MSE_test,R2_train,R2_val,R2_test,nll_train,nll_val,nll_test,mdl_train,mdl_val,mdl_test
0,(Abs(Recip(((Abs(0.47746934655964524) ^ x11) / ((Abs(((5.783139852482403 + x0) + (Abs(x2) ^ x19))) ^ (x0 * x20)) + Recip((x5 + (x8 / x11))))))) ^ (((x11 - x18) + (((Abs((x22 - x19)) ^ x26) - ((x26 * -25.29424566558769) * (x7 - x20))) - ((3.112930526688341 + x0) - (Abs(Recip((x8 / Recip(x14)))) ^ (((Abs((x13 * x16)) ^ x13) + (x26 * x6)) * ((Abs((Abs(x10) ^ (x19 * x0))) ^ (8.759569720601082 - x19)) - (((-1.1413340652277628 + x0) + x0) + (Abs(x2) ^ x19)))))))) * (x19 - ((x16 + (x13 - x16)) + (Abs((x28 * x21)) ^ 0.2751678849080569))))),0.47746934655964524;5.783139852482403;-25.29424566558769;3.112930526688341;8.759569720601082;-1.1413340652277628;0.2751678849080569,106,3.9726388436067454e-2,3.9726388436067454e-2,4.225650083692355e39,0.8410944462557302,0.8410944462557302,-2.198183173536679e41,3.9726388436067454e-2,3.9726388436067454e-2,4.225650083692355e39,305.8329297509151,305.8329297509151,4.225650083692355e39
