id,Expression,theta,size,MSE_train,MSE_val,MSE_test,R2_train,R2_val,R2_test,nll_train,nll_val,nll_test,mdl_train,mdl_val,mdl_test
0,(Abs(-9.089035591736162e-2) ^ ((Abs((((8.127178775252551e-2 - x17) + x16) + ((((x0 * x0) + -1.6113172059820482) * x17) + ((Recip((0.6101804984053701 - Recip(x0))) - x17) - x17)))) ^ (((x12 * x16) + -1.6658827833315397) + ((Abs((x23 * x3)) ^ x30) + (((x14 * (x20 / x3)) - x17) + (((((x20 * x2) - x17) + x0) + ((((x20 * x0) + -0.8626172740952516) * x17) + ((((x0 + -0.2987522947902677) + x21) * x0) - (((x0 * x17) + (x9 * -0.5092144919932902)) - x16)))) + Recip(Recip((x19 / x3)))))))) + x3)),-9.089035591736162e-2;8.127178775252551e-2;-1.6113172059820482;0.6101804984053701;-1.6658827833315397;-0.8626172740952516;-0.2987522947902677;-0.5092144919932902,90,8.042577171887609e-2,8.042577171887609e-2,0.14434753850829074,0.6782969131244956,0.6782969131244956,-6.508958953200997,8.042577171887609e-2,8.042577171887609e-2,0.14434753850829074,260.7091335709161,260.7091335709161,260.7730553377055
