id,Expression,theta,size,MSE_train,MSE_val,MSE_test,R2_train,R2_val,R2_test,nll_train,nll_val,nll_test,mdl_train,mdl_val,mdl_test
0,(((3.8987642108167675 + (Abs(((x24 - x27) / x12)) ^ ((x21 - (x15 - x30)) * x18))) / (((x16 + (((x15 - (x11 * x20)) + ((x13 + x9) / x16)) / (Abs(x9) ^ x27))) / x27) / x27)) * (Recip(x30) - (((((((x22 - (Abs(x30) ^ x3)) + 0.3714658132535784) * (x6 - ((x5 + x0) / x12))) - (Abs((x19 * ((Abs(x12) ^ x9) / x15))) ^ ((x27 + x11) * x13))) * (((((x15 - (x11 * x20)) + ((x13 + x9) / x16)) / (Abs(x9) ^ x27)) + x15) * Recip(x7))) + (x15 - x21)) + x30))),3.8987642108167675;0.3714658132535784,103,0.12390756025355883,0.12390756025355883,1.4271376586875286,0.5043697589857647,0.5043697589857647,-73.23970100492241,0.12390756025355883,0.12390756025355883,1.4271376586875286,316.1592717483373,316.1592717483373,317.46250184677126
