id,Expression,theta,size,MSE_train,MSE_val,MSE_test,R2_train,R2_val,R2_test,nll_train,nll_val,nll_test,mdl_train,mdl_val,mdl_test
0,((((((x16 + x14) * ((x22 / x12) / x0)) * (((x15 - (x19 / (x14 / x12))) * (x0 / x25)) * 0.6468018235779317)) - (x15 - (x19 / (x14 / x12)))) + x16) / (Abs((Abs((Abs(x6) ^ (x9 + x10))) ^ (-8.757582447036134 * (x28 / (((x12 * ((Abs(x27) ^ x1) / ((x3 / x13) + x16))) + (((x15 / x12) + (-4.751315191827571 * x6)) - (x0 * (x7 + x19)))) - Recip(((Abs((x14 * x22)) ^ x3) * (Abs(x26) ^ (Abs(x28) ^ (x28 - x30)))))))))) ^ x12)),0.6468018235779317;-8.757582447036134;-4.751315191827571,93,0.14647663472588376,0.14647663472588376,0.40277562782420356,0.41409346109646494,0.41409346109646494,-19.95238815941427,0.14647663472588376,0.14647663472588376,0.40277562782420356,280.3427789045734,280.3427789045734,280.5990778976717
