id,Expression,theta,size,MSE_train,MSE_val,MSE_test,R2_train,R2_val,R2_test,nll_train,nll_val,nll_test,mdl_train,mdl_val,mdl_test
0,(((((Abs(x10) ^ ((Abs(x15) ^ (Abs((x2 * ((Abs(((Abs(x18) ^ (Abs(x15) ^ (((x29 / (x26 + x0)) + x2) * x15))) * -1.1912469747126158e-2)) ^ x27) + (x4 - x11)))) ^ ((x12 + x0) * Recip(Recip(((x15 + x16) / x5)))))) * (x3 * x26))) + (((x19 - x26) * -2.4059633532367206) + (Abs(x20) ^ (Abs(x12) ^ x0)))) - x26) + (((Abs(x15) ^ (Abs(x22) ^ (x19 + (x26 * (x26 + ((Abs(x15) ^ x15) * 21.042189663208838)))))) * -0.9416821364092783) + x27)) - x26),-1.1912469747126158e-2;-2.4059633532367206;21.042189663208838;-0.9416821364092783,90,6.058434196509773e-2,6.058434196509773e-2,0.14934509708505495,0.757662632139609,0.757662632139609,-6.768931950364261,6.058434196509773e-2,6.058434196509773e-2,0.14934509708505495,251.1268369394528,251.1268369394528,251.21559769457275
