id,Expression,theta,size,MSE_train,MSE_val,MSE_test,R2_train,R2_val,R2_test,nll_train,nll_val,nll_test,mdl_train,mdl_val,mdl_test
0,(Abs((Abs((Recip(x26) / (x12 - x30))) ^ (x7 - (Abs(x1) ^ x1)))) ^ (Abs(x5) ^ ((Abs(((x5 + (x15 * x22)) - (x25 + (Abs((x22 + x15)) ^ 0.17263907898119693)))) ^ Recip((Abs(-2.3914925861527082e-5) ^ (Abs(x22) ^ ((Abs((((((((x6 * ((0.6127313582627744 * x11) * Recip(Recip((Abs(x13) ^ x1))))) + (Abs(Recip(x25)) ^ x27)) + (x6 * 2.9240157044528512e-2)) * x9) + -0.8177279555865431) * (Abs(((Abs(x22) ^ x0) - x10)) ^ x29)) - ((Abs((x22 + (x22 / Recip(x15)))) ^ 0.9136780792531) / (x9 * x23)))) ^ (Recip(Recip((x12 - x18))) - x2)) * x25))))) * x22))),0.17263907898119693;-2.3914925861527082e-5;0.6127313582627744;2.9240157044528512e-2;-0.8177279555865431;0.9136780792531,105,1.1154747698193492e-2,1.1154747698193492e-2,12.932919524300202,0.955381009207226,0.955381009207226,-671.7704736540708,1.1154747698193492e-2,1.1154747698193492e-2,12.932919524300202,299.9323095540921,299.9323095540921,312.8540743306941
