id,Expression,theta,size,MSE_train,MSE_val,MSE_test,R2_train,R2_val,R2_test,nll_train,nll_val,nll_test,mdl_train,mdl_val,mdl_test
0,(((Abs(x24) ^ (Abs(x2) ^ (Abs(x24) ^ (Abs(x5) ^ ((((x0 + x19) + (((x19 - (x7 + -0.49923498853681514)) * (Abs(-0.24340842479955518) ^ (((x30 + 0.2747686895408308) / (Abs(x23) ^ x1)) + x28))) * -2.546807572449388)) + x2) + x9))))) * x1) * 5.338811024476301),-0.49923498853681514;-0.24340842479955518;0.2747686895408308;-2.546807572449388;5.338811024476301,45,7.606304372750144e-2,7.606304372750144e-2,0.12523844611951124,0.6957478250899942,0.6957478250899942,-5.514903967136727,7.606304372750144e-2,7.606304372750144e-2,0.12523844611951124,110.57138346191994,110.57138346191994,110.62055886431195
