id,Expression,theta,size,MSE_train,MSE_val,MSE_test,R2_train,R2_val,R2_test,nll_train,nll_val,nll_test,mdl_train,mdl_val,mdl_test
0,(((Abs((x5 - (Abs((Abs((x1 + -0.21559323091511542)) ^ ((Abs(x16) ^ -0.12005454921316214) * x28))) ^ x18))) ^ Recip(((x18 / (x10 + x2)) / (Abs(x6) ^ -0.5258514172970506)))) * (1.619181609034113 * (Abs(x25) ^ x19))) / (Abs((Abs(((Abs((Abs((x5 + x1)) ^ ((Abs(x16) ^ -7.932732110592373e-2) * x4))) ^ x3) + x1)) ^ (Abs(x25) ^ Recip((x19 / (-0.4163364652744107 * x18)))))) ^ (x0 - (x5 - (x24 / x18))))),-0.21559323091511542;-0.12005454921316214;-0.5258514172970506;1.619181609034113;-7.932732110592373e-2;-0.4163364652744107,73,3.656353051179267e-2,3.656353051179267e-2,9.923185715004713e-2,0.8537458779528293,0.8537458779528293,-4.162041208945254,3.656353051179267e-2,3.656353051179267e-2,9.923185715004713e-2,185.7524322316406,185.7524322316406,185.81510055827886
