id,Expression,theta,size,MSE_train,MSE_val,MSE_test,R2_train,R2_val,R2_test,nll_train,nll_val,nll_test,mdl_train,mdl_val,mdl_test
0,(((((x14 * x12) / ((x11 * (x12 + (x3 + -2.6160778705478293e-2))) - (Abs((x14 * x13)) ^ x18))) / (x12 - ((Abs(x7) ^ x26) + x5))) - Recip(((x13 + x26) + (x28 + x10)))) * (((((x1 - x17) * (Abs(x10) ^ x26)) / Recip((Abs(x2) ^ x1))) + ((-0.1246496925152023 / (x13 * (Abs(x10) ^ x26))) + (x28 / Recip((Abs(x2) ^ x1))))) - (((x6 - (Abs(((x4 - x17) * (Abs(x14) ^ x28))) ^ (Abs(-0.45935161098851757) ^ x3))) - (x12 - (Abs(x1) ^ x1))) * ((x14 * x12) / (x1 - (Abs((x14 * x13)) ^ x18)))))),-2.6160778705478293e-2;-0.1246496925152023;-0.45935161098851757,105,5.9067596388201735e-2,5.9067596388201735e-2,1.0188964610209883,0.763729614447193,0.763729614447193,-52.00299390230978,5.9067596388201735e-2,5.9067596388201735e-2,1.0188964610209883,294.7955238937283,294.7955238937283,295.755352758361
