id,Expression,theta,size,MSE_train,MSE_val,MSE_test,R2_train,R2_val,R2_test,nll_train,nll_val,nll_test,mdl_train,mdl_val,mdl_test
0,((4.906514241138814e-2 - ((Abs(x17) ^ (Abs(x22) ^ (Abs((x7 - (0.658016897212854 + (Abs(x21) ^ (((x23 - x2) + x2) * (1.8221486559853164 + Recip(x14))))))) ^ Recip(x21)))) - (Abs(((((Abs(x13) ^ 0.7301772621511549) / x16) + x19) * 0.18502815681128676)) ^ x26))) * ((Abs(x4) ^ x26) * Recip((((x14 - (x24 + x16)) + (x21 - x30)) + (Abs(((Abs(x27) ^ x6) * (((x17 + (Abs(x13) ^ -2.048881353941066)) / (((x21 * (x15 + x12)) - x0) / x13)) * x4))) ^ x9))))),4.906514241138814e-2;0.658016897212854;1.8221486559853164;0.7301772621511549;0.18502815681128676;-2.048881353941066,86,1.1623748014466896e-2,1.1623748014466896e-2,6.44782063079557e-2,0.9535050079421324,0.9535050079421324,-2.354156292139727,1.1623748014466896e-2,1.1623748014466896e-2,6.44782063079557e-2,250.49522556434349,250.49522556434349,250.54808002263698
