id,Expression,theta,size,MSE_train,MSE_val,MSE_test,R2_train,R2_val,R2_test,nll_train,nll_val,nll_test,mdl_train,mdl_val,mdl_test
0,(Abs(((1.0545107298680245 * x14) - x14)) ^ (Abs(Recip((Abs(((x9 / (x14 + ((Abs(Recip(x29)) ^ x30) * ((x4 * x9) * x27)))) - x25)) ^ ((Abs(x16) ^ Recip((Abs((Abs(-1.1665582000643793) ^ x28)) ^ ((Abs(x27) ^ (x4 * x3)) - (Recip(x12) + x21))))) - (x27 * x9))))) ^ ((1.1186101415454592 * x29) + ((x21 + ((14.18034347217906 * x14) + (Abs(Recip((Abs(((x20 / (Abs((Abs(-0.97053640105103) ^ x14)) ^ x30)) - Recip(x21))) ^ ((Abs((2.2977988016687068 / x14)) ^ x23) - (Recip(x10) * (x30 - (x17 - x14))))))) ^ (x5 - x7)))) * (x0 - (x3 / x17)))))),1.0545107298680245;-1.1665582000643793;1.1186101415454592;14.18034347217906;-0.97053640105103;2.2977988016687068,105,4.8138860058230024e-2,4.8138860058230024e-2,6.099182014177173e-2,0.8074445597670799,0.8074445597670799,-2.172794483774844,4.8138860058230024e-2,4.8138860058230024e-2,6.099182014177173e-2,299.79302035803454,299.79302035803454,299.80587331811813
