id,Expression,theta,size,MSE_train,MSE_val,MSE_test,R2_train,R2_val,R2_test,nll_train,nll_val,nll_test,mdl_train,mdl_val,mdl_test
0,((Recip((((x24 / x2) + (Abs((x14 - x20)) ^ x19)) + ((x17 / x15) - x15))) * (Abs((Abs((((x28 - (x20 - ((x24 - (x24 / x14)) + x0))) / ((((x24 / x2) + (Abs(0.42065227645007613) ^ x19)) + ((x14 / x15) - (x17 / x15))) - x26)) / (((Abs(x15) ^ -2.8844816093055132e-2) / ((x24 / x2) + x26)) - (x20 - x21)))) ^ x26)) ^ (x0 + (x15 + x20)))) * (Abs(Recip((Abs((Abs(((x0 / x15) + (x3 + (x3 + x22)))) ^ ((x28 + x14) * x27))) ^ Recip(x10)))) ^ Recip((x15 / (x14 - (x4 * -1.719387303538274)))))),0.42065227645007613;-2.8844816093055132e-2;-1.719387303538274,105,5.194923480840343e-2,5.194923480840343e-2,0.16397605541474797,0.7922030607663862,0.7922030607663862,-7.530034402674863,5.194923480840343e-2,5.194923480840343e-2,0.16397605541474797,304.1948881799359,304.1948881799359,304.3069150005423
