id,Expression,theta,size,MSE_train,MSE_val,MSE_test,R2_train,R2_val,R2_test,nll_train,nll_val,nll_test,mdl_train,mdl_val,mdl_test
0,(Abs((((Abs(((x19 + (x5 + x25)) + (x5 - Recip(x11)))) ^ x11) / (((-4.904193394607031e-2 * Recip(x15)) / x30) - (Abs(((((x7 * 4.23401998345413e-2) / x26) + (Abs((x16 * (Abs(x18) ^ -1.0359821886656166))) ^ (Abs((x16 * (Abs(x27) ^ -6.623060174511298))) ^ x6))) + (Recip((Abs((x16 * (Abs(x18) ^ -1.4486429576518645))) ^ x6)) - x2))) ^ Recip(((x14 * x15) + x24))))) / (x14 * x15))) ^ x6),-4.904193394607031e-2;4.23401998345413e-2;-1.0359821886656166;-6.623060174511298;-1.4486429576518645,72,8.687158229992015e-2,8.687158229992015e-2,0.151147558160534,0.6525136708003194,0.6525136708003194,-6.862695975510679,8.687158229992015e-2,8.687158229992015e-2,0.151147558160534,194.82254614387384,194.82254614387384,194.88682211973446
