id,Expression,theta,size,MSE_train,MSE_val,MSE_test,R2_train,R2_val,R2_test,nll_train,nll_val,nll_test,mdl_train,mdl_val,mdl_test
0,(((Abs(x12) ^ x20) * 0.9868658863705411) + ((((x30 + x5) + ((Abs(x30) ^ (((x10 * x18) + x12) * x30)) * 1.7932039117275476)) + (Abs(x18) ^ x12)) + ((-3.613604975224546 + x3) + ((x18 + ((x14 + ((x18 * x30) - (x7 / x19))) * x30)) + (Abs(x18) ^ (((Abs(x6) ^ x20) * x6) + ((x30 + x5) + ((Abs(x30) ^ ((((Abs((x18 + x2)) ^ Recip((x20 * x25))) - ((x17 / (x9 / x12)) - (x20 - x29))) - ((Abs(x21) ^ (x6 + (x20 + x6))) / ((Abs(x4) ^ -4.248656927427761) / (x29 * (Abs(x24) ^ x6))))) * x30)) * 40.432474598191035)))))))),0.9868658863705411;1.7932039117275476;-3.613604975224546;-4.248656927427761;40.432474598191035,108,3.6301406952656386e-2,3.6301406952656386e-2,9.627959039680223e-2,0.8547943721893745,0.8547943721893745,-4.00846429244146,3.6301406952656386e-2,3.6301406952656386e-2,9.627959039680223e-2,319.3297621330579,319.3297621330579,319.38974031650207
