id,Expression,theta,size,MSE_train,MSE_val,MSE_test,R2_train,R2_val,R2_test,nll_train,nll_val,nll_test,mdl_train,mdl_val,mdl_test
0,(x14 / (((x11 + (x11 + x26)) - x5) + (Abs((Recip((Recip((x19 - (Abs(-0.3088317245178199) ^ ((x29 - Recip(x6)) * x15)))) / x26)) / (x17 - x10))) ^ (Abs(x22) ^ (-0.9475381764340862 / x1))))),-0.3088317245178199;-0.9475381764340862,37,7.829992844644611e-2,7.829992844644611e-2,0.24261804740043277,0.6868002862142155,0.6868002862142155,-11.620990825770031,7.829992844644611e-2,7.829992844644611e-2,0.24261804740043277,100.18922522010541,100.18922522010541,100.3535433390594
