id,Expression,theta,size,MSE_train,MSE_val,MSE_test,R2_train,R2_val,R2_test,nll_train,nll_val,nll_test,mdl_train,mdl_val,mdl_test
0,(((Abs(x9) ^ (Abs(((x25 - x15) + (Abs(((Recip((x9 - x19)) * (Abs(x22) ^ -24.975712280005702)) * x25)) ^ ((Abs(x17) ^ (((Abs(Recip(x15)) ^ ((x6 + x9) - x17)) + x4) - x4)) + ((-1.9451513154661106 * (Abs(x15) ^ x0)) * x20))))) ^ x30)) * ((((Abs(x4) ^ -1.694820588565265) - (Abs(x4) ^ x4)) + (Abs((Abs((Abs(Recip(x9)) ^ x14)) ^ x8)) ^ 0.1444706829914332)) / Recip(x3))) + x9),-24.975712280005702;-1.9451513154661106;-1.694820588565265;0.1444706829914332,75,5.858722004446852e-2,5.858722004446852e-2,0.17940989493723403,0.7656511198221259,0.7656511198221259,-8.332902734634557,5.858722004446852e-2,5.858722004446852e-2,0.17940989493723403,191.86350079662012,191.86350079662012,191.98432347151288
