id,Expression,theta,size,MSE_train,MSE_val,MSE_test,R2_train,R2_val,R2_test,nll_train,nll_val,nll_test,mdl_train,mdl_val,mdl_test
0,(Abs(((((((Abs(x28) ^ x28) + x28) + x27) + ((x9 - x27) / Recip(((x8 - (x10 * (-0.4175656630949884 * x7))) * x5)))) - ((Abs(Recip(Recip((x18 + 24.09994785915372)))) ^ ((x29 - x2) * x18)) - x23)) * (Abs((Abs(Recip((x22 - x20))) ^ -18.765001738960297)) ^ (x8 + x28)))) ^ (Abs((Abs(((x8 - ((x13 * (Abs(x4) ^ x18)) * (-1.3119024263374937 * x7))) - (x25 * x5))) ^ (x1 / x2))) ^ (Abs((Abs((x30 - (-25.227624180148222 - x18))) ^ ((x16 * -31.697290956861167) - x28))) ^ (x30 * (Abs(x23) ^ x2))))),-0.4175656630949884;24.09994785915372;-18.765001738960297;-1.3119024263374937;-25.227624180148222;-31.697290956861167,96,5.98834227017396e-2,5.98834227017396e-2,4.777250197046572e9,0.7604663091930416,0.7604663091930416,-2.4851255524935318e11,5.98834227017396e-2,5.98834227017396e-2,4.777250197046572e9,276.9980891545277,276.9980891545277,4.777250473984777e9
