id,Expression,theta,size,MSE_train,MSE_val,MSE_test,R2_train,R2_val,R2_test,nll_train,nll_val,nll_test,mdl_train,mdl_val,mdl_test
0,(Abs(((-1.2120232512925617e-6 + (Abs(x16) ^ (Recip((Abs(x25) ^ x26)) + (0.3683900441855259 / ((Abs((((Abs(x26) ^ x18) / (x3 + ((x5 + x5) + ((x21 - x16) + (Abs(x3) ^ (x20 * x30)))))) + x5)) ^ Recip(x12)) * (Abs(((x22 * x0) * x12)) ^ x26)))))) * (((x11 * (Abs(x2) ^ (x12 / (Abs(x5) ^ x6)))) * x8) - x26))) ^ ((x30 + x18) * (Abs((x19 * Recip(x11))) ^ (Abs(x30) ^ (((Abs(x6) ^ x3) - x17) * x30))))),-1.2120232512925617e-6;0.3683900441855259,88,9.890607941625536e-2,9.890607941625536e-2,0.12015413134629746,0.6043756823349786,0.6043756823349786,-5.250417912634155,9.890607941625536e-2,9.890607941625536e-2,0.12015413134629746,244.7334687693995,244.7334687693995,244.75471682132957
