id,Expression,theta,size,MSE_train,MSE_val,MSE_test,R2_train,R2_val,R2_test,nll_train,nll_val,nll_test,mdl_train,mdl_val,mdl_test
0,(((-0.3543895985020729 / (Abs(((Abs((Recip((Abs(x9) ^ (((x0 / (x6 * (Abs(x18) ^ x18))) / (x14 - x3)) * x19))) + (Abs(x22) ^ x23))) ^ x9) * Recip((x4 + x29)))) ^ x23)) - ((((x21 + x30) * -22.67057381861957) - x26) * ((Abs(((x4 * -0.26755046120943893) - (Recip((x10 / x17)) - (x10 + -0.13036091803412342)))) ^ x14) * x4))) + x27),-0.3543895985020729;-22.67057381861957;-0.26755046120943893;-0.13036091803412342,64,8.111878872451417e-2,8.111878872451417e-2,0.6950375570912537,0.6755248451019433,0.6755248451019433,-35.15585371988564,8.111878872451417e-2,8.111878872451417e-2,0.6950375570912537,184.4082409489054,184.4082409489054,185.0221597172721
