id,Expression,theta,size,MSE_train,MSE_val,MSE_test,R2_train,R2_val,R2_test,nll_train,nll_val,nll_test,mdl_train,mdl_val,mdl_test
0,(Recip((Abs((((Abs((((Abs((Abs(x21) ^ x29)) ^ 0.8020570719671234) / ((Abs((Abs(x20) ^ x20)) ^ x2) - ((((x24 + x13) / (x14 / x21)) - (x12 + x22)) - (Abs(((x15 / x6) + Recip((x21 + (((x24 * x12) - ((x14 / x21) * -1.335774831606381)) - x20))))) ^ ((x24 + (Abs(0.3129954593954098) ^ x9)) / (x26 + (x12 * x12))))))) - x5)) ^ x11) + x12) * (Abs(x16) ^ x21))) ^ -4.469523990304548)) / Recip(((Abs((x14 / x21)) ^ (-1.0390947450124228 * (Abs(x7) ^ x21))) * (((Abs(x10) ^ (x17 + 3.572950709125719)) + 1.4746332538736784) + x4)))),0.8020570719671234;-1.335774831606381;0.3129954593954098;-4.469523990304548;-1.0390947450124228;3.572950709125719;1.4746332538736784,100,5.183777643130293e-2,5.183777643130293e-2,0.10130898732862023,0.7926488942747882,0.7926488942747882,-4.270093520834623,5.183777643130293e-2,5.183777643130293e-2,0.10130898732862023,290.08548198481225,290.08548198481225,290.13495319570956
