id,Expression,theta,size,MSE_train,MSE_val,MSE_test,R2_train,R2_val,R2_test,nll_train,nll_val,nll_test,mdl_train,mdl_val,mdl_test
0,(Abs((6.189329583842357e-3 / (((((x3 / x8) / (x3 / x23)) + ((x0 + x4) * (Abs(x15) ^ x6))) / (((x11 * x29) + x21) + (((Recip((x12 * x5)) * x12) + ((x11 - x28) - ((x6 * x23) * x25))) - (Abs(((x13 * x29) * (Abs(x9) ^ x23))) ^ Recip((Abs(x1) ^ (x15 * x11))))))) * Recip(Recip(((Recip(((Abs((((x1 - x26) / x8) - (-0.5671086399211501 + (x4 / x18)))) ^ x22) + x5)) / x13) + 0.2947511097273211)))))) ^ (x5 + x11)),6.189329583842357e-3;-0.5671086399211501;0.2947511097273211,88,0.12429337115190417,0.12429337115190417,0.7439620281522037,0.5028265153923833,0.5028265153923833,-37.70090470447616,0.12429337115190417,0.12429337115190417,0.7439620281522037,270.3829163835069,270.3829163835069,271.0025850405072
