id,Expression,theta,size,MSE_train,MSE_val,MSE_test,R2_train,R2_val,R2_test,nll_train,nll_val,nll_test,mdl_train,mdl_val,mdl_test
0,(((Abs(x17) ^ x29) - ((Abs(x19) ^ (x3 * 4.411302963196057)) - (x15 * -5.184734407962569))) * -1.3398244141833495),4.411302963196057;-5.184734407962569;-1.3398244141833495,17,0.14808702558988282,0.14808702558988282,0.2753787742696624,0.4076518976404687,0.4076518976404687,-13.32520383750729,0.14808702558988282,0.14808702558988282,0.2753787742696624,33.10645568563317,33.10645568563317,33.23374743431295
