id,Expression,theta,size,MSE_train,MSE_val,MSE_test,R2_train,R2_val,R2_test,nll_train,nll_val,nll_test,mdl_train,mdl_val,mdl_test
0,(Abs((((((Abs((x19 * 6.516156127306383)) ^ (Abs(x29) ^ (x15 * (((Abs(((Abs(((((x14 + x27) * x22) * (x2 - x17)) * -0.8718023385969098)) ^ (x15 - x15)) + (x27 - (Abs((x18 * -0.6179158772981154)) ^ x27)))) ^ (x15 * Recip((Abs(x10) ^ x15)))) + x6) * x22)))) + ((x27 * 2.98429327325325) - (Abs(x29) ^ x27))) - x19) + x27) + ((Abs((x15 - x27)) ^ x10) - (Abs(x20) ^ x15)))) ^ ((Abs((Recip((x7 / x20)) - (((x14 + x27) * x22) * (-5.032873628191787 - x21)))) ^ (((Abs((x2 + x7)) ^ x19) * x5) - x0)) - ((Abs(x27) ^ x10) * (x14 - (x19 * 20.345881485819326))))),6.516156127306383;-0.8718023385969098;-0.6179158772981154;2.98429327325325;-5.032873628191787;20.345881485819326,112,4.3610328503066315e-2,4.3610328503066315e-2,2.825763786425219e43,0.8255586859877347,0.8255586859877347,-1.4699623216983427e45,4.3610328503066315e-2,4.3610328503066315e-2,2.825763786425219e43,310.4575377054889,310.4575377054889,2.825763786425219e43
