id,Expression,theta,size,MSE_train,MSE_val,MSE_test,R2_train,R2_val,R2_test,nll_train,nll_val,nll_test,mdl_train,mdl_val,mdl_test
0,(Abs(((Abs((x3 * (Abs(x9) ^ Recip(x15)))) ^ Recip((Recip(Recip(x9)) / x24))) * ((Abs((Abs(x0) ^ Recip((Recip(Recip(x9)) / x24)))) ^ -3.8721203448546495) / x19))) ^ x0),-3.8721203448546495,33,0.10210746490703856,0.10210746490703856,0.13065500053246668,0.5915701403718457,0.5915701403718457,-5.796673127698656,0.10210746490703856,0.10210746490703856,0.13065500053246668,67.24317510326141,67.24317510326141,67.27172263888684
