id,Expression,theta,size,MSE_train,MSE_val,MSE_test,R2_train,R2_val,R2_test,nll_train,nll_val,nll_test,mdl_train,mdl_val,mdl_test
0,Recip(((Abs((Recip((x4 + x29)) - (((x10 - x3) * -0.8892296161273685) + ((x10 - x3) + (Abs((((Abs(((x10 / (Abs(x21) ^ -0.9202649246692995)) / x30)) ^ 2.6571766047647286e-2) + ((x4 / x5) / x0)) * -13.657811901771744)) ^ x21))))) ^ ((Abs((Abs(x7) ^ x0)) ^ ((Recip(((0.5287925423033017 * x6) - x4)) - (1.1268117056458449 + x12)) - x20)) / (Abs((Recip((Abs(x3) ^ x23)) + x29)) ^ (Recip(((0.249921566656923 * x6) - (Abs(((x25 + x14) / x15)) ^ (x5 + x12)))) - (-4.660988625009386 + x11))))) + Recip((Abs(x1) ^ (x0 / ((x18 / x0) / x30)))))),-0.8892296161273685;-0.9202649246692995;2.6571766047647286e-2;-13.657811901771744;0.5287925423033017;1.1268117056458449;0.249921566656923;-4.660988625009386,99,0.12582378210183612,0.12582378210183612,0.2549206887733426,0.49670487159265553,0.49670487159265553,-12.260974229988777,0.12582378210183612,0.12582378210183612,0.2549206887733426,290.0964156660138,290.0964156660138,290.22551257268526
