id,Expression,theta,size,MSE_train,MSE_val,MSE_test,R2_train,R2_val,R2_test,nll_train,nll_val,nll_test,mdl_train,mdl_val,mdl_test
0,(((((Recip(Recip(x13)) - x17) + ((((Abs(x15) ^ (x13 / x24)) + x22) - (x7 * x3)) + x0)) - (x22 - x14)) + x0) * ((x7 * x3) + (Abs(((0.7374009695022639 / (Abs(((3.384594739727748 / x13) * x4)) ^ (Abs(x9) ^ (x24 + x27)))) * x12)) ^ (Abs((x22 - x14)) ^ (((((((Abs(x11) ^ (Abs(x9) ^ x5)) / (x28 * x0)) - ((Abs(x0) ^ x8) + (x11 * (x4 / x3)))) * x30) + (Recip(Recip(x13)) - x17)) + ((-2.912112455161881 / x13) * x11)) * (8.387013934316544 + (Abs((-1.4548745120665627 * x12)) ^ x17))))))),0.7374009695022639;3.384594739727748;-2.912112455161881;8.387013934316544;-1.4548745120665627,100,5.049967586577251e-2,5.049967586577251e-2,0.15478949023014899,0.79800129653691,0.79800129653691,-7.052149281772042,5.049967586577251e-2,5.049967586577251e-2,0.15478949023014899,292.968199738872,292.968199738872,293.0724895532364
