id,Expression,theta,size,MSE_train,MSE_val,MSE_test,R2_train,R2_val,R2_test,nll_train,nll_val,nll_test,mdl_train,mdl_val,mdl_test
0,((((x12 - ((((((x6 + (4.929199005419942 * x30)) * ((((x6 + x24) * x10) / x22) - x4)) - x18) * x25) + (x28 + ((x25 + x22) + x25))) / (x28 + ((Abs(x25) ^ ((x25 - ((-8.93354115786949 * x30) / x25)) + -204.05132599189986)) + ((x25 + x22) + (x18 / (x4 + x7))))))) * x25) + (x28 + ((x25 + x22) + (x18 * 1.4851056787742039)))) / (x28 + ((Abs(x25) ^ ((x25 - ((300.4635654617846 * x30) / x25)) + 37.501790250083076)) + ((x25 + x22) + (x18 / x14))))),4.929199005419942;-8.93354115786949;-204.05132599189986;1.4851056787742039;300.4635654617846;37.501790250083076,89,1.228878647525801e-3,1.228878647525801e-3,1.771488504832325e-2,0.9950844854098968,0.9950844854098968,7.847167978625957e-2,1.228878647525801e-3,1.228878647525801e-3,1.771488504832325e-2,251.46357181561385,251.46357181561385,251.48005782201463
