id,Expression,theta,size,MSE_train,MSE_val,MSE_test,R2_train,R2_val,R2_test,nll_train,nll_val,nll_test,mdl_train,mdl_val,mdl_test
0,Recip((Recip((Abs(x30) ^ (Abs((((Abs((Abs(((-27.01000302720576 + x3) - (Abs(((Abs((x4 / Recip((Abs(x9) ^ x26)))) ^ ((Abs((x28 * x24)) ^ (x6 / x28)) / Recip(x27))) / ((x24 / (Abs(x8) ^ x6)) / x8))) ^ x24))) ^ x25)) ^ (x30 / (x19 * x22))) * x21) * (Abs(((Abs((Abs(x0) ^ x26)) ^ -1.8061251900835793) - (Abs((Abs((x28 * x24)) ^ (x6 / x28))) ^ x19))) ^ (Abs(x14) ^ x9)))) ^ (Abs(x5) ^ x29)))) - x9)),-27.01000302720576;-1.8061251900835793,87,6.97378133208734e-2,6.97378133208734e-2,0.11264910563197458,0.7210487467165063,0.7210487467165063,-4.860006474975094,6.97378133208734e-2,6.97378133208734e-2,0.11264910563197458,228.60992137896312,228.60992137896312,228.65283267127424
