id,Expression,theta,size,MSE_train,MSE_val,MSE_test,R2_train,R2_val,R2_test,nll_train,nll_val,nll_test,mdl_train,mdl_val,mdl_test
0,(Abs((Abs(((x19 - (x8 * (((-0.8959815252267457 / x11) * x21) + x28))) * x6)) ^ (Abs((-9.33347721270293 - Recip(x26))) ^ Recip(((Abs(((x19 - (x8 * (x28 + x20))) * (x20 + x29))) ^ (Abs((x29 - Recip(x26))) ^ Recip((((x17 * x26) - (x27 * x10)) - ((x21 + x10) + (1.9092559036615928 - (x28 * 0.2057304654577401))))))) - ((Abs((x17 + (x13 * x29))) ^ x17) + x25)))))) ^ (Abs(Recip(x25)) ^ (24.93625312142764 / Recip(x21)))),-0.8959815252267457;-9.33347721270293;1.9092559036615928;0.2057304654577401;24.93625312142764,80,6.633342944503288e-2,6.633342944503288e-2,0.10637494236213985,0.7346662822198684,0.7346662822198684,-4.533624501678303,6.633342944503288e-2,6.633342944503288e-2,0.10637494236213985,222.3164713832549,222.3164713832549,222.35651289617203
