id,Expression,theta,size,MSE_train,MSE_val,MSE_test,R2_train,R2_val,R2_test,nll_train,nll_val,nll_test,mdl_train,mdl_val,mdl_test
0,(((x18 * ((-2.1560003392578917 / Recip((x11 - x12))) / ((((Abs(1.348447206105427) ^ x10) + (Abs(x18) ^ x24)) / ((Abs(x24) ^ (((Abs((x14 * (x14 * x15))) ^ (x0 + Recip((Abs((x21 / x18)) ^ x20)))) + -1.7232523367967483) - (x7 - x14))) * x19)) + x22))) * ((Abs((x14 * (x19 - x0))) ^ (x0 + Recip(((0.5213936448984292 - (x7 * 0.4414245478966262)) * x18)))) + (-1.9070230007530413 - (x7 * -3.5009213257747134)))) - (Recip(Recip(((0.8743256637559267 - (x7 * 9.302287380939006)) * x18))) / x13)),-2.1560003392578917;1.348447206105427;-1.7232523367967483;0.5213936448984292;0.4414245478966262;-1.9070230007530413;-3.5009213257747134;0.8743256637559267;9.302287380939006,84,0.10111180954537233,0.10111180954537233,Infinity,0.5955527618185107,0.5955527618185107,-Infinity,0.10111180954537233,0.10111180954537233,Infinity,237.57386195197236,237.57386195197236,Infinity
