id,Expression,theta,size,MSE_train,MSE_val,MSE_test,R2_train,R2_val,R2_test,nll_train,nll_val,nll_test,mdl_train,mdl_val,mdl_test
0,(((-2.339150993029679 + (Abs(((-11.124890381971243 + (Abs(-26.57869555674032) ^ (Abs(x2) ^ x5))) + (Abs((Abs(Recip(Recip((((x27 + -0.7452150670842781) + Recip((Recip(Recip(x0)) + (x10 - (x23 - x11))))) - ((Abs(x27) ^ x3) - (x13 - x24)))))) ^ (x15 / (Abs(Recip(((Abs(x18) ^ x11) - (x29 + x17)))) ^ x11)))) ^ (((x30 * (((x2 / x7) * x20) * x11)) * ((x25 * (Abs(x28) ^ (Abs(x22) ^ x3))) * x11)) * x30)))) ^ (Abs((Abs(x18) ^ ((x10 + x27) + (x16 - x15)))) ^ x16))) + x29) * (x30 * (Abs((x11 / x24)) ^ x21))),-2.339150993029679;-11.124890381971243;-26.57869555674032;-0.7452150670842781,104,8.41348574293614e-2,8.41348574293614e-2,0.1718889072563054,0.6634605702825545,0.6634605702825545,-7.941660955472665,8.41348574293614e-2,8.41348574293614e-2,0.1718889072563054,306.5080553861985,306.5080553861985,306.59580943602543
