id,Expression,theta,size,MSE_train,MSE_val,MSE_test,R2_train,R2_val,R2_test,nll_train,nll_val,nll_test,mdl_train,mdl_val,mdl_test
0,(Abs(Recip((((((x3 * ((Abs(Recip((x28 - x11))) ^ (x25 - x21)) + 130.7620613547351)) + ((x25 / x7) / x4)) * Recip(x18)) * (x30 - ((x23 - ((Abs((Abs(x30) ^ (x28 - (x23 - Recip(((Recip(x18) + -1.129403346574545) + (x8 / x10))))))) ^ (Recip(x18) - (Abs(Recip(x5)) ^ x30))) / Recip(x23))) / x16))) / (x14 * x4)))) ^ Recip((Abs(((Abs((Abs(x30) ^ (x28 - (x23 - Recip(((Recip(x18) + 97.38268781893535) + (x8 / x10))))))) ^ (-4.110551425384662 - (Abs(Recip(x5)) ^ x30))) / Recip(x23))) ^ ((x25 * 156.22395273322923) * (x15 * x21))))),130.7620613547351;-1.129403346574545;97.38268781893535;-4.110551425384662;156.22395273322923,103,1.5133158896427237e-2,1.5133158896427237e-2,3.0564826581756865e-2,0.939467364414291,0.939467364414291,-0.5899822787829314,1.5133158896427237e-2,1.5133158896427237e-2,3.0564826581756865e-2,294.7515894562365,294.7515894562365,294.76702112392184
