id,Expression,theta,size,MSE_train,MSE_val,MSE_test,R2_train,R2_val,R2_test,nll_train,nll_val,nll_test,mdl_train,mdl_val,mdl_test
0,((Abs(x22) ^ ((Abs(x2) ^ (x2 * -2.846584540591393)) / Recip(((Abs(x23) ^ (x2 * -4.012778249652351)) * x4)))) + ((x22 + (x24 + -0.17164472209694678)) * ((x17 + (x0 + 3.460775348437914)) - (x12 + ((Abs(x1) ^ x24) + x28))))),-2.846584540591393;-4.012778249652351;-0.17164472209694678;3.460775348437914,40,0.11498308691892585,0.11498308691892585,0.26104219434089443,0.5400676523242967,0.5400676523242967,-12.57941494961281,0.11498308691892585,0.11498308691892585,0.26104219434089443,102.1106634729427,102.1106634729427,102.25672258036467
