id,Expression,theta,size,MSE_train,MSE_val,MSE_test,R2_train,R2_val,R2_test,nll_train,nll_val,nll_test,mdl_train,mdl_val,mdl_test
0,(Recip((Recip((x0 + ((Recip((x7 - (-1.7817059471132695 - (Recip(x26) + ((Recip((Abs(x28) ^ x0)) - (x11 * x3)) * x16))))) - (Abs((Abs((Abs(x15) ^ 5.89128460788959)) ^ Recip(((Abs((Recip(Recip(x12)) * (x25 + (Recip(x26) + (x0 / (x9 * x3)))))) ^ (Abs(x9) ^ (Abs(x16) ^ x7))) / ((Recip((Abs(x28) ^ x0)) - (x11 * x3)) * x16))))) ^ (Abs(x7) ^ x15))) * -1.521898250781289))) * (Abs((Recip(x26) + (x19 / x3))) ^ (x30 * x3)))) * Recip((Abs(Recip(x25)) ^ (x26 - x30)))),-1.7817059471132695;5.89128460788959;-1.521898250781289,95,7.473039899131034e-2,7.473039899131034e-2,0.10240617993157379,0.7010784040347586,0.7010784040347586,-4.327169480040265,7.473039899131034e-2,7.473039899131034e-2,0.10240617993157379,251.71624137752653,251.71624137752653,251.7439171584668
