id,Expression,theta,size,MSE_train,MSE_val,MSE_test,R2_train,R2_val,R2_test,nll_train,nll_val,nll_test,mdl_train,mdl_val,mdl_test
0,((Abs((x8 + (x30 - (Abs(x18) ^ x10)))) ^ (Abs(((x17 / x15) * -17.177756454055423)) ^ (Abs((-1.3098341505389814 * x23)) ^ ((x22 + (x24 / x25)) + (x2 - (Abs(x28) ^ x4)))))) * 1.6539955053307696),-17.177756454055423;-1.3098341505389814;1.6539955053307696,36,5.064775524737801e-2,5.064775524737801e-2,1.0783605715916011e7,0.7974089790104879,0.7974089790104879,-5.609631683419296e8,5.064775524737801e-2,5.064775524737801e-2,1.0783605715916011e7,91.32825610940704,91.32825610940704,1.0783696993524365e7
