id,Expression,theta,size,MSE_train,MSE_val,MSE_test,R2_train,R2_val,R2_test,nll_train,nll_val,nll_test,mdl_train,mdl_val,mdl_test
0,((((Abs(x8) ^ x6) - x21) * (((Abs(Recip((Recip((Recip(Recip(x26)) / (Recip((((Abs(x1) ^ 0.6400231543995087) / ((Recip((Abs((Abs(x6) ^ x29)) ^ x6)) * (Abs((x1 / x22)) ^ x12)) / x19)) - (x28 / ((x27 * x22) / ((Abs(Recip(x2)) ^ ((Abs(x27) ^ (Abs((x11 + x23)) ^ x23)) * 0.3555731111611547)) * ((Abs(x12) ^ 1.3162486318823714) + Recip(Recip((x22 + -0.18360610242189623))))))))) / ((Recip(Recip(Recip(x17))) * (Abs((x12 * x3)) ^ (x12 * 1.8092734653202787))) - x29)))) + ((x25 * Recip(x26)) / (x29 + (x2 * x30)))))) ^ x11) * (846.5148684212894 * x3)) + (x10 - x8))) * (x21 * x12)),0.6400231543995087;0.3555731111611547;1.3162486318823714;-0.18360610242189623;1.8092734653202787;846.5148684212894,111,5.454537675620325e-2,5.454537675620325e-2,6.405927460955345,0.781818492975187,0.781818492975187,-332.2363465188843,5.454537675620325e-2,5.454537675620325e-2,6.405927460955345,325.8641991789044,325.8641991789044,332.21558126310356
