id,Expression,theta,size,MSE_train,MSE_val,MSE_test,R2_train,R2_val,R2_test,nll_train,nll_val,nll_test,mdl_train,mdl_val,mdl_test
0,(Abs(((((((x18 - x1) * x27) * -3.850225905455178e-7) / Recip(x3)) / x5) / x0)) ^ (Abs((x15 / (Abs((x29 - (x21 + (x30 + ((Recip(x30) * 0.6912607065045756) / ((Abs((((((x6 / x18) + ((Abs(x27) ^ x20) * x12)) * x6) * (Recip((x7 + x28)) + x27)) * ((Recip(x9) * ((Recip((x9 - x28)) / x25) * x30)) / (Abs(x14) ^ x11)))) ^ ((Recip(x17) * (x11 * x11)) / x1)) - x24)))))) ^ x28))) ^ (Abs((x28 * x19)) ^ (Abs(x3) ^ x13)))),-3.850225905455178e-7;0.6912607065045756,91,1.2085862740170997e-2,1.2085862740170997e-2,4.299016399296644e-2,0.9516565490393161,0.9516565490393161,-1.236348330914029,1.2085862740170997e-2,1.2085862740170997e-2,4.299016399296644e-2,282.3114685406991,282.3114685406991,282.3423728419519
