id,Expression,theta,size,MSE_train,MSE_val,MSE_test,R2_train,R2_val,R2_test,nll_train,nll_val,nll_test,mdl_train,mdl_val,mdl_test
0,(Recip((Recip((Abs(x30) ^ (((x27 / x30) / ((x30 / (x24 / x15)) / x3)) / ((x30 / (x24 / x15)) / x3)))) / ((Abs((x24 / x15)) ^ x29) + -0.3225379685731937))) * (((x28 * x14) + Recip((Abs(((x3 / x30) + x21)) ^ ((x28 - x7) * (x16 - ((x23 - x3) + x21)))))) + (((Recip((((Abs(x5) ^ x29) - x23) + 18.306486367942195)) / (((Abs((x16 + x29)) ^ x6) + 0.25948232423713996) + Recip(((x27 / x30) / ((x3 / (x24 / x15)) / x3))))) - x7) + (Abs((x7 + x14)) ^ (x28 * x14))))),-0.3225379685731937;18.306486367942195;0.25948232423713996,100,5.259813530733972e-2,5.259813530733972e-2,0.11917471838814125,0.7896074587706411,0.7896074587706411,-5.199468850550871,5.259813530733972e-2,5.259813530733972e-2,0.11917471838814125,286.2377072813091,286.2377072813091,286.3042838643899
