id,Expression,theta,size,MSE_train,MSE_val,MSE_test,R2_train,R2_val,R2_test,nll_train,nll_val,nll_test,mdl_train,mdl_val,mdl_test
0,Recip((Abs(((x21 + ((Abs(-5.990322469975991) ^ x16) / Recip((x9 + ((Abs(x13) ^ (Abs(x20) ^ x21)) * ((Abs(x13) ^ x3) / (Abs(x13) ^ x9))))))) * Recip((Abs((x3 + (x30 * -1.7549081541476437))) ^ Recip((Abs(x21) ^ ((x24 / (x21 / (-15.925940850960032 + (x0 / x1)))) * ((x10 - (Abs(x9) ^ ((x24 / (x21 / (5.058733692568989 + (x0 / x1)))) * ((x10 - (Abs(x9) ^ x29)) * (Abs(x9) ^ (x21 / Recip(x29))))))) * (x28 + x9))))))))) ^ x27)),-5.990322469975991;-1.7549081541476437;-15.925940850960032;5.058733692568989,87,8.992946830995519e-3,8.992946830995519e-3,5.6286650758841206e-2,0.9640282126760179,0.9640282126760179,-1.9280315724748078,8.992946830995519e-3,8.992946830995519e-3,5.6286650758841206e-2,231.39269821381114,231.39269821381114,231.43999191773898
