id,Expression,theta,size,MSE_train,MSE_val,MSE_test,R2_train,R2_val,R2_test,nll_train,nll_val,nll_test,mdl_train,mdl_val,mdl_test
0,Recip(((Abs((((Abs(x10) ^ x15) / ((x7 - x9) - x15)) / x15)) ^ (Abs((Abs((x4 * x7)) ^ (x5 - x8))) ^ (Abs((Abs((Abs(Recip(x0)) ^ (Abs(x16) ^ x7))) ^ ((Abs(x0) ^ x28) - (Abs((x12 + (((x16 - (x23 + ((Abs(x10) ^ x18) / ((x7 - x9) - x9)))) * x9) / x28))) ^ -0.15512353690505223)))) ^ (x15 * -15.58708350206953)))) * (Abs(Recip((Abs(Recip(x11)) ^ x16))) ^ (0.1934136104915532 - x9)))),-0.15512353690505223;-15.58708350206953;0.1934136104915532,80,1.055054025766824e-2,1.055054025766824e-2,2.9878615097522924e-2,0.957797838969327,0.957797838969327,-0.5542855573730832,1.055054025766824e-2,1.055054025766824e-2,2.9878615097522924e-2,203.993553867727,203.993553867727,204.01288194256685
