id,Expression,theta,size,MSE_train,MSE_val,MSE_test,R2_train,R2_val,R2_test,nll_train,nll_val,nll_test,mdl_train,mdl_val,mdl_test
0,(Abs((Abs(x7) ^ x3)) ^ Recip((Abs(-0.8479740902223853) ^ (Abs(Recip((((x2 * x5) * x6) * Recip(x23)))) ^ ((((x25 * ((x1 - x25) * x0)) * x2) + (-0.403488810770119 * x25)) + ((Abs((Recip((Abs(x0) ^ x0)) * x13)) ^ (Abs(x20) ^ x6)) + x7)))))),-0.8479740902223853;-0.403488810770119,50,0.11592974057213201,0.11592974057213201,Infinity,0.536281037711472,0.536281037711472,-Infinity,0.11592974057213201,0.11592974057213201,Infinity,121.94410353498942,121.94410353498942,Infinity
