id,Expression,theta,size,MSE_train,MSE_val,MSE_test,R2_train,R2_val,R2_test,nll_train,nll_val,nll_test,mdl_train,mdl_val,mdl_test
0,(x15 * (Abs(((Recip((Recip((Abs((Recip((Abs((x2 * (Abs((x0 - x21)) ^ ((x24 + Recip(x15)) - x23)))) ^ x17)) * x19)) ^ x30)) * 6.1085393103710285e-2)) / (x9 * ((x1 / (x14 * (Recip(x27) + (Recip(((Abs(((x1 / (Recip((Abs((x27 * x17)) ^ x17)) * (Recip((Abs((Abs(x23) ^ x29)) ^ (x3 * x5))) + ((x27 + x23) - x23)))) / Recip(((Abs((x17 * x28)) ^ (-1.4202120816586126 - x14)) * (Abs(x14) ^ x23))))) ^ (-0.6340310580089835 - x14)) * x15)) - x23)))) / Recip(((Abs(x23) ^ (-1.1717662304990109 - x14)) * (Abs((x10 - x2)) ^ x23)))))) / x1)) ^ x15)),6.1085393103710285e-2;-1.4202120816586126;-0.6340310580089835;-1.1717662304990109,109,5.802749062301867e-2,5.802749062301867e-2,Infinity,0.7678900375079253,0.7678900375079253,-Infinity,5.802749062301867e-2,5.802749062301867e-2,Infinity,312.2889825028385,312.2889825028385,Infinity
