id,Expression,theta,size,MSE_train,MSE_val,MSE_test,R2_train,R2_val,R2_test,nll_train,nll_val,nll_test,mdl_train,mdl_val,mdl_test
0,Recip(((Abs((Recip(x8) / (Abs(x6) ^ Recip((x22 + x15))))) ^ ((Abs(x25) ^ x12) * ((x3 / Recip((x26 + 113.16562867006337))) - ((138.77082624675214 - (x16 - x20)) * x23)))) + (Abs((Abs((Recip(x7) + ((Abs((Abs((Abs(x25) ^ -92.36140483973861)) ^ x16)) ^ x20) - (Abs(x6) ^ (((x24 - x10) * ((x13 - x22) * x7)) * (((Abs(x1) ^ x10) + (Abs(x13) ^ x22)) + ((Abs(((Abs(x9) ^ (((x14 / x8) * x27) + x6)) + x13)) ^ x16) / x16))))))) ^ (x11 / x22))) ^ x21))),113.16562867006337;138.77082624675214;-92.36140483973861,95,5.729827820019454e-2,5.729827820019454e-2,0.13982426281885008,0.7708068871992219,0.7708068871992219,-6.273658151836304,5.729827820019454e-2,5.729827820019454e-2,0.13982426281885008,273.2980681125669,273.2980681125669,273.38059409718556
