id,Expression,theta,size,MSE_train,MSE_val,MSE_test,R2_train,R2_val,R2_test,nll_train,nll_val,nll_test,mdl_train,mdl_val,mdl_test
0,(Abs(((Abs((Abs((Abs((Abs(x13) ^ (x8 * 0.9206421175519887))) ^ Recip(x7))) ^ x13)) ^ Recip(x7)) / ((Abs((x29 / (x26 * (x15 + (0.24971782546526766 + x29))))) ^ (((x12 + x16) / x30) / x28)) + (Abs((((x1 / x8) + x17) + (Abs((x0 * x15)) ^ (x0 * x5)))) ^ ((Abs((x8 - Recip(x15))) ^ x8) + (Abs(-24.99761704564499) ^ ((Abs((x27 + x8)) ^ x17) - (x26 + (Abs((x27 + x8)) ^ x17))))))))) ^ x29),0.9206421175519887;0.24971782546526766;-24.99761704564499,82,6.261963919950078e-2,6.261963919950078e-2,Infinity,0.7495214432019969,0.7495214432019969,-Infinity,6.261963919950078e-2,6.261963919950078e-2,Infinity,216.43559137428164,216.43559137428164,Infinity
