id,Expression,theta,size,MSE_train,MSE_val,MSE_test,R2_train,R2_val,R2_test,nll_train,nll_val,nll_test,mdl_train,mdl_val,mdl_test
0,Recip(((((Recip((Abs((Abs((-1.8019915700925444 - (x4 - (Abs(Recip(x4)) ^ Recip((Abs((Abs((Recip((Abs(x12) ^ 0.7231597830751417)) / Recip(((Abs(x24) ^ x22) * (x15 - x14))))) ^ -1.802552582529954)) ^ x6)))))) ^ 54.57196448104906)) ^ x6)) / x2) / Recip(x4)) / (Abs(x3) ^ Recip((x3 + x3)))) + (Abs((((x22 / (x14 + x2)) / Recip((x12 + x3))) / (Abs((1.894877423199495e-2 - (x26 - (x24 + x12)))) ^ (x22 / (Abs(x2) ^ Recip((x14 + x14))))))) ^ (Recip(((Abs(x12) ^ -16.171660848746424) / x15)) * 6.723083789379377)))),-1.8019915700925444;0.7231597830751417;-1.802552582529954;54.57196448104906;1.894877423199495e-2;-16.171660848746424;6.723083789379377,92,1.163725287260918e-2,1.163725287260918e-2,0.12609961991492605,0.9534509885095632,0.9534509885095632,-5.559702227974203,1.163725287260918e-2,1.163725287260918e-2,0.12609961991492605,226.6687047773699,226.6687047773699,226.7831671444122
