id,Expression,theta,size,MSE_train,MSE_val,MSE_test,R2_train,R2_val,R2_test,nll_train,nll_val,nll_test,mdl_train,mdl_val,mdl_test
0,(Abs((x23 * ((Recip(Recip(((x11 / x7) - x3))) - (Abs(x3) ^ ((x29 + Recip((Abs(Recip((x23 + x16))) ^ x20))) - (x8 * x6)))) * (Recip((((x29 / x27) - (Recip(Recip((Recip((0.7409688561303674 - (Abs(x13) ^ -1.2629996223660733))) * (x29 / x27)))) - (x22 - x15))) + (Abs(((Abs(x13) ^ (x26 * (Abs(x19) ^ x12))) - Recip((x23 + (((Abs(x19) ^ x12) * ((x26 / x0) + (x2 - x1))) * x19))))) ^ (Abs((x19 * Recip(x26))) ^ Recip((Abs(((Abs(x17) ^ x19) * (x11 - x16))) ^ 4.550843146269257)))))) * -1.2415864044774996)))) ^ x4),0.7409688561303674;-1.2629996223660733;4.550843146269257;-1.2415864044774996,103,8.572189346172675e-2,8.572189346172675e-2,0.10589149175001492,0.657112426153093,0.657112426153093,-4.508475400835565,8.572189346172675e-2,8.572189346172675e-2,0.10589149175001492,306.64853682958045,306.64853682958045,306.66870642786876
