id,Expression,theta,size,MSE_train,MSE_val,MSE_test,R2_train,R2_val,R2_test,nll_train,nll_val,nll_test,mdl_train,mdl_val,mdl_test
0,(Abs(-0.9914874457995246) ^ (Abs(x5) ^ ((x4 - (x6 / x24)) - (Abs((x30 + (((-1.1311880981038147 + ((Recip((Recip((0.18672713559752896 - x16)) - (Abs((Abs(x27) ^ x1)) ^ x30))) - Recip((Abs(Recip((x11 - (-2.059612510303659 * x17)))) ^ (((Recip((x0 * (x28 / (x8 * x16)))) - x7) + x15) + (x19 / x8))))) / (((((x15 - x11) + (x21 + x17)) / ((x1 * x19) - (x30 - x9))) - ((x0 / x24) - (x16 + x12))) + x4))) - ((((x10 / (x9 + x15)) + (x2 / x16)) - Recip(x30)) - x4)) - x9))) ^ x29)))),-0.9914874457995246;-1.1311880981038147;0.18672713559752896;-2.059612510303659,101,2.887979452265164e-2,2.887979452265164e-2,9.280149213385659e-2,0.8844808219093935,0.8844808219093935,-3.8275336208030355,2.887979452265164e-2,2.887979452265164e-2,9.280149213385659e-2,319.9219836432377,319.9219836432377,319.9859053408489
