id,Expression,theta,size,MSE_train,MSE_val,MSE_test,R2_train,R2_val,R2_test,nll_train,nll_val,nll_test,mdl_train,mdl_val,mdl_test
0,Recip((Abs(((Abs(Recip((x13 + x18))) ^ (Recip(Recip(Recip((x3 * Recip((x4 - x9)))))) * (Abs((Recip(Recip(x5)) * ((x14 - (x28 + (Abs(((((Abs(x1) ^ ((x7 + x18) + x18)) * x30) * (Abs(((x13 / (x11 / x29)) * (x26 * x25))) ^ x26)) + -5.094068904693213e-2)) ^ ((x27 * (-4.951483144717705e-2 - x8)) + ((x20 + -0.9584322539808262) + -0.8187998383125251))))) * ((x16 * (Abs(x29) ^ x9)) / ((x16 * x25) - x20))))) ^ (Abs((x26 - (x22 - ((x19 * x30) * x27)))) ^ x27)))) + (Recip((x9 / x29)) + x6))) ^ x11)),-5.094068904693213e-2;-4.951483144717705e-2;-0.9584322539808262;-0.8187998383125251,100,6.571489519785506e-2,6.571489519785506e-2,Infinity,0.7371404192085798,0.7371404192085798,-Infinity,6.571489519785506e-2,6.571489519785506e-2,Infinity,309.85693125395346,309.85693125395346,Infinity
