id,Expression,theta,size,MSE_train,MSE_val,MSE_test,R2_train,R2_val,R2_test,nll_train,nll_val,nll_test,mdl_train,mdl_val,mdl_test
0,(x9 * Recip(Recip(Recip(Recip((x9 * (x6 * Recip(Recip(((Abs(x0) ^ Recip(x10)) + Recip(Recip((1217.5893703291683 + ((((x5 + Recip(Recip(((((((((x9 * Recip(Recip(((x26 + x4) + Recip(((Recip(x28) - x21) + x26)))))) - x21) + x26) + (x26 + (((Abs(x16) ^ x13) / x28) - x13))) * x0) + -20347.08061008288) * x26) + -4847.018240414703)))) - x21) + (x0 + Recip(((Abs((x22 - Recip((x19 * (x5 + x26))))) ^ (x10 * ((x2 + (x18 - x2)) + (x12 / x15)))) / (Abs(Recip(Recip(x24))) ^ (x11 + x25)))))) * x9)))))))))))))),1217.5893703291683;-20347.08061008288;-4847.018240414703,102,9.740222701464528e-2,9.740222701464528e-2,0.3281895999149931,0.6103910919414188,0.6103910919414188,-16.072422987577287,9.740222701464528e-2,9.740222701464528e-2,0.3281895999149931,323.0894150954389,323.0894150954389,323.32020246833923
