id,Expression,theta,size,MSE_train,MSE_val,MSE_test,R2_train,R2_val,R2_test,nll_train,nll_val,nll_test,mdl_train,mdl_val,mdl_test
0,Recip(((Abs((Recip((Abs((x17 + (x6 / (x19 / (x27 - (x13 * x27)))))) ^ x0)) / (x0 + (-0.2571747948958817 / x18)))) ^ ((x16 - ((Abs(x23) ^ (x16 / (x23 - x26))) / x7)) * (x26 + x6))) - Recip((((x21 * (x23 / x16)) - ((Abs(x2) ^ x1) - x29)) - (Abs((x24 - (x27 * x27))) ^ ((x23 / x1) * ((0.6964574263810983 + (x11 * ((((x24 / x18) + (Recip(x27) * x1)) * x14) * Recip(x26)))) - (Abs(x23) ^ ((x16 + -52.833082875744836) * (x26 + x6)))))))))),-0.2571747948958817;0.6964574263810983;-52.833082875744836,94,3.218363392439097e-2,3.218363392439097e-2,Infinity,0.8712654643024361,0.8712654643024361,-Infinity,3.218363392439097e-2,3.218363392439097e-2,Infinity,283.293256222326,283.293256222326,Infinity
