id,Expression,theta,size,MSE_train,MSE_val,MSE_test,R2_train,R2_val,R2_test,nll_train,nll_val,nll_test,mdl_train,mdl_val,mdl_test
0,((x6 + -6.487585033879364e-2) * ((Abs((Abs(x25) ^ x22)) ^ x17) + 12.369101175537626)),-6.487585033879364e-2;12.369101175537626,13,8.213919834911929e-2,8.213919834911929e-2,0.14872450517674246,0.6714432066035229,0.6714432066035229,-6.736648759293847,8.213919834911929e-2,8.213919834911929e-2,0.14872450517674246,22.95599615682731,22.95599615682731,23.022581463654934
