id,Expression,theta,size,MSE_train,MSE_val,MSE_test,R2_train,R2_val,R2_test,nll_train,nll_val,nll_test,mdl_train,mdl_val,mdl_test
0,((((x15 - (((x11 - (((x3 * ((((((0.7375720600918778 * x29) * x24) + ((((x11 * x26) + ((x21 * -0.15321999633997196) + 0.9422751937525429)) * x30) + -1.0268784327237939)) * Recip((-0.3733588076630468 - Recip(x30)))) + x21) - (x11 - ((x8 + -0.33732160578457293) / ((Abs(x18) ^ (x23 * (x21 * 0.3385362650067216))) + x19))))) + -4.464908931932858) / ((Abs(x30) ^ (x23 * -4.059773183130854)) + x29))) * (x25 - x21)) * x13)) * 16.91288292139739) * x24) + ((x6 * Recip(Recip((Recip(((x1 - (4.402975150239951 - Recip(x30))) + (x20 + x21))) / (x24 / (x1 - (-2.077543984259364 + x24))))))) * (x21 * 2.4952343732292))),0.7375720600918778;-0.15321999633997196;0.9422751937525429;-1.0268784327237939;-0.3733588076630468;-0.33732160578457293;0.3385362650067216;-4.464908931932858;-4.059773183130854;16.91288292139739;4.402975150239951;-2.077543984259364;2.4952343732292,99,2.9062236423165345e-2,2.9062236423165345e-2,0.9246931474271778,0.8837510543073386,0.8837510543073386,-47.10253752915995,2.9062236423165345e-2,2.9062236423165345e-2,0.9246931474271778,308.3002837801739,308.3002837801739,309.19591469117796
