id,Expression,theta,size,MSE_train,MSE_val,MSE_test,R2_train,R2_val,R2_test,nll_train,nll_val,nll_test,mdl_train,mdl_val,mdl_test
0,((7.239862612492894e-4 * x26) + (Abs(x23) ^ (Abs((((Abs((Recip(x14) / (Abs(x26) ^ x3))) ^ -2.4401106178858574) * (Abs(x6) ^ ((x6 - (x23 - x27)) * (x5 + ((Abs((((Abs((x22 - x3)) ^ x24) * x9) - x14)) ^ x29) + (2.4234722039501286 * (x5 + ((Abs(((Abs((x3 / (((x24 / x14) * (x3 + x29)) + (Abs((Abs(x29) ^ (Recip(x7) + x2))) ^ x29)))) ^ -1.212826616242701) - x26)) ^ x8) + x28)))))))) + (x14 * ((Abs((x22 - (0.3002700861355908 / (Abs(x26) ^ x3)))) ^ x16) + (((x16 + x11) * x3) * x6))))) ^ -2.3726267850565104))),7.239862612492894e-4;-2.4401106178858574;2.4234722039501286;-1.212826616242701;0.3002700861355908;-2.3726267850565104,102,5.068274549394778e-6,5.068274549394778e-6,1.2662636030502673e-2,0.9999797269018024,0.9999797269018024,0.3412896736932761,5.068274549394778e-6,5.068274549394778e-6,1.2662636030502673e-2,282.8467959692417,282.8467959692417,282.85945353699765
