id,Expression,theta,size,MSE_train,MSE_val,MSE_test,R2_train,R2_val,R2_test,nll_train,nll_val,nll_test,mdl_train,mdl_val,mdl_test
0,((Abs(0.6990690909644915) ^ Recip((x4 + (Abs((Abs(-0.17325642364962773) ^ x14)) ^ ((x6 + (((((Abs((x13 * x0)) ^ x20) / x4) + (x4 * x21)) + x13) + x25)) * (Abs(((x17 + x2) * (Abs((x15 * (Abs(x19) ^ x13))) ^ x23))) ^ x23)))))) * (((Abs(((x13 + x20) + x23)) ^ (x21 - ((Abs((Abs(-0.2478831850151322) ^ x14)) ^ Recip((x28 * x4))) + x18))) / (x12 + ((Abs(4.780969723610818) ^ (-3.3647995121595935e-2 / x30)) + x17))) * Recip((x6 + ((((x6 * -0.7151922404215183) + (x4 * (Abs((Abs(-0.5444686801806766) ^ x14)) ^ (x13 + ((-0.588207066789654 / x21) * x2))))) + x13) + x25))))),0.6990690909644915;-0.17325642364962773;-0.2478831850151322;4.780969723610818;-3.3647995121595935e-2;-0.7151922404215183;-0.5444686801806766;-0.588207066789654,107,0.11937407538792531,0.11937407538792531,0.18450822844040754,0.5225036984482987,0.5225036984482987,-8.598118043469634,0.11937407538792531,0.11937407538792531,0.18450822844040754,298.85643412809486,298.85643412809486,298.9215682811473
