id,Expression,theta,size,MSE_train,MSE_val,MSE_test,R2_train,R2_val,R2_test,nll_train,nll_val,nll_test,mdl_train,mdl_val,mdl_test
0,((((Recip((((Recip((x7 - x24)) + 2.4041998723417715) / (((x17 / x13) + ((x26 * ((x8 * -2.9713622031522147) + x18)) * (x19 + x25))) + 1.3019641969235092)) + (Abs((x24 / Recip((x30 / x20)))) ^ (Recip(((x16 - x21) + (((((x26 - x18) / x13) + ((x26 * (((x29 - ((x29 + (x22 / x8)) + x19)) * x15) + x18)) * (x19 + x25))) + -0.515297538846426) - x21))) + (Recip(Recip(x26)) * x9))))) - ((x29 - (x29 - x17)) * 3.79334193218425e-2)) * 6.0621051755048585) + x18) * x26),2.4041998723417715;-2.9713622031522147;1.3019641969235092;-0.515297538846426;3.79334193218425e-2;6.0621051755048585,88,7.147807510759266e-3,7.147807510759266e-3,3.9136797789966836e-2,0.9714087699569629,0.9714087699569629,-1.035896221033997,7.147807510759266e-3,7.147807510759266e-3,3.9136797789966836e-2,276.49783104778203,276.49783104778203,276.52982003806125
