id,Expression,theta,size,MSE_train,MSE_val,MSE_test,R2_train,R2_val,R2_test,nll_train,nll_val,nll_test,mdl_train,mdl_val,mdl_test
0,(x3 + ((x3 * ((7.097087048318075 - x20) / (x12 + (Abs((0.47001382952079984 + Recip(((-1.2936274995194863 - x12) + ((((Abs(Recip((Abs(((x23 - x0) - x22)) ^ x5))) ^ x7) + x7) + x3) + x11))))) ^ x0)))) - (Abs(x5) ^ ((Abs(((3.791790720772199 - ((Recip((((x10 / x8) - x27) + (Abs((x17 * ((Abs(((Abs(((Abs((0.7997629843742975 + x0)) ^ (x21 - ((Abs(x2) ^ x12) + (Abs(0.43409105521064395) ^ x5)))) + (x9 * x30))) ^ x0) + x3)) ^ x20) - x21))) ^ 7.546521660647332e-2))) / ((x30 * x10) + Recip(((Abs(x21) ^ x24) / (x2 - (x27 - x2)))))) + x9)) - x3)) ^ x27) * x14)))),7.097087048318075;0.47001382952079984;-1.2936274995194863;3.791790720772199;0.7997629843742975;0.43409105521064395;7.546521660647332e-2,111,3.1148343830227878e-2,3.1148343830227878e-2,6.854999232209023e-2,0.8754066246790885,0.8754066246790885,-2.565970600594998,3.1148343830227878e-2,3.1148343830227878e-2,6.854999232209023e-2,322.582705607957,322.582705607957,322.6201072564488
