id,Expression,theta,size,MSE_train,MSE_val,MSE_test,R2_train,R2_val,R2_test,nll_train,nll_val,nll_test,mdl_train,mdl_val,mdl_test
0,Recip(((Abs(((((x0 + (Abs((3.6368293697943432 - x3)) ^ x30)) / x16) / Recip((x16 / x19))) - (((x19 + (0.9457999040076006 * ((x24 / x6) + ((6.88252005307654e-2 - x5) - x24)))) + (((Recip((x16 / x30)) - (x18 + x18)) * ((x15 + x25) + 2.1587379658062926)) * ((x3 + x20) + x23))) + (((x16 / x3) / x19) + x23)))) ^ ((((x26 / x30) * -2.3563851407880985) / x24) * -0.9199509178304544)) + (x16 / x30))),3.6368293697943432;0.9457999040076006;6.88252005307654e-2;2.1587379658062926;-2.3563851407880985;-0.9199509178304544,74,3.826770345341721e-2,3.826770345341721e-2,8.4457227984347e-2,0.8469291861863312,0.8469291861863312,-3.3934649997455635,3.826770345341721e-2,3.826770345341721e-2,8.4457227984347e-2,219.24388321953987,219.24388321953987,219.2900727440708
