id,Expression,theta,size,MSE_train,MSE_val,MSE_test,R2_train,R2_val,R2_test,nll_train,nll_val,nll_test,mdl_train,mdl_val,mdl_test
0,(Abs(((Recip(Recip(((Abs(x24) ^ ((x1 * (Abs(((169.18126346410133 / x28) * (Recip(x3) + (x20 * x28)))) ^ x27)) * x28)) + 1378.8463878785722))) + x1) * (1420.2856602668346 * ((x1 * (Abs(((Recip(x18) / (x16 + x2)) * ((((((Abs((x8 / x1)) ^ x4) * (Abs(Recip(x6)) ^ x9)) + (x10 + x1)) + x1) / x27) + Recip(((x27 * Recip(x4)) * (x18 - ((Abs(x4) ^ x9) * x15))))))) ^ (x9 * -31.464530414313177))) * x3)))) ^ (x3 / x16)),169.18126346410133;1378.8463878785722;1420.2856602668346;-31.464530414313177,85,6.369008099503672e-2,6.369008099503672e-2,0.4223935690719128,0.7452396760198532,0.7452396760198532,-20.972913463120065,6.369008099503672e-2,6.369008099503672e-2,0.4223935690719128,241.1650014429437,241.1650014429437,241.52370493102057
