id,Expression,theta,size,MSE_train,MSE_val,MSE_test,R2_train,R2_val,R2_test,nll_train,nll_val,nll_test,mdl_train,mdl_val,mdl_test
0,((x7 + 13.445229823279846) * (x30 - 5.981743443491657e-2)),13.445229823279846;5.981743443491657e-2,7,0.1058148915118594,0.1058148915118594,0.24513028330889444,0.5767404339525624,0.5767404339525624,-11.751677337728202,0.1058148915118594,0.1058148915118594,0.24513028330889444,12.648131176108244,12.648131176108244,12.78744656790528
