id,Expression,theta,size,MSE_train,MSE_val,MSE_test,R2_train,R2_val,R2_test,nll_train,nll_val,nll_test,mdl_train,mdl_val,mdl_test
0,(Abs(((x25 - (x28 * x27)) * Recip(Recip(((Abs(x11) ^ x26) + x30))))) ^ (Abs((Recip((x4 / x5)) * (Recip(x30) / Recip(((x29 * (Recip(((x24 - x6) + (x0 * (Abs(((((x26 * x15) / x20) / Recip(((x11 - x10) * x5))) - x22)) ^ ((Abs(x16) ^ x9) - x21))))) + x7)) * ((-8.286089633842113e-2 + (0.8768397829494637 * ((x2 + (0.3180439556833046 * x28)) + x18))) + x18)))))) ^ (((Abs(((Recip(x29) * (x4 + (Abs(x3) ^ x11))) + x9)) ^ x8) * x26) + Recip((Abs(((x26 * x12) / x22)) ^ (Abs((x27 - x29)) ^ x29)))))),-8.286089633842113e-2;0.8768397829494637;0.3180439556833046,105,1.0151667347118925e-2,1.0151667347118925e-2,1.2291338823155183e15,0.9593933306115243,0.9593933306115243,-6.3939544558050816e16,1.0151667347118925e-2,1.0151667347118925e-2,1.2291338823155183e15,332.7207983361209,332.7207983361209,1.229133882315851e15
