id,Expression,theta,size,MSE_train,MSE_val,MSE_test,R2_train,R2_val,R2_test,nll_train,nll_val,nll_test,mdl_train,mdl_val,mdl_test
0,(Abs(((Abs(x24) ^ ((((Abs(((x21 - x9) * x24)) ^ Recip(x10)) - (x24 * x24)) + ((x14 + x3) + (Abs(x1) ^ x19))) - (x11 * x2))) * (((x14 + x3) * (x7 * (0.10448741209915499 - x18))) * (Abs(((Abs(x10) ^ (Abs(((Abs((x22 + x17)) ^ x24) / (((Abs(x10) ^ x1) - x13) + x14))) ^ (-0.4118396395456456 - x0))) * (((Abs(-0.9985272183594234) ^ (x26 + -0.8446510409719387)) + x2) / (Recip(x24) / x18)))) ^ -1.3205079740051613)))) ^ (x24 * (Abs((Abs(x11) ^ (x30 + -3.0770566252347744))) ^ (Abs(x20) ^ x20)))),0.10448741209915499;-0.4118396395456456;-0.9985272183594234;-0.8446510409719387;-1.3205079740051613;-3.0770566252347744,96,3.874537881794846e-2,3.874537881794846e-2,Infinity,0.8450184847282062,0.8450184847282062,-Infinity,3.874537881794846e-2,3.874537881794846e-2,Infinity,270.460758034601,270.460758034601,Infinity
