id,Expression,theta,size,MSE_train,MSE_val,MSE_test,R2_train,R2_val,R2_test,nll_train,nll_val,nll_test,mdl_train,mdl_val,mdl_test
0,((((x8 * (x6 / (x24 / (Abs(Recip(x7)) ^ x22)))) + x24) * (Abs(-1.4037425004562124e-2) ^ (x25 - x30))) * (((Abs((x27 / Recip(x30))) ^ x29) - x9) * 4.156920086254996)),-1.4037425004562124e-2;4.156920086254996,32,4.094478999720981e-2,4.094478999720981e-2,5.2338736319670225e-2,0.8362208400111608,0.8362208400111608,-1.722661063349141,4.094478999720981e-2,4.094478999720981e-2,5.2338736319670225e-2,82.20413176762749,82.20413176762749,82.21552571394994
