id,Expression,theta,size,MSE_train,MSE_val,MSE_test,R2_train,R2_val,R2_test,nll_train,nll_val,nll_test,mdl_train,mdl_val,mdl_test
0,(Abs(((x8 + (x2 + (x14 / x15))) + ((-2.5626092053186875 * (x6 + ((x6 * x17) * (x6 / x4)))) - x27))) ^ ((-5.04765572494026 * (Abs(x17) ^ x6)) / (x27 + (x6 / (Abs(((Abs(x2) ^ (x21 / x0)) / (Abs(x25) ^ (x18 - x0)))) ^ ((Abs((Abs((Abs((x1 * x10)) ^ x0)) ^ x4)) ^ x14) * (x0 * 7.675165414323869))))))),-2.5626092053186875;-5.04765572494026;7.675165414323869,65,2.420040190545542e-2,2.420040190545542e-2,0.5291632878447747,0.9031983923781783,0.9031983923781783,-26.527074233684132,2.420040190545542e-2,2.420040190545542e-2,0.5291632878447747,170.78093999448294,170.78093999448294,171.28590288042224
