id,Expression,theta,size,MSE_train,MSE_val,MSE_test,R2_train,R2_val,R2_test,nll_train,nll_val,nll_test,mdl_train,mdl_val,mdl_test
0,Recip((0.9883920589072663 + (Recip(Recip(((Recip(Recip(x5)) / (x3 * x5)) / ((Abs(Recip((Recip((Abs(x26) ^ x24)) + (x24 * (x3 * x5))))) ^ (x28 * x26)) + (Abs((x3 * x5)) ^ (((Abs(x3) ^ ((Abs(x10) ^ (Abs(x2) ^ x24)) * x3)) + -3.6737488697997893) * x11)))))) / ((x11 + 6.234764569557791e-2) * x11)))),0.9883920589072663;-3.6737488697997893;6.234764569557791e-2,58,0.10049672098128473,0.10049672098128473,0.1382735128018642,0.5980131160748611,0.5980131160748611,-6.192988135952701,0.10049672098128473,0.10049672098128473,0.1382735128018642,137.33147786097473,137.33147786097473,137.36925465279532
