id,Expression,theta,size,MSE_train,MSE_val,MSE_test,R2_train,R2_val,R2_test,nll_train,nll_val,nll_test,mdl_train,mdl_val,mdl_test
0,(Abs((Abs((Abs((((x28 * ((x21 - x12) / (Abs((((x24 / x16) * -12.378422303766083) * x17)) ^ ((x4 + (Abs(x10) ^ (x25 * x20))) * -32.087531077594804)))) / ((x1 / x0) + (Abs(x5) ^ (Recip((Recip((x25 - x18)) / (x0 / x24))) * x10)))) / (Recip((Abs((x20 * (x15 * x23))) ^ (x29 * x21))) + (Abs(x5) ^ x1)))) ^ (Abs(x16) ^ (x3 - x18)))) ^ x25)) ^ ((Abs(x10) ^ (x25 * x0)) - (x24 / x10))),-12.378422303766083;-32.087531077594804,84,4.2264224107936094e-2,4.2264224107936094e-2,7.7505861791306e66,0.8309431035682556,0.8309431035682556,-4.031854930383584e68,4.2264224107936094e-2,4.2264224107936094e-2,7.7505861791306e66,238.23907526435477,238.23907526435477,7.7505861791306e66
