id,Expression,theta,size,MSE_train,MSE_val,MSE_test,R2_train,R2_val,R2_test,nll_train,nll_val,nll_test,mdl_train,mdl_val,mdl_test
0,(Abs(((Abs((-1.879166858312444e-3 - (x8 * x22))) ^ Recip(((x2 / x4) + (x13 * (x22 * -0.2006126340525316))))) * ((-2.2737820063058036 * x3) / x19))) ^ Recip(((x13 / x4) + (x13 * (x22 * -7.414473581842192e-2))))),-1.879166858312444e-3;-0.2006126340525316;-2.2737820063058036;-7.414473581842192e-2,35,0.10312464535291346,0.10312464535291346,Infinity,0.5875014185883461,0.5875014185883461,-Infinity,0.10312464535291346,0.10312464535291346,Infinity,87.19201652265643,87.19201652265643,Infinity
