id,Expression,theta,size,MSE_train,MSE_val,MSE_test,R2_train,R2_val,R2_test,nll_train,nll_val,nll_test,mdl_train,mdl_val,mdl_test
0,(Abs(Recip((Abs((Abs((Abs(Recip((x3 - (2.699072801283796 / x14)))) ^ (Abs((Abs(x28) ^ x8)) ^ 5.401442571776348))) ^ x13)) ^ (x12 - ((Abs((Abs(1.1309554402321378) ^ x13)) ^ (Abs((Abs(x30) ^ x17)) ^ (x12 - (Recip(x19) * ((Abs((Abs((x15 * x16)) ^ x28)) ^ (x16 + (x30 * x14))) * (((Abs(((x5 / ((Abs((Abs(x28) ^ x8)) ^ 0.29737721648007426) * Recip(x25))) / x16)) ^ (x3 * -11.839538652841373)) + x25) * x10)))))) * x13))))) ^ (Abs((Abs(x28) ^ x8)) ^ (Recip(x16) + 4.982801275560888))),2.699072801283796;5.401442571776348;1.1309554402321378;0.29737721648007426;-11.839538652841373;4.982801275560888,91,4.410251447999798e-2,4.410251447999798e-2,Infinity,0.8235899420800081,0.8235899420800081,-Infinity,4.410251447999798e-2,4.410251447999798e-2,Infinity,225.3387629060133,225.3387629060133,Infinity
