id,Expression,theta,size,MSE_train,MSE_val,MSE_test,R2_train,R2_val,R2_test,nll_train,nll_val,nll_test,mdl_train,mdl_val,mdl_test
0,((x25 - ((x2 + x3) - (x5 + (Abs(x16) ^ (x24 * 0.8791688773309052))))) * (-2.719882777560655e-2 - ((((((Abs(x24) ^ x2) - (x3 * -0.1533537928061183)) / (0.19550369572684193 + (x3 / x21))) - (((x25 * (x2 + Recip((Abs(0.7410114332301061) ^ x2)))) * 0.1617045597634262) * (x7 + (((Abs(x16) ^ -0.2754320790394052) * (x4 + (x24 * -0.635442596947412))) / x6)))) * -0.9610342219356658) * (x7 + x11)))),0.8791688773309052;-2.719882777560655e-2;-0.1533537928061183;0.19550369572684193;0.7410114332301061;0.1617045597634262;-0.2754320790394052;-0.635442596947412;-0.9610342219356658,64,8.387593639416183e-2,8.387593639416183e-2,1.6567996668101121,0.6644962544233527,0.6644962544233527,-85.18671866745873,8.387593639416183e-2,8.387593639416183e-2,1.6567996668101121,173.50618141016403,173.50618141016403,175.07910514058
