id,Expression,theta,size,MSE_train,MSE_val,MSE_test,R2_train,R2_val,R2_test,nll_train,nll_val,nll_test,mdl_train,mdl_val,mdl_test
0,Recip((Recip(((((x10 * (x20 * x13)) * 6.396144214907861) * ((Recip((x27 + x7)) + x24) + x13)) * ((((x10 * (x15 * x13)) * ((((x5 + x24) * Recip(Recip(x27))) + (x7 + (Abs(x6) ^ x10))) * (((((-4.592437113196702 - x1) * (x15 * Recip(x27))) * -7.659370069608342) * ((x13 + x24) + Recip(Recip((x27 + (-0.7394179148988969 + x20)))))) * 10.88762158308693))) * ((x15 + (x21 * -2.010797645532528)) + Recip(Recip((x27 + x7))))) * 5.815690045147245))) + (Abs(x10) ^ (((x20 * (x15 * x13)) * 1.3119572417698913) * ((x5 + x24) + Recip(Recip((x27 + x7)))))))),6.396144214907861;-4.592437113196702;-7.659370069608342;-0.7394179148988969;10.88762158308693;-2.010797645532528;5.815690045147245;1.3119572417698913,99,1.030180146224305e-2,1.030180146224305e-2,7.995999939142584e-2,0.9587927941510278,0.9587927941510278,-3.159519168341814,1.030180146224305e-2,1.030180146224305e-2,7.995999939142584e-2,274.83199617491516,274.83199617491516,274.90165437284435
