id,Expression,theta,size,MSE_train,MSE_val,MSE_test,R2_train,R2_val,R2_test,nll_train,nll_val,nll_test,mdl_train,mdl_val,mdl_test
0,(Abs((((x2 * ((x30 / x27) * (x2 * (x2 * (x19 - (((x15 + x9) * (Abs(-15744.507024670429) ^ x10)) * -35700.54640603381)))))) + Recip((x19 + x4))) + (Abs(x11) ^ (Abs((x27 - x21)) ^ (((x2 * (x2 * -128.3586781192884)) / Recip(x4)) + Recip(((Abs((Abs(x12) ^ x16)) ^ x2) - x2))))))) ^ ((((Abs(x13) ^ x27) * x30) - (((Recip(Recip((x27 * 17452.105115576196))) * (x22 * (x22 * x11))) * x30) + x2)) / (x29 / x28))),-15744.507024670429;-35700.54640603381;-128.3586781192884;17452.105115576196,83,6.165300689172487e-2,6.165300689172487e-2,2.5630187629239122e297,0.7533879724331005,0.7533879724331005,-1.3332823604729682e299,6.165300689172487e-2,6.165300689172487e-2,2.5630187629239122e297,238.3592134175071,238.3592134175071,2.5630187629239122e297
