id,Expression,theta,size,MSE_train,MSE_val,MSE_test,R2_train,R2_val,R2_test,nll_train,nll_val,nll_test,mdl_train,mdl_val,mdl_test
0,((((x27 * (x10 - x6)) * Recip(x11)) + Recip((((Abs(x2) ^ (x5 * x16)) * (-0.3765493269458881 / x23)) / (x27 * -0.7973320610550588)))) + Recip((Abs(x18) ^ (((x4 * (x16 - Recip((Abs(x20) ^ ((-3.068700300529093 * (0.16591595636568301 - (1.3002448240998095 * x10))) * Recip((Abs(x20) ^ (0.8458432995904266 * (x1 + x10))))))))) * (0.3572742993605395 - x6)) * (x1 + (Abs(x18) ^ ((-1.90076513858293e-2 * (x10 - x6)) * (x1 + x10)))))))),-0.3765493269458881;-0.7973320610550588;-3.068700300529093;0.16591595636568301;1.3002448240998095;0.8458432995904266;0.3572742993605395;-1.90076513858293e-2,73,6.631251826227993e-2,6.631251826227993e-2,0.23687231043184764,0.7347499269508803,0.7347499269508803,-11.322097588664244,6.631251826227993e-2,6.631251826227993e-2,0.23687231043184764,200.28816310158024,200.28816310158024,200.45872289374978
