id,Expression,theta,size,MSE_train,MSE_val,MSE_test,R2_train,R2_val,R2_test,nll_train,nll_val,nll_test,mdl_train,mdl_val,mdl_test
0,(Abs(((x4 * (1.6414444796806156 + x27)) * (Recip(x4) * x18))) ^ (Abs(((Abs(Recip(x7)) ^ (x23 * 9.05723836494137)) * ((Abs(Recip((Abs(x17) ^ (((((x3 + x10) + x22) * x11) + (((x8 / x4) * x26) / ((x7 / x4) * x1))) - ((Abs(Recip(x7)) ^ (x23 * 3.9404031413785896)) * Recip((Abs(Recip(Recip(x4))) ^ (x15 * (((Abs(((x26 - x23) - x5)) ^ x0) - x25) + -6.801511825819445))))))))) ^ (((x17 + (x1 + x26)) + (x26 * x25)) * (x27 - (Abs(x16) ^ x15)))) + ((x27 - Recip(Recip(x20))) + -1.0684847637048256)))) ^ (x7 + -3.75741272621899))),1.6414444796806156;9.05723836494137;3.9404031413785896;-6.801511825819445;-1.0684847637048256;-3.75741272621899,103,3.474235379620257e-2,3.474235379620257e-2,0.15304925626266866,0.8610305848151897,0.8610305848151897,-6.96162231078372,3.474235379620257e-2,3.474235379620257e-2,0.15304925626266866,306.29581692781557,306.29581692781557,306.414123830282
