id,Expression,theta,size,MSE_train,MSE_val,MSE_test,R2_train,R2_val,R2_test,nll_train,nll_val,nll_test,mdl_train,mdl_val,mdl_test
0,(((((x28 + ((x16 + (((((Recip(x0) * -1.8888874866787415) + (x5 + x2)) + (0.15866669160872704 / x16)) + x28) + 0.5558908196842074)) + x19)) + ((((x20 + x1) * x15) * ((-0.35986012186772903 * x19) * ((Abs(0.5489678761664437) ^ x0) * (1.8593979507876803e-2 + x12)))) + (-0.7661053399466964 * x5))) * x15) * (-1.1105394255111252 * ((((0.898651763886293 / x16) + (((((x5 + x2) * x24) * x25) + -0.3870639900922103) * x15)) * x15) * (-0.9459223546977942 * (1.0008153843489453 * (-1.0403883694645677 * (x25 + x15))))))) + -0.10931270814014445),-1.8888874866787415;0.15866669160872704;0.5558908196842074;-0.35986012186772903;0.5489678761664437;1.8593979507876803e-2;-0.7661053399466964;-1.1105394255111252;0.898651763886293;-0.3870639900922103;-0.9459223546977942;1.0008153843489453;-1.0403883694645677;-0.10931270814014445,79,5.143088589054501e-2,5.143088589054501e-2,6.297949655837887e-2,0.79427645643782,0.79427645643782,-2.2761934109667434,5.143088589054501e-2,5.143088589054501e-2,6.297949655837887e-2,225.50042800179136,225.50042800179136,225.5119766124592
