id,Expression,theta,size,MSE_train,MSE_val,MSE_test,R2_train,R2_val,R2_test,nll_train,nll_val,nll_test,mdl_train,mdl_val,mdl_test
0,(Abs(((Abs(((2.4355749460459393 - x13) + (Abs(x24) ^ (Abs(x16) ^ x13)))) ^ (0.7570437138934807 - x13)) * ((Abs(Recip((x16 + (Recip((((((((x14 * x8) * x2) - x23) / x17) * (x16 + x21)) / x21) - (x25 + x6))) * x17)))) ^ x0) * ((((((Abs(Recip((((x3 * ((Abs(((0.5444165896770762 - x13) + (1.7055728139348856 / x12))) ^ (-2.74491576209207 - (x12 / x4))) * x13)) * (Recip(x22) - (x4 - x11))) / x6))) ^ ((-0.324169094576938 * x24) - ((x11 + x10) / Recip(Recip(x19))))) + x15) * x21) * (-0.3876671766633847 / x12)) / x14) + (Abs(x0) ^ x10))))) ^ 2.7142846400786977),2.4355749460459393;0.7570437138934807;0.5444165896770762;1.7055728139348856;-2.74491576209207;-0.324169094576938;-0.3876671766633847;2.7142846400786977,105,0.10013874753390584,0.10013874753390584,1.058877528628296e7,0.5994450098643767,0.5994450098643767,-5.508280893924186e8,0.10013874753390584,0.10013874753390584,1.058877528628296e7,319.7963147499538,319.7963147499538,1.0589094982458962e7
