id,Expression,theta,size,MSE_train,MSE_val,MSE_test,R2_train,R2_val,R2_test,nll_train,nll_val,nll_test,mdl_train,mdl_val,mdl_test
0,Recip(((((Abs((((((((x21 + x5) - (Recip(Recip((Abs(x29) ^ x18))) - x15)) - (x4 + x13)) * x21) - (x30 * 0.31075014366245274)) / x26) - (Abs((((x12 + x1) + Recip(Recip(Recip(x6)))) - x12)) ^ Recip(((((x1 / x6) / (Recip(Recip(x8)) - ((Abs((x4 / x1)) ^ 6.356391990714236e-2) / (Abs(x21) ^ x25)))) + (Abs(x5) ^ (Abs(x4) ^ x0))) - x12))))) ^ (((Recip(Recip(x21)) + (Abs(Recip((x26 * (x19 - x28)))) ^ (Abs(x1) ^ x30))) + x21) * Recip(Recip((x12 + x1))))) + x8) + Recip((Abs(x30) ^ x14))) / (Recip(Recip(x6)) / x21))),0.31075014366245274;6.356391990714236e-2,108,2.6336304488451288e-2,2.6336304488451288e-2,4.1518288478158416e-2,0.8946547820461949,0.8946547820461949,-1.1597813666337182,2.6336304488451288e-2,2.6336304488451288e-2,4.1518288478158416e-2,315.4761671415721,315.4761671415721,315.4913491255618
