id,Expression,theta,size,MSE_train,MSE_val,MSE_test,R2_train,R2_val,R2_test,nll_train,nll_val,nll_test,mdl_train,mdl_val,mdl_test
0,((Abs((((-5.889059922987589e-2 * Recip(x15)) * x19) + x9)) ^ (Abs(x16) ^ ((((x9 - x16) + (((x3 - (x11 + x18)) + (Abs(((x3 - (((0.46195456268044494 * Recip(x3)) * x19) * x7)) / x21)) ^ (Abs(x12) ^ (x22 - x13)))) - Recip(Recip((Abs(x20) ^ (x3 * x12)))))) + ((x2 - (x19 + x11)) + (Abs(((x3 - (x9 * x7)) / x21)) ^ (Abs(x21) ^ x22)))) * (x28 * x12)))) + -1.3668623672443484e-2),-5.889059922987589e-2;0.46195456268044494;-1.3668623672443484e-2,78,1.1976855917461007e-3,1.1976855917461007e-3,4.525160250681432e-2,0.9952092576330156,0.9952092576330156,-1.3539883624043911,1.1976855917461007e-3,1.1976855917461007e-3,4.525160250681432e-2,219.46521187403218,219.46521187403218,219.50926579094727
