id,Expression,theta,size,MSE_train,MSE_val,MSE_test,R2_train,R2_val,R2_test,nll_train,nll_val,nll_test,mdl_train,mdl_val,mdl_test
0,((Recip(((Abs(-5.4751479587648824e-2) ^ x21) * (0.21823869588745762 / x3))) + -0.38057466589664574) - ((Recip(((((x28 - (27.03288049759657 / x3)) - ((Abs(x17) ^ (x7 - x30)) + Recip((x15 + x4)))) * Recip(((Abs(x9) ^ x16) + (Recip(((x6 + Recip(x2)) - (x14 - (x13 - x27)))) * ((x1 * (x1 + -1.0748461421026727)) / (x30 + (x5 + x21))))))) * Recip(x16))) / ((Abs(0.907783597207658) ^ x21) / (Abs(x9) ^ x16))) / (x30 + x4))),-5.4751479587648824e-2;0.21823869588745762;-0.38057466589664574;27.03288049759657;-1.0748461421026727;0.907783597207658,77,5.828770580623775e-2,5.828770580623775e-2,8.568032364730582e-2,0.7668491767750489,0.7668491767750489,-3.4570904361326784,5.828770580623775e-2,5.828770580623775e-2,8.568032364730582e-2,228.87816349085833,228.87816349085833,228.9055561086994
