id,Expression,theta,size,MSE_train,MSE_val,MSE_test,R2_train,R2_val,R2_test,nll_train,nll_val,nll_test,mdl_train,mdl_val,mdl_test
0,(1.015453612879516 * (Abs(x18) ^ (x6 * ((Abs(x26) ^ (((Abs(x24) ^ x14) * (((Abs(5.6178653839145096e-2) ^ (x3 - x6)) / (Recip(x14) + x18)) * -4.3678803888782936)) * ((x17 - (x28 * x2)) / x11))) * (x3 * (Abs((x22 + x28)) ^ ((1.0627418977990553 * (-4.014390424603094 + x23)) + -3.4323366387174863))))))),1.015453612879516;5.6178653839145096e-2;-4.3678803888782936;1.0627418977990553;-4.014390424603094;-3.4323366387174863,51,2.297439155334734e-2,2.297439155334734e-2,0.11161671713533315,0.9081024337866106,0.9081024337866106,-4.806301625379809,2.297439155334734e-2,2.297439155334734e-2,0.11161671713533315,135.4671674332096,135.4671674332096,135.55580975879158
