id,Expression,theta,size,MSE_train,MSE_val,MSE_test,R2_train,R2_val,R2_test,nll_train,nll_val,nll_test,mdl_train,mdl_val,mdl_test
0,(Recip(x1) / ((x24 + ((Recip(x6) * x11) + (Abs(((x10 + ((Recip((Recip(x0) - (-0.16095317207922286 + x0))) / x2) + (Abs(((Abs(x3) ^ x27) / x28)) ^ x15))) + ((((x5 / x16) + (x22 / x20)) + (-4.7448330537619485 + x0)) - (((Abs(x13) ^ x26) / (-5.254375745130532 * (x4 + x6))) * (Abs((x4 / x0)) ^ (x14 - x12)))))) ^ (((Recip((Abs(x16) ^ x13)) * 2.229776259073829) + x11) + ((Abs(x14) ^ ((x5 / x11) + (x22 / x4))) - x3))))) + 4.586474962460835)),-0.16095317207922286;-4.7448330537619485;-5.254375745130532;2.229776259073829;4.586474962460835,89,9.279821828926402e-2,9.279821828926402e-2,9.796932528749297e-2,0.6288071268429439,0.6288071268429439,-4.096364301455189,9.279821828926402e-2,9.279821828926402e-2,9.796932528749297e-2,270.35142123064423,270.35142123064423,270.35659233764244
