id,Expression,theta,size,MSE_train,MSE_val,MSE_test,R2_train,R2_val,R2_test,nll_train,nll_val,nll_test,mdl_train,mdl_val,mdl_test
0,(0.9465872607663479 * (Abs(x2) ^ (Abs((Recip(Recip((x23 * (x16 / Recip((5.1448657543702865 / x8)))))) + (Abs((x14 + (x24 * (Abs(Recip(x22)) ^ ((Abs((x12 - x22)) ^ x8) + 10.648863252036449))))) ^ Recip(x22)))) ^ ((Recip(Recip(x0)) * x14) / (((x24 / (x23 + (Abs((Abs(x2) ^ x22)) ^ (Abs((x7 + x14)) ^ x0)))) + (x15 * Recip(x5))) - x14))))),0.9465872607663479;5.1448657543702865;10.648863252036449,67,4.040589999089752e-2,4.040589999089752e-2,Infinity,0.8383764000364099,0.8383764000364099,-Infinity,4.040589999089752e-2,4.040589999089752e-2,Infinity,173.7623056708109,173.7623056708109,Infinity
