id,Expression,theta,size,MSE_train,MSE_val,MSE_test,R2_train,R2_val,R2_test,nll_train,nll_val,nll_test,mdl_train,mdl_val,mdl_test
0,((Abs((Abs((Abs(((x11 - ((x6 * -1.9842348455929257) - x17)) / ((x2 * x12) * Recip(x27)))) ^ ((Abs(x9) ^ (Abs(x17) ^ ((x7 * ((x30 * 1.4629255057544805) + -1.394052759841413)) + (x23 / (3.9420262680813747 / (((Recip(x13) - x19) * x15) * Recip(((x6 + x27) + (x23 * x30))))))))) + x15))) ^ ((x6 + (x23 * x30)) + (x23 * x10)))) ^ (((x11 - ((x6 * -3.880538238693726) - x17)) / x9) * -10.192376004098273)) - ((x4 * x22) * (2.650177275052587 * x25))),-1.9842348455929257;1.4629255057544805;-1.394052759841413;3.9420262680813747;-3.880538238693726;-10.192376004098273;2.650177275052587,83,6.856501002918337e-2,6.856501002918337e-2,60.696248309132905,0.7257399598832666,0.7257399598832666,-3156.4188370409734,6.856501002918337e-2,6.856501002918337e-2,60.696248309132905,247.95676377716893,247.95676377716893,308.5844470762727
