id,Expression,theta,size,MSE_train,MSE_val,MSE_test,R2_train,R2_val,R2_test,nll_train,nll_val,nll_test,mdl_train,mdl_val,mdl_test
0,Recip((Abs((((x9 - x11) + x0) + ((((x9 + (Recip(x9) / (Abs(x17) ^ x18))) + x27) - Recip((Recip(x25) - (-0.13366494499631024 - (x17 + x11))))) / (x16 * (x1 + (x12 * ((x28 + -3.0366568135344814) + x18))))))) ^ (Abs((((((x4 + x21) / x2) + x3) + x3) / ((x4 * (x28 + 18.48794727356403)) * (x26 + (x12 * ((x28 + -5.637715644811389) + x29)))))) ^ (Abs((x24 - ((-19.346782326145618 - ((x29 + (x24 + x20)) + x11)) + x29))) ^ (x23 + x4))))),-0.13366494499631024;-3.0366568135344814;18.48794727356403;-5.637715644811389;-19.346782326145618,87,7.186228159304491e-5,7.186228159304491e-5,1.6084298878405196e-2,0.9997125508736279,0.9997125508736279,0.1632947723453937,7.186228159304491e-5,7.186228159304491e-5,1.6084298878405196e-2,273.55453174064087,273.55453174064087,273.5705441772377
