id,Expression,theta,size,MSE_train,MSE_val,MSE_test,R2_train,R2_val,R2_test,nll_train,nll_val,nll_test,mdl_train,mdl_val,mdl_test
0,(Abs(0.7839127825476685) ^ (x3 + ((Abs((0.43076692973708847 - (x4 * ((Abs(-3.398650887967542e-4) ^ (((Abs((0.27957321445344663 - (x11 + x24))) ^ x4) * (Abs((x11 + x24)) ^ 0.6581690728087186)) + x3)) + (Abs(-0.28910509405954776) ^ (((((x20 * (x30 * (((x22 * x5) + x27) / x13))) * -0.12464296819210485) * (((Abs(x20) ^ ((Abs(((Abs(x7) ^ x3) * -0.6837041408583026)) ^ x17) / x13)) - (-0.6043773701305402 * x4)) + (Abs(x21) ^ x28))) * (x26 * -0.47615423126594236)) + x8)))))) ^ x4) * (Abs((x11 + x24)) ^ -3.684329863288752)))),0.7839127825476685;0.43076692973708847;-3.398650887967542e-4;0.27957321445344663;0.6581690728087186;-0.28910509405954776;-0.12464296819210485;-0.6837041408583026;-0.6043773701305402;-0.47615423126594236;-3.684329863288752,86,7.075994008538218e-2,7.075994008538218e-2,9.129695999912514e-2,0.7169602396584713,0.7169602396584713,-3.7492678591543083,7.075994008538218e-2,7.075994008538218e-2,9.129695999912514e-2,231.8989439419591,231.8989439419591,231.9194809618728
