id,Expression,theta,size,MSE_train,MSE_val,MSE_test,R2_train,R2_val,R2_test,nll_train,nll_val,nll_test,mdl_train,mdl_val,mdl_test
0,(Abs((Abs((x3 * 0.569015452006823)) ^ (x12 * (x30 * (((x26 + 5.4620593688707794e-2) / Recip((Abs(x7) ^ x26))) * (x10 + x21)))))) ^ Recip(Recip(((Abs((Recip((Abs((x14 * x9)) ^ 0.4886928608401764)) * Recip((Abs(-0.6372092220807313) ^ (Abs(x29) ^ x20))))) ^ (Recip((Abs((x30 * 0.17863022428662673)) ^ x13)) / (Abs((x8 + (x28 + x15))) ^ (x13 * x20)))) - (((-0.5837597600907573 + (x28 - (x11 + x15))) - ((x7 - x11) * (Abs(x21) ^ (x30 + x7)))) - (Abs(Recip(((x19 * x8) + (x26 * x22)))) ^ ((x30 - (x21 * x3)) - (x21 + x29)))))))),0.569015452006823;5.4620593688707794e-2;0.4886928608401764;-0.6372092220807313;0.17863022428662673;-0.5837597600907573,101,7.099294711455138e-2,7.099294711455138e-2,Infinity,0.7160282115417944,0.7160282115417944,-Infinity,7.099294711455138e-2,7.099294711455138e-2,Infinity,289.76981718525263,289.76981718525263,Infinity
