id,Expression,theta,size,MSE_train,MSE_val,MSE_test,R2_train,R2_val,R2_test,nll_train,nll_val,nll_test,mdl_train,mdl_val,mdl_test
0,(Abs(Recip((((((x4 * ((-3.607292751860112e-2 / x10) + x13)) / x10) - (Abs(Recip(x12)) ^ Recip(x13))) - x30) + (((Abs(((x3 + x11) - ((x17 + x2) * x3))) ^ x3) + x25) * x2)))) ^ ((Abs((((Abs((x10 * x7)) ^ x8) + 10.008768825592517) * ((Abs(x26) ^ -9.655906450391667) + x7))) ^ x2) / ((Abs(((Abs(Recip((Abs(-0.19982689591378522) ^ ((Abs(((Abs(Recip(x30)) ^ x23) - x6)) ^ 6.361599548616085) - (((Abs((x4 * (-3.0450053492600895e-3 - Recip(x17)))) ^ x30) * (Abs(Recip(x12)) ^ x29)) * x27))))) ^ x23) - x6)) ^ -31.40664951421313) / Recip((x3 + Recip((x28 - x29))))))),-3.607292751860112e-2;10.008768825592517;-9.655906450391667;-0.19982689591378522;6.361599548616085;-3.0450053492600895e-3;-31.40664951421313,105,9.153284432597321e-2,9.153284432597321e-2,Infinity,0.6338686226961072,0.6338686226961072,-Infinity,9.153284432597321e-2,9.153284432597321e-2,Infinity,296.22810873220044,296.22810873220044,Infinity
