id,Expression,theta,size,MSE_train,MSE_val,MSE_test,R2_train,R2_val,R2_test,nll_train,nll_val,nll_test,mdl_train,mdl_val,mdl_test
0,Recip(Recip(((((5.493583724813313 * x26) + (((0.7028267419113997 + x18) - x28) + 0.3120212131006647)) * (Abs(((x20 * ((x21 - ((Abs((x4 + x5)) ^ x5) + x7)) * x23)) * x23)) ^ x26)) - ((((Recip(Recip(x6)) / (Abs((Abs(x4) ^ (x20 * (Abs(x28) ^ ((x2 * (x21 - (Abs(x26) ^ x22))) + x26))))) ^ (Abs(x18) ^ (Abs((Recip(Recip(Recip(x16))) - (Abs(-1.3573315416267006e-2) ^ (x29 + x13)))) ^ ((Abs(x9) ^ Recip(x0)) + Recip(Recip((x21 * x25)))))))) * 9.95508133003116) + (x4 + x15)) - ((Abs(x28) ^ (x3 + x9)) * (x18 + (x18 + 0.7510191291752297))))))),5.493583724813313;0.7028267419113997;0.3120212131006647;-1.3573315416267006e-2;9.95508133003116;0.7510191291752297,104,9.806850318034493e-2,9.806850318034493e-2,0.19921941731105205,0.6077259872786203,0.6077259872786203,-9.363394088520533,9.806850318034493e-2,9.806850318034493e-2,0.19921941731105205,306.610897041583,306.610897041583,306.7120479557137
