id,Expression,theta,size,MSE_train,MSE_val,MSE_test,R2_train,R2_val,R2_test,nll_train,nll_val,nll_test,mdl_train,mdl_val,mdl_test
0,(Abs((((((Abs(x29) ^ x30) * (x22 + (x10 - (((x22 + x25) + x19) - x10)))) * x29) * ((Recip(x20) + (x15 * x21)) - (Abs((x0 * x24)) ^ (Abs(((x29 * (x29 + x30)) * x29)) ^ x6)))) / (3.332532652535701 / ((x29 * (x29 + x30)) * x29)))) ^ (((x13 / (x29 * x29)) - (x2 - ((Abs(x1) ^ (((Abs(4.9172677592017566e-5) ^ (x17 + (Abs(x9) ^ x3))) / x28) * (Abs((x28 / x29)) ^ x27))) * x9))) * x15)),3.332532652535701;4.9172677592017566e-5,86,3.23451427219539e-2,3.23451427219539e-2,8.327435213351778e-2,0.8706194291121844,0.8706194291121844,-3.331931797985429,3.23451427219539e-2,3.23451427219539e-2,8.327435213351778e-2,257.10762069105965,257.10762069105965,257.1585499004712
