id,Expression,theta,size,MSE_train,MSE_val,MSE_test,R2_train,R2_val,R2_test,nll_train,nll_val,nll_test,mdl_train,mdl_val,mdl_test
0,((0.13948467439386975 / (x6 / x26)) - (x3 - (x1 - (((((Abs(Recip(((Abs(x25) ^ -2.1173697707878074) / x8))) ^ x5) + (((Abs(x21) ^ ((2.6133321420201976 / (x26 / x22)) * x26)) * x29) + x2)) * Recip((x6 / x26))) / ((x20 - (x18 * ((x26 - x10) * x24))) + Recip((x15 / x9)))) * 0.12609118179144296)))),0.13948467439386975;-2.1173697707878074;2.6133321420201976;0.12609118179144296,57,3.3926857223014584e-2,3.3926857223014584e-2,7.909900859680064e-2,0.8642925711079417,0.8642925711079417,-3.1147304272054113,3.3926857223014584e-2,3.3926857223014584e-2,7.909900859680064e-2,171.64883369601208,171.64883369601208,171.69400584738588
