id,Expression,theta,size,MSE_train,MSE_val,MSE_test,R2_train,R2_val,R2_test,nll_train,nll_val,nll_test,mdl_train,mdl_val,mdl_test
0,(((x23 - x12) * (((Recip((((Recip((x18 + (x14 - x19))) / ((x2 * x30) + 1.0921932394901426)) / (x15 * (x14 + Recip((x18 + (x14 - x19)))))) + ((Abs(Recip(x10)) ^ ((x12 * x26) + (x29 + (x13 * x6)))) + x24))) + (Abs(x12) ^ x25)) / (x6 + ((x10 * (x29 + x8)) + (x21 - x26)))) + ((Recip((x13 / ((Abs(x22) ^ (1.0057799801647567 + Recip((x4 + (x18 + (x14 - x19)))))) + x24))) + (Abs(x19) ^ ((x2 * 4.6688791161214205) - x12))) / (x5 + (((x4 + x20) * (x13 + x24)) + x24))))) * -0.33375375122159767),1.0921932394901426;1.0057799801647567;4.6688791161214205;-0.33375375122159767,103,4.843158189657995e-2,4.843158189657995e-2,Infinity,0.8062736724136802,0.8062736724136802,-Infinity,4.843158189657995e-2,4.843158189657995e-2,Infinity,329.93667808924175,329.93667808924175,Infinity
