id,Expression,theta,size,MSE_train,MSE_val,MSE_test,R2_train,R2_val,R2_test,nll_train,nll_val,nll_test,mdl_train,mdl_val,mdl_test
0,(16.84539591604189 * Recip(Recip(Recip(((Recip(Recip(((((x22 + x10) + (x17 / x27)) + Recip(Recip((Recip(Recip(((((Abs(x28) ^ x26) + (Abs(x11) ^ x14)) + ((x11 + (Abs(x15) ^ 2.043100001489497)) / x14)) + (Abs((x27 / x26)) ^ -2.089139577855143)))) + (x10 + Recip((Recip(x12) / ((x0 / x15) / (x1 / x24))))))))) + (Abs(x12) ^ x27)))) + (Recip(Recip((((((x12 / x14) + x22) + (Abs(x11) ^ 8.137617720155285)) + (Abs(x11) ^ -2.338288216989858)) + (Abs((x27 / x26)) ^ 6.521578122220125)))) / x29)) + (x12 / x14)))))),16.84539591604189;2.043100001489497;-2.089139577855143;8.137617720155285;-2.338288216989858;6.521578122220125,94,7.366725386617239e-2,7.366725386617239e-2,6.717779496557137e-2,0.7053309845353104,0.7053309845353104,-2.4945888941088894,7.366725386617239e-2,7.366725386617239e-2,6.717779496557137e-2,257.70664277950937,257.70664277950937,257.70015332060876
