id,Expression,theta,size,MSE_train,MSE_val,MSE_test,R2_train,R2_val,R2_test,nll_train,nll_val,nll_test,mdl_train,mdl_val,mdl_test
0,(((((1.9336235881647832 * (x27 + (-5.056379237707586 * Recip((Recip((((x12 - (x30 / x25)) * Recip(Recip((((x10 + (-2.0405718394841084 * x15)) * Recip((x16 + ((-1.319184223449279 * x15) + (2.8854867116139364 * x27))))) * x25)))) / x10)) + x27))))) * 2.040624259369109) + (7.862153585867608 * x27)) * Recip((Abs(x11) ^ x11))) * x27),1.9336235881647832;-5.056379237707586;-2.0405718394841084;-1.319184223449279;2.8854867116139364;2.040624259369109;7.862153585867608,52,8.930217230539243e-2,8.930217230539243e-2,0.14901959376143142,0.6427913107784302,0.6427913107784302,-6.751999267469367,8.930217230539243e-2,8.930217230539243e-2,0.14901959376143142,138.19986242851812,138.19986242851812,138.25957984997416
