id,Expression,theta,size,MSE_train,MSE_val,MSE_test,R2_train,R2_val,R2_test,nll_train,nll_val,nll_test,mdl_train,mdl_val,mdl_test
0,Recip(((Abs(((x15 + (x30 + -0.6186123433413847)) * ((Recip((Recip(x8) - ((-0.6133748117726424 / (x2 * 0.5629697431305573)) / x14))) + (((x17 + (((x29 + x22) / ((Recip((Abs(((x2 / x24) * 0.7032265941407345)) ^ (x9 + x19))) * Recip(x26)) - Recip((x12 - x29)))) * x17)) - ((Abs(x20) ^ x22) / ((Abs(x3) ^ 0.9800821427709262) / Recip(x15)))) * (Abs(x7) ^ x9))) * x26))) ^ Recip((x15 / ((-1.0480078850098955 * x2) * -0.6719692597588753)))) + (Abs(Recip((Abs(Recip((x2 * Recip((-0.10568885559451424 + x14))))) ^ (x3 - x23)))) ^ (Abs((((Recip(x9) * Recip(x26)) - Recip((x9 - x29))) / x17)) ^ x27)))),-0.6186123433413847;-0.6133748117726424;0.5629697431305573;0.7032265941407345;0.9800821427709262;-1.0480078850098955;-0.6719692597588753;-0.10568885559451424,107,0.10823087898704856,0.10823087898704856,0.17929367694023263,0.5670764840518058,0.5670764840518058,-8.326857074430546,0.10823087898704856,0.10823087898704856,0.17929367694023263,318.7769375409389,318.7769375409389,318.84800033889206
