id,Expression,theta,size,MSE_train,MSE_val,MSE_test,R2_train,R2_val,R2_test,nll_train,nll_val,nll_test,mdl_train,mdl_val,mdl_test
0,(Abs(((Abs((Abs(Recip((Abs(x4) ^ x14))) ^ (((x10 / (Recip(((x19 + (Recip((x20 - x9)) + (x23 - (-20.98797846004395 + x28)))) + (Abs((Abs((x4 / (x21 + x29))) ^ ((Recip(x24) / (x17 + Recip(x30))) - (Abs((x13 * x11)) ^ x25)))) ^ (Recip((Abs(x9) ^ (x27 / x10))) * Recip(((x25 + (x25 + x6)) * (x19 / x13))))))) + x13)) * x5) + Recip(((Recip(x24) / (x17 + Recip(x30))) + x4))))) ^ -35.011023680459765) / (x29 / x7))) ^ x29),-20.98797846004395;-35.011023680459765,89,4.535268228378898e-2,4.535268228378898e-2,3.4631441448033914e22,0.8185892708648441,0.8185892708648441,-1.8015275841266554e24,4.535268228378898e-2,4.535268228378898e-2,3.4631441448033914e22,267.00813882863446,267.00813882863446,3.4631441448033914e22
