id,Expression,theta,size,MSE_train,MSE_val,MSE_test,R2_train,R2_val,R2_test,nll_train,nll_val,nll_test,mdl_train,mdl_val,mdl_test
0,(Abs((Abs(x0) ^ x6)) ^ Recip((((Recip(x9) + x3) / x6) / (734.5767478808414 * Recip(((Recip(x9) + x3) / (x27 * ((Abs((Abs(((x9 - (x3 + (x9 / (Abs((x30 + 1.1066415970042658)) ^ x8)))) + (Abs(x9) ^ x15))) ^ x6)) ^ (3905.526388922763 / (((x23 * x13) + x18) - Recip(x3)))) / x22)))))))),734.5767478808414;1.1066415970042658;3905.526388922763,58,4.3363918390833554e-2,4.3363918390833554e-2,9.084436454108258e-2,0.8265443264366658,0.8265443264366658,-3.7257238434269357,4.3363918390833554e-2,4.3363918390833554e-2,9.084436454108258e-2,153.15419083504574,153.15419083504574,153.20167128119598
