id,Expression,theta,size,MSE_train,MSE_val,MSE_test,R2_train,R2_val,R2_test,nll_train,nll_val,nll_test,mdl_train,mdl_val,mdl_test
0,(((Abs(x26) ^ ((9.800857064751599e-2 * (-1.3914237688087348 + x20)) + x26)) + (Abs(x15) ^ x6)) + -1.781221535553985),9.800857064751599e-2;-1.3914237688087348;-1.781221535553985,17,7.171391817670739e-2,7.171391817670739e-2,0.15822240365169843,0.7131443272931705,0.7131443272931705,-7.230729437961038,7.171391817670739e-2,7.171391817670739e-2,0.15822240365169843,31.263337043374246,31.263337043374246,31.349845528849237
