id,Expression,theta,size,MSE_train,MSE_val,MSE_test,R2_train,R2_val,R2_test,nll_train,nll_val,nll_test,mdl_train,mdl_val,mdl_test
0,((Abs((Recip((((Abs((x14 - (x5 * x16))) ^ (x2 + x17)) + (Recip((x2 * x3)) / (x7 / (x12 / x30)))) - x28)) / Recip(((Abs(x18) ^ x14) + x28)))) ^ (Abs(x14) ^ (((((x8 - (x21 * x26)) + (x13 + 6.941260637820579e-2)) * -5.532662563769342) + x19) + Recip((Abs((((x18 / ((x14 + x14) * -0.3431909276600345)) * ((x13 / x4) * x6)) * Recip(x5))) ^ (Abs(Recip((x21 / ((x30 * 6.6748661036591335) - (x15 - x5))))) ^ (x26 * ((Recip((Recip(x21) + x25)) + (x15 - x6)) / x7)))))))) * (x13 + 0.523209762140852)),6.941260637820579e-2;-5.532662563769342;-0.3431909276600345;6.6748661036591335;0.523209762140852,99,3.505089761834283e-2,3.505089761834283e-2,0.10608247117033416,0.8597964095266286,0.8597964095266286,-4.518410150280572,3.505089761834283e-2,3.505089761834283e-2,0.10608247117033416,306.547879436021,306.547879436021,306.61891100957297
