id,Expression,theta,size,MSE_train,MSE_val,MSE_test,R2_train,R2_val,R2_test,nll_train,nll_val,nll_test,mdl_train,mdl_val,mdl_test
0,(Recip(((Recip(((x13 * (x30 + x9)) + 6.251378859882899e-2)) + x19) * x13)) / ((Abs(x27) ^ (Abs((x21 / Recip((x27 / (x1 + -0.5940231200323305))))) ^ x14)) / (Recip(((Recip(Recip(((Recip(Recip(((Recip(((((Abs((x13 * (x0 / x23))) ^ (x8 * -0.310008077276487)) * Recip((x7 + x5))) + x30) - x5)) + x14) + x20))) + (x10 + (x13 + x14))) + x27))) + (x10 + ((x0 + 0.8385076666849783) + x13))) - x25)) * (Abs((((((x30 + x13) / (Abs(((x7 / x5) * x21)) ^ (x28 + x8))) / Recip(x12)) + x9) * x21)) ^ (x28 + x8))))),6.251378859882899e-2;-0.5940231200323305;-0.310008077276487;0.8385076666849783,103,3.0455780189886764e-2,3.0455780189886764e-2,4.4141323460333975e-2,0.878176879240453,0.878176879240453,-1.2962316464064858,3.0455780189886764e-2,3.0455780189886764e-2,4.4141323460333975e-2,315.4802866172735,315.4802866172735,315.493972160544
