id,Expression,theta,size,MSE_train,MSE_val,MSE_test,R2_train,R2_val,R2_test,nll_train,nll_val,nll_test,mdl_train,mdl_val,mdl_test
0,((Abs((x8 * Recip((Abs((-7.75447453015148 - (x8 * (((Abs((Abs(((x14 - (x6 - (((x1 + (x1 / x3)) - x19) * x24))) + x17)) ^ ((x16 - ((Abs(x2) ^ (x3 / x27)) * (x1 + x5))) + (x29 * ((Recip(x7) * x24) / x28))))) ^ x5) - (Abs(x14) ^ (x6 - (x29 - x25)))) * x1)))) ^ x17)))) ^ (Abs((Abs(x23) ^ (x24 / ((x17 / x3) - x6)))) ^ (x14 * 15.34824833990115))) + (x25 - (((x30 + 0.21713261134880765) * x29) / (x28 * 0.565099100282568)))),-7.75447453015148;15.34824833990115;0.21713261134880765;0.565099100282568,91,4.5164214836562716e-2,4.5164214836562716e-2,0.17980800763924978,0.8193431406537491,0.8193431406537491,-8.353612557393417,4.5164214836562716e-2,4.5164214836562716e-2,0.17980800763924978,267.2118576788972,267.2118576788972,267.34650147169987
