id,Expression,theta,size,MSE_train,MSE_val,MSE_test,R2_train,R2_val,R2_test,nll_train,nll_val,nll_test,mdl_train,mdl_val,mdl_test
0,Recip(((Abs(Recip(x10)) ^ (Abs(((x11 * x0) / (x2 - x9))) ^ (x10 * -2.8854847647694424))) + (Abs((Abs((Abs((x20 - (x0 * -0.14921724414806226))) ^ (((Abs(Recip(((Abs((x29 * x6)) ^ (x18 * x20)) * 1.073872874155082))) ^ x11) - (Abs(x28) ^ x8)) * x11))) ^ Recip(Recip((x10 * -6.507819777083845))))) ^ (((((Abs((x9 * x6)) ^ x25) / Recip(((x10 * -0.9687573137317637) - x25))) * x4) / (x9 / x12)) + (((Abs((x20 * x6)) ^ Recip(x30)) - ((x7 - x2) + (x20 * x30))) - (Recip(x27) + x11)))))),-2.8854847647694424;-0.14921724414806226;1.073872874155082;-6.507819777083845;-0.9687573137317637,95,8.505153372729668e-2,8.505153372729668e-2,1.6621933847700045e160,0.6597938650908133,0.6597938650908133,-8.646729987573233e161,8.505153372729668e-2,8.505153372729668e-2,1.6621933847700045e160,270.2196271133027,270.2196271133027,1.6621933847700045e160
