id,Expression,theta,size,MSE_train,MSE_val,MSE_test,R2_train,R2_val,R2_test,nll_train,nll_val,nll_test,mdl_train,mdl_val,mdl_test
0,Recip((Recip((Abs((Abs(Recip(Recip(((x13 / ((x10 - x12) / x28)) / (((x0 * x2) / (10.855035773066875 * x17)) - ((Abs(x10) ^ (Abs(Recip(x13)) ^ x17)) - x16)))))) ^ (x2 - ((Abs(x10) ^ (Abs(Recip((x14 / x23))) ^ x17)) - x16)))) ^ (x16 + ((Abs(x24) ^ (35.17383207524433 * x17)) + x12)))) + ((x6 * -5.7481249983009395) + (Abs(Recip(((x0 * x2) / (-5.249686231604148 * Recip((Abs((5.62851042648555 * x17)) ^ (x6 - (((x10 - x12) / x28) / Recip((x14 + x17)))))))))) ^ ((Abs(Recip(((x16 * x2) / (-0.8318916136983703 * Recip(x2))))) ^ (Recip(x3) * x2)) * x2))))),10.855035773066875;35.17383207524433;-5.7481249983009395;-5.249686231604148;5.62851042648555;-0.8318916136983703,107,4.009151412866621e-2,4.009151412866621e-2,6.289013936227349e-2,0.8396339434853352,0.8396339434853352,-2.271545049625342,4.009151412866621e-2,4.009151412866621e-2,6.289013936227349e-2,290.6261220488658,290.6261220488658,290.6489206740994
