id,Expression,theta,size,MSE_train,MSE_val,MSE_test,R2_train,R2_val,R2_test,nll_train,nll_val,nll_test,mdl_train,mdl_val,mdl_test
0,(Abs((((x5 * x19) / (Abs(x0) ^ x2)) + ((x15 / x0) * 0.5071104662082337))) ^ (((x18 * (x13 + -1.8710880079301375)) * (x22 / (((x15 / x0) * -6.1009728772087775e-2) * x9))) + x19)),0.5071104662082337;-1.8710880079301375;-6.1009728772087775e-2,33,0.13113896512905046,0.13113896512905046,16.341918367782682,0.47544413948379816,0.47544413948379816,-849.1065934920226,0.13113896512905046,0.13113896512905046,16.341918367782682,81.94191618320207,81.94191618320207,98.1526955858557
