id,Expression,theta,size,MSE_train,MSE_val,MSE_test,R2_train,R2_val,R2_test,nll_train,nll_val,nll_test,mdl_train,mdl_val,mdl_test
0,(((x23 * ((Recip(Recip(((x19 * ((x29 / x14) / x9)) / ((x19 / ((((x1 + x12) + (x3 * x19)) / x5) * x0)) * ((Abs(x8) ^ x26) / (((Abs((x10 + x26)) ^ x21) * x15) * ((Abs((Abs(((x15 + (((Abs(0.33604627985313873) ^ x24) + (x7 / x15)) + (x0 * x5))) + Recip(x6))) ^ Recip(Recip(x16)))) ^ x0) + (1.198866724374593 * x27)))))))) * (((-12.999521771745627 + x12) + x24) * ((x4 / x22) * x5))) - (x6 * -2.277998441333401))) + x15) * (((-7.192404192578692 + x15) * ((x6 * -13.92952377121089) - (-8.189501938603552 * x27))) - (-5.766698158752022 * x27))),0.33604627985313873;1.198866724374593;-12.999521771745627;-2.277998441333401;-7.192404192578692;-13.92952377121089;-8.189501938603552;-5.766698158752022,103,7.20698332506901e-2,7.20698332506901e-2,0.3150237218137243,0.7117206669972396,0.7117206669972396,-15.387534008749313,7.20698332506901e-2,7.20698332506901e-2,0.3150237218137243,330.06706117192516,330.06706117192516,330.3100150604882
