id,Expression,theta,size,MSE_train,MSE_val,MSE_test,R2_train,R2_val,R2_test,nll_train,nll_val,nll_test,mdl_train,mdl_val,mdl_test
0,Recip((((Recip(((Abs(x2) ^ (x5 * (x25 + x1))) + x20)) - ((x22 * 1.8640581661197526) - (x25 + (Abs(x20) ^ (((((x17 * x2) / x0) + x21) * (1.4876954118320167 - (-3.1027886430758183 + x20))) + x3))))) / (x30 / (Recip(Recip(((Abs(Recip(((Recip(x19) / x20) * x10))) ^ (Abs((x12 / x4)) ^ (Abs(x7) ^ x12))) / x19))) + (Abs(((Abs(((x5 - x30) + x19)) ^ ((Abs(x20) ^ ((Recip((Abs(x27) ^ x29)) * Recip(x15)) + x3)) * (x18 - x6))) + (x30 * (x19 / x2)))) ^ -0.6437883811805837)))) * x28)),1.8640581661197526;1.4876954118320167;-3.1027886430758183;-0.6437883811805837,98,6.70597963283203e-2,6.70597963283203e-2,0.3804202670907985,0.7317608146867187,0.7317608146867187,-18.789462294062584,6.70597963283203e-2,6.70597963283203e-2,0.3804202670907985,299.7563886651245,299.7563886651245,300.06974913588704
