id,Expression,theta,size,MSE_train,MSE_val,MSE_test,R2_train,R2_val,R2_test,nll_train,nll_val,nll_test,mdl_train,mdl_val,mdl_test
0,((x8 / x11) * (((((Abs(x27) ^ x16) + (Abs(x25) ^ (Abs(Recip(x1)) ^ x22))) * Recip((Recip((Abs(x25) ^ x3)) * 0.18676332521985964))) * ((Abs(((x30 * Recip(((x3 / ((-0.629502246100424 - x12) + x5)) * Recip((Abs((Abs(1.1238596282292788) ^ (Abs(x25) ^ x26))) ^ x11))))) - x19)) ^ (x19 + x26)) + -0.5938838110125326)) - (Recip((Recip(x10) + x19)) * (((Abs(x27) ^ x16) + (Recip((Abs(x13) ^ -0.3829901803914962)) * (x8 * Recip((x3 / (Abs(((x17 / x3) + (x30 / x15))) ^ ((x23 + x30) - x17))))))) * Recip((Recip((Abs(x25) ^ x3)) * 1.9588509251664785)))))),0.18676332521985964;-0.629502246100424;1.1238596282292788;-0.5938838110125326;-0.3829901803914962;1.9588509251664785,104,0.11770960680186443,0.11770960680186443,3.496407687568712,0.5291615727925423,0.5291615727925423,-180.88312790731746,0.11770960680186443,0.11770960680186443,3.496407687568712,296.2542854946763,296.2542854946763,299.6329835754432
