id,Expression,theta,size,MSE_train,MSE_val,MSE_test,R2_train,R2_val,R2_test,nll_train,nll_val,nll_test,mdl_train,mdl_val,mdl_test
0,Recip((Recip((Recip((x6 * x18)) / (Abs(x19) ^ 3.208979996575629e-2))) + (((Recip(Recip(x18)) * (Abs((Abs((((Abs(x6) ^ x4) * (x2 - (x18 * (x6 - x9)))) + (x6 + x2))) ^ ((x14 + x7) + x4))) ^ (((((x19 + x26) - (x1 / x18)) / x28) + 0.24221138830942948) / (x1 * (Abs(((((-0.26959687185804393 + x14) + -9.130898967695196e-2) / (x1 * (Abs((((Abs(x0) ^ (x22 / (Abs(x17) ^ x16))) * x6) / x28)) ^ x23))) / x28)) ^ x23))))) + Recip((((Abs(((x6 - x9) / x9)) ^ x23) + (x6 + x2)) * 0.9028482505722892))) + (x19 + x26)))),3.208979996575629e-2;0.24221138830942948;-0.26959687185804393;-9.130898967695196e-2;0.9028482505722892,104,3.1702906008978355e-3,3.1702906008978355e-3,2.56802211029293e-2,0.9873188375964087,0.9873188375964087,-0.3358851017743312,3.1702906008978355e-3,3.1702906008978355e-3,2.56802211029293e-2,297.8751208038701,297.8751208038701,297.8976307343721
