id,Expression,theta,size,MSE_train,MSE_val,MSE_test,R2_train,R2_val,R2_test,nll_train,nll_val,nll_test,mdl_train,mdl_val,mdl_test
0,(((x21 * -1.7305899523959314) - (((((0.6938229523002961 * (0.8701491392280917 + x2)) / (Abs(0.8019669412224543) ^ (x23 * x29))) / (x25 * (Abs(((((Abs(((Abs(x24) ^ x20) + x20)) ^ x20) - x0) + (Abs((((x25 * 0.22831871369260423) / (Abs(((x7 / x8) + x8)) ^ (Abs(x18) ^ x29))) / (Abs(0.4196897542320791) ^ x20))) ^ ((((Abs((x23 * x29)) ^ (x0 * x24)) / (Abs(x12) ^ x5)) - Recip((0.20607570452812465 - (Abs(x0) ^ (Abs(x24) ^ x18))))) * (x2 / (Abs(-0.5118702019686638) ^ (Abs(x0) ^ x29)))))) - x9)) ^ x21))) * (x0 - x2)) + x5)) + (((x30 * x20) - x0) + (Abs(x18) ^ (4.756227709003772 * x0)))),-1.7305899523959314;0.6938229523002961;0.8701491392280917;0.8019669412224543;0.22831871369260423;0.4196897542320791;0.20607570452812465;-0.5118702019686638;4.756227709003772,111,7.587028341061587e-2,7.587028341061587e-2,0.30909861398775346,0.6965188663575366,0.6965188663575366,-15.079309899642322,7.587028341061587e-2,7.587028341061587e-2,0.30909861398775346,296.81594580580895,296.81594580580895,297.0491741363861
