id,Expression,theta,size,MSE_train,MSE_val,MSE_test,R2_train,R2_val,R2_test,nll_train,nll_val,nll_test,mdl_train,mdl_val,mdl_test
0,(Abs((x9 + x28)) ^ (Abs(Recip((Abs(Recip(((((x9 + x28) + x5) * Recip(x30)) * Recip((Abs((Abs(12.105930702123926) ^ (Recip(x21) - ((((x9 + ((x21 / x23) * x27)) * Recip(x30)) - (x21 + 7.461719094082353)) * (x5 * x4))))) ^ (x9 + (((x20 * ((x11 * (x19 + -18.112400418657284)) * (x24 - x28))) - ((x9 * (Abs(x28) ^ 13.891094177671231)) + x21)) * x24))))))) ^ -105.65910332338986))) ^ x30)),12.105930702123926;7.461719094082353;-18.112400418657284;13.891094177671231;-105.65910332338986,73,6.630229801439624e-2,6.630229801439624e-2,Infinity,0.734790807942415,0.734790807942415,-Infinity,6.630229801439624e-2,6.630229801439624e-2,Infinity,197.3437139021659,197.3437139021659,Infinity
