id,Expression,theta,size,MSE_train,MSE_val,MSE_test,R2_train,R2_val,R2_test,nll_train,nll_val,nll_test,mdl_train,mdl_val,mdl_test
0,(((Abs((x25 - (Abs(x1) ^ x25))) ^ (Recip(x2) + (Abs((((137.65947200301974 - x12) * x25) * (x5 + x27))) ^ (Abs((-124.38239021751522 - x18)) ^ x12)))) * (((1029.1756428840265 - x18) - (x6 + x3)) / (x5 + (Abs(((Recip(((Abs(x4) ^ (x23 + x23)) + (Abs(x26) ^ (x5 + x22)))) / Recip(((x19 - (Abs((x6 + ((Recip(x19) + x28) - x18))) ^ x25)) / x3))) * ((Abs(((x6 + ((Recip(x19) + x28) + 37.82027682555094)) * x1)) ^ x0) * x8))) ^ x8)))) * Recip((Recip(x28) + (x6 + ((Recip(((x24 + x24) + x11)) + x4) + 846.3850266007213))))),137.65947200301974;-124.38239021751522;1029.1756428840265;37.82027682555094;846.3850266007213,106,9.449640041953134e-3,9.449640041953134e-3,Infinity,0.9622014398321874,0.9622014398321874,-Infinity,9.449640041953134e-3,9.449640041953134e-3,Infinity,316.0448138281257,316.0448138281257,Infinity
