id,Expression,theta,size,MSE_train,MSE_val,MSE_test,R2_train,R2_val,R2_test,nll_train,nll_val,nll_test,mdl_train,mdl_val,mdl_test
0,Recip((((Abs(((Recip(((Abs(x26) ^ x11) * (Abs((Abs(x23) ^ ((x11 * x25) + Recip((x28 * x24))))) ^ (x19 + x6)))) - x2) - Recip(((x30 + x9) / ((x30 + x25) / x16))))) ^ x0) / (x15 + ((((Abs(((Abs(x26) ^ x11) * x23)) ^ x0) + ((Abs((((x2 / x18) / (x21 * x18)) + ((Abs((x30 - x0)) ^ x13) / x13))) ^ x10) / x19)) * ((((x26 / Recip(x5)) * Recip(Recip((((x10 - x30) * x9) + -47.14384455013583)))) / x10) * ((Recip(Recip(x8)) * x2) - (x23 * (Abs(x15) ^ x11))))) + x15))) + 0.8497263192628054)),-47.14384455013583;0.8497263192628054,107,2.7233411915005567e-2,2.7233411915005567e-2,28.925642039345522,0.8910663523399778,0.8910663523399778,-1503.7118988866966,2.7233411915005567e-2,2.7233411915005567e-2,28.925642039345522,323.01924628033925,323.01924628033925,351.91765490776976
