id,Expression,theta,size,MSE_train,MSE_val,MSE_test,R2_train,R2_val,R2_test,nll_train,nll_val,nll_test,mdl_train,mdl_val,mdl_test
0,((Abs(((Abs((Recip((x23 / (Recip((Recip(Recip(((x16 * x28) / x28))) / x6)) * Recip(((x23 / x12) * x0))))) * x4)) ^ (x1 / ((x28 + (Recip(x19) * x13)) / (x11 * x6)))) * (Abs((x6 * (Abs(x17) ^ x9))) ^ Recip((Abs(((((x12 * (x18 + (Abs(4.30314788889423) ^ x24))) * Recip(x19)) / x11) + ((Abs((Recip(x28) + (x10 / x22))) ^ (Abs(x17) ^ x18)) / x29))) ^ (Abs((((x18 / (x18 * Recip(((x28 / x22) - x25)))) * (x23 * 3.699016137080005)) + x28)) ^ x18)))))) ^ (x23 + (x16 * 37.73852624043567))) + x23),4.30314788889423;3.699016137080005;37.73852624043567,104,0.16198114443628658,0.16198114443628658,65.1386982742277,0.35207542225485366,0.35207542225485366,-3387.515084225196,0.16198114443628658,0.16198114443628658,65.1386982742277,309.6811522564771,309.6811522564771,374.6578693862685
