id,Expression,theta,size,MSE_train,MSE_val,MSE_test,R2_train,R2_val,R2_test,nll_train,nll_val,nll_test,mdl_train,mdl_val,mdl_test
0,(Abs(Recip(((Abs(((((x25 + x9) * x15) + ((x0 - (x17 - x5)) - x4)) - (Abs(9.741861370954563e-2) ^ (((-9.763121128276406 - ((x14 / (x26 * (Abs(x17) ^ x12))) * Recip(x13))) + -8.836064153825214) - ((x25 + x9) * Recip(x12)))))) ^ (Abs((((Abs((Abs((x26 * 0.19424133369871086)) ^ x18)) ^ ((x27 - x1) * x1)) + x12) - x14)) ^ x11)) + (((((Abs((Abs((x26 * Recip(Recip(Recip((17.899349338747253 / x1)))))) ^ x18)) ^ ((x27 - x1) * x1)) + x12) - x14) + x9) + (x14 + (x2 * x23)))))) ^ ((x13 - x5) + x5)),9.741861370954563e-2;-9.763121128276406;-8.836064153825214;0.19424133369871086;17.899349338747253,100,8.887042475108789e-2,8.887042475108789e-2,0.15307011334569787,0.6445183009956484,0.6445183009956484,-6.9627072962428995,8.887042475108789e-2,8.887042475108789e-2,0.15307011334569787,289.2917689864141,289.2917689864141,289.35596867500874
