id,Expression,theta,size,MSE_train,MSE_val,MSE_test,R2_train,R2_val,R2_test,nll_train,nll_val,nll_test,mdl_train,mdl_val,mdl_test
0,((Abs(((Abs(((Abs((((-6.38919610977839e-2 - x29) * (Abs(x17) ^ x0)) / ((x25 + x12) - Recip(x3)))) ^ x24) + (((((Abs((x13 + (0.5283872822772162 - (Abs((x13 + (x2 * (x4 + (Abs(((x26 + (Abs(x19) ^ x22)) * ((x2 * (Abs(x15) ^ -0.9056922361174993)) / x11))) ^ x23))))) ^ x7)))) ^ ((x0 + -0.4330576652045273) + x7)) - x22) * x7) + x4) * 0.27865756575550804))) ^ ((x7 + (Abs((x22 + (x0 - (x25 * x18)))) ^ -0.2867325498107138)) * (x8 - x17))) + x24)) ^ 2.9857541349448655) - ((Abs(((x0 + (x0 - x5)) + x7)) ^ (x1 * x5)) + 0.24828127133798106)),-6.38919610977839e-2;0.5283872822772162;-0.9056922361174993;-0.4330576652045273;0.27865756575550804;-0.2867325498107138;2.9857541349448655;0.24828127133798106,103,4.843731422615978e-2,4.843731422615978e-2,0.22039592361536683,0.8062507430953609,0.8062507430953609,-10.464995946470946,4.843731422615978e-2,4.843731422615978e-2,0.22039592361536683,306.6112522503449,306.6112522503449,306.7832108597341
