id,Expression,theta,size,MSE_train,MSE_val,MSE_test,R2_train,R2_val,R2_test,nll_train,nll_val,nll_test,mdl_train,mdl_val,mdl_test
0,Recip((Recip(Recip((Abs((Recip(x20) - (Abs((Recip((x7 * (x11 / x29))) - x2)) ^ (((x28 + x1) - (Abs(x6) ^ Recip(x6))) * x26)))) ^ (x20 * (((x5 + x1) + (x10 / Recip(x9))) - (((Abs((((x10 + x30) / (Abs(x2) ^ x2)) - (x30 - x12))) ^ (Abs(x20) ^ x6)) - Recip(x4)) + (x7 * (x11 / x10)))))))) + ((((2.077725309960843 + (Abs((Abs(-1.0141197276828067) ^ x29)) ^ (Abs((8.107265036157415 - (Abs(-2.5226704822081465e-2) ^ x18))) ^ (x12 / (x11 * x0))))) / x6) * (Abs(x20) ^ x10)) / Recip(x0)))),2.077725309960843;-1.0141197276828067;8.107265036157415;-2.5226704822081465e-2,99,5.145209832692535e-2,5.145209832692535e-2,7.190357992952327e-2,0.7941916066922986,0.7941916066922986,-2.740424227933658,5.145209832692535e-2,5.145209832692535e-2,7.190357992952327e-2,279.72018916894615,279.72018916894615,279.74064065054876
