id,Expression,theta,size,MSE_train,MSE_val,MSE_test,R2_train,R2_val,R2_test,nll_train,nll_val,nll_test,mdl_train,mdl_val,mdl_test
0,(((x0 * 0.7342982998316423) - x0) + (((((-6.99848763106742 - (x23 - x19)) - x28) * (-8.289415393191145 + ((x10 * x14) / Recip(x17)))) / (Recip(x3) + ((Abs(x14) ^ x22) + (Abs((((((-0.144068651122991 + x27) - x4) / (x21 - x12)) - ((x15 + x2) + (x4 - x8))) / (((x10 * x14) / Recip(x17)) - ((Abs(x14) ^ x6) * 3.147491606035776)))) ^ Recip(x22))))) / (Recip(x3) + (1.7716301749607752 + x27)))),0.7342982998316423;-6.99848763106742;-8.289415393191145;-0.144068651122991;3.147491606035776;1.7716301749607752,73,2.332241996526496e-2,2.332241996526496e-2,3.913179812231827e-2,0.9067103201389402,0.9067103201389402,-1.0356361383229187,2.332241996526496e-2,2.332241996526496e-2,3.913179812231827e-2,222.48709054432146,222.48709054432146,222.50289992247852
