id,Expression,theta,size,MSE_train,MSE_val,MSE_test,R2_train,R2_val,R2_test,nll_train,nll_val,nll_test,mdl_train,mdl_val,mdl_test
0,Recip((Abs(((Abs((x9 + x22)) ^ Recip((((x17 - x3) * x10) / x0))) + ((((Abs(x14) ^ x23) + 10.435962650020151) * Recip(x7)) / (Recip(x1) - (((Abs(x15) ^ x17) * x2) - (x25 / x0)))))) ^ ((Abs(((x21 * -2.0326485270071193) - (x9 + x22))) ^ ((x13 + x0) - (x18 - ((((8.139718862766331 + x20) * ((x13 * 5.504531255461997) / (x30 * Recip(x19)))) / Recip(x25)) + (x18 * -3.500429340553629))))) * (((Abs((((x25 - x14) + x26) * x9)) ^ x23) + (Abs(x17) ^ (-16.764460783437574 + x20))) * ((Abs(x6) ^ (x20 - x15)) - (x4 - x21)))))),10.435962650020151;-2.0326485270071193;8.139718862766331;5.504531255461997;-3.500429340553629;-16.764460783437574,103,3.669030928584258e-7,3.669030928584258e-7,Infinity,0.9999985323876286,0.9999985323876286,-Infinity,3.669030928584258e-7,3.669030928584258e-7,Infinity,319.8931042156181,319.8931042156181,Infinity
