id,Expression,theta,size,MSE_train,MSE_val,MSE_test,R2_train,R2_val,R2_test,nll_train,nll_val,nll_test,mdl_train,mdl_val,mdl_test
0,Recip((x12 + ((Abs(Recip((Abs(Recip((x3 + ((Abs(Recip(((Abs(Recip((x26 * x3))) ^ -1.6665024643774824) * x26))) ^ x17) + (((x22 + x8) / (Recip(((((x19 / x3) * 0.8597160421431145) * x22) * x12)) * x18)) * x23))))) ^ x22))) ^ (Abs((((x10 + x23) * (x10 + 0.24267962775737079)) - x7)) ^ (Recip(x17) - Recip(Recip(x3))))) + (Abs((((((x10 + 5.157426843074455) / (Recip(x3) / Recip(x10))) + -0.44927434695828083) / ((Abs(Recip((x26 * x3))) ^ x17) * x16)) * Recip(x10))) ^ (Recip(x7) / (Abs(Recip((Abs(Recip(x8)) ^ x21))) ^ ((Recip(x3) / Recip(x10)) * x28))))))),-1.6665024643774824;0.8597160421431145;0.24267962775737079;5.157426843074455;-0.44927434695828083,106,1.4316559379556894e-2,1.4316559379556894e-2,7.700801018848664e-2,0.9427337624817724,0.9427337624817724,-3.005956690004922,1.4316559379556894e-2,1.4316559379556894e-2,7.700801018848664e-2,295.3329930185516,295.3329930185516,295.3956844693605
