id,Expression,theta,size,MSE_train,MSE_val,MSE_test,R2_train,R2_val,R2_test,nll_train,nll_val,nll_test,mdl_train,mdl_val,mdl_test
0,(Abs(((x9 * (x20 * x15)) * -366.36774770352076)) ^ (Abs((Abs((Abs((Abs(x24) ^ ((x9 * x15) - x0))) ^ (Abs(((x9 * ((x5 - (Abs(-123.56764049162175) ^ (x21 - x9))) * x15)) * -108.7290127028133)) ^ (Abs((Abs((Abs((Abs(x24) ^ (x15 - x0))) ^ x21)) ^ (Recip(x14) / (Abs(((Abs(x0) ^ x9) - x1)) ^ (((x15 * 1.7718161952372125) - x5) + x21))))) ^ -71.7522168062392)))) ^ (Recip((Recip(((x3 - x0) / x2)) / (x11 - (Abs(x24) ^ (x3 - x0))))) / (Abs(x29) ^ ((x19 + x12) + x21))))) ^ 66.49302715847969)),-366.36774770352076;-123.56764049162175;-108.7290127028133;1.7718161952372125;-71.7522168062392;66.49302715847969,97,5.8555077342900164e-2,5.8555077342900164e-2,Infinity,0.7657796906283993,0.7657796906283993,-Infinity,5.8555077342900164e-2,5.8555077342900164e-2,Infinity,253.5240362527248,253.5240362527248,Infinity
