id,Expression,theta,size,MSE_train,MSE_val,MSE_test,R2_train,R2_val,R2_test,nll_train,nll_val,nll_test,mdl_train,mdl_val,mdl_test
0,(Abs((Abs(x17) ^ ((Abs(x6) ^ (((((Abs((Abs(x17) ^ -1.4075813020547123)) ^ x6) + (Abs((x28 - x27)) ^ (x18 + x11))) / (((x26 - x8) / x3) - (Abs(x29) ^ x11))) + x11) * (((x25 * x27) / x16) + (x26 + ((33.97538748264644 + x11) * ((x27 / x16) + ((x28 * x25) + x29))))))) + x6))) ^ (Abs(Recip((((Abs((Abs(x17) ^ -16.798933337153777)) ^ x6) + (x3 / x12)) / (((x26 - Recip(Recip(x24))) / x3) - ((x14 + -4.2049274899768685) + x15))))) ^ -9.865053004660858)),-1.4075813020547123;33.97538748264644;-16.798933337153777;-4.2049274899768685;-9.865053004660858,90,3.0499105423539796e-2,3.0499105423539796e-2,Infinity,0.8780035783058409,0.8780035783058409,-Infinity,3.0499105423539796e-2,3.0499105423539796e-2,Infinity,250.8700363797555,250.8700363797555,Infinity
