id,Expression,theta,size,MSE_train,MSE_val,MSE_test,R2_train,R2_val,R2_test,nll_train,nll_val,nll_test,mdl_train,mdl_val,mdl_test
0,(((Abs((x22 * (Abs(x0) ^ x24))) ^ x11) - x26) * (((((Abs((Recip((Abs((((Abs(x4) ^ -0.6944868373259939) * x19) / ((x23 + x22) * (Abs(x3) ^ x7)))) ^ Recip((Abs((x28 + (x22 / x14))) ^ Recip((Abs(x10) ^ x29)))))) - Recip((Recip((x0 * x24)) + x0)))) ^ x21) * Recip((x9 * x30))) + (Abs(((x22 * (Abs(x0) ^ x24)) - (x21 * (Abs(x5) ^ x26)))) ^ x12)) + (Abs((x8 - x13)) ^ x0)) / Recip((x9 * 8.271205577402396e-2)))),-0.6944868373259939;8.271205577402396e-2,88,8.677001703132652e-2,8.677001703132652e-2,0.20650038194464562,0.6529199318746939,0.6529199318746939,-9.742149868760055,8.677001703132652e-2,8.677001703132652e-2,0.20650038194464562,253.33431279034681,253.33431279034681,253.45404315526014
