id,Expression,theta,size,MSE_train,MSE_val,MSE_test,R2_train,R2_val,R2_test,nll_train,nll_val,nll_test,mdl_train,mdl_val,mdl_test
0,(x1 + (((Abs(Recip((Abs(Recip(((1.1439609144856755 + (Abs(x14) ^ x15)) + x29))) ^ -2.6572364018159282))) ^ (x25 / Recip(x19))) + ((Abs(Recip(Recip((Abs(x20) ^ x26)))) ^ x5) / (x0 - ((x13 / x27) - (x1 * x25))))) / (x1 + (Recip((x20 + 5.123080736224589)) / (x20 + -7.663965419411455e-2))))),1.1439609144856755;-2.6572364018159282;5.123080736224589;-7.663965419411455e-2,52,2.1328837399201505e-2,2.1328837399201505e-2,8.117998898555316e-2,0.914684650403194,0.914684650403194,-3.222983027028314,2.1328837399201505e-2,2.1328837399201505e-2,8.117998898555316e-2,138.4099608582219,138.4099608582219,138.46981200980824
