id,Expression,theta,size,MSE_train,MSE_val,MSE_test,R2_train,R2_val,R2_test,nll_train,nll_val,nll_test,mdl_train,mdl_val,mdl_test
0,Recip(((Abs((x29 / (Abs((x28 - (((((x12 * x7) - (x3 / (x29 * -0.96036260524572))) * ((Abs(-0.923173643124183) ^ x26) + Recip(Recip((Abs(x29) ^ x26))))) + (((x19 * (x3 / x21)) - x22) + (Abs(x24) ^ (2.1379883071519665 * ((Recip(((Abs(0.5240439306803809) ^ x15) + (((x29 * (0.38834414231915926 + x6)) + (x24 * 0.43105108132226955)) + x15))) + x10) + -1.044840233183788))))) - (Abs((x18 * x7)) ^ (Abs((x9 + x10)) ^ -0.5041788417299554))))) ^ (((x24 + 1.5245545299080485) - x21) - x19)))) ^ -4.30845782492095) + (x24 + (((x24 * (x3 / x12)) - (2.432349408055942e-2 * x2)) + (Abs(x24) ^ (x5 * 0.8097442679531731)))))),-0.96036260524572;-0.923173643124183;2.1379883071519665;0.5240439306803809;0.38834414231915926;0.43105108132226955;-1.044840233183788;-0.5041788417299554;1.5245545299080485;-4.30845782492095;2.432349408055942e-2;0.8097442679531731,104,7.8116294272420105e-3,7.8116294272420105e-3,0.10709499153419164,0.968753482291032,0.968753482291032,-4.571081459608436,7.8116294272420105e-3,7.8116294272420105e-3,0.10709499153419164,301.9229255124821,301.9229255124821,302.02220887458907
