id,Expression,theta,size,MSE_train,MSE_val,MSE_test,R2_train,R2_val,R2_test,nll_train,nll_val,nll_test,mdl_train,mdl_val,mdl_test
0,(Recip((Abs(Recip((Abs(((x28 - x16) + x25)) ^ x0))) ^ ((x5 * x0) * x24))) - Recip((Abs((x29 * (2.246164693449425 * (x26 + ((((Abs(x18) ^ ((Recip((Recip((x12 + x5)) + (Recip(Recip((Abs(x10) ^ -6.441687558878313))) + x24))) * (-95.92902285707784 * (x12 + x2))) * x26)) * x26) + (Abs(Recip((Abs((Abs(x18) ^ (((x10 * x27) * x24) * (((x6 + (x21 + x10)) * x0) * x6)))) ^ x0))) ^ ((x25 * ((((x14 / x27) / x18) * x9) - x17)) * x24))) - (x12 * x22)))))) ^ x5))),2.246164693449425;-6.441687558878313;-95.92902285707784,97,1.2719037215946105e-2,1.2719037215946105e-2,4.939944207660155e-2,0.9491238511362156,0.9491238511362156,-1.5697589768247147,1.2719037215946105e-2,1.2719037215946105e-2,4.939944207660155e-2,289.9833109211279,289.9833109211279,290.01999132598854
