id,Expression,theta,size,MSE_train,MSE_val,MSE_test,R2_train,R2_val,R2_test,nll_train,nll_val,nll_test,mdl_train,mdl_val,mdl_test
0,(Abs((0.28276892928992464 / Recip(((((x15 * x30) * 0.5576744798430233) * x16) + (Abs((Recip((Abs((x13 * (((Abs(x13) ^ x30) - Recip(((Recip(Recip(Recip(x6))) * 0.18113483768829888) / (x19 / x28)))) * (Recip(x26) + x14)))) ^ 16.960670153255176)) / Recip((((x19 / x28) * x30) + x4)))) ^ x14))))) ^ x14),0.28276892928992464;0.5576744798430233;0.18113483768829888;16.960670153255176,53,8.010329253202311e-2,8.010329253202311e-2,1.1797378235055797e17,0.6795868298719075,0.6795868298719075,-6.136996157875791e18,8.010329253202311e-2,8.010329253202311e-2,1.1797378235055797e17,138.9075571512866,138.9075571512866,1.1797378235055811e17
