id,Expression,theta,size,MSE_train,MSE_val,MSE_test,R2_train,R2_val,R2_test,nll_train,nll_val,nll_test,mdl_train,mdl_val,mdl_test
0,((Recip(((Abs(-1.6835390796834743e-2) ^ (x9 - x5)) + ((x16 + x28) * (Abs(x0) ^ (x3 * (Recip(((Abs(Recip((Abs(x2) ^ (x13 + x30)))) ^ ((((Abs(x18) ^ ((-0.459778723947331 + x2) - x5)) / ((x0 + x6) / (x18 * ((x25 / x28) + (Abs((0.7863756872344347 + x28)) ^ (Abs(x18) ^ x7)))))) - ((Abs((x6 - x5)) ^ Recip(Recip(x15))) + ((Abs(x2) ^ ((x21 + x21) + x30)) / x15))) - x5)) + x17)) + 0.1314081094632926)))))) + -0.646421865743539) - (x6 - Recip(Recip(x5)))),-1.6835390796834743e-2;-0.459778723947331;0.7863756872344347;0.1314081094632926;-0.646421865743539,89,7.201726194608142e-2,7.201726194608142e-2,0.13911912431241638,0.7119309522156743,0.7119309522156743,-6.236976846731623,7.201726194608142e-2,7.201726194608142e-2,0.13911912431241638,250.91155453627806,250.91155453627806,250.9786563986444
