id,Expression,theta,size,MSE_train,MSE_val,MSE_test,R2_train,R2_val,R2_test,nll_train,nll_val,nll_test,mdl_train,mdl_val,mdl_test
0,Recip(((Abs((Abs(((((Abs(x5) ^ (x2 * ((((x0 - x19) - Recip(x13)) + (((Abs(((x10 + x27) / x10)) ^ x20) + x1) + -1853.586863565204)) * x1))) + (Abs(Recip((x21 / x19))) ^ ((Abs((Abs(x19) ^ x17)) ^ ((Abs((Abs(x2) ^ x17)) ^ (Abs((x27 + (Abs((Abs((x9 * x12)) ^ ((Abs((x30 * (x19 - x6))) ^ (37.07422622746725 + x4)) - Recip(x27)))) ^ 23.93834066855508))) ^ x8)) + x13)) + (x6 - x12)))) + (Recip(x14) / ((Abs(x4) ^ (x7 + x1)) / x13))) + (x7 / x25))) ^ x27)) ^ x1) + ((x10 * x7) / (Abs((x30 * Recip(x14))) ^ (3.694465735693533 + x4))))),-1853.586863565204;37.07422622746725;23.93834066855508;3.694465735693533,114,6.521256628499203e-2,6.521256628499203e-2,0.1320244180601389,0.7391497348600319,0.7391497348600319,-5.867910227488163,6.521256628499203e-2,6.521256628499203e-2,0.1320244180601389,326.35306230071353,326.35306230071353,326.4198741524887
