id,Expression,theta,size,MSE_train,MSE_val,MSE_test,R2_train,R2_val,R2_test,nll_train,nll_val,nll_test,mdl_train,mdl_val,mdl_test
0,(((Abs(x30) ^ x26) - x20) - (Abs((((-0.47651805302374484 / (Abs(Recip((Recip((x11 - Recip((x25 * ((Recip((x24 + ((x6 / x17) / (-0.9691090207679546 / x20)))) - (Abs((Abs(Recip((((x9 * (((x19 - x20) - x10) - x30)) - (Abs((x0 / x3)) ^ x9)) / x21))) ^ -0.6347585150174184)) ^ x18)) / ((((Abs(-0.26733109281251666) ^ x26) - x20) * (x0 / x15)) + (x11 * x12))))))) + x13))) ^ x10)) / Recip(x14)) * (Abs((x13 * ((Abs(x30) ^ (Abs(x12) ^ x3)) - x14))) ^ (x0 / x15)))) ^ x17)),-0.47651805302374484;-0.9691090207679546;-0.6347585150174184;-0.26733109281251666,95,6.415418977918333e-2,6.415418977918333e-2,153.49947271431554,0.7433832408832667,0.7433832408832667,-7984.04257059839,6.415418977918333e-2,6.415418977918333e-2,153.49947271431554,277.00235992160515,277.00235992160515,430.4376784461415
