id,Expression,theta,size,MSE_train,MSE_val,MSE_test,R2_train,R2_val,R2_test,nll_train,nll_val,nll_test,mdl_train,mdl_val,mdl_test
0,((Recip((Abs((x13 * (x14 * x5))) ^ ((x24 * x23) * x23))) - (Abs(((x0 + x19) * ((x27 / x5) - x25))) ^ (-0.5144545386084975 + (x28 + x25)))) - ((x1 + (((x28 + x1) - (Abs(((x0 + x5) * ((x19 / x5) - ((x0 + x5) * ((x19 / x5) - x25))))) ^ (-1.4213867325443215 + (x28 + x25)))) - (x21 / ((x19 - ((x12 - x15) - (Abs(x9) ^ (x13 + x16)))) / (x0 + x5))))) / ((x19 - ((x12 - (x28 + x25)) - (Abs(x28) ^ ((x12 - x15) - (Abs(x9) ^ x6))))) / (x5 + x21)))),-0.5144545386084975;-1.4213867325443215,104,5.2224785845225226e-2,5.2224785845225226e-2,0.15826207250234064,0.7911008566190991,0.7911008566190991,-7.232793011571445,5.2224785845225226e-2,5.2224785845225226e-2,0.15826207250234064,311.50150015994393,311.50150015994393,311.60753744660104
