id,Expression,theta,size,MSE_train,MSE_val,MSE_test,R2_train,R2_val,R2_test,nll_train,nll_val,nll_test,mdl_train,mdl_val,mdl_test
0,(Abs((Abs(Recip(((Recip(x23) + x20) + (((((x18 + x16) - x4) / ((Abs(((Abs(x4) ^ ((74.07516685519265 - x19) + ((Recip(Recip(x21)) * (-0.3935666068715576 * x15)) + (x1 - (x23 + x20))))) * x13)) ^ (((Recip((Abs((x16 + x15)) ^ x30)) * 127.77857569002076) + Recip(x1)) + ((Recip((x25 - (x25 * x3))) * (-100.08921230942804 * x15)) + (x1 - (x23 + x20))))) / Recip((x23 * x13)))) - ((x25 - ((x1 - (x23 + x20)) * x3)) + x30)) - Recip(((Abs(x30) ^ Recip(x20)) - ((x23 + -17.892059598051468) / (x11 - (x25 / x7))))))))) ^ x25)) ^ x25),74.07516685519265;-0.3935666068715576;127.77857569002076;-100.08921230942804;-17.892059598051468,105,3.820455116438546e-2,3.820455116438546e-2,5.664704564630823e-2,0.8471817953424582,0.8471817953424582,-1.9467793145208416,3.820455116438546e-2,3.820455116438546e-2,5.664704564630823e-2,306.0514074336377,306.0514074336377,306.0698499281196
