id,Expression,theta,size,MSE_train,MSE_val,MSE_test,R2_train,R2_val,R2_test,nll_train,nll_val,nll_test,mdl_train,mdl_val,mdl_test
0,(Abs(Recip(((Abs(x2) ^ ((x21 + -1527.4062322086359) * x12)) + x0))) ^ (Abs(x6) ^ Recip((Abs(Recip(((Abs(x2) ^ ((x21 + (x2 * ((((x12 * x14) + ((x21 + 15.051158263395253) * x12)) / x14) - (Abs((Abs(x14) ^ x8)) ^ x8)))) * (x9 / Recip((Abs(-88.61660506797934) ^ x11))))) + ((Abs((x26 + x24)) ^ (x7 * (((Abs(x25) ^ x4) + x10) / x11))) + (Abs(x2) ^ x18))))) ^ (Abs(x6) ^ Recip((Abs(-210.58698204152626) ^ x11))))))),-1527.4062322086359;15.051158263395253;-88.61660506797934;-210.58698204152626,83,5.086131684969285e-2,5.086131684969285e-2,7.636122778730227e-2,0.7965547326012286,0.7965547326012286,-2.972311069495312,5.086131684969285e-2,5.086131684969285e-2,7.636122778730227e-2,219.53545643189017,219.53545643189017,219.56095634282778
