id,Expression,theta,size,MSE_train,MSE_val,MSE_test,R2_train,R2_val,R2_test,nll_train,nll_val,nll_test,mdl_train,mdl_val,mdl_test
0,Recip(((Abs(((x20 - x27) / Recip(((x24 + 1.458420851116943) / ((Abs(Recip(x7)) ^ ((Abs((x12 * x12)) ^ x22) * x10)) * x9))))) ^ Recip(x5)) + (Recip((Abs((5.753479519688298 * (x5 / Recip(x10)))) ^ (Abs(4.528565421662803) ^ (-3.057355803231415 * (x5 / Recip(x10)))))) + (x9 * (Recip((Abs((-1.439555756552191e-3 * (x5 / Recip(x10)))) ^ (Abs(1.5217158365625302e-2) ^ x11))) * x2))))),1.458420851116943;5.753479519688298;4.528565421662803;-3.057355803231415;-1.439555756552191e-3;1.5217158365625302e-2,65,3.5960714511155574e-2,3.5960714511155574e-2,4.9063862177107835e-2,0.8561571419553777,0.8561571419553777,-1.552302110453052,3.5960714511155574e-2,3.5960714511155574e-2,4.9063862177107835e-2,167.6775226724887,167.6775226724887,167.69062582015465
