id,Expression,theta,size,MSE_train,MSE_val,MSE_test,R2_train,R2_val,R2_test,nll_train,nll_val,nll_test,mdl_train,mdl_val,mdl_test
0,Recip(((Abs((((-0.7438740953122812 + ((x30 * Recip(x13)) + -0.5456968998429919)) + (((Abs((Abs(x19) ^ (x3 + x19))) ^ (((Abs((x4 + x2)) ^ x23) * x30) + 3.1180512637310636)) / ((x0 - x12) / ((Abs(x26) ^ x19) / Recip((Abs(x21) ^ x30))))) + (x19 - x13))) + (Abs(x8) ^ (x7 + x30)))) ^ ((x3 + (x15 / x21)) + Recip((Abs((Abs(x12) ^ (x13 + -6.707296833194741e-2))) ^ (x26 - x23))))) + (Abs((x3 + (x16 + x29))) ^ Recip((8.958588488652655 + x6))))),-0.7438740953122812;-0.5456968998429919;3.1180512637310636;-6.707296833194741e-2;8.958588488652655,86,1.5199722238794207e-2,1.5199722238794207e-2,5.7229021815872375e-2,0.9392011110448232,0.9392011110448232,-1.9770537148615674,1.5199722238794207e-2,1.5199722238794207e-2,5.7229021815872375e-2,241.5472908286827,241.5472908286827,241.58932012825977
