id,Expression,theta,size,MSE_train,MSE_val,MSE_test,R2_train,R2_val,R2_test,nll_train,nll_val,nll_test,mdl_train,mdl_val,mdl_test
0,(((Abs(Recip(x4)) ^ (Abs((x5 * ((x23 / x16) + x11))) ^ x13)) / (Abs(x4) ^ (x3 * x4))) / (Recip((x5 + (x26 * 4.212524486106079))) + Recip((Abs((x8 * (((x5 * ((Abs((((x28 + 1.8714633260784945) * x14) + (Abs((x4 * (x5 * ((x19 * (Abs(x16) ^ -0.49815750701994094)) + x11)))) ^ (x13 - (16.529663640822516 - x12))))) ^ x3) + x11)) - x5) * x18))) ^ (x1 / x23))))),4.212524486106079;1.8714633260784945;-0.49815750701994094;16.529663640822516,73,9.32764013460523e-2,9.32764013460523e-2,0.3603794826105125,0.6268943946157908,0.6268943946157908,-17.746940685398144,9.32764013460523e-2,9.32764013460523e-2,0.3603794826105125,204.1020783229949,204.1020783229949,204.36918140425936
