id,Expression,theta,size,MSE_train,MSE_val,MSE_test,R2_train,R2_val,R2_test,nll_train,nll_val,nll_test,mdl_train,mdl_val,mdl_test
0,(((10.2815929677268 + Recip(Recip(((Abs(((x30 * 0.9096077845157278) - (Recip(((-5.3627284855276805e-2 + ((x21 - (Recip(Recip(x15)) * x25)) / (x30 * x25))) + ((x21 * (x24 * x29)) - x23))) / (x1 + x27)))) ^ ((Recip(Recip((2.767404731219576 * x24))) - x26) - x26)) * -9.628860701185832)))) + ((((x10 + x18) * x9) / (Abs(Recip(x30)) ^ (Abs(x12) ^ x13))) - x27)) * Recip(Recip(x15))),10.2815929677268;0.9096077845157278;-5.3627284855276805e-2;2.767404731219576;-9.628860701185832,68,5.954652332477174e-2,5.954652332477174e-2,0.1252315852594889,0.7618139067009131,0.7618139067009131,-5.514547065198364,5.954652332477174e-2,5.954652332477174e-2,0.1252315852594889,200.9773059916153,200.9773059916153,201.04299105355003
