id,Expression,theta,size,MSE_train,MSE_val,MSE_test,R2_train,R2_val,R2_test,nll_train,nll_val,nll_test,mdl_train,mdl_val,mdl_test
0,(-0.2371126937316168 + Recip(((x15 + x24) / ((2.0511388690673225 * ((Abs(x0) ^ x11) * x30)) * (x12 + (Abs((x17 * x14)) ^ x15)))))),-0.2371126937316168;2.0511388690673225,24,7.082541575406605e-2,7.082541575406605e-2,7.930633071028208e-2,0.7166983369837359,0.7166983369837359,-3.1255153235487168,7.082541575406605e-2,7.082541575406605e-2,7.930633071028208e-2,58.13008666728975,58.13008666728975,58.13856758224597
