id,Expression,theta,size,MSE_train,MSE_val,MSE_test,R2_train,R2_val,R2_test,nll_train,nll_val,nll_test,mdl_train,mdl_val,mdl_test
0,((-0.43308371959680536 + ((-0.5320212490582769 - (Abs((((x8 / Recip(((Recip(Recip(Recip((Abs((Abs(x12) ^ x22)) ^ x26)))) - (x17 + x1)) - Recip((x9 * ((((-0.9003822372357543 * x29) + x22) / (Abs((x19 - x1)) ^ x27)) + x4)))))) + 0.4890448534235991) / (Abs(((Abs(((Abs((x3 + x1)) ^ 0.7311589119751387) - x1)) ^ -0.5216669676519321) * (x27 * x21))) ^ Recip((Abs((Abs(x27) ^ x6)) ^ (x8 * x28)))))) ^ x4)) * (x3 * -2.5217492086479387))) + ((x2 - (Abs(x2) ^ 0.9108090440870477)) * x27)),-0.43308371959680536;-0.5320212490582769;-0.9003822372357543;0.4890448534235991;0.7311589119751387;-0.5216669676519321;-2.5217492086479387;0.9108090440870477,85,7.195252455658925e-2,7.195252455658925e-2,1.6289104257290825,0.712189901773643,0.712189901773643,-83.73592034642364,7.195252455658925e-2,7.195252455658925e-2,1.6289104257290825,235.2340187192428,235.2340187192428,236.7909766204153
