id,Expression,theta,size,MSE_train,MSE_val,MSE_test,R2_train,R2_val,R2_test,nll_train,nll_val,nll_test,mdl_train,mdl_val,mdl_test
0,(Abs(((((x29 / ((Abs(x23) ^ (Abs(((Abs((x16 / (x9 - (Recip(((x24 * -0.38075809573006536) * (Abs(x26) ^ x22))) * ((Abs(x20) ^ x16) + ((x19 - ((Abs(x0) ^ x27) + x20)) - x6)))))) ^ (x14 + (Abs(x6) ^ x29))) / Recip(((x29 + 0.5254459259233005) - (x0 / x22))))) ^ ((Recip(x22) * (x10 / x14)) / ((x18 + x28) + Recip((1.7405952122479598e-2 * x15)))))) * x19)) * x23) / Recip((x16 - x18))) / ((x10 + x11) + (Abs(x18) ^ x16)))) ^ (((x9 + x15) * x17) + (Abs((Recip(x22) + x24)) ^ ((Abs(x17) ^ 3.501427701001457e-2) - (Abs(x15) ^ (x3 - x26)))))),-0.38075809573006536;0.5254459259233005;1.7405952122479598e-2;3.501427701001457e-2,111,7.09083388717509e-2,7.09083388717509e-2,4.5411697947847305,0.7163666445129964,0.7163666445129964,-235.23165272469268,7.09083388717509e-2,7.09083388717509e-2,4.5411697947847305,326.3587580733003,326.3587580733003,330.82901952921327
