id,Expression,theta,size,MSE_train,MSE_val,MSE_test,R2_train,R2_val,R2_test,nll_train,nll_val,nll_test,mdl_train,mdl_val,mdl_test
0,(Abs(x30) ^ Recip((Abs(((Abs(0.6713870149517407) ^ Recip((x3 * x28))) - (x5 / x6))) ^ (Abs((((Abs(x3) ^ x19) + ((((x29 - x6) * (x29 + Recip((Abs(Recip((Recip(x11) * -0.6663291880624267))) ^ 3.7175875263512075)))) - ((x24 + x21) * (5.522583929767421 - (x27 - x21)))) - (x0 * (Abs(x26) ^ x8)))) + x17)) ^ (-3.566800766789166 / (x21 + (x11 * Recip((Abs(Recip((x6 * -0.7502766843216889))) ^ Recip((((Recip((x27 + x6)) / (x20 * (x14 * x18))) - Recip(x12)) + Recip((Recip((Abs(x4) ^ x10)) - x13))))))))))))),0.6713870149517407;-0.6663291880624267;3.7175875263512075;5.522583929767421;-3.566800766789166;-0.7502766843216889,94,1.4424052380422981e-2,1.4424052380422981e-2,7.57062744460906e-2,0.942303790478308,0.942303790478308,-2.9382403966854826,1.4424052380422981e-2,1.4424052380422981e-2,7.57062744460906e-2,286.23456960123076,286.23456960123076,286.2958518232964
