id,Expression,theta,size,MSE_train,MSE_val,MSE_test,R2_train,R2_val,R2_test,nll_train,nll_val,nll_test,mdl_train,mdl_val,mdl_test
0,(x0 + ((x6 * -7.195040875579841) + ((Abs(((x16 * x21) * x23)) ^ x15) * ((Abs((Abs(x4) ^ 3.6325094219116463)) ^ (x12 + (x22 * x4))) + (((((x21 + (x27 * x28)) * Recip((x25 / x26))) - (0.56163339593068 + (x17 + (x21 - x25)))) * (Abs((Abs(x4) ^ x21)) ^ -0.4722198925944358)) + (-0.20984447219085015 - (-2.249695837748832 / ((Abs((Abs((Abs(x26) ^ x7)) ^ (x24 / (Abs(x21) ^ x28)))) ^ -4.101817921614427) + ((x16 * x7) * (1.7021680785625286 - ((Abs(x28) ^ x24) + (x12 + -2.941608304342581)))))))))))),-7.195040875579841;3.6325094219116463;0.56163339593068;-0.4722198925944358;-0.20984447219085015;-2.249695837748832;-4.101817921614427;1.7021680785625286;-2.941608304342581,88,7.445084340668222e-2,7.445084340668222e-2,0.1583890317663302,0.7021966263732711,0.7021966263732711,-7.239397432484182,7.445084340668222e-2,7.445084340668222e-2,0.1583890317663302,244.64299968588034,244.64299968588034,244.72693787423998
