id,Expression,theta,size,MSE_train,MSE_val,MSE_test,R2_train,R2_val,R2_test,nll_train,nll_val,nll_test,mdl_train,mdl_val,mdl_test
0,(Abs((Recip((x15 * x19)) + ((x1 + (x6 + (x18 * 0.5631968743080555))) - (((x12 + (x19 / (x15 + x5))) + x3) * (Abs(x12) ^ x21))))) ^ (Recip(Recip(((Abs((Recip((Abs(x12) ^ x21)) + -0.5504813167157169)) ^ ((Abs((x12 / x17)) ^ x9) - Recip(x15))) + -0.3944539864588808))) * (((Abs(((Abs(x1) ^ (x1 + -0.40407785260627754)) * x19)) ^ (x18 * x2)) - Recip((x24 + x7))) * (x0 / Recip((Abs(x12) ^ x21)))))),0.5631968743080555;-0.5504813167157169;-0.3944539864588808;-0.40407785260627754,78,2.3014263650811433e-2,2.3014263650811433e-2,Infinity,0.9079429453967542,0.9079429453967542,-Infinity,2.3014263650811433e-2,2.3014263650811433e-2,Infinity,216.39598599873295,216.39598599873295,Infinity
