id,Expression,theta,size,MSE_train,MSE_val,MSE_test,R2_train,R2_val,R2_test,nll_train,nll_val,nll_test,mdl_train,mdl_val,mdl_test
0,(Abs(((-1.1760371132807401 * x12) * (x27 + -3.880505851834662e-2))) ^ (Abs(((Abs(((Abs((Abs(x21) ^ ((x19 + 1.4752395786614925) * (Abs(((Abs((Abs(((Recip((x21 * -1.1148072384745007)) * -0.23284283033651895) * (x19 + 0.6177401178361035))) ^ ((((Abs((Abs(x18) ^ x0)) ^ -1.839621952225937) / ((x18 - x2) - x14)) + x26) * -2.4217783147797363))) ^ x13) / x29)) ^ x28)))) ^ (x28 + 4.211177026960877e-2)) / x29)) ^ x28) / (Abs((Abs(((Abs(Recip((Abs(x1) ^ x7))) ^ x1) * Recip((x28 * (x8 * (x19 * (Abs(Recip((x21 * 0.8071359351616035))) ^ (x5 - x11)))))))) ^ x6)) ^ x15))) ^ x28)),-1.1760371132807401;-3.880505851834662e-2;1.4752395786614925;-1.1148072384745007;-0.23284283033651895;0.6177401178361035;-1.839621952225937;-2.4217783147797363;4.211177026960877e-2;0.8071359351616035,98,3.2608994962025094e-2,3.2608994962025094e-2,7.678321317265233e-2,0.8695640201518996,0.8695640201518996,-2.994262749241221,3.2608994962025094e-2,3.2608994962025094e-2,7.678321317265233e-2,270.454621650745,270.454621650745,270.49879586895565
