id,Expression,theta,size,MSE_train,MSE_val,MSE_test,R2_train,R2_val,R2_test,nll_train,nll_val,nll_test,mdl_train,mdl_val,mdl_test
0,(((x6 * (x3 * -23.231337089152973)) + (Abs(((Abs(-21.296098533914122) ^ (x3 * -33.45506224774839)) * (Abs(Recip(x23)) ^ ((((Abs((x21 - (Recip((x28 - x0)) - x28))) ^ x6) - ((x24 * ((x10 + 19.396308599140845) + (x1 * x30))) - (Abs((Recip(x0) - Recip(x6))) ^ x6))) - x11) + x2)))) ^ x27)) - x2),-23.231337089152973;-21.296098533914122;-33.45506224774839;19.396308599140845,56,0.10262082463744271,0.10262082463744271,0.1334354727476441,0.5895167014502292,0.5895167014502292,-5.9413132923321825,0.10262082463744271,0.10262082463744271,0.1334354727476441,150.2690087621259,150.2690087621259,150.2998234102361
