id,Expression,theta,size,MSE_train,MSE_val,MSE_test,R2_train,R2_val,R2_test,nll_train,nll_val,nll_test,mdl_train,mdl_val,mdl_test
0,(((-1.131752342301134 + ((Abs(-4.508355894251905e-2) ^ (Abs((x29 - x5)) ^ x10)) * ((-0.9223501634428354 * x27) / (-56.49731207743185 + x11)))) + (Abs(-3.2130531769482835) ^ (Abs(((Abs(x23) ^ x1) * ((x29 - x5) * -0.2552997334545071))) ^ x15))) - (Abs((-0.7560284487589031 + Recip(x8))) ^ ((Abs(((((-0.36445151152597405 * Recip(x24)) * ((0.6825452134070087 * x27) / (Abs((x28 / (Abs(x20) ^ (Abs(-1.1423897113005916) ^ (Abs(0.9121261849958283) ^ x15))))) ^ x28))) / (((x4 / ((x19 + x0) * x24)) * (x26 + (Abs(x27) ^ x12))) * ((x29 / x20) * (x27 + x28)))) + x23)) ^ x7) * (-1.1119215854126914 * x26)))),-1.131752342301134;-4.508355894251905e-2;-0.9223501634428354;-56.49731207743185;-3.2130531769482835;-0.2552997334545071;-0.7560284487589031;-0.36445151152597405;0.6825452134070087;-1.1423897113005916;0.9121261849958283;-1.1119215854126914,99,7.904910428475666e-2,7.904910428475666e-2,0.1542845129834871,0.6838035828609734,0.6838035828609734,-7.025880365400694,7.904910428475666e-2,7.904910428475666e-2,0.1542845129834871,280.12124586781823,280.12124586781823,280.196481276517
