id,Expression,theta,size,MSE_train,MSE_val,MSE_test,R2_train,R2_val,R2_test,nll_train,nll_val,nll_test,mdl_train,mdl_val,mdl_test
0,Recip((Abs(((Abs(((x5 / x22) / x18)) ^ (Recip((Abs((Abs(x26) ^ x0)) ^ (60.59094216185175 * x15))) / Recip(x25))) * (Recip((x11 - x26)) * Recip(((((x6 / x7) / Recip(Recip(x6))) / (Abs(x9) ^ x7)) * x6))))) ^ (Abs(((Recip(x18) / (Recip(x17) + (-13.581253880811666 * x9))) + ((Abs((x14 - x18)) ^ x21) * (358.3423821312375 + ((x5 / x16) + 358.67086473737135))))) ^ ((((x18 * x0) + (x13 + x29)) / Recip((x25 * (6.140081944189886 - x14)))) - (Abs((Abs(Recip((x25 * x2))) ^ x0)) ^ (((-188.0060330611367 - x14) * x3) * x27)))))),60.59094216185175;-13.581253880811666;358.3423821312375;358.67086473737135;6.140081944189886;-188.0060330611367,101,9.46522802541197e-2,9.46522802541197e-2,Infinity,0.6213908789835212,0.6213908789835212,-Infinity,9.46522802541197e-2,9.46522802541197e-2,Infinity,303.31164395265245,303.31164395265245,Infinity
