id,Expression,theta,size,MSE_train,MSE_val,MSE_test,R2_train,R2_val,R2_test,nll_train,nll_val,nll_test,mdl_train,mdl_val,mdl_test
0,(Abs((x29 * ((x19 + (x3 - x9)) * (Abs(((Abs((Abs((Abs(x21) ^ x20)) ^ (x3 - x20))) ^ (-0.3627782378377725 + x20)) + x0)) ^ x16)))) ^ (Abs((Abs(((x17 * x4) * ((Abs((Abs(x2) ^ (32.985762620781124 - (x22 * ((x11 + (x16 * x30)) - Recip(x4)))))) ^ x19) / x30))) ^ (-0.5446392729387481 - (x22 * ((((Abs((Abs((0.9298436140672419 + x20)) ^ x16)) ^ x12) + (Abs((x21 * (x9 + 7.130746801125557))) ^ ((x14 - x16) - (x3 * ((x19 - x9) - Recip(x4)))))) + (x16 * x30)) - Recip(x4)))))) ^ (Abs((Abs((Abs(x21) ^ x20)) ^ (x3 - x22))) ^ (((-0.8880348412252118 + x20) / x19) / x20)))),-0.3627782378377725;32.985762620781124;-0.5446392729387481;0.9298436140672419;7.130746801125557;-0.8880348412252118,115,7.454355169832622e-2,7.454355169832622e-2,0.18002786574819066,0.7018257932066951,0.7018257932066951,-8.365049576220521,7.454355169832622e-2,7.454355169832622e-2,0.18002786574819066,313.6239651446133,313.6239651446133,313.72944945866317
