id,Expression,theta,size,MSE_train,MSE_val,MSE_test,R2_train,R2_val,R2_test,nll_train,nll_val,nll_test,mdl_train,mdl_val,mdl_test
0,(Abs(x0) ^ (Abs((((x3 + x19) * -4.668363709235265) - x12)) ^ (Abs(x3) ^ (Recip(x26) * x24)))),-4.668363709235265,19,2.8372179016611074e-2,2.8372179016611074e-2,8.449621809355146e-2,0.8865112839335557,0.8865112839335557,-3.3954932652263787,2.8372179016611074e-2,2.8372179016611074e-2,8.449621809355146e-2,39.78687857562462,39.78687857562462,39.843002614701554
