id,Expression,theta,size,MSE_train,MSE_val,MSE_test,R2_train,R2_val,R2_test,nll_train,nll_val,nll_test,mdl_train,mdl_val,mdl_test
0,(Abs((((x8 * -7.738774414449237) + (x4 + 0.2169964835894688)) + (Recip(Recip(x6)) * -0.3627491241144378))) ^ (Abs(2.860267906732802e-4) ^ (x26 * -6.143584417616842))),-7.738774414449237;0.2169964835894688;-0.3627491241144378;2.860267906732802e-4;-6.143584417616842,21,6.1484382784578795e-2,6.1484382784578795e-2,Infinity,0.7540624688616848,0.7540624688616848,-Infinity,6.1484382784578795e-2,6.1484382784578795e-2,Infinity,41.80875135217275,41.80875135217275,Infinity
