id,Expression,theta,size,MSE_train,MSE_val,MSE_test,R2_train,R2_val,R2_test,nll_train,nll_val,nll_test,mdl_train,mdl_val,mdl_test
0,(Abs(x6) ^ (Abs((x18 * Recip(x30))) ^ ((Abs(x15) ^ (-13.422186281742466 * x6)) * -0.28817004296314297))),-13.422186281742466;-0.28817004296314297,17,3.4082139649970665e-2,3.4082139649970665e-2,0.12218349367717544,0.8636714414001173,0.8636714414001173,-5.355985341086424,3.4082139649970665e-2,3.4082139649970665e-2,0.12218349367717544,29.14626372316767,29.14626372316767,29.234365077194877
