id,Expression,theta,size,MSE_train,MSE_val,MSE_test,R2_train,R2_val,R2_test,nll_train,nll_val,nll_test,mdl_train,mdl_val,mdl_test
0,(Abs((x28 * -0.6705567530340367)) ^ (Abs(((x19 - (Abs(x18) ^ 9.061654586739294)) - ((x20 / x27) * 0.5711864212108497))) ^ -28.100656314241434)),-0.6705567530340367;9.061654586739294;0.5711864212108497;-28.100656314241434,20,9.013338600620718e-4,9.013338600620718e-4,Infinity,0.9963946645597517,0.9963946645597517,-Infinity,9.013338600620718e-4,9.013338600620718e-4,Infinity,39.14484791475884,39.14484791475884,Infinity
