id,Expression,theta,size,MSE_train,MSE_val,MSE_test,R2_train,R2_val,R2_test,nll_train,nll_val,nll_test,mdl_train,mdl_val,mdl_test
0,((Abs(((Abs((x20 - ((Abs(x23) ^ (x21 * 1.9826300382934778)) / x13))) ^ 1.352732581608106) * x13)) ^ 2.300313583587078) - (1.0251903560624984 * x21)),1.9826300382934778;1.352732581608106;2.300313583587078;1.0251903560624984,22,7.85619661163316e-2,7.85619661163316e-2,0.10452668509739264,0.6857521355346736,0.6857521355346736,-4.437478158766158,7.85619661163316e-2,7.85619661163316e-2,0.10452668509739264,41.825828935504504,41.825828935504504,41.85179365448556
