id,Expression,theta,size,MSE_train,MSE_val,MSE_test,R2_train,R2_val,R2_test,nll_train,nll_val,nll_test,mdl_train,mdl_val,mdl_test
0,(Abs(x15) ^ ((Abs(Recip((Abs((x25 * x3)) ^ (-61.96297277831098 * x16)))) ^ x12) * 120.25011479678452)),-61.96297277831098;120.25011479678452,17,4.994875953021328e-2,4.994875953021328e-2,0.13350512799561282,0.8002049618791469,0.8002049618791469,-5.944936758331514,4.994875953021328e-2,4.994875953021328e-2,0.13350512799561282,30.811092842237287,30.811092842237287,30.894649210702685
