id,Expression,theta,size,MSE_train,MSE_val,MSE_test,R2_train,R2_val,R2_test,nll_train,nll_val,nll_test,mdl_train,mdl_val,mdl_test
0,(Abs(0.9605275329801725) ^ (Abs(-9.297786579564679e-5) ^ ((x2 / x10) - (Abs(((x21 / (Abs(-0.7638833399692968) ^ (-0.6446993943067056 + x21))) / x5)) ^ x2)))),0.9605275329801725;-9.297786579564679e-5;-0.7638833399692968;-0.6446993943067056,23,7.729711366823216e-2,7.729711366823216e-2,0.1419183134858558,0.6908115453270713,0.6908115453270713,-6.382590667533936,7.729711366823216e-2,7.729711366823216e-2,0.1419183134858558,41.8245640830564,41.8245640830564,41.889185282874024
