id,Expression,theta,size,MSE_train,MSE_val,MSE_test,R2_train,R2_val,R2_test,nll_train,nll_val,nll_test,mdl_train,mdl_val,mdl_test
0,((Abs(((Abs((-0.29878723745537233 + x17)) ^ x4) - x7)) ^ ((x25 + -2.5947866281920704) + (x28 * Recip(x15)))) * x10),-0.29878723745537233;-2.5947866281920704,20,0.12856313786153525,0.12856313786153525,373.2238408298558,0.485747448553859,0.485747448553859,-19414.10419996836,0.12856313786153525,0.12856313786153525,373.2238408298558,46.297651572169194,46.297651572169194,419.39292926416346
