id,Expression,theta,size,MSE_train,MSE_val,MSE_test,R2_train,R2_val,R2_test,nll_train,nll_val,nll_test,mdl_train,mdl_val,mdl_test
0,(((Abs(Recip((-0.7241753369900535 * ((x24 + (x17 + 7.989272477588695)) * x30)))) ^ (x29 * -16.530495912359303)) / Recip(x12)) * 9.863138099787772),-0.7241753369900535;7.989272477588695;-16.530495912359303;9.863138099787772,20,5.276853912497805e-2,5.276853912497805e-2,0.11436882736040939,0.7889258435000878,0.7889258435000878,-4.949466399288269,5.276853912497805e-2,5.276853912497805e-2,0.11436882736040939,45.61277872229402,45.61277872229402,45.67437901052945
