id,Expression,theta,size,MSE_train,MSE_val,MSE_test,R2_train,R2_val,R2_test,nll_train,nll_val,nll_test,mdl_train,mdl_val,mdl_test
0,(((-2.0674920069580125 - (x3 / x15)) - (-3.370247872677816 / (Abs(x13) ^ x21))) - (4.377922777023965e-2 / x7)),-2.0674920069580125;-3.370247872677816;4.377922777023965e-2,16,0.1097279646193811,0.1097279646193811,0.3110154171809772,0.5610881415224755,0.5610881415224755,-15.179022001753815,0.1097279646193811,0.1097279646193811,0.3110154171809772,33.06809662466267,33.06809662466267,33.26938407722427
