id,Expression,theta,size,MSE_train,MSE_val,MSE_test,R2_train,R2_val,R2_test,nll_train,nll_val,nll_test,mdl_train,mdl_val,mdl_test
0,(Abs((x7 * -7.168252295290728e-2)) ^ (Abs((Abs(((x27 + (x6 * x7)) / x21)) ^ (x8 * 22.354073348698332))) ^ -6.5306686234311595)),-7.168252295290728e-2;22.354073348698332;-6.5306686234311595,20,4.8798756826755746e-2,4.8798756826755746e-2,0.18850649884446138,0.804804972692977,0.804804972692977,-8.806108069888507,4.8798756826755746e-2,4.8798756826755746e-2,0.18850649884446138,39.19274533772553,39.19274533772553,39.33245307974324
