id,Expression,theta,size,MSE_train,MSE_val,MSE_test,R2_train,R2_val,R2_test,nll_train,nll_val,nll_test,mdl_train,mdl_val,mdl_test
0,(Abs(-2.1931451576270546e-4) ^ (Abs((x8 * ((Abs(Recip((Recip((x1 - x5)) * x4))) ^ -16.216853177661402) / x22))) ^ x17)),-2.1931451576270546e-4;-16.216853177661402,20,3.950450800441904e-2,3.950450800441904e-2,8.163272179181093e-2,0.8419819679823238,0.8419819679823238,-3.246534187609843,3.950450800441904e-2,3.950450800441904e-2,8.163272179181093e-2,42.28291755440043,42.28291755440043,42.32504576818782
