id,Expression,theta,size,MSE_train,MSE_val,MSE_test,R2_train,R2_val,R2_test,nll_train,nll_val,nll_test,mdl_train,mdl_val,mdl_test
0,(Abs((Abs(x6) ^ (Abs(x30) ^ (x2 * (Abs((Abs(x5) ^ x20)) ^ -4.659850403967988))))) ^ (Abs((Abs(x20) ^ -2.1864622531611215)) ^ 2.1283544281897067)),-4.659850403967988;-2.1864622531611215;2.1283544281897067,24,1.253822788170591e-6,1.253822788170591e-6,2.807128204815539e-2,0.9999949847088473,0.9999949847088473,-0.46026809214498754,1.253822788170591e-6,1.253822788170591e-6,2.807128204815539e-2,35.350507462379994,35.350507462379994,35.37857749060536
