id,Expression,theta,size,MSE_train,MSE_val,MSE_test,R2_train,R2_val,R2_test,nll_train,nll_val,nll_test,mdl_train,mdl_val,mdl_test
0,(Abs((x28 * x18)) ^ (Abs(x16) ^ (x20 * (12802.743139393811 * (x4 * ((x26 * x23) * x2)))))),12802.743139393811,19,9.521113214388274e-3,9.521113214388274e-3,6.80495935874323e-2,0.9619155471424469,0.9619155471424469,-2.539939858418093,9.521113214388274e-3,9.521113214388274e-3,6.80495935874323e-2,40.77374075078669,40.77374075078669,40.832269231159735
