id,Expression,theta,size,MSE_train,MSE_val,MSE_test,R2_train,R2_val,R2_test,nll_train,nll_val,nll_test,mdl_train,mdl_val,mdl_test
0,(((x6 * ((x6 + (106.97432061871625 * (x6 - x18))) + ((39.341434566378204 + x27) * x27))) + x27) + -0.17587464125368824),106.97432061871625;39.341434566378204;-0.17587464125368824,19,8.937652495876554e-2,8.937652495876554e-2,0.2084746408111694,0.6424939001649379,0.6424939001649379,-9.844850814996617,8.937652495876554e-2,8.937652495876554e-2,0.2084746408111694,37.06166935700972,37.06166935700972,37.18076747286212
