id,Expression,theta,size,MSE_train,MSE_val,MSE_test,R2_train,R2_val,R2_test,nll_train,nll_val,nll_test,mdl_train,mdl_val,mdl_test
0,(Abs((-1.2988000034503977 * (((Abs((Abs(x10) ^ x13)) ^ -0.47051855668146825) - x13) * (Abs((Abs(x26) ^ 2.176410957880646)) ^ x15)))) ^ 3.8064414976291445),-1.2988000034503977;-0.47051855668146825;2.176410957880646;3.8064414976291445,22,7.730189214082754e-2,7.730189214082754e-2,114.58725018579227,0.6907924314366898,0.6907924314366898,-5959.828754664686,7.730189214082754e-2,7.730189214082754e-2,114.58725018579227,35.42780810069804,35.42780810069804,149.9377563943495
