id,Expression,theta,size,MSE_train,MSE_val,MSE_test,R2_train,R2_val,R2_test,nll_train,nll_val,nll_test,mdl_train,mdl_val,mdl_test
0,(1.6740920856641188 * (((Abs(x26) ^ ((Abs(x26) ^ ((x26 * (20.70210228383158 - x15)) * -13.495239602332136)) * x12)) * 6.489105051261327) * x3)),1.6740920856641188;20.70210228383158;-13.495239602332136;6.489105051261327,21,6.488620473307849e-2,6.488620473307849e-2,0.23159851145586144,0.740455181067686,0.740455181067686,-11.047754565933452,6.488620473307849e-2,6.488620473307849e-2,0.23159851145586144,39.57427549664996,39.57427549664996,39.74098780337275
