id,Expression,theta,size,MSE_train,MSE_val,MSE_test,R2_train,R2_val,R2_test,nll_train,nll_val,nll_test,mdl_train,mdl_val,mdl_test
0,(Abs(5.370579906024888e-4) ^ (Abs((Abs((x19 + (6.639449147073624e-2 - x11))) ^ (x11 - x17))) ^ (x11 + 5.692012043014636))),5.370579906024888e-4;6.639449147073624e-2;5.692012043014636,18,7.933437898742857e-2,7.933437898742857e-2,0.11670608939044655,0.6826624840502857,0.6826624840502857,-5.071050770090798,7.933437898742857e-2,7.933437898742857e-2,0.11670608939044655,29.26798661481713,29.26798661481713,29.305358325220148
