id,Expression,theta,size,MSE_train,MSE_val,MSE_test,R2_train,R2_val,R2_test,nll_train,nll_val,nll_test,mdl_train,mdl_val,mdl_test
0,(((((x30 - x8) + -7.648694683461276) * x30) + 0.5230457969423479) + (Recip((x19 * x12)) * 2.5572546909805537e-3)),-7.648694683461276;0.5230457969423479;2.5572546909805537e-3,16,6.105170991244238e-2,6.105170991244238e-2,0.1140492268985291,0.7557931603502305,0.7557931603502305,-4.932840783261257,6.105170991244238e-2,6.105170991244238e-2,0.1140492268985291,35.216644947291954,35.216644947291954,35.26964246427804
