id,Expression,theta,size,MSE_train,MSE_val,MSE_test,R2_train,R2_val,R2_test,nll_train,nll_val,nll_test,mdl_train,mdl_val,mdl_test
0,((((x24 * x27) * 82.34188699986359) * (Abs((x21 * (-0.1761244904722613 * (Abs((x27 * 0.7734322160028158)) ^ x15)))) ^ x17)) + -0.1959628483570477),82.34188699986359;-0.1761244904722613;0.7734322160028158;-0.1959628483570477,21,6.818860749680901e-2,6.818860749680901e-2,0.1647142046768401,0.727245570012764,0.727245570012764,-7.568432927288894,6.818860749680901e-2,6.818860749680901e-2,0.1647142046768401,41.81545557688498,41.81545557688498,41.91198117406501
