id,Expression,theta,size,MSE_train,MSE_val,MSE_test,R2_train,R2_val,R2_test,nll_train,nll_val,nll_test,mdl_train,mdl_val,mdl_test
0,((Abs(x21) ^ x17) * ((Abs(-0.91596320117728) ^ (Abs((Abs((Abs((x26 * x30)) ^ x27)) ^ x20)) ^ (-187.21469325882651 + x27))) + 5.315869060193516e-2)),-0.91596320117728;-187.21469325882651;5.315869060193516e-2,24,7.81707710270161e-2,7.81707710270161e-2,0.1420733979633057,0.6873169158919357,0.6873169158919357,-6.39065816205088,7.81707710270161e-2,7.81707710270161e-2,0.1420733979633057,43.82728753791389,43.82728753791389,43.89119016485018
