id,Expression,theta,size,MSE_train,MSE_val,MSE_test,R2_train,R2_val,R2_test,nll_train,nll_val,nll_test,mdl_train,mdl_val,mdl_test
0,(Abs(x16) ^ (x5 * ((x5 * x24) * (1787.8765634705808 + ((Abs(x1) ^ -8.390771398944512) * x3))))),1787.8765634705808;-8.390771398944512,17,7.233238026567265e-2,7.233238026567265e-2,0.5337808463280155,0.7106704789373094,0.7106704789373094,-26.767279625982308,7.233238026567265e-2,7.233238026567265e-2,0.5337808463280155,33.03070104030896,33.03070104030896,33.492149506371305
