id,Expression,theta,size,MSE_train,MSE_val,MSE_test,R2_train,R2_val,R2_test,nll_train,nll_val,nll_test,mdl_train,mdl_val,mdl_test
0,(((0.1501664696965798 - x24) / x1) * ((x21 / x4) - (0.27879273554808154 * x10))),0.1501664696965798;0.27879273554808154,13,8.818236422594358e-2,8.818236422594358e-2,0.12421983703296936,0.6472705430962257,0.6472705430962257,-5.4619159224548195,8.818236422594358e-2,8.818236422594358e-2,0.12421983703296936,28.652101869596798,28.652101869596798,28.688139342403826
