id,Expression,theta,size,MSE_train,MSE_val,MSE_test,R2_train,R2_val,R2_test,nll_train,nll_val,nll_test,mdl_train,mdl_val,mdl_test
0,(Abs((Abs((x30 * 7.009724967655282)) ^ (x19 * (Abs((Abs(x30) ^ x9)) ^ x18)))) ^ (Abs((Abs((-5.845263801159297 * x30)) ^ -49.54210678365988)) ^ x25)),7.009724967655282;-5.845263801159297;-49.54210678365988,25,4.998392282225365e-2,4.998392282225365e-2,0.1940022246419489,0.8000643087109854,0.8000643087109854,-9.091995725873797,4.998392282225365e-2,4.998392282225365e-2,0.1940022246419489,39.55937321473914,39.55937321473914,39.70339151655883
