id,Expression,theta,size,MSE_train,MSE_val,MSE_test,R2_train,R2_val,R2_test,nll_train,nll_val,nll_test,mdl_train,mdl_val,mdl_test
0,(Abs((Abs((6.216115057124927 * x24)) ^ (-5.419744933038829 * (x26 - (x9 - x14))))) ^ ((x24 * 13.294126633317708) + -4.838345271174157)),6.216115057124927;-5.419744933038829;13.294126633317708;-4.838345271174157,19,4.884509072831376e-2,4.884509072831376e-2,7.249970128790763,0.804619637086745,0.804619637086745,-376.1434460996811,4.884509072831376e-2,4.884509072831376e-2,7.249970128790763,37.40166290544405,37.40166290544405,44.6027879435065
