id,Expression,theta,size,MSE_train,MSE_val,MSE_test,R2_train,R2_val,R2_test,nll_train,nll_val,nll_test,mdl_train,mdl_val,mdl_test
0,(Abs(x21) ^ (Abs((Abs((x25 * x17)) ^ ((-115.57861757118985 + ((x6 * 1260.9836171088414) + (x23 / x26))) * x24))) ^ x6)),-115.57861757118985;1260.9836171088414,22,4.4209907563641e-2,4.4209907563641e-2,9.961519427455245e-2,0.8231603697454359,0.8231603697454359,-4.18198240616202,4.4209907563641e-2,4.4209907563641e-2,9.961519427455245e-2,47.257436253535644,47.257436253535644,47.31284154024656
