id,Expression,theta,size,MSE_train,MSE_val,MSE_test,R2_train,R2_val,R2_test,nll_train,nll_val,nll_test,mdl_train,mdl_val,mdl_test
0,(Abs(-0.8831390431544849) ^ (Abs((x5 * x26)) ^ (((x5 / (x13 - x21)) * -7.182342042174064) + (x20 * 8.907346557702857)))),-0.8831390431544849;-7.182342042174064;8.907346557702857,19,7.859136781254059e-2,7.859136781254059e-2,0.22457304027190708,0.6856345287498377,0.6856345287498377,-10.68228955494416,7.859136781254059e-2,7.859136781254059e-2,0.22457304027190708,40.842811005384846,40.842811005384846,40.98879267784421
