id,Expression,theta,size,MSE_train,MSE_val,MSE_test,R2_train,R2_val,R2_test,nll_train,nll_val,nll_test,mdl_train,mdl_val,mdl_test
0,(Abs((Abs((Abs(((4.827144903506307 * x0) * x18)) ^ ((x16 * (x1 + x24)) * (x9 * x9)))) ^ 14672.061352241017)) ^ x19),4.827144903506307;14672.061352241017,22,8.015666587878084e-2,8.015666587878084e-2,6.2322975153331746e-2,0.6793733364848766,0.6793733364848766,-2.2420411674761938,8.015666587878084e-2,8.015666587878084e-2,6.2322975153331746e-2,45.64016684904782,45.64016684904782,45.62233315832237
