id,Expression,theta,size,MSE_train,MSE_val,MSE_test,R2_train,R2_val,R2_test,nll_train,nll_val,nll_test,mdl_train,mdl_val,mdl_test
0,(((x30 * x23) + -0.3309911556291666) + (((Abs(x10) ^ (x6 / x10)) * (x30 * 16.505035854505053)) + -0.3928395407936923)),-0.3309911556291666;16.505035854505053;-0.3928395407936923,18,9.416908841641758e-2,9.416908841641758e-2,0.1929831528965541,0.6233236463343297,0.6233236463343297,-9.03898361367836,9.416908841641758e-2,9.416908841641758e-2,0.1929831528965541,37.44698690313215,37.44698690313215,37.54580096761229
