id,Expression,theta,size,MSE_train,MSE_val,MSE_test,R2_train,R2_val,R2_test,nll_train,nll_val,nll_test,mdl_train,mdl_val,mdl_test
0,((Abs(((x26 * -1.0093020908193584) * 0.9416612987846946)) ^ ((x6 + x26) * (3.9711050441030697 * (Abs(x19) ^ x15)))) * 0.862149794930081),-1.0093020908193584;0.9416612987846946;3.9711050441030697;0.862149794930081,19,0.11314436568983893,0.11314436568983893,9.70335090165612e-2,0.5474225372406443,0.5474225372406443,-4.047683139041321,0.11314436568983893,0.11314436568983893,9.70335090165612e-2,35.46365057424705,35.46365057424705,35.44753971757377
