id,Expression,theta,size,MSE_train,MSE_val,MSE_test,R2_train,R2_val,R2_test,nll_train,nll_val,nll_test,mdl_train,mdl_val,mdl_test
0,(Abs(0.9992536787217032) ^ (Abs((x20 + 0.688451597049351)) ^ (Recip(x18) + ((x18 - x14) - (Abs(x21) ^ -1.9700977094715861))))),0.9992536787217032;0.688451597049351;-1.9700977094715861,19,3.3786399703887596e-2,3.3786399703887596e-2,9.748059876000335e-2,0.8648544011844497,0.8648544011844497,-4.070940747495181,3.3786399703887596e-2,3.3786399703887596e-2,9.748059876000335e-2,35.1893796370834,35.1893796370834,35.253073836139514
