id,Expression,theta,size,MSE_train,MSE_val,MSE_test,R2_train,R2_val,R2_test,nll_train,nll_val,nll_test,mdl_train,mdl_val,mdl_test
0,(((Abs((x30 / x24)) ^ (x12 * 8.627098670636247)) + ((-0.7339613112432837 - x11) * (Abs(x28) ^ 0.2600688735465148))) * 0.8175394035465176),8.627098670636247;-0.7339613112432837;0.2600688735465148;0.8175394035465176,19,7.921919857998258e-2,7.921919857998258e-2,0.12392822445394942,0.6831232056800697,0.6831232056800697,-5.446746236094203,7.921919857998258e-2,7.921919857998258e-2,0.12392822445394942,40.84343883615229,40.84343883615229,40.88814786202625
