id,Expression,theta,size,MSE_train,MSE_val,MSE_test,R2_train,R2_val,R2_test,nll_train,nll_val,nll_test,mdl_train,mdl_val,mdl_test
0,(Abs(((x14 * x5) * x22)) ^ (Abs((((-176.7535702418673 * x22) + 12.803104392092369) * x20)) ^ ((x22 * -129.5230388089667) + x1))),-176.7535702418673;12.803104392092369;-129.5230388089667,21,4.8120808834463846e-2,4.8120808834463846e-2,0.177809537083483,0.8075167646621446,0.8075167646621446,-8.249652119082432,4.8120808834463846e-2,4.8120808834463846e-2,0.177809537083483,41.79538777822263,41.79538777822263,41.925076506471655
