id,Expression,theta,size,MSE_train,MSE_val,MSE_test,R2_train,R2_val,R2_test,nll_train,nll_val,nll_test,mdl_train,mdl_val,mdl_test
0,(Abs(7.970082556874923e-4) ^ (Abs((Abs((x15 / x3)) ^ (-160.66124892798126 * x14))) ^ (x5 / (Abs((x16 + x13)) ^ (x2 * 10.060173460670931))))),7.970082556874923e-4;-160.66124892798126;10.060173460670931,23,9.716284369380766e-2,9.716284369380766e-2,0.13771495951269636,0.6113486252247693,0.6113486252247693,-6.163932193850191,9.716284369380766e-2,9.716284369380766e-2,0.13771495951269636,47.31038918966581,47.31038918966581,47.3509413054847
