id,Expression,theta,size,MSE_train,MSE_val,MSE_test,R2_train,R2_val,R2_test,nll_train,nll_val,nll_test,mdl_train,mdl_val,mdl_test
0,(Abs(x21) ^ (Abs((Abs(((6.830175622621 * x21) / (x28 + x24))) ^ 0.4919125938552327)) ^ (Abs(x7) ^ (-4.377178951635109 * x29)))),6.830175622621;0.4919125938552327;-4.377178951635109,21,4.254606352050013e-2,4.254606352050013e-2,6.986385306487376e-2,0.8298157459179994,0.8298157459179994,-2.634317636434594,4.254606352050013e-2,4.254606352050013e-2,6.986385306487376e-2,39.186492644419275,39.186492644419275,39.21381043396365
