id,Expression,theta,size,MSE_train,MSE_val,MSE_test,R2_train,R2_val,R2_test,nll_train,nll_val,nll_test,mdl_train,mdl_val,mdl_test
0,(Abs(x23) ^ (Abs((Abs((Abs((13.930826309231165 * x3)) ^ (x24 * x17))) ^ (x3 * -2215.283878646389))) ^ ((x27 / x3) - x0))),13.930826309231165;-2215.283878646389,23,3.974990582652949e-2,3.974990582652949e-2,5.27185222905084e-2,0.8410003766938821,0.8410003766938821,-1.7424175295521422,3.974990582652949e-2,3.974990582652949e-2,5.27185222905084e-2,45.59976008899557,45.59976008899557,45.61272870545955
