id,Expression,theta,size,MSE_train,MSE_val,MSE_test,R2_train,R2_val,R2_test,nll_train,nll_val,nll_test,mdl_train,mdl_val,mdl_test
0,(((-1.9149634153403516 - (x5 + 0.9713558901707873)) * x28) * (-0.8176248508492387 + (Abs(((Abs(x9) ^ x29) + -0.36826414645656635)) ^ x11))),-1.9149634153403516;0.9713558901707873;-0.8176248508492387;-0.36826414645656635,19,2.9178799009763768e-2,2.9178799009763768e-2,5.93119311754446e-2,0.8832848039609449,0.8832848039609449,-2.0854066597465106,2.9178799009763768e-2,2.9178799009763768e-2,5.93119311754446e-2,39.17312537990854,39.17312537990854,39.20325851207422
