id,Expression,theta,size,MSE_train,MSE_val,MSE_test,R2_train,R2_val,R2_test,nll_train,nll_val,nll_test,mdl_train,mdl_val,mdl_test
0,(Abs((x15 * x14)) ^ (Abs((((Abs(x18) ^ (x29 + 88.2402287341216)) * (Abs((2.944270437103114 * x15)) ^ -201.44339176594718)) * 19.767589836951842)) ^ x7)),88.2402287341216;2.944270437103114;-201.44339176594718;19.767589836951842,23,4.163252916404822e-2,4.163252916404822e-2,0.1171393684149033,0.8334698833438071,0.8334698833438071,-5.093589944943037,4.163252916404822e-2,4.163252916404822e-2,0.1171393684149033,41.78889949855222,41.78889949855222,41.864406337803075
