id,Expression,theta,size,MSE_train,MSE_val,MSE_test,R2_train,R2_val,R2_test,nll_train,nll_val,nll_test,mdl_train,mdl_val,mdl_test
0,((((x21 * (29.983833359675785 + (Recip(x12) + x16))) + (Abs(x16) ^ (x17 * -4.742055170876413))) + (x30 + -6.0384541213831815)) * x9),29.983833359675785;-4.742055170876413;-6.0384541213831815,21,3.236718717466367e-2,3.236718717466367e-2,3.931356653459478e-2,0.8705312513013453,0.8705312513013453,-1.045091731129542,3.236718717466367e-2,3.236718717466367e-2,3.931356653459478e-2,47.99027264314208,47.99027264314208,47.99721902250201
