id,Expression,theta,size,MSE_train,MSE_val,MSE_test,R2_train,R2_val,R2_test,nll_train,nll_val,nll_test,mdl_train,mdl_val,mdl_test
0,(Abs(x10) ^ (Abs((((Abs(x3) ^ (-5.637438706040369 * (-0.33208314879515877 + x21))) * x10) * -16.070515710827372)) ^ -9.545198853542768)),-5.637438706040369;-0.33208314879515877;-16.070515710827372;-9.545198853542768,18,1.3414175350769762e-6,1.3414175350769762e-6,Infinity,0.9999946343298597,0.9999946343298597,-Infinity,1.3414175350769762e-6,1.3414175350769762e-6,Infinity,29.188653577247234,29.188653577247234,Infinity
