id,Expression,theta,size,MSE_train,MSE_val,MSE_test,R2_train,R2_val,R2_test,nll_train,nll_val,nll_test,mdl_train,mdl_val,mdl_test
0,(Abs(-0.9941274138087655) ^ (Abs((Abs((Abs(x20) ^ x18)) ^ (((Recip(x12) - (x27 + x29)) / x0) + x12))) ^ (-1.4628636599311655 * x4))),-0.9941274138087655;-1.4628636599311655,24,7.018549638677901e-2,7.018549638677901e-2,9.633087423080437e-2,0.719258014452884,0.719258014452884,-4.011132077486252,7.018549638677901e-2,7.018549638677901e-2,9.633087423080437e-2,52.85133208869195,52.85133208869195,52.87747746653597
