id,Expression,theta,size,MSE_train,MSE_val,MSE_test,R2_train,R2_val,R2_test,nll_train,nll_val,nll_test,mdl_train,mdl_val,mdl_test
0,(Abs((((x9 * 4.191010253201754) + x18) + x6)) ^ (((x0 * -48.13507364058862) + (8.054456085765203 + (Abs(x26) ^ x15))) + x15)),4.191010253201754;-48.13507364058862;8.054456085765203,21,2.867124707333697e-2,2.867124707333697e-2,9.374938413535275e-2,0.8853150117066522,0.8853150117066522,-3.876842962720864,2.867124707333697e-2,2.867124707333697e-2,9.374938413535275e-2,43.777788013960205,43.777788013960205,43.84286615102222
