id,Expression,theta,size,MSE_train,MSE_val,MSE_test,R2_train,R2_val,R2_test,nll_train,nll_val,nll_test,mdl_train,mdl_val,mdl_test
0,(((Recip((Abs(x3) ^ x21)) - ((Abs((x2 + x5)) ^ Recip((x1 / x4))) * -8.797312906413959)) * x24) + -0.15296349737767656),-8.797312906413959;-0.15296349737767656,21,0.10058204814068378,0.10058204814068378,0.6139419523177393,0.5976718074372649,0.5976718074372649,-30.93726035956758,0.10058204814068378,0.10058204814068378,0.6139419523177393,50.242671310830595,50.242671310830595,50.756031215007646
