id,Expression,theta,size,MSE_train,MSE_val,MSE_test,R2_train,R2_val,R2_test,nll_train,nll_val,nll_test,mdl_train,mdl_val,mdl_test
0,(((((x0 * -71.54420467277859) * (x23 + x2)) - (x0 * -53.22828537219498)) * x15) + -0.245045505524253),-71.54420467277859;-53.22828537219498;-0.245045505524253,15,5.01777424150535e-2,5.01777424150535e-2,9.365914489103384e-2,0.7992890303397859,0.7992890303397859,-3.8721487172313944,5.01777424150535e-2,5.01777424150535e-2,9.365914489103384e-2,31.24180086761259,31.24180086761259,31.285282270088572
