id,Expression,theta,size,MSE_train,MSE_val,MSE_test,R2_train,R2_val,R2_test,nll_train,nll_val,nll_test,mdl_train,mdl_val,mdl_test
0,(x1 + ((((Abs(x26) ^ x18) * -1.968809726714825) + 0.582215166848817) + (x5 + (Abs(2.7343190545428296e-2) ^ x20)))),-1.968809726714825;0.582215166848817;2.7343190545428296e-2,17,6.112340706571042e-2,6.112340706571042e-2,0.10465614278676691,0.7555063717371583,0.7555063717371583,-4.444212547767407,6.112340706571042e-2,6.112340706571042e-2,0.10465614278676691,33.019492067109,33.019492067109,33.06302480283006
