id,Expression,theta,size,MSE_train,MSE_val,MSE_test,R2_train,R2_val,R2_test,nll_train,nll_val,nll_test,mdl_train,mdl_val,mdl_test
0,(Abs(6.948263741811348e-3) ^ Recip((Abs((x25 * ((Recip(x0) + (((x8 * x13) * x16) + -2.890117794257099)) + x16))) ^ -6.405962048643162))),6.948263741811348e-3;-2.890117794257099;-6.405962048643162,21,2.8885579205861333e-2,2.8885579205861333e-2,0.10033508225129355,0.8844576831765547,0.8844576831765547,-4.219430978712091,2.8885579205861333e-2,2.8885579205861333e-2,0.10033508225129355,43.778002346092734,43.778002346092734,43.84945184913816
