id,Expression,theta,size,MSE_train,MSE_val,MSE_test,R2_train,R2_val,R2_test,nll_train,nll_val,nll_test,mdl_train,mdl_val,mdl_test
0,((Abs(x25) ^ ((Abs(6.4675587258728795) ^ (x9 / x0)) * x17)) * ((0.10637739967467154 - x1) * -6.628822480562114)),6.4675587258728795;0.10637739967467154;-6.628822480562114,17,5.708715292494056e-2,5.708715292494056e-2,Infinity,0.7716513883002378,0.7716513883002378,-Infinity,5.708715292494056e-2,5.708715292494056e-2,Infinity,34.595863547835634,34.595863547835634,Infinity
