id,Expression,theta,size,MSE_train,MSE_val,MSE_test,R2_train,R2_val,R2_test,nll_train,nll_val,nll_test,mdl_train,mdl_val,mdl_test
0,((Abs((0.5357528658604767 * ((x26 / x14) + -0.2858483642140026))) ^ (6.365670378728971 * x26)) * ((x15 + 4.730781326291857) * x12)),0.5357528658604767;-0.2858483642140026;6.365670378728971;4.730781326291857,18,5.4294215528052706e-2,5.4294215528052706e-2,32671.352165674285,0.7828231378877892,0.7828231378877892,-1699562.7396583115,5.4294215528052706e-2,5.4294215528052706e-2,32671.352165674285,37.40711203024379,37.40711203024379,32708.704983489002
