id,Expression,theta,size,MSE_train,MSE_val,MSE_test,R2_train,R2_val,R2_test,nll_train,nll_val,nll_test,mdl_train,mdl_val,mdl_test
0,(((x21 + x9) * ((-22.14866590284363 * x15) - (((-1.4108128945234462 * (5.87492788565807 + x2)) * x24) + -5.928984843355753))) + -0.7785612574169827),-22.14866590284363;-1.4108128945234462;5.87492788565807;-5.928984843355753;-0.7785612574169827,19,4.17338057935918e-2,4.17338057935918e-2,5.015095813257428e-2,0.8330647768256327,0.8330647768256327,-1.608852842056414,4.17338057935918e-2,4.17338057935918e-2,5.015095813257428e-2,41.78900077518176,41.78900077518176,41.79741792752075
