id,Expression,theta,size,MSE_train,MSE_val,MSE_test,R2_train,R2_val,R2_test,nll_train,nll_val,nll_test,mdl_train,mdl_val,mdl_test
0,(Abs(x17) ^ (Abs((((x17 * -8.836369122034673) * x7) - ((13.309072386483855 * x26) / ((3.650534652721592 * x28) * 4.292829718021071)))) ^ -13.15664909562865)),-8.836369122034673;13.309072386483855;3.650534652721592;4.292829718021071;-13.15664909562865,21,1.1369417785091897e-2,1.1369417785091897e-2,8.347284243976648e-2,0.9545223288596324,0.9545223288596324,-3.342257263716487,1.1369417785091897e-2,1.1369417785091897e-2,8.347284243976648e-2,41.75863638717326,41.75863638717326,41.83073981182794
