id,Expression,theta,size,MSE_train,MSE_val,MSE_test,R2_train,R2_val,R2_test,nll_train,nll_val,nll_test,mdl_train,mdl_val,mdl_test
0,(Abs((Abs(((x15 * ((x7 - x6) + -0.10610062178090289)) / (x4 * x1))) ^ (x1 - x6))) ^ 12.454610336493284),-0.10610062178090289;12.454610336493284,19,7.576432766908014e-2,7.576432766908014e-2,10145.923943128462,0.6969426893236794,0.6969426893236794,-527789.9635215225,7.576432766908014e-2,7.576432766908014e-2,10145.923943128462,40.83998396524138,40.83998396524138,10186.688162766035
