id,Expression,theta,size,MSE_train,MSE_val,MSE_test,R2_train,R2_val,R2_test,nll_train,nll_val,nll_test,mdl_train,mdl_val,mdl_test
0,(Abs(x23) ^ (Abs((Abs(((x5 * 54.34163938503873) * x11)) ^ x19)) ^ (x23 * 277.0732432325254))),54.34163938503873;277.0732432325254,16,3.236386821394139e-2,3.236386821394139e-2,Infinity,0.8705445271442345,0.8705445271442345,-Infinity,3.236386821394139e-2,3.236386821394139e-2,Infinity,25.329195805933015,25.329195805933015,Infinity
