id,Expression,theta,size,MSE_train,MSE_val,MSE_test,R2_train,R2_val,R2_test,nll_train,nll_val,nll_test,mdl_train,mdl_val,mdl_test
0,(Abs((Abs((1.281481800550599 * x10)) ^ (Abs((Abs((Abs(x29) ^ x4)) ^ x10)) ^ 47.15677860427632))) ^ (Abs((Abs(x30) ^ (Abs(x29) ^ x4))) ^ -5.9115667829914536)),1.281481800550599;47.15677860427632;-5.9115667829914536,27,2.0929395074977916e-2,2.0929395074977916e-2,Infinity,0.9162824197000883,0.9162824197000883,-Infinity,2.0929395074977916e-2,2.0929395074977916e-2,Infinity,36.99322222712593,36.99322222712593,Infinity
