id,Expression,theta,size,MSE_train,MSE_val,MSE_test,R2_train,R2_val,R2_test,nll_train,nll_val,nll_test,mdl_train,mdl_val,mdl_test
0,((Abs(((Abs(x17) ^ -0.6283337327739802) / x7)) ^ x15) + -1.2958725440578849),-0.6283337327739802;-1.2958725440578849,11,7.37500491343535e-2,7.37500491343535e-2,0.13297034709379718,0.704999803462586,0.704999803462586,-5.9171174558190645,7.37500491343535e-2,7.37500491343535e-2,0.13297034709379718,17.586941390632173,17.586941390632173,17.646161688591615
