id,Expression,theta,size,MSE_train,MSE_val,MSE_test,R2_train,R2_val,R2_test,nll_train,nll_val,nll_test,mdl_train,mdl_val,mdl_test
0,(Abs((Abs(-6.513412679927597e-3) ^ Recip(x18))) ^ (Abs((Abs(8.87473799353074e-2) ^ (Abs(-0.11927821736310558) ^ (x6 / x24)))) ^ Recip(x25))),-6.513412679927597e-3;8.87473799353074e-2;-0.11927821736310558,20,5.68594459973367e-2,5.68594459973367e-2,0.15857376686996927,0.7725622160106532,0.7725622160106532,-7.249007352575486,5.68594459973367e-2,5.68594459973367e-2,0.15857376686996927,31.248482571194874,31.248482571194874,31.35019689206751
