id,Expression,theta,size,MSE_train,MSE_val,MSE_test,R2_train,R2_val,R2_test,nll_train,nll_val,nll_test,mdl_train,mdl_val,mdl_test
0,((x15 * (-5.972747348454524 + (118.66393100332628 * x6))) + ((-3731.7799346474685 * x6) * (x30 * (x9 * x6)))),-5.972747348454524;118.66393100332628;-3731.7799346474685,17,4.015458482458114e-2,4.015458482458114e-2,8.760353919673516e-2,0.8393816607016754,0.8393816607016754,-3.557136109013989,4.015458482458114e-2,4.015458482458114e-2,8.760353919673516e-2,33.12062711876491,33.12062711876491,33.16807607313706
