id,Expression,theta,size,MSE_train,MSE_val,MSE_test,R2_train,R2_val,R2_test,nll_train,nll_val,nll_test,mdl_train,mdl_val,mdl_test
0,((-42.90694066445223 + ((x12 * 808.9658132551822) + (((x3 * x2) - x3) * -1037.474941047163))) * (x22 * (x12 * x2))),-42.90694066445223;808.9658132551822;-1037.474941047163,19,3.338546141035482e-2,3.338546141035482e-2,5.136922975427572e-2,0.8664581543585808,0.8664581543585808,-1.6722273318173206,3.338546141035482e-2,3.338546141035482e-2,5.136922975427572e-2,39.54277475332724,39.54277475332724,39.56075852167116
