id,Expression,theta,size,MSE_train,MSE_val,MSE_test,R2_train,R2_val,R2_test,nll_train,nll_val,nll_test,mdl_train,mdl_val,mdl_test
0,(Abs(0.9624794624441395) ^ (Abs(((x2 - (x23 + x5)) / (x26 / x22))) ^ (-68.99934382854478 * x17))),0.9624794624441395;-68.99934382854478,17,5.1651478665557804e-2,5.1651478665557804e-2,0.13891736415894887,0.7933940853377688,0.7933940853377688,-6.226481283548244,5.1651478665557804e-2,5.1651478665557804e-2,0.13891736415894887,37.32525122548556,37.32525122548556,37.41251711097895
