id,Expression,theta,size,MSE_train,MSE_val,MSE_test,R2_train,R2_val,R2_test,nll_train,nll_val,nll_test,mdl_train,mdl_val,mdl_test
0,(Abs((Abs(x15) ^ (Abs(x17) ^ (x25 + 1.3641128135044542)))) ^ (Abs(((x25 + -2.6527142137831086) / (x9 / x30))) ^ (Abs(x25) ^ -0.7558496736893625))),1.3641128135044542;-2.6527142137831086;-0.7558496736893625,24,0.119906555870903,0.119906555870903,0.2050198034425994,0.520373776516388,0.520373776516388,-9.665130175083613,0.119906555870903,0.119906555870903,0.2050198034425994,41.867173525259076,41.867173525259076,41.95228677283077
