id,Expression,theta,size,MSE_train,MSE_val,MSE_test,R2_train,R2_val,R2_test,nll_train,nll_val,nll_test,mdl_train,mdl_val,mdl_test
0,(Abs(0.9643611169638671) ^ (Abs(x20) ^ ((x4 * (9.522479741788985 * (((x6 + -0.3601955491775886) + (x22 / x3)) + -0.16238436747554183))) + -6.6735861373794645))),0.9643611169638671;9.522479741788985;-0.3601955491775886;-0.16238436747554183;-6.6735861373794645,21,8.522415765008233e-6,8.522415765008233e-6,8.18968664847169e-2,0.9999659103369399,0.9999659103369399,-3.260274994534811,8.522415765008233e-6,8.522415765008233e-6,8.18968664847169e-2,43.74912528930263,43.74912528930263,43.83101363337159
