id,Expression,theta,size,MSE_train,MSE_val,MSE_test,R2_train,R2_val,R2_test,nll_train,nll_val,nll_test,mdl_train,mdl_val,mdl_test
0,(4.719236153216817e-4 + (Abs(x30) ^ (Abs((0.5136968990169566 + (Recip(Recip((Abs((x5 / x18)) ^ 0.8100312449537491))) * (x2 * -2.2133522488290596)))) ^ -9.360680192967267))),4.719236153216817e-4;0.5136968990169566;0.8100312449537491;-2.2133522488290596;-9.360680192967267,22,1.3730253132292076e-6,1.3730253132292076e-6,2.4319200359693878e-2,0.9999945078987471,0.9999945078987471,-0.26508480271122736,1.3730253132292076e-6,1.3730253132292076e-6,2.4319200359693878e-2,43.749118139912184,43.749118139912184,43.77343596724656
