id,Expression,theta,size,MSE_train,MSE_val,MSE_test,R2_train,R2_val,R2_test,nll_train,nll_val,nll_test,mdl_train,mdl_val,mdl_test
0,(Abs(x6) ^ ((x7 * x22) * ((-1.5513094287929689e-2 + x10) * (Abs((x7 * x6)) ^ ((x15 * x1) * -108.36170595724373))))),-1.5513094287929689e-2;-108.36170595724373,21,4.6040697203062336e-2,4.6040697203062336e-2,9.189109591797372e-2,0.8158372111877507,0.8158372111877507,-3.7801748096528103,4.6040697203062336e-2,4.6040697203062336e-2,9.189109591797372e-2,43.79515746408993,43.79515746408993,43.841007862804844
