id,Expression,theta,size,MSE_train,MSE_val,MSE_test,R2_train,R2_val,R2_test,nll_train,nll_val,nll_test,mdl_train,mdl_val,mdl_test
0,((((Abs(((x18 * 3.2214277598876566) + ((Abs(x16) ^ x17) + x24))) ^ -4.782419152914033) + 0.22111713629240493) + x18) + -0.6837581430422692),3.2214277598876566;-4.782419152914033;0.22111713629240493;-0.6837581430422692,19,4.974583424342705e-2,4.974583424342705e-2,8.445026621666923e-2,0.8010166630262918,0.8010166630262918,-3.3931028485909662,4.974583424342705e-2,4.974583424342705e-2,8.445026621666923e-2,35.40025204280063,35.40025204280063,35.43495647477388
