id,Expression,theta,size,MSE_train,MSE_val,MSE_test,R2_train,R2_val,R2_test,nll_train,nll_val,nll_test,mdl_train,mdl_val,mdl_test
0,(2.137320583456449 * (Abs((x17 * (x20 * ((x13 * (Abs(7.359475163561197e-2) ^ x26)) / (Abs((x12 * -7.473874914220844)) ^ -6.754675095464599))))) ^ x1)),2.137320583456449;7.359475163561197e-2;-7.473874914220844;-6.754675095464599,22,0.11383823598216201,0.11383823598216201,0.11519246632426593,0.5446470560713519,0.5446470560713519,-4.992312098188084,0.11383823598216201,0.11383823598216201,0.11519246632426593,43.862955002869036,43.862955002869036,43.86430923321114
