id,Expression,theta,size,MSE_train,MSE_val,MSE_test,R2_train,R2_val,R2_test,nll_train,nll_val,nll_test,mdl_train,mdl_val,mdl_test
0,((Abs(-1.5089975436702168) ^ x2) - (Abs(((Abs((0.20189128123861466 * x2)) ^ (x15 / x0)) * 12.29891467532819)) ^ x2)),-1.5089975436702168;0.20189128123861466;12.29891467532819,18,5.809987599666369e-2,5.809987599666369e-2,3.120712107730089,0.7676004960133452,0.7676004960133452,-161.33944384411302,5.809987599666369e-2,5.809987599666369e-2,3.120712107730089,31.2497230011942,31.2497230011942,34.31233523292762
