id,Expression,theta,size,MSE_train,MSE_val,MSE_test,R2_train,R2_val,R2_test,nll_train,nll_val,nll_test,mdl_train,mdl_val,mdl_test
0,(x23 * (((x3 - x30) / x21) * -8.207593277640246)),-8.207593277640246,9,3.9908961069239406e-2,3.9908961069239406e-2,0.17011760127200803,0.8403641557230423,0.8403641557230423,-7.84951761816952,3.9908961069239406e-2,3.9908961069239406e-2,0.17011760127200803,18.75488283618776,18.75488283618776,18.885091476390528
