id,Expression,theta,size,MSE_train,MSE_val,MSE_test,R2_train,R2_val,R2_test,nll_train,nll_val,nll_test,mdl_train,mdl_val,mdl_test
0,(((x20 + x23) + -7.750399392878808e-2) * (((((x19 + x23) * -1.2570429357179196) + 2.5050753357268745) + x24) * 0.996469611820422)),-7.750399392878808e-2;-1.2570429357179196;2.5050753357268745;0.996469611820422,17,3.611670145934386e-2,3.611670145934386e-2,9.17679845738588e-2,0.8555331941626245,0.8555331941626245,-3.773770557531953,3.611670145934386e-2,3.611670145934386e-2,9.17679845738588e-2,33.116589235399665,33.116589235399665,33.17224051851418
