id,Expression,theta,size,MSE_train,MSE_val,MSE_test,R2_train,R2_val,R2_test,nll_train,nll_val,nll_test,mdl_train,mdl_val,mdl_test
0,((((15.70925840792747 * x24) * x24) + (((Abs(x14) ^ x26) / x26) * (x26 - (x9 * x0)))) + -0.8565104626285144),15.70925840792747;-0.8565104626285144,20,6.76054282994119e-2,6.76054282994119e-2,1.6156054195269245,0.7295782868023524,0.7295782868023524,-83.0437939237874,6.76054282994119e-2,6.76054282994119e-2,1.6156054195269245,45.62761561146845,45.62761561146845,47.17561560269596
