id,Expression,theta,size,MSE_train,MSE_val,MSE_test,R2_train,R2_val,R2_test,nll_train,nll_val,nll_test,mdl_train,mdl_val,mdl_test
0,(Abs((Abs(x9) ^ (Abs((Recip((Abs(x20) ^ x16)) - (x2 / x10))) ^ ((x7 + x30) + 4.782505035341947)))) ^ x16),4.782505035341947,22,5.4246133988084574e-2,5.4246133988084574e-2,0.15280361914616095,0.7830154640476616,0.7830154640476616,-6.948844267982989,5.4246133988084574e-2,5.4246133988084574e-2,0.15280361914616095,46.22333456829575,46.22333456829575,46.32189205345382
