id,Expression,theta,size,MSE_train,MSE_val,MSE_test,R2_train,R2_val,R2_test,nll_train,nll_val,nll_test,mdl_train,mdl_val,mdl_test
0,(Abs(-0.11503726822752884) ^ (x12 + (2.2352092892826136 * (Abs((Abs((x7 / x18)) ^ x17)) ^ ((x30 * x9) - Recip(x9)))))),-0.11503726822752884;2.2352092892826136,21,0.1083424500347647,0.1083424500347647,0.1336359224189131,0.5666301998609412,0.5666301998609412,-5.951740684231593,0.1083424500347647,0.1083424500347647,0.1336359224189131,46.27743088434242,46.27743088434242,46.30272435672657
