id,Expression,theta,size,MSE_train,MSE_val,MSE_test,R2_train,R2_val,R2_test,nll_train,nll_val,nll_test,mdl_train,mdl_val,mdl_test
0,(((91.26268000576118 + (x21 * (-2513.27998032374 * x15))) * (x9 * x18)) + -0.35484915246302107),91.26268000576118;-2513.27998032374;-0.35484915246302107,13,4.362175040529213e-2,4.362175040529213e-2,4.93638092886739e-2,0.8255129983788315,0.8255129983788315,-1.5679053591967183,4.362175040529213e-2,4.362175040529213e-2,4.93638092886739e-2,25.340453688124366,25.340453688124366,25.346195747007748
