id,Expression,theta,size,MSE_train,MSE_val,MSE_test,R2_train,R2_val,R2_test,nll_train,nll_val,nll_test,mdl_train,mdl_val,mdl_test
0,(Abs(-0.9919548124493174) ^ (Abs((((0.6921829172358892 * (x12 * (0.40836956257474893 / x25))) + x30) / (x10 + 0.4876479433952609))) ^ (x4 + -4.717261565056843))),-0.9919548124493174;0.6921829172358892;0.40836956257474893;0.4876479433952609;-4.717261565056843,21,5.437239104231621e-2,5.437239104231621e-2,0.11865891118553026,0.7825104358307351,0.7825104358307351,-5.172636559871049,5.437239104231621e-2,5.437239104231621e-2,0.11865891118553026,43.803489157929185,43.803489157929185,43.8677756780724
