id,Expression,theta,size,MSE_train,MSE_val,MSE_test,R2_train,R2_val,R2_test,nll_train,nll_val,nll_test,mdl_train,mdl_val,mdl_test
0,(((39.767301455326226 * (Abs(-1.8077600358465905e-3) ^ (x26 * (((x28 / x6) + x9) * x21)))) * x21) * x21),39.767301455326226;-1.8077600358465905e-3,18,7.727008714007191e-2,7.727008714007191e-2,0.28531643075167046,0.6909196514397123,0.6909196514397123,-13.842160727701332,7.727008714007191e-2,7.727008714007191e-2,0.28531643075167046,39.22121666803885,39.22121666803885,39.42926301165045
