id,Expression,theta,size,MSE_train,MSE_val,MSE_test,R2_train,R2_val,R2_test,nll_train,nll_val,nll_test,mdl_train,mdl_val,mdl_test
0,(Abs(x30) ^ (Abs((((x28 - x22) - x23) + x15)) ^ ((x15 * 62.30777765852155) + -7.604765905420336))),62.30777765852155;-7.604765905420336,17,3.2418089956733696e-2,3.2418089956733696e-2,7.185358568213539e-2,0.8703276401730652,0.8703276401730652,-2.7378235271845397,3.2418089956733696e-2,3.2418089956733696e-2,7.185358568213539e-2,34.571194484867426,34.571194484867426,34.610629980592826
