id,Expression,theta,size,MSE_train,MSE_val,MSE_test,R2_train,R2_val,R2_test,nll_train,nll_val,nll_test,mdl_train,mdl_val,mdl_test
0,((-0.848355895078122 + (Abs(((x21 + (x19 / (x14 * x17))) * 7.113188751301988e-4)) ^ x24)) + (x15 / x14)),-0.848355895078122;7.113188751301988e-4,18,3.891707484578169e-2,3.891707484578169e-2,5.315250160264352e-2,0.8443317006168732,0.8443317006168732,-1.7649931333694107,3.891707484578169e-2,3.891707484578169e-2,5.315250160264352e-2,40.80313671241809,40.80313671241809,40.81737213917495
