id,Expression,theta,size,MSE_train,MSE_val,MSE_test,R2_train,R2_val,R2_test,nll_train,nll_val,nll_test,mdl_train,mdl_val,mdl_test
0,(Abs((Abs(x15) ^ x27)) ^ (Abs((Abs(((x4 * x27) * -146.14920446867822)) ^ (x27 * x16))) ^ (6499.812169012855 * x27))),-146.14920446867822;6499.812169012855,21,3.928162920588987e-2,3.928162920588987e-2,0.10078274344351175,0.8428734831764405,0.8428734831764405,-4.242718313931281,3.928162920588987e-2,3.928162920588987e-2,0.10078274344351175,33.11975416314621,33.11975416314621,33.18125527738383
