id,Expression,theta,size,MSE_train,MSE_val,MSE_test,R2_train,R2_val,R2_test,nll_train,nll_val,nll_test,mdl_train,mdl_val,mdl_test
0,(((((Abs(-1.167737832371166e-2) ^ x26) + x17) * (Abs(x17) ^ ((3.869663807118487 * x15) + x20))) + (Abs(x26) ^ x26)) + -1.1334337851930556),-1.167737832371166e-2;3.869663807118487;-1.1334337851930556,22,4.5336987036108126e-2,4.5336987036108126e-2,8.728096884158996e-2,0.8186520518555676,0.8186520518555676,-3.5403559991393365,4.5336987036108126e-2,4.5336987036108126e-2,8.728096884158996e-2,39.55472627895299,39.55472627895299,39.59667026075847
