id,Expression,theta,size,MSE_train,MSE_val,MSE_test,R2_train,R2_val,R2_test,nll_train,nll_val,nll_test,mdl_train,mdl_val,mdl_test
0,((((Recip(Recip(x10)) + (x18 * 80.5321798504901)) + ((x30 / x7) * -5.055678334276511)) * (Abs(x9) ^ x6)) * x9),80.5321798504901;-5.055678334276511,20,9.006005465761906e-2,9.006005465761906e-2,0.5436565493055158,0.6397597813695237,0.6397597813695237,-27.28101369487185,9.006005465761906e-2,9.006005465761906e-2,0.5436565493055158,47.303286400629624,47.303286400629624,47.75688289527752
