id,Expression,theta,size,MSE_train,MSE_val,MSE_test,R2_train,R2_val,R2_test,nll_train,nll_val,nll_test,mdl_train,mdl_val,mdl_test
0,(Abs(0.95961785022797) ^ (Abs(x30) ^ ((x7 * (-2968.519492563789 / Recip(x6))) * x6))),0.95961785022797;-2968.519492563789,14,8.70540531585464e-2,8.70540531585464e-2,0.14085414767370785,0.6517837873658143,0.6517837873658143,-6.327232761986003,8.70540531585464e-2,8.70540531585464e-2,0.14085414767370785,25.040352553316573,25.040352553316573,25.094152647831734
