id,Expression,theta,size,MSE_train,MSE_val,MSE_test,R2_train,R2_val,R2_test,nll_train,nll_val,nll_test,mdl_train,mdl_val,mdl_test
0,(Abs((-0.11330664599953334 * (x23 * 4.843058165386461))) ^ (((Abs(x26) ^ (x0 / x6)) * (9.297819544753077 + x26)) + x26)),-0.11330664599953334;4.843058165386461;9.297819544753077,19,5.582984334320816e-2,5.582984334320816e-2,0.13968945377035977,0.7766806266271673,0.7766806266271673,-6.266645385133838,5.582984334320816e-2,5.582984334320816e-2,0.13968945377035977,37.408647658058946,37.408647658058946,37.492507268486094
