id,Expression,theta,size,MSE_train,MSE_val,MSE_test,R2_train,R2_val,R2_test,nll_train,nll_val,nll_test,mdl_train,mdl_val,mdl_test
0,(((x12 * 11.460420062784307) * ((((x0 * 0.3866769029421216) + x23) / x14) + 1.9502761495951898e-2)) * (13.779865049140545 * x6)),11.460420062784307;0.3866769029421216;1.9502761495951898e-2;13.779865049140545,17,9.130751497980992e-2,9.130751497980992e-2,0.21032476193039334,0.6347699400807603,0.6347699400807603,-9.941094115618645,9.130751497980992e-2,9.130751497980992e-2,0.21032476193039334,37.444125329695545,37.444125329695545,37.56314257664613
