id,Expression,theta,size,MSE_train,MSE_val,MSE_test,R2_train,R2_val,R2_test,nll_train,nll_val,nll_test,mdl_train,mdl_val,mdl_test
0,(Abs(x9) ^ (Abs((Abs(((-6.327363387465174 * x0) * (Abs(x25) ^ -0.3236392012982491))) ^ (Abs(x11) ^ -0.8396283308181826))) ^ (Abs((x26 + x13)) ^ x11))),-6.327363387465174;-0.3236392012982491;-0.8396283308181826,25,4.913977389153898e-2,4.913977389153898e-2,8.38875966485121e-2,0.8034409044338441,0.8034409044338441,-3.363832777655433,4.913977389153898e-2,4.913977389153898e-2,8.38875966485121e-2,43.79825654077841,43.79825654077841,43.83300436353538
