id,Expression,theta,size,MSE_train,MSE_val,MSE_test,R2_train,R2_val,R2_test,nll_train,nll_val,nll_test,mdl_train,mdl_val,mdl_test
0,(((3.7682072069003393e-3 / x3) / x15) - ((-2.4395426095240817e-3 / x15) + (x24 * (0.6187361316186631 + (0.45000968072671493 / x15))))),3.7682072069003393e-3;-2.4395426095240817e-3;0.6187361316186631;0.45000968072671493,17,6.968283109838719e-2,6.968283109838719e-2,0.3597413130720909,0.7212686756064512,0.7212686756064512,-17.713743106009453,6.968283109838719e-2,6.968283109838719e-2,0.3597413130720909,35.4201890396556,35.4201890396556,35.7102475216293
