id,Expression,theta,size,MSE_train,MSE_val,MSE_test,R2_train,R2_val,R2_test,nll_train,nll_val,nll_test,mdl_train,mdl_val,mdl_test
0,((Abs(x2) ^ (Abs(((4.2031299184270406e-2 - x6) + (Abs(x6) ^ 1.2072262094864317))) ^ Recip((x30 / (x2 + -0.39218224856381756))))) * 1.0000401857069572),4.2031299184270406e-2;1.2072262094864317;-0.39218224856381756;1.0000401857069572,21,7.876031032237211e-8,7.876031032237211e-8,4.830936322431546e-2,0.9999996849587587,0.9999996849587587,-1.5130530749287945,7.876031032237211e-8,7.876031032237211e-8,4.830936322431546e-2,41.44653175265314,41.44653175265314,41.49484103711714
