id,Expression,theta,size,MSE_train,MSE_val,MSE_test,R2_train,R2_val,R2_test,nll_train,nll_val,nll_test,mdl_train,mdl_val,mdl_test
0,(Abs(x22) ^ (Abs((((Abs(-8.96069879991508e-2) ^ x21) - x0) * 1.6354774686399545)) ^ 18.430859857396907)),-8.96069879991508e-2;1.6354774686399545;18.430859857396907,14,2.246383824029807e-2,2.246383824029807e-2,8.444744148938581e23,0.9101446470388077,0.9101446470388077,-4.3929559062776825e25,2.246383824029807e-2,2.246383824029807e-2,8.444744148938581e23,21.427475477848745,21.427475477848745,8.444744148938581e23
