id,Expression,theta,size,MSE_train,MSE_val,MSE_test,R2_train,R2_val,R2_test,nll_train,nll_val,nll_test,mdl_train,mdl_val,mdl_test
0,(Abs((x30 * (Abs(x5) ^ x19))) ^ (Abs((5.25440044139261 * (Abs(-0.9843913394024401) ^ (Abs((Abs(x9) ^ x30)) ^ -19.84307181035721)))) ^ 0.5331256798094894)),5.25440044139261;-0.9843913394024401;-19.84307181035721;0.5331256798094894,23,2.3521658298321042e-2,2.3521658298321042e-2,0.11224746790667398,0.9059133668067159,0.9059133668067159,-4.839113280504957,2.3521658298321042e-2,2.3521658298321042e-2,0.11224746790667398,33.103994192238645,33.103994192238645,33.192720001847
