id,Expression,theta,size,MSE_train,MSE_val,MSE_test,R2_train,R2_val,R2_test,nll_train,nll_val,nll_test,mdl_train,mdl_val,mdl_test
0,((((x19 - (x15 * 4.111942668207965)) + ((x21 * 7.823462844598233) + x9)) + -0.606439162708737) + x24),4.111942668207965;7.823462844598233;-0.606439162708737,15,4.787430836376868e-2,4.787430836376868e-2,0.10451426311175198,0.8085027665449253,0.8085027665449253,-4.436831967073131,4.787430836376868e-2,4.787430836376868e-2,0.10451426311175198,33.00624296840706,33.00624296840706,33.062882923155044
