id,Expression,theta,size,MSE_train,MSE_val,MSE_test,R2_train,R2_val,R2_test,nll_train,nll_val,nll_test,mdl_train,mdl_val,mdl_test
0,((Abs(((Abs(((x27 + x5) - Recip((x6 * Recip(x8))))) ^ -12.529216466314491) + x10)) ^ -0.43950749089198027) * x13),-12.529216466314491;-0.43950749089198027,19,6.964660780660059e-2,6.964660780660059e-2,0.22021195372532662,0.7214135687735976,0.7214135687735976,-10.455425832791054,6.964660780660059e-2,6.964660780660059e-2,0.22021195372532662,42.31305965420261,42.31305965420261,42.46362500012133
