id,Expression,theta,size,MSE_train,MSE_val,MSE_test,R2_train,R2_val,R2_test,nll_train,nll_val,nll_test,mdl_train,mdl_val,mdl_test
0,((-2.5692296307568583 + (x15 * (x18 + 14.83534085879983))) * ((-8.746621285703549 + (0.8329237393423694 / x1)) * x27)),-2.5692296307568583;14.83534085879983;-8.746621285703549;0.8329237393423694,15,0.14411743118990816,0.14411743118990816,0.27363746347354995,0.42353027524036735,0.42353027524036735,-13.234620849893524,0.14411743118990816,0.14411743118990816,0.27363746347354995,31.335740556387446,31.335740556387446,31.465260588671086
