id,Expression,theta,size,MSE_train,MSE_val,MSE_test,R2_train,R2_val,R2_test,nll_train,nll_val,nll_test,mdl_train,mdl_val,mdl_test
0,((x2 + (x3 * ((316.3620349536495 + ((x30 - x26) * ((x0 * 160076.3078865339) * x3))) * x18))) * x6),316.3620349536495;160076.3078865339,19,5.8424158968945775e-2,5.8424158968945775e-2,0.2088712157160892,0.766303364124217,0.766303364124217,-9.865480641550546,5.8424158968945775e-2,5.8424158968945775e-2,0.2088712157160892,45.61843434213799,45.61843434213799,45.76888139888513
