id,Expression,theta,size,MSE_train,MSE_val,MSE_test,R2_train,R2_val,R2_test,nll_train,nll_val,nll_test,mdl_train,mdl_val,mdl_test
0,(-0.264877769482654 + (0.23762332358033733 * (((x9 + (x12 + x10)) / x1) * ((x15 / x4) + 0.19172498337339647)))),-0.264877769482654;0.23762332358033733;0.19172498337339647,17,0.11201689841173464,0.11201689841173464,0.2814022338241652,0.5519324063530615,0.5519324063530615,-13.638544203532515,0.11201689841173464,0.11201689841173464,0.2814022338241652,39.25596347931051,39.25596347931051,39.425348814722945
