id,Expression,theta,size,MSE_train,MSE_val,MSE_test,R2_train,R2_val,R2_test,nll_train,nll_val,nll_test,mdl_train,mdl_val,mdl_test
0,((2.5260664158625934 * (Abs((Abs((Abs(x25) ^ x25)) ^ (x12 + (x3 + 9.123683612468538)))) ^ ((x3 * -7.853341518639741) * x12))) + -2.7426190695151753),2.5260664158625934;9.123683612468538;-7.853341518639741;-2.7426190695151753,22,5.963166998563446e-2,5.963166998563446e-2,0.1107752742068122,0.7614733200574622,0.7614733200574622,-4.762529764238151,5.963166998563446e-2,5.963166998563446e-2,0.1107752742068122,37.03192450203659,37.03192450203659,37.08306810625776
