id,Expression,theta,size,MSE_train,MSE_val,MSE_test,R2_train,R2_val,R2_test,nll_train,nll_val,nll_test,mdl_train,mdl_val,mdl_test
0,(((Recip(((x7 * -0.4726786424321247) * 0.5012008885943493)) * 0.1727522861422979) + (Recip((x27 * 0.907567273873797)) * 0.6813738570699159)) * x18),-0.4726786424321247;0.5012008885943493;0.1727522861422979;0.907567273873797;0.6813738570699159,17,8.295937775261264e-2,8.295937775261264e-2,0.15682054799726916,0.6681624889895494,0.6681624889895494,-7.157804906817631,8.295937775261264e-2,8.295937775261264e-2,0.15682054799726916,33.16343191169294,33.16343191169294,33.237293081937594
