id,Expression,theta,size,MSE_train,MSE_val,MSE_test,R2_train,R2_val,R2_test,nll_train,nll_val,nll_test,mdl_train,mdl_val,mdl_test
0,((Abs(-2.7212262778185704e-3) ^ (Abs((x0 - x3)) ^ ((((x30 * 91.65202105979168) - x24) * x20) + x25))) - x11),-2.7212262778185704e-3;91.65202105979168,19,0.10852613575275885,0.10852613575275885,0.20348567220856026,0.5658954569889646,0.5658954569889646,-9.5853246682889,0.10852613575275885,0.10852613575275885,0.20348567220856026,42.35193918214877,42.35193918214877,42.446898718604565
