id,Expression,theta,size,MSE_train,MSE_val,MSE_test,R2_train,R2_val,R2_test,nll_train,nll_val,nll_test,mdl_train,mdl_val,mdl_test
0,(Abs(-4.304981951431253e-4) ^ (Abs((Abs(((x0 + (Abs(x26) ^ -36.140274824680176)) - x25)) ^ (x5 / x4))) ^ (x26 - x20))),-4.304981951431253e-4;-36.140274824680176,21,7.194758258658526e-2,7.194758258658526e-2,8.64802974667805e-2,0.712209669653659,0.712209669653659,-3.49870507422175,7.194758258658526e-2,7.194758258658526e-2,8.64802974667805e-2,40.83616722015889,40.83616722015889,40.85069993503908
