id,Expression,theta,size,MSE_train,MSE_val,MSE_test,R2_train,R2_val,R2_test,nll_train,nll_val,nll_test,mdl_train,mdl_val,mdl_test
0,(Abs((Abs((Abs((x30 + 64.30427858478924)) ^ -14.045758912158808)) ^ ((-0.19543815420341948 + (x4 + (x28 / (x0 / x21)))) + x26))) ^ x4),64.30427858478924;-14.045758912158808;-0.19543815420341948,22,5.02346862397348e-2,5.02346862397348e-2,8.189269652877149e-2,0.7990612550410607,0.7990612550410607,-3.2600580734265296,5.02346862397348e-2,5.02346862397348e-2,8.189269652877149e-2,43.799351453126604,43.799351453126604,43.83100946341564
