id,Expression,theta,size,MSE_train,MSE_val,MSE_test,R2_train,R2_val,R2_test,nll_train,nll_val,nll_test,mdl_train,mdl_val,mdl_test
0,((x18 * -1.0437570141819208) + (-0.5335610049476859 + (((Abs((1.5452502727413948 * (x5 * x18))) ^ x29) + x28) * (15.346320887057107 * x18)))),-1.0437570141819208;-0.5335610049476859;1.5452502727413948;15.346320887057107,20,9.30980631416835e-2,9.30980631416835e-2,0.26650442902735894,0.627607747433266,0.627607747433266,-12.863560398002683,9.30980631416835e-2,9.30980631416835e-2,0.26650442902735894,39.602487355058564,39.602487355058564,39.77589372094424
