id,Expression,theta,size,MSE_train,MSE_val,MSE_test,R2_train,R2_val,R2_test,nll_train,nll_val,nll_test,mdl_train,mdl_val,mdl_test
0,((((0.4632179468894455 / x14) * (x26 + 0.2599606000028434)) + (((x14 - x17) + -0.7683754906637338) * (Abs(-0.769478640308068) ^ x9))) + x9),0.4632179468894455;0.2599606000028434;-0.7683754906637338;-0.769478640308068,20,2.8576694519562303e-2,2.8576694519562303e-2,7.198703536677768e-2,0.8856932219217508,0.8856932219217508,-2.7447655797796324,2.8576694519562303e-2,2.8576694519562303e-2,7.198703536677768e-2,43.777693461406436,43.777693461406436,43.821103802253646
