id,Expression,theta,size,MSE_train,MSE_val,MSE_test,R2_train,R2_val,R2_test,nll_train,nll_val,nll_test,mdl_train,mdl_val,mdl_test
0,(Abs((x10 - x6)) ^ (((x27 * x15) * ((((x7 * 377261.5787852135) * x13) * x27) + -191.01888301649893)) * x4)),377261.5787852135;-191.01888301649893,20,7.783865931656211e-2,7.783865931656211e-2,7.055506832427991e38,0.6886453627337515,0.6886453627337515,-3.670274654228901e40,7.783865931656211e-2,7.783865931656211e-2,7.055506832427991e38,47.291065005288566,47.291065005288566,7.055506832427991e38
