id,Expression,theta,size,MSE_train,MSE_val,MSE_test,R2_train,R2_val,R2_test,nll_train,nll_val,nll_test,mdl_train,mdl_val,mdl_test
0,(Abs(x0) ^ (Abs((Abs(x18) ^ ((x3 - x24) * (x17 - (Abs(x17) ^ (x0 * -19.944512341156788)))))) ^ -0.42990506445915894)),-19.944512341156788;-0.42990506445915894,21,0.11913293671741934,0.11913293671741934,0.16279394997546082,0.5234682531303226,0.5234682531303226,-7.4685412777231495,0.11913293671741934,0.11913293671741934,0.16279394997546082,37.471950751433155,37.471950751433155,37.515611764691194
