id,Expression,theta,size,MSE_train,MSE_val,MSE_test,R2_train,R2_val,R2_test,nll_train,nll_val,nll_test,mdl_train,mdl_val,mdl_test
0,((Abs(-0.9037740701660903) ^ (Abs(((Abs(x5) ^ -0.6052674607695391) * x4)) ^ (-3.7735086351790557 / ((x17 / (Abs(x5) ^ -7.071343282520694e-2)) / x16)))) - x16),-0.9037740701660903;-0.6052674607695391;-3.7735086351790557;-7.071343282520694e-2,23,0.11020914992174777,0.11020914992174777,0.18862360025889133,0.5591634003130089,0.5591634003130089,-8.812199685467151,0.11020914992174777,0.11020914992174777,0.18862360025889133,41.85747611930992,41.85747611930992,41.935890569647064
