id,Expression,theta,size,MSE_train,MSE_val,MSE_test,R2_train,R2_val,R2_test,nll_train,nll_val,nll_test,mdl_train,mdl_val,mdl_test
0,((x21 * 2.9356865981224898) + (-0.5451497662915549 + ((x24 * (x6 * 31.31855633929893)) + ((x16 * x19) + x9)))),2.9356865981224898;-0.5451497662915549;31.31855633929893,17,3.1700287770671e-2,3.1700287770671e-2,9.414229469344133e-2,0.873198848917316,0.873198848917316,-3.897282169952631,3.1700287770671e-2,3.1700287770671e-2,9.414229469344133e-2,37.3845181024864,37.3845181024864,37.446960109409176
