id,Expression,theta,size,MSE_train,MSE_val,MSE_test,R2_train,R2_val,R2_test,nll_train,nll_val,nll_test,mdl_train,mdl_val,mdl_test
0,(x15 * ((x15 - x0) * (171.19676219856197 + (((x27 + -9831.256471237917) * x21) * x27)))),171.19676219856197;-9831.256471237917,15,6.254346643412848e-2,6.254346643412848e-2,0.12268447349987165,0.7498261342634861,0.7498261342634861,-5.382046311463079,6.254346643412848e-2,6.254346643412848e-2,0.12268447349987165,31.254166591631666,31.254166591631666,31.314307598697408
