id,Expression,theta,size,MSE_train,MSE_val,MSE_test,R2_train,R2_val,R2_test,nll_train,nll_val,nll_test,mdl_train,mdl_val,mdl_test
0,(x12 * (x22 + (((Abs(((Abs((x24 * 2.8280289830452445)) ^ 8.990282081543388) * x0)) ^ x25) * x24) * 107.4090892520671))),2.8280289830452445;8.990282081543388;107.4090892520671,19,7.047680831706332e-2,7.047680831706332e-2,4.6391140875759275e-2,0.7180927667317467,0.7180927667317467,-1.4132671483569053,7.047680831706332e-2,7.047680831706332e-2,4.6391140875759275e-2,37.423294623032795,37.423294623032795,37.3992089555915
