id,Expression,theta,size,MSE_train,MSE_val,MSE_test,R2_train,R2_val,R2_test,nll_train,nll_val,nll_test,mdl_train,mdl_val,mdl_test
0,(1.2356068510846274 * (Abs(-0.5129005759162134) ^ (x13 / (Abs(((Recip((x2 + x8)) * (x30 - x9)) * x30)) ^ x10)))),1.2356068510846274;-0.5129005759162134,20,0.10824238028549696,0.10824238028549696,0.2273911987905637,0.5670304788580122,0.5670304788580122,-10.82889016108467,0.10824238028549696,0.10824238028549696,0.2273911987905637,46.27733081459316,46.27733081459316,46.396479633098224
