id,Expression,theta,size,MSE_train,MSE_val,MSE_test,R2_train,R2_val,R2_test,nll_train,nll_val,nll_test,mdl_train,mdl_val,mdl_test
0,(Abs((x11 * ((-762.0960483766355 * x17) * (Abs((Abs(x17) ^ x11)) ^ (908.6910388004018 * (x1 * x10)))))) ^ x11),-762.0960483766355;908.6910388004018,20,5.664872626648689e-2,5.664872626648689e-2,1.0956330548674053e34,0.7734050949340524,0.7734050949340524,-5.699483151420025e35,5.664872626648689e-2,5.664872626648689e-2,1.0956330548674053e34,33.13712126020681,33.13712126020681,1.0956330548674053e34
