id,Expression,theta,size,MSE_train,MSE_val,MSE_test,R2_train,R2_val,R2_test,nll_train,nll_val,nll_test,mdl_train,mdl_val,mdl_test
0,(Abs(((Abs((Abs(((x0 * x0) + x9)) ^ x30)) ^ ((x28 + x16) * 62.41739648773712)) * 13.69333454680454)) ^ x28),62.41739648773712;13.69333454680454,20,0.14428029678907386,0.14428029678907386,0.20555661942045386,0.42287881284370454,0.42287881284370454,-9.6930553422516,0.14428029678907386,0.14428029678907386,0.20555661942045386,37.49709811150481,37.49709811150481,37.55837443413619
