id,Expression,theta,size,MSE_train,MSE_val,MSE_test,R2_train,R2_val,R2_test,nll_train,nll_val,nll_test,mdl_train,mdl_val,mdl_test
0,(Abs(87.16032113688658) ^ ((x19 * (Abs((Abs(x29) ^ 18.32698569758194)) ^ ((x6 - x24) + x12))) * -162.25591586928627)),87.16032113688658;18.32698569758194;-162.25591586928627,18,3.3102943596957354e-2,3.3102943596957354e-2,6.846424846998587e-2,0.8675882256121705,0.8675882256121705,-2.561510205408529,3.3102943596957354e-2,3.3102943596957354e-2,6.846424846998587e-2,34.57187933850765,34.57187933850765,34.60724064338068
