id,Expression,theta,size,MSE_train,MSE_val,MSE_test,R2_train,R2_val,R2_test,nll_train,nll_val,nll_test,mdl_train,mdl_val,mdl_test
0,(Abs(x28) ^ (Abs(((x28 * -16.337737009748466) + 6.148699577400834)) ^ (Abs(Recip(x27)) ^ ((x4 * 8.664979327765318) - (x13 + x4))))),-16.337737009748466;6.148699577400834;8.664979327765318,21,3.64279686994874e-2,3.64279686994874e-2,Infinity,0.8542881252020504,0.8542881252020504,-Infinity,3.64279686994874e-2,3.64279686994874e-2,Infinity,41.48295964259231,41.48295964259231,Infinity
