id,Expression,theta,size,MSE_train,MSE_val,MSE_test,R2_train,R2_val,R2_test,nll_train,nll_val,nll_test,mdl_train,mdl_val,mdl_test
0,(Abs(x5) ^ (Abs((x3 + (Abs(x13) ^ 7.510508138839182e-2))) ^ (((x28 + (Abs(x28) ^ x30)) / x11) + 61.682371115593796))),7.510508138839182e-2;61.682371115593796,21,8.960032686959465e-2,8.960032686959465e-2,0.10491064925193178,0.6415986925216214,0.6415986925216214,-4.4574519740852825,8.960032686959465e-2,8.960032686959465e-2,0.10491064925193178,39.23354690776837,39.23354690776837,39.24885723015071
