id,Expression,theta,size,MSE_train,MSE_val,MSE_test,R2_train,R2_val,R2_test,nll_train,nll_val,nll_test,mdl_train,mdl_val,mdl_test
0,(Abs(((x24 / x1) + -0.2464116835515204)) ^ (Abs((((Abs((x19 - x21)) ^ x24) + (x20 * 7.852580991313456)) + 0.14255043450760113)) ^ 4.6218704787865175)),-0.2464116835515204;7.852580991313456;0.14255043450760113;4.6218704787865175,22,9.087031992305268e-2,9.087031992305268e-2,19075.725274973043,0.6365187203077893,0.6365187203077893,-992318.2288040599,9.087031992305268e-2,9.087031992305268e-2,19075.725274973043,45.6508805030921,45.6508805030921,19121.285285156213
