id,Expression,theta,size,MSE_train,MSE_val,MSE_test,R2_train,R2_val,R2_test,nll_train,nll_val,nll_test,mdl_train,mdl_val,mdl_test
0,(Abs(x24) ^ (Abs((-2.6917157467637707 * x22)) ^ (((Abs(-5.489751738553928) ^ (Abs((Abs(-2.962584065798012) ^ (x25 + x26))) ^ -2.982343024421898)) * 9.628785582714489) * x23))),-2.6917157467637707;-5.489751738553928;-2.962584065798012;-2.982343024421898;9.628785582714489,24,2.7551210620737336e-2,2.7551210620737336e-2,7.622761311299979e-2,0.8897951575170506,0.8897951575170506,-2.9653604341380975,2.7551210620737336e-2,2.7551210620737336e-2,7.622761311299979e-2,41.77481818000891,41.77481818000891,41.82349458250117
