id,Expression,theta,size,MSE_train,MSE_val,MSE_test,R2_train,R2_val,R2_test,nll_train,nll_val,nll_test,mdl_train,mdl_val,mdl_test
0,(Abs(x1) ^ (Abs((x23 * (x23 * 119.63320482305595))) ^ (Abs(x14) ^ (Abs((-8.399842104642143 * x22)) ^ ((-4.934849573859622 - x9) + -4.592318441286769))))),119.63320482305595;-8.399842104642143;-4.934849573859622;-4.592318441286769,23,0.1191360240845942,0.1191360240845942,0.21972933201467154,0.5234559036616232,0.5234559036616232,-10.430319851402777,0.1191360240845942,0.1191360240845942,0.21972933201467154,43.86825279097147,43.86825279097147,43.968846098901544
