id,Expression,theta,size,MSE_train,MSE_val,MSE_test,R2_train,R2_val,R2_test,nll_train,nll_val,nll_test,mdl_train,mdl_val,mdl_test
0,((x9 * ((-37.90634972774202 * x15) - ((-34.10604727378053 * (x27 * x27)) * 20.885971051268516))) + ((x27 + -0.770361519977136) * x27)),-37.90634972774202;-34.10604727378053;20.885971051268516;-0.770361519977136,19,6.213924778201261e-2,6.213924778201261e-2,0.27428589634197664,0.7514430088719496,0.7514430088719496,-13.26835232770908,6.213924778201261e-2,6.213924778201261e-2,0.27428589634197664,37.03443207983297,37.03443207983297,37.24657872839293
