id,Expression,theta,size,MSE_train,MSE_val,MSE_test,R2_train,R2_val,R2_test,nll_train,nll_val,nll_test,mdl_train,mdl_val,mdl_test
0,(((x6 * (1454.9425904161112 + ((x30 * (-12013.2230662199 + x9)) + ((x12 * x11) * 841.5833472622995)))) * x6) * x15),1454.9425904161112;-12013.2230662199;841.5833472622995,19,9.095266939462981e-2,9.095266939462981e-2,0.23211938376352897,0.6361893224214807,0.6361893224214807,-11.074850343378316,9.095266939462981e-2,9.095266939462981e-2,0.23211938376352897,41.8382196387828,41.8382196387828,41.9793863531517
