id,Expression,theta,size,MSE_train,MSE_val,MSE_test,R2_train,R2_val,R2_test,nll_train,nll_val,nll_test,mdl_train,mdl_val,mdl_test
0,(Abs((x22 * x11)) ^ (Abs((Abs((Abs(((Abs(x7) ^ x2) * 2.0347706670824484)) ^ x5)) ^ (Abs(10.928814407667952) ^ (Abs(x5) ^ -2.1429683310745773)))) ^ x5)),2.0347706670824484;10.928814407667952;-2.1429683310745773,26,6.83127359027897e-6,6.83127359027897e-6,Infinity,0.9999726749056389,0.9999726749056389,-Infinity,6.83127359027897e-6,6.83127359027897e-6,Infinity,39.50939612319047,39.50939612319047,Infinity
