id,Expression,theta,size,MSE_train,MSE_val,MSE_test,R2_train,R2_val,R2_test,nll_train,nll_val,nll_test,mdl_train,mdl_val,mdl_test
0,((x30 * x6) * (x21 - ((Abs(Recip(x1)) ^ (Abs(x15) ^ x13)) * ((x0 * x6) * -878.7123864940504)))),-878.7123864940504,20,4.3153265392694894e-2,4.3153265392694894e-2,0.10442424540435993,0.8273869384292204,0.8273869384292204,-4.432149245934596,4.3153265392694894e-2,4.3153265392694894e-2,0.10442424540435993,44.771472961576706,44.771472961576706,44.83274394158837
