id,Expression,theta,size,MSE_train,MSE_val,MSE_test,R2_train,R2_val,R2_test,nll_train,nll_val,nll_test,mdl_train,mdl_val,mdl_test
0,(Abs(x2) ^ (Abs(x2) ^ ((229.1803327330254 + (-2332.902784680546 * x15)) * (Abs(x21) ^ (Abs(x15) ^ (x17 * (x10 * -4.282305518477316))))))),229.1803327330254;-2332.902784680546;-4.282305518477316,23,9.170032283568132e-2,9.170032283568132e-2,0.3136630281873524,0.6331987086572748,0.6331987086572748,-15.31675072630545,9.170032283568132e-2,9.170032283568132e-2,0.3136630281873524,41.838967292223856,41.838967292223856,42.06092999757552
