id,Expression,theta,size,MSE_train,MSE_val,MSE_test,R2_train,R2_val,R2_test,nll_train,nll_val,nll_test,mdl_train,mdl_val,mdl_test
0,((Abs((Abs((Recip((Abs(x22) ^ x3)) + x3)) ^ (-49.22251729773856 * (x26 * 40.75922311068327)))) ^ x26) + 2.508419147806952e-2),-49.22251729773856;40.75922311068327;2.508419147806952e-2,19,5.166912314412527e-2,5.166912314412527e-2,7.712178640330939e11,0.7933235074234989,0.7933235074234989,-4.0118753286999016e13,5.166912314412527e-2,5.166912314412527e-2,7.712178640330939e11,33.322733790021495,33.322733790021495,7.71217864066365e11
