id,Expression,theta,size,MSE_train,MSE_val,MSE_test,R2_train,R2_val,R2_test,nll_train,nll_val,nll_test,mdl_train,mdl_val,mdl_test
0,(Abs(-3.7578880061287484e-2) ^ ((Abs((x20 / x26)) ^ -1.2689937832029354) * ((Abs((Abs(x26) ^ -5.875375045122804e-2)) ^ x9) * (x25 + x30)))),-3.7578880061287484e-2;-1.2689937832029354;-5.875375045122804e-2,21,8.518190878428751e-2,8.518190878428751e-2,0.13516856173018094,0.65927236486285,0.65927236486285,-6.031468581203744,8.518190878428751e-2,8.518190878428751e-2,0.13516856173018094,39.22912848968306,39.22912848968306,39.27911514262896
