id,Expression,theta,size,MSE_train,MSE_val,MSE_test,R2_train,R2_val,R2_test,nll_train,nll_val,nll_test,mdl_train,mdl_val,mdl_test
0,((-0.5468414755916619 + ((x0 + ((x16 / x1) - x7)) * 0.11954206374606734)) + ((x0 * 80.20444072825622) * x0)),-0.5468414755916619;0.11954206374606734;80.20444072825622,17,0.11032202710335809,0.11032202710335809,0.6622556666320565,0.5587118915865676,0.5587118915865676,-33.45053977819826,0.11032202710335809,0.11032202710335809,0.6622556666320565,37.46313984181909,37.46313984181909,38.01507348134779
