id,Expression,theta,size,MSE_train,MSE_val,MSE_test,R2_train,R2_val,R2_test,nll_train,nll_val,nll_test,mdl_train,mdl_val,mdl_test
0,(1.0000039699346213 * (Abs(x2) ^ (Abs((((x2 - x0) + 0.2273652926417825) + x16)) ^ Recip(((x21 * -4.8926516361120595e-2) / x22))))),1.0000039699346213;0.2273652926417825;-4.8926516361120595e-2,20,8.151864300681248e-11,8.151864300681248e-11,2.125101276128283e-2,0.9999999996739254,0.9999999996739254,-0.10547768384189049,8.151864300681248e-11,8.151864300681248e-11,2.125101276128283e-2,44.72831969626553,44.72831969626553,44.74957070894529
