id,Expression,theta,size,MSE_train,MSE_val,MSE_test,R2_train,R2_val,R2_test,nll_train,nll_val,nll_test,mdl_train,mdl_val,mdl_test
0,(Abs(2.458943315709644e-2) ^ ((Abs(x22) ^ (x7 / x17)) / ((Abs((Abs(x2) ^ (x8 + x11))) ^ 0.999542575756377) - x27))),2.458943315709644e-2;0.999542575756377,21,0.10819934166905815,0.10819934166905815,Infinity,0.5672026333237674,0.5672026333237674,-Infinity,0.10819934166905815,0.10819934166905815,Infinity,42.351612388065064,42.351612388065064,Infinity
