id,Expression,theta,size,MSE_train,MSE_val,MSE_test,R2_train,R2_val,R2_test,nll_train,nll_val,nll_test,mdl_train,mdl_val,mdl_test
0,((Abs((x3 * x5)) ^ x26) + (((1.071271710487062 * (Abs(x9) ^ x7)) * ((x9 / x3) + -2.085636864049063)) + 0.3769838018009227)),1.071271710487062;-2.085636864049063;0.3769838018009227,21,6.772522298857131e-2,6.772522298857131e-2,0.20543694213185798,0.7290991080457148,0.7290991080457148,-9.686829729698845,6.772522298857131e-2,6.772522298857131e-2,0.20543694213185798,43.81684198987544,43.81684198987544,43.95455370901873
