id,Expression,theta,size,MSE_train,MSE_val,MSE_test,R2_train,R2_val,R2_test,nll_train,nll_val,nll_test,mdl_train,mdl_val,mdl_test
0,((Abs((Abs((Abs((Abs(x30) ^ x21)) ^ x29)) ^ (Abs((Abs(((Abs(x7) ^ x26) * -1.3814959772933597)) ^ x9)) ^ -112.47016046623543))) ^ 646.5639751794652) - x23),-1.3814959772933597;-112.47016046623543;646.5639751794652,26,6.171071960999569e-2,6.171071960999569e-2,0.1319401433479523,0.7531571215600172,0.7531571215600172,-5.863526256960215,6.171071960999569e-2,6.171071960999569e-2,0.1319401433479523,45.62172090277904,45.62172090277904,45.691950326516995
