id,Expression,theta,size,MSE_train,MSE_val,MSE_test,R2_train,R2_val,R2_test,nll_train,nll_val,nll_test,mdl_train,mdl_val,mdl_test
0,(x5 * ((Abs((Abs(x29) ^ (x8 * x8))) ^ (Abs(x29) ^ -4.4468185073933295)) * 5.0789091494099505)),-4.4468185073933295;5.0789091494099505,16,5.6156528454601534e-2,5.6156528454601534e-2,0.1257108408175305,0.7753738861815939,0.7753738861815939,-5.539477939327687,5.6156528454601534e-2,5.6156528454601534e-2,0.1257108408175305,23.349029628419316,23.349029628419316,23.418583940782245
