id,Expression,theta,size,MSE_train,MSE_val,MSE_test,R2_train,R2_val,R2_test,nll_train,nll_val,nll_test,mdl_train,mdl_val,mdl_test
0,((Abs(x5) ^ ((Abs(((-14.95055227310538 - x4) * x3)) ^ (Abs((x12 + x30)) ^ -1.1832746821422822)) + (Abs(x1) ^ 1.9626672786391046))) + x30),-14.95055227310538;-1.1832746821422822;1.9626672786391046,23,7.687980693924953e-2,7.687980693924953e-2,5.6952921785344765e10,0.6924807722430019,0.6924807722430019,-2.9626909912725215e12,7.687980693924953e-2,7.687980693924953e-2,5.6952921785344765e10,45.63688999010829,45.63688999010829,5.695292183090478e10
