id,Expression,theta,size,MSE_train,MSE_val,MSE_test,R2_train,R2_val,R2_test,nll_train,nll_val,nll_test,mdl_train,mdl_val,mdl_test
0,(Abs((((x29 * x20) * x29) * (Abs((Abs(0.6969779022824358) ^ (x27 + (Abs(x15) ^ -3.308129456369823)))) ^ (Abs(x17) ^ 2.8370982642063245)))) ^ x17),0.6969779022824358;-3.308129456369823;2.8370982642063245,24,5.278462922011085e-2,5.278462922011085e-2,Infinity,0.7888614831195566,0.7888614831195566,-Infinity,5.278462922011085e-2,5.278462922011085e-2,Infinity,41.800051598608285,41.800051598608285,Infinity
