id,Expression,theta,size,MSE_train,MSE_val,MSE_test,R2_train,R2_val,R2_test,nll_train,nll_val,nll_test,mdl_train,mdl_val,mdl_test
0,(Abs(0.9939722450913431) ^ (Abs(((Abs((x11 * x14)) ^ x5) * (Abs((Abs((x15 * x28)) ^ 92.95394762139247)) ^ (x26 - x14)))) ^ x29)),0.9939722450913431;92.95394762139247,24,5.33688924153622e-2,5.33688924153622e-2,0.11642668105896385,0.7865244303385512,0.7865244303385512,-5.0565159486870686,5.33688924153622e-2,5.33688924153622e-2,0.11642668105896385,45.613379075584405,45.613379075584405,45.676436864228
