id,Expression,theta,size,MSE_train,MSE_val,MSE_test,R2_train,R2_val,R2_test,nll_train,nll_val,nll_test,mdl_train,mdl_val,mdl_test
0,(Abs(4.932625401580227e-3) ^ (Abs((Abs(x5) ^ 17.962172081385578)) ^ (((x5 * x27) - x20) / (Abs(x8) ^ x11)))),4.932625401580227e-3;17.962172081385578,19,3.0858208426819984e-3,3.0858208426819984e-3,3.823121218243434e-2,0.987656716629272,0.987656716629272,-0.9887876577301584,3.0858208426819984e-3,3.0858208426819984e-3,3.823121218243434e-2,34.541862215753376,34.541862215753376,34.57700760709312
