id,Expression,theta,size,MSE_train,MSE_val,MSE_test,R2_train,R2_val,R2_test,nll_train,nll_val,nll_test,mdl_train,mdl_val,mdl_test
0,(Abs(x26) ^ (Abs((Abs((Abs(-13.088165004310216) ^ x1)) ^ ((x26 + -0.689847714996477) - (x23 / x26)))) ^ -7.064764122175432)),-13.088165004310216;-0.689847714996477;-7.064764122175432,19,7.978521033445957e-3,7.978521033445957e-3,5.952808929587763e-2,0.9680859158662162,0.9680859158662162,-2.096651205171436,7.978521033445957e-3,7.978521033445957e-3,5.952808929587763e-2,31.199601646230985,31.199601646230985,31.251151214493415
