id,Expression,theta,size,MSE_train,MSE_val,MSE_test,R2_train,R2_val,R2_test,nll_train,nll_val,nll_test,mdl_train,mdl_val,mdl_test
0,((x24 * 5.65583936217288) + (((-5.442591134980346 * x21) + x22) + ((-0.39933510241620557 + (x30 * 3.649166122288938)) + x22))),5.65583936217288;-5.442591134980346;-0.39933510241620557;3.649166122288938,17,2.4336486662477345e-2,2.4336486662477345e-2,7.248144135459748e-2,0.9026540533500906,0.9026540533500906,-2.7704845792660167,2.4336486662477345e-2,2.4336486662477345e-2,7.248144135459748e-2,33.1048090206028,33.1048090206028,33.15295397529492
