id,Expression,theta,size,MSE_train,MSE_val,MSE_test,R2_train,R2_val,R2_test,nll_train,nll_val,nll_test,mdl_train,mdl_val,mdl_test
0,(Abs((x15 * (x15 * -1.1676864884276883))) ^ (Abs((x28 * -4.043674875358652)) ^ (Abs(((x30 + x13) * 2.7126577063846615)) ^ 7.812397001147802))),-1.1676864884276883;-4.043674875358652;2.7126577063846615;7.812397001147802,20,1.933798237364748e-2,1.933798237364748e-2,7.429141028415755e-2,0.9226480705054101,0.9226480705054101,-2.8646391629817285,1.933798237364748e-2,1.933798237364748e-2,7.429141028415755e-2,35.369844190930856,35.369844190930856,35.42479761884137
