id,Expression,theta,size,MSE_train,MSE_val,MSE_test,R2_train,R2_val,R2_test,nll_train,nll_val,nll_test,mdl_train,mdl_val,mdl_test
0,(Abs((Abs(((((x22 / x10) + x0) - x26) * x5)) ^ (Abs(x20) ^ (x5 * (x17 * 25.08306957206823))))) ^ 20.734480005893968),25.08306957206823;20.734480005893968,22,1.0458275511847524e-2,1.0458275511847524e-2,4.2160741401247835e-2,0.9581668979526099,0.9581668979526099,-1.1932017676928286,1.0458275511847524e-2,1.0458275511847524e-2,4.2160741401247835e-2,48.74449606728104,48.74449606728104,48.776198533170444
