id,Expression,theta,size,MSE_train,MSE_val,MSE_test,R2_train,R2_val,R2_test,nll_train,nll_val,nll_test,mdl_train,mdl_val,mdl_test
0,(Abs(((x15 * x30) * 0.5018208474240501)) ^ (Abs(0.9939691445863308) ^ (Abs(((x10 * x1) * 0.8359575550962643)) ^ (x24 - (0.10553280001635928 / x24))))),0.5018208474240501;0.9939691445863308;0.8359575550962643;0.10553280001635928,22,9.70858373691988e-3,9.70858373691988e-3,7.749121802339899e-2,0.9611656650523205,0.9611656650523205,-3.0310931615770613,9.70858373691988e-3,9.70858373691988e-3,7.749121802339899e-2,43.75882535062379,43.75882535062379,43.82660798491027
