id,Expression,theta,size,MSE_train,MSE_val,MSE_test,R2_train,R2_val,R2_test,nll_train,nll_val,nll_test,mdl_train,mdl_val,mdl_test
0,(Abs((Abs(((x18 + x4) - ((4.125495618921156 * x30) + 0.5721404074455086))) ^ Recip((x30 + (Abs(x27) ^ 7.276351625249705))))) ^ x10),4.125495618921156;0.5721404074455086;7.276351625249705,21,8.958024423418876e-2,8.958024423418876e-2,0.17027486523649132,0.641679023063245,0.641679023063245,-7.85769848960194,8.958024423418876e-2,8.958024423418876e-2,0.17027486523649132,43.25169515460487,43.25169515460487,43.33238977560717
