id,Expression,theta,size,MSE_train,MSE_val,MSE_test,R2_train,R2_val,R2_test,nll_train,nll_val,nll_test,mdl_train,mdl_val,mdl_test
0,(((Abs(0.2995002461295863) ^ x10) * (Abs(-0.8494199000630053) ^ (Abs(((Abs(x23) ^ (x21 + x25)) * x23)) ^ -0.680809828797744))) * 3.5436444299606564),0.2995002461295863;-0.8494199000630053;-0.680809828797744;3.5436444299606564,21,0.10157152713065018,0.10157152713065018,0.25756973373835107,0.5937138914773993,0.5937138914773993,-12.39877754906851,0.10157152713065018,0.10157152713065018,0.25756973373835107,35.45207773568786,35.45207773568786,35.60807594229556
