id,Expression,theta,size,MSE_train,MSE_val,MSE_test,R2_train,R2_val,R2_test,nll_train,nll_val,nll_test,mdl_train,mdl_val,mdl_test
0,(Abs(x19) ^ (((x5 * (Abs((Abs((x20 / (Abs((x16 * x20)) ^ x20))) ^ x16)) ^ -7.2762252371680605)) * 19.86898786931684) * x5)),-7.2762252371680605;19.86898786931684,23,3.536385156920213e-2,3.536385156920213e-2,0.13896324094765303,0.8585445937231915,0.8585445937231915,-6.228867794096634,3.536385156920213e-2,3.536385156920213e-2,0.13896324094765303,39.54475314348608,39.54475314348608,39.648352532864536
