id,Expression,theta,size,MSE_train,MSE_val,MSE_test,R2_train,R2_val,R2_test,nll_train,nll_val,nll_test,mdl_train,mdl_val,mdl_test
0,((10.405848955516591 * x6) + (((Recip(x14) + x18) * (-0.19366402587092446 + x15)) - (x29 + x20))),10.405848955516591;-0.19366402587092446,16,7.722671386657781e-2,7.722671386657781e-2,0.23561755993638323,0.6910931445336888,0.6910931445336888,-11.256825467890188,7.722671386657781e-2,7.722671386657781e-2,0.23561755993638323,38.44355107864051,38.44355107864051,38.60194192471032
