id,Expression,theta,size,MSE_train,MSE_val,MSE_test,R2_train,R2_val,R2_test,nll_train,nll_val,nll_test,mdl_train,mdl_val,mdl_test
0,((((x26 / x21) / (Abs(-57.55514163646921) ^ x13)) - x23) + (x25 * (0.6099006436382578 / ((x10 + x29) / x7)))),-57.55514163646921;0.6099006436382578,20,5.121449183652033e-2,5.121449183652033e-2,0.11542366766373258,0.7951420326539187,0.7951420326539187,-5.00433919186714,5.121449183652033e-2,5.121449183652033e-2,0.11542366766373258,50.193303754526426,50.193303754526426,50.25751293035364
