id,Expression,theta,size,MSE_train,MSE_val,MSE_test,R2_train,R2_val,R2_test,nll_train,nll_val,nll_test,mdl_train,mdl_val,mdl_test
0,(Abs((x3 * -0.7755816026876214)) ^ (Abs((x23 / (x0 / x29))) ^ (x1 * (-0.5428365448601562 / (x9 * (x15 + x22)))))),-0.7755816026876214;-0.5428365448601562,21,3.7864301354778786e-11,3.7864301354778786e-11,1.0841798774612704e-2,0.9999999998485428,0.9999999998485428,0.43600962774466867,3.7864301354778786e-11,3.7864301354778786e-11,1.0841798774612704e-2,48.73403779180706,48.73403779180706,48.74487959054381
