id,Expression,theta,size,MSE_train,MSE_val,MSE_test,R2_train,R2_val,R2_test,nll_train,nll_val,nll_test,mdl_train,mdl_val,mdl_test
0,(Abs(x25) ^ (Abs((x18 * -17.740073179452228)) ^ (Abs((Abs(x17) ^ x11)) ^ -7.98973920373911))),-17.740073179452228;-7.98973920373911,15,1.3083860187428242e-2,1.3083860187428242e-2,Infinity,0.947664559250287,0.947664559250287,-Infinity,1.3083860187428242e-2,1.3083860187428242e-2,Infinity,21.418095499795875,21.418095499795875,Infinity
