id,Expression,theta,size,MSE_train,MSE_val,MSE_test,R2_train,R2_val,R2_test,nll_train,nll_val,nll_test,mdl_train,mdl_val,mdl_test
0,(Abs(x20) ^ ((Abs(((10.665592162236235 - x20) * x0)) ^ (x13 + (Abs(0.5582322178388641) ^ Recip((x18 - x27))))) + x11)),10.665592162236235;0.5582322178388641,21,8.921997821614618e-2,8.921997821614618e-2,0.13134829866296838,0.6431200871354152,0.6431200871354152,-5.832738496447354,8.921997821614618e-2,8.921997821614618e-2,0.13134829866296838,44.81753967440015,44.81753967440015,44.85966799484698
