id,Expression,theta,size,MSE_train,MSE_val,MSE_test,R2_train,R2_val,R2_test,nll_train,nll_val,nll_test,mdl_train,mdl_val,mdl_test
0,(Abs(x2) ^ (Abs((x10 * ((Abs((x27 + x4)) ^ x14) - (Abs((x29 + 0.4873435492561272)) ^ -9.784349790124311)))) ^ 12.676628526108205)),0.4873435492561272;-9.784349790124311;12.676628526108205,21,7.692808618718294e-5,7.692808618718294e-5,Infinity,0.9996922876552513,0.9996922876552513,-Infinity,7.692808618718294e-5,7.692808618718294e-5,Infinity,40.76429656565849,40.76429656565849,Infinity
