id,Expression,theta,size,MSE_train,MSE_val,MSE_test,R2_train,R2_val,R2_test,nll_train,nll_val,nll_test,mdl_train,mdl_val,mdl_test
0,(Abs((Abs(x21) ^ (Abs(x22) ^ (Abs(x15) ^ x21)))) ^ ((x12 * x7) * (x15 * (49771.36238559093 * x22)))),49771.36238559093,21,9.84972419872367e-2,9.84972419872367e-2,0.10864306864888924,0.6060110320510532,0.6060110320510532,-4.651612431115002,9.84972419872367e-2,9.84972419872367e-2,0.10864306864888924,35.449003450544446,35.449003450544446,35.459149277206095
