id,Expression,theta,size,MSE_train,MSE_val,MSE_test,R2_train,R2_val,R2_test,nll_train,nll_val,nll_test,mdl_train,mdl_val,mdl_test
0,(((x3 * 5.536365725643159) + ((x19 + -0.7023841141051086) + ((Abs(x3) ^ ((x4 / x16) + x5)) * 0.4343317191169768))) + x21),5.536365725643159;-0.7023841141051086;0.4343317191169768,20,3.0847748838229626e-2,3.0847748838229626e-2,6.640201835802469e-2,0.8766090046470815,0.8766090046470815,-2.454232994984312,3.0847748838229626e-2,3.0847748838229626e-2,6.640201835802469e-2,45.59085793200727,45.59085793200727,45.62641220152707
