id,Expression,theta,size,MSE_train,MSE_val,MSE_test,R2_train,R2_val,R2_test,nll_train,nll_val,nll_test,mdl_train,mdl_val,mdl_test
0,(((x6 * (41.55643538826781 * (x24 + x27))) + (Abs((Abs(x23) ^ x23)) ^ 0.2510619511376205)) + -1.401802520651833),41.55643538826781;0.2510619511376205;-1.401802520651833,17,4.86841571810573e-2,4.86841571810573e-2,0.17921629339400372,0.8052633712757709,0.8052633712757709,-8.322831582355718,4.86841571810573e-2,4.86841571810573e-2,0.17921629339400372,31.240307282378595,31.240307282378595,31.37083941859154
