id,Expression,theta,size,MSE_train,MSE_val,MSE_test,R2_train,R2_val,R2_test,nll_train,nll_val,nll_test,mdl_train,mdl_val,mdl_test
0,((x10 + -1.4474228500863966) + (((Abs(x8) ^ x2) + x30) - (((-66.98880696698383 - x30) * x18) * x30))),-1.4474228500863966;-66.98880696698383,18,7.599611197968623e-2,7.599611197968623e-2,0.21932159527835143,0.6960155520812551,0.6960155520812551,-10.409109386379406,7.599611197968623e-2,7.599611197968623e-2,0.21932159527835143,39.21994269287846,39.21994269287846,39.36326817617713
