id,Expression,theta,size,MSE_train,MSE_val,MSE_test,R2_train,R2_val,R2_test,nll_train,nll_val,nll_test,mdl_train,mdl_val,mdl_test
0,(Abs(x2) ^ (((-13.492871561692448 + Recip(x6)) + ((Abs(-3.74154340169839) ^ (x6 + (2.90033579817552 + x21))) * x15)) * x16)),-13.492871561692448;-3.74154340169839;2.90033579817552,20,9.15876951578893e-2,9.15876951578893e-2,14977.583570078368,0.6336492193684429,0.6336492193684429,-779132.897315447,9.15876951578893e-2,9.15876951578893e-2,14977.583570078368,41.53811936905072,41.53811936905072,15019.030101752262
