id,Expression,theta,size,MSE_train,MSE_val,MSE_test,R2_train,R2_val,R2_test,nll_train,nll_val,nll_test,mdl_train,mdl_val,mdl_test
0,(Abs(-0.8069821043083584) ^ (Abs((((x27 + (((-5.494930324973708 / (Abs(x7) ^ x21)) - x21) * x6)) - x9) + x11)) ^ -6.214612554547167)),-0.8069821043083584;-5.494930324973708;-6.214612554547167,22,2.363655795053328e-2,2.363655795053328e-2,5.541489074742144e-2,0.9054537681978669,0.9054537681978669,-1.882682616680753,2.363655795053328e-2,2.363655795053328e-2,5.541489074742144e-2,47.236862903922535,47.236862903922535,47.268641236719425
