id,Expression,theta,size,MSE_train,MSE_val,MSE_test,R2_train,R2_val,R2_test,nll_train,nll_val,nll_test,mdl_train,mdl_val,mdl_test
0,((((1.3166820728243924 * (-1.9254869159021275 * x6)) * 1.9577810226703154) + ((x15 * 3.488598952181133) + ((37.17724768375755 * x0) * x21))) + -0.187405419830377),1.3166820728243924;-1.9254869159021275;1.9577810226703154;3.488598952181133;37.17724768375755;-0.187405419830377,19,3.689540478898058e-2,3.689540478898058e-2,5.505571803191846e-2,0.8524183808440777,0.8524183808440777,-1.8639984520202888,3.689540478898058e-2,3.689540478898058e-2,5.505571803191846e-2,37.00918823683993,37.00918823683993,37.02734855008287
