id,Expression,theta,size,MSE_train,MSE_val,MSE_test,R2_train,R2_val,R2_test,nll_train,nll_val,nll_test,mdl_train,mdl_val,mdl_test
0,(Abs(((x28 * ((Abs(x2) ^ (Abs((-242.56470968391932 * (152.72246332952622 + x26))) ^ x16)) * x2)) * -1467.4093991065383)) ^ x16),-242.56470968391932;152.72246332952622;-1467.4093991065383,20,4.6486631636830616e-2,4.6486631636830616e-2,Infinity,0.8140534734526775,0.8140534734526775,-Infinity,4.6486631636830616e-2,4.6486631636830616e-2,Infinity,35.39699284019404,35.39699284019404,Infinity
