id,Expression,theta,size,MSE_train,MSE_val,MSE_test,R2_train,R2_val,R2_test,nll_train,nll_val,nll_test,mdl_train,mdl_val,mdl_test
0,((Abs(-7.817310499576981e-3) ^ (Abs((Abs((Abs((Abs(x7) ^ x5)) ^ 5.335823206482196)) ^ (x5 - x21))) ^ (6.579799932893139 / x4))) + 4.230981119737943e-3),-7.817310499576981e-3;5.335823206482196;6.579799932893139;4.230981119737943e-3,22,4.3508564024379276e-2,4.3508564024379276e-2,0.13342634107558088,0.8259657439024829,0.8259657439024829,-5.940838262751452,4.3508564024379276e-2,4.3508564024379276e-2,0.13342634107558088,37.39632637874011,37.39632637874011,37.48624415579132
