id,Expression,theta,size,MSE_train,MSE_val,MSE_test,R2_train,R2_val,R2_test,nll_train,nll_val,nll_test,mdl_train,mdl_val,mdl_test
0,(-0.5754461502871738 + (((17.934129047065262 * (x0 * x18)) + (((x3 * x0) * (377.494538015512 * x18)) + 0.2360537266077275)) + x9)),-0.5754461502871738;17.934129047065262;377.494538015512;0.2360537266077275,19,6.96074355598803e-2,6.96074355598803e-2,0.13341119125037504,0.7215702577604788,0.7215702577604788,-5.940050168844244,6.96074355598803e-2,6.96074355598803e-2,0.13341119125037504,37.041900267610835,37.041900267610835,37.10570402330133
