id,Expression,theta,size,MSE_train,MSE_val,MSE_test,R2_train,R2_val,R2_test,nll_train,nll_val,nll_test,mdl_train,mdl_val,mdl_test
0,(0.894047406095234 + (((-2.705110833244584 * (Abs(x26) ^ x18)) + 0.41814421525020784) + (Abs(((x11 + x20) / x7)) ^ x6))),0.894047406095234;-2.705110833244584;0.41814421525020784,19,7.698143081279542e-2,7.698143081279542e-2,0.12124387831388624,0.6920742767488184,0.6920742767488184,-5.307106549888121,7.698143081279542e-2,7.698143081279542e-2,0.12124387831388624,40.8412010683851,40.8412010683851,40.88546351588619
