id,Expression,theta,size,MSE_train,MSE_val,MSE_test,R2_train,R2_val,R2_test,nll_train,nll_val,nll_test,mdl_train,mdl_val,mdl_test
0,((Abs(((Abs((x18 + x26)) ^ ((Abs(x24) ^ -1.9928518776516155) * x26)) * -5.0926076484143136e-5)) ^ x26) + -5.5271093208900696e-2),-1.9928518776516155;-5.0926076484143136e-5;-5.5271093208900696e-2,18,5.2849594980182955e-2,5.2849594980182955e-2,2.574083755628824e245,0.7886016200792682,0.7886016200792682,-1.339038369678063e247,5.2849594980182955e-2,5.2849594980182955e-2,2.574083755628824e245,29.241501830809884,29.241501830809884,2.574083755628824e245
