id,Expression,theta,size,MSE_train,MSE_val,MSE_test,R2_train,R2_val,R2_test,nll_train,nll_val,nll_test,mdl_train,mdl_val,mdl_test
0,(((x0 * x21) * x3) * (x17 * (((x0 * x17) * (-30576.856727189625 + (-6867.489390239556 * x21))) + 2442.063734206538))),-30576.856727189625;-6867.489390239556;2442.063734206538,19,4.07375738870239e-2,4.07375738870239e-2,0.1592815562691773,0.8370497044519044,0.8370497044519044,-7.285826557122286,4.07375738870239e-2,4.07375738870239e-2,0.1592815562691773,37.013030405937975,37.013030405937975,37.13157438832013
