id,Expression,theta,size,MSE_train,MSE_val,MSE_test,R2_train,R2_val,R2_test,nll_train,nll_val,nll_test,mdl_train,mdl_val,mdl_test
0,(Abs(x20) ^ (Abs((Abs((x28 - (Abs(x21) ^ -0.18452214090026467))) ^ Recip((Abs((0.6294293282599875 * (-0.37028356280561986 + x29))) ^ 1.3965246054976064)))) ^ 1.3337312821347682)),-0.18452214090026467;0.6294293282599875;-0.37028356280561986;1.3965246054976064;1.3337312821347682,23,1.1189483399247475e-2,1.1189483399247475e-2,Infinity,0.9552420664030101,0.9552420664030101,-Infinity,1.1189483399247475e-2,1.1189483399247475e-2,Infinity,41.45772115729208,41.45772115729208,Infinity
