id,Expression,theta,size,MSE_train,MSE_val,MSE_test,R2_train,R2_val,R2_test,nll_train,nll_val,nll_test,mdl_train,mdl_val,mdl_test
0,(Abs(((x30 - x0) / x18)) ^ ((Abs((Abs(x4) ^ -0.14178058684249947)) ^ -10.475165445181025) * 25.44177911902109)),-0.14178058684249947;-10.475165445181025;25.44177911902109,16,5.14763244884264e-2,5.14763244884264e-2,0.10336856449189075,0.7940947020462944,0.7940947020462944,-4.377232724867952,5.14763244884264e-2,5.14763244884264e-2,0.10336856449189075,28.61539582985928,28.61539582985928,28.667288069862746
