id,Expression,theta,size,MSE_train,MSE_val,MSE_test,R2_train,R2_val,R2_test,nll_train,nll_val,nll_test,mdl_train,mdl_val,mdl_test
0,((Abs((Abs((Abs(x17) ^ x17)) ^ x17)) ^ (Abs((Abs(x24) ^ (Abs(x12) ^ -0.33418541306820004))) ^ (-1.3007245134921535 + (x13 - x17)))) * 1.0051029908553673),-0.33418541306820004;-1.3007245134921535;1.0051029908553673,25,7.267215718178438e-2,7.267215718178438e-2,Infinity,0.7093113712728625,0.7093113712728625,-Infinity,7.267215718178438e-2,7.267215718178438e-2,Infinity,41.819939126569956,41.819939126569956,Infinity
