id,Expression,theta,size,MSE_train,MSE_val,MSE_test,R2_train,R2_val,R2_test,nll_train,nll_val,nll_test,mdl_train,mdl_val,mdl_test
0,(Abs((((x27 * 0.2706567794756516) * (x25 * x14)) * (x0 + x20))) ^ (Abs((Abs(9.426471426777836) ^ (x0 * -28.631920310222483))) ^ x1)),0.2706567794756516;9.426471426777836;-28.631920310222483,22,6.280797609494704e-2,6.280797609494704e-2,0.11496585604518739,0.7487680956202118,0.7487680956202118,-4.980523831470419,6.280797609494704e-2,6.280797609494704e-2,0.11496585604518739,43.811924742981816,43.811924742981816,43.86408262293206
