id,Expression,theta,size,MSE_train,MSE_val,MSE_test,R2_train,R2_val,R2_test,nll_train,nll_val,nll_test,mdl_train,mdl_val,mdl_test
0,((2.241760256433874 + (x18 * ((x10 + (x18 * 94.43715703007798)) + (-21.37204694998306 + ((94.29075294859209 * x18) + -21.514139925248816))))) + x20),2.241760256433874;94.43715703007798;-21.37204694998306;94.29075294859209;-21.514139925248816,19,3.977979962317576e-2,3.977979962317576e-2,9.899497848952471e-2,0.8408808015072969,0.8408808015072969,-4.149718781024879,3.977979962317576e-2,3.977979962317576e-2,9.899497848952471e-2,34.08320971495622,34.08320971495622,34.142424893822565
