id,Expression,theta,size,MSE_train,MSE_val,MSE_test,R2_train,R2_val,R2_test,nll_train,nll_val,nll_test,mdl_train,mdl_val,mdl_test
0,(Abs((-5.44591018527917e-2 * (Abs(((0.5415400506369334 - ((x9 / x7) / x26)) * x23)) ^ (Abs(x11) ^ -0.19580803645485537)))) ^ x11),-5.44591018527917e-2;0.5415400506369334;-0.19580803645485537,20,8.828717931394099e-2,8.828717931394099e-2,0.1833610334470209,0.6468512827442361,0.6468512827442361,-8.538440959913663,8.828717931394099e-2,8.828717931394099e-2,0.1833610334470209,39.23223376021272,39.23223376021272,39.3273076143458
