id,Expression,theta,size,MSE_train,MSE_val,MSE_test,R2_train,R2_val,R2_test,nll_train,nll_val,nll_test,mdl_train,mdl_val,mdl_test
0,(((-2.2013918094004534 + ((Abs(x13) ^ -1.4632907550286374) + -1.0481900051388542)) * (x24 - x26)) - (x26 + -0.16897291485533636)),-2.2013918094004534;-1.4632907550286374;-1.0481900051388542;-0.16897291485533636,16,5.1232629808554e-2,5.1232629808554e-2,0.16056683151399187,0.795069480765784,0.795069480765784,-7.352686575357538,5.1232629808554e-2,5.1232629808554e-2,0.16056683151399187,31.24285575500609,31.24285575500609,31.35218995671153
