id,Expression,theta,size,MSE_train,MSE_val,MSE_test,R2_train,R2_val,R2_test,nll_train,nll_val,nll_test,mdl_train,mdl_val,mdl_test
0,(-0.23092752484018564 + (-0.6618197457558761 + (x22 * ((((-1.727435574353707 * x22) + 0.7176633337405047) / x9) + 2.5753479689033)))),-0.23092752484018564;-0.6618197457558761;-1.727435574353707;0.7176633337405047;2.5753479689033,15,7.533759078729303e-2,7.533759078729303e-2,0.5792708321657535,0.6986496368508279,0.6986496368508279,-29.133668689261345,7.533759078729303e-2,7.533759078729303e-2,0.5792708321657535,26.951729629208117,26.951729629208117,27.45566287058658
