id,Expression,theta,size,MSE_train,MSE_val,MSE_test,R2_train,R2_val,R2_test,nll_train,nll_val,nll_test,mdl_train,mdl_val,mdl_test
0,(Abs((Abs(x6) ^ (Abs(((Recip((0.8949003416729022 * x24)) * x3) + -2.227815847528338)) ^ -4.126344916442999))) ^ (Abs(Recip((x24 / x26))) ^ 0.62493966856254)),0.8949003416729022;-2.227815847528338;-4.126344916442999;0.62493966856254,23,8.496785541045761e-2,8.496785541045761e-2,0.14234182020306446,0.6601285783581696,0.6601285783581696,-6.40462148696313,8.496785541045761e-2,8.496785541045761e-2,0.14234182020306446,43.834084622297325,43.834084622297325,43.891458587089936
