id,Expression,theta,size,MSE_train,MSE_val,MSE_test,R2_train,R2_val,R2_test,nll_train,nll_val,nll_test,mdl_train,mdl_val,mdl_test
0,(Abs(x17) ^ (Abs(x15) ^ (Recip(x19) * ((0.21804754218092892 + (((x9 + x5) - x23) * -1.634823624411734)) + -6.929299132531638e-2)))),0.21804754218092892;-1.634823624411734;-6.929299132531638e-2,20,5.1092570113734e-2,5.1092570113734e-2,9.098258470405943e-2,0.795629719545064,0.795629719545064,-3.73291405630499,5.1092570113734e-2,5.1092570113734e-2,9.098258470405943e-2,44.77941226629774,44.77941226629774,44.81930228088807
