id,Expression,theta,size,MSE_train,MSE_val,MSE_test,R2_train,R2_val,R2_test,nll_train,nll_val,nll_test,mdl_train,mdl_val,mdl_test
0,(Abs((Abs((Abs((Abs((x15 * (x22 + x3))) ^ x6)) ^ x15)) ^ (Abs(Recip((x6 - x30))) ^ 1.3944133874921751))) ^ 0.17177357965123527),1.3944133874921751;0.17177357965123527,23,0.10335540332442199,0.10335540332442199,0.175390306676087,0.586578386702312,0.586578386702312,-8.123803753289696,0.10335540332442199,0.10335540332442199,0.175390306676087,43.2654703136951,43.2654703136951,43.33750521704676
