id,Expression,theta,size,MSE_train,MSE_val,MSE_test,R2_train,R2_val,R2_test,nll_train,nll_val,nll_test,mdl_train,mdl_val,mdl_test
0,(Abs(x3) ^ (Abs((Abs(x14) ^ x4)) ^ (Abs((Abs(x2) ^ ((x5 * x3) * -158.92295270674617))) ^ (Abs((x3 + -5.128322066490191e-2)) ^ x1)))),-158.92295270674617;-5.128322066490191e-2,25,7.371800885203174e-2,7.371800885203174e-2,0.13940206720130893,0.7051279645918731,0.7051279645918731,-6.251695535811814,7.371800885203174e-2,7.371800885203174e-2,0.13940206720130893,43.822834775738905,43.822834775738905,43.88851883408818
