id,Expression,theta,size,MSE_train,MSE_val,MSE_test,R2_train,R2_val,R2_test,nll_train,nll_val,nll_test,mdl_train,mdl_val,mdl_test
0,((0.9868645933081447 * (Abs(x15) ^ ((Abs(Recip(((x1 * x20) + x9))) ^ (-10.58424786197082 * x23)) - x30))) + -0.16551581952020558),0.9868645933081447;-10.58424786197082;-0.16551581952020558,20,6.764320062021265e-2,6.764320062021265e-2,0.18346645142205467,0.7294271975191494,0.7294271975191494,-8.543924802974919,6.764320062021265e-2,6.764320062021265e-2,0.18346645142205467,44.79596289680422,44.79596289680422,44.911786147606065
