id,Expression,theta,size,MSE_train,MSE_val,MSE_test,R2_train,R2_val,R2_test,nll_train,nll_val,nll_test,mdl_train,mdl_val,mdl_test
0,(Abs(((Abs(x16) ^ x5) * 1.9481305450592956e-2)) ^ ((Abs((x17 / x15)) ^ (-20.662732198304255 * x2)) + (x5 + x5))),1.9481305450592956e-2;-20.662732198304255,20,4.108692857307619e-2,4.108692857307619e-2,7.79536037312462e-2,0.8356522857076952,0.8356522857076952,-3.0551464660992727,4.108692857307619e-2,4.108692857307619e-2,7.79536037312462e-2,39.18503350947186,39.18503350947186,39.22190018463002
