id,Expression,theta,size,MSE_train,MSE_val,MSE_test,R2_train,R2_val,R2_test,nll_train,nll_val,nll_test,mdl_train,mdl_val,mdl_test
0,(Abs((x2 * -1.3543238814877482e-2)) ^ (Abs((Abs((Abs((x15 / x30)) ^ -72.09005652419461)) ^ x29)) ^ x2)),-1.3543238814877482e-2;-72.09005652419461,17,2.0559818369458714e-2,2.0559818369458714e-2,2.9270504327966886e-2,0.9177607265221651,0.9177607265221651,-0.5226516351407793,2.0559818369458714e-2,2.0559818369458714e-2,2.9270504327966886e-2,27.053299860207325,27.053299860207325,27.062010546165833
