id,Expression,theta,size,MSE_train,MSE_val,MSE_test,R2_train,R2_val,R2_test,nll_train,nll_val,nll_test,mdl_train,mdl_val,mdl_test
0,(-2.9859826606489774e-2 + (Abs(x2) ^ (((4.5710097764603885 + (Abs(x5) ^ Recip((Abs(Recip(x2)) ^ x25)))) * (Abs(x26) ^ x2)) + -0.7433901203543849))),-2.9859826606489774e-2;4.5710097764603885;-0.7433901203543849,23,1.4786855823354577e-2,1.4786855823354577e-2,4.940066879914308e-2,0.9408525767065817,0.9408525767065817,-1.5698227909313247,1.4786855823354577e-2,1.4786855823354577e-2,4.940066879914308e-2,41.762053825211524,41.762053825211524,41.796667638187316
