id,Expression,theta,size,MSE_train,MSE_val,MSE_test,R2_train,R2_val,R2_test,nll_train,nll_val,nll_test,mdl_train,mdl_val,mdl_test
0,(Abs(((x15 / (x15 + (Abs(x6) ^ x30))) * -3.70535569268202)) ^ (Abs((0.6619006840878792 * (x15 / x3))) ^ -28.798482117201036)),-3.70535569268202;0.6619006840878792;-28.798482117201036,20,3.2792965833784375e-2,3.2792965833784375e-2,8.93684473393784e-2,0.8688281366648625,0.8688281366648625,-3.6489466305942875,3.2792965833784375e-2,3.2792965833784375e-2,8.93684473393784e-2,37.38561078054952,37.38561078054952,37.44218626205512
