id,Expression,theta,size,MSE_train,MSE_val,MSE_test,R2_train,R2_val,R2_test,nll_train,nll_val,nll_test,mdl_train,mdl_val,mdl_test
0,(Abs((Abs((Abs((Abs((x12 * ((Abs((Abs(x25) ^ x21)) ^ (x30 * -119.61896724276343)) * x21))) ^ x19)) ^ x25)) ^ 443.3234368884241)) ^ x25),-119.61896724276343;443.3234368884241,25,6.3034659925784e-2,6.3034659925784e-2,850.379517965409,0.747861360296864,0.747861360296864,-44235.74252455889,6.3034659925784e-2,6.3034659925784e-2,850.379517965409,39.572423951842666,39.572423951842666,889.888907257326
