id,Expression,theta,size,MSE_train,MSE_val,MSE_test,R2_train,R2_val,R2_test,nll_train,nll_val,nll_test,mdl_train,mdl_val,mdl_test
0,(((x3 + -0.5018934755316334) * 0.9589917432971952) + (x3 - ((0.2856926559917501 - (4.005690531727773e-2 / x3)) / (x24 + x13)))),-0.5018934755316334;0.9589917432971952;0.2856926559917501;4.005690531727773e-2,17,7.180533435717681e-2,7.180533435717681e-2,0.12570086905004668,0.7127786625712927,0.7127786625712927,-5.538959207983179,7.180533435717681e-2,7.180533435717681e-2,0.12570086905004668,35.422311542914386,35.422311542914386,35.476207077607256
