id,Expression,theta,size,MSE_train,MSE_val,MSE_test,R2_train,R2_val,R2_test,nll_train,nll_val,nll_test,mdl_train,mdl_val,mdl_test
0,((((Recip(x14) + -21.072613024923427) + ((x23 * x21) + (1.0163611482790451 / x18))) * (x30 - x9)) + x9),-21.072613024923427;1.0163611482790451,18,3.8803700752707865e-2,3.8803700752707865e-2,6.541388222450088e-2,0.8447851969891685,0.8447851969891685,-2.4028301533184058,3.8803700752707865e-2,3.8803700752707865e-2,6.541388222450088e-2,44.76712339693672,44.76712339693672,44.793733578408506
