id,Expression,theta,size,MSE_train,MSE_val,MSE_test,R2_train,R2_val,R2_test,nll_train,nll_val,nll_test,mdl_train,mdl_val,mdl_test
0,(Abs(Recip((((Abs((x10 + (x12 / x30))) ^ 48.9466835693613) + (Abs(x10) ^ x30)) + (Abs(x2) ^ x7)))) ^ x11),48.9466835693613,22,0.10974102907038409,0.10974102907038409,0.2314606188358125,0.5610358837184637,0.5610358837184637,-11.040581391838508,0.10974102907038409,0.10974102907038409,0.2314606188358125,43.27185593944106,43.27185593944106,43.39357552920649
