id,Expression,theta,size,MSE_train,MSE_val,MSE_test,R2_train,R2_val,R2_test,nll_train,nll_val,nll_test,mdl_train,mdl_val,mdl_test
0,(((-0.24809746442837477 + ((x21 + x0) + x27)) * x18) * 25.836217185056597),-0.24809746442837477;25.836217185056597,11,4.0104631298200875e-2,4.0104631298200875e-2,5.8711455422745466e-2,0.8395814748071965,0.8395814748071965,-2.0541699110911025,4.0104631298200875e-2,4.0104631298200875e-2,5.8711455422745466e-2,21.44511627090665,21.44511627090665,21.46372309503119
