id,Expression,theta,size,MSE_train,MSE_val,MSE_test,R2_train,R2_val,R2_test,nll_train,nll_val,nll_test,mdl_train,mdl_val,mdl_test
0,(Abs(x9) ^ ((((x10 * x30) * x30) * (5715.4283421983955 * (x30 * (Abs(15638.775213694742) ^ x28)))) * x4)),5715.4283421983955;15638.775213694742,19,6.485860781792739e-2,6.485860781792739e-2,5.714920535753227e-2,0.7405655687282904,0.7405655687282904,-1.9729016626987153,6.485860781792739e-2,6.485860781792739e-2,5.714920535753227e-2,35.41536481637513,35.41536481637513,35.40765541391474
