id,Expression,theta,size,MSE_train,MSE_val,MSE_test,R2_train,R2_val,R2_test,nll_train,nll_val,nll_test,mdl_train,mdl_val,mdl_test
0,(Abs((x2 * 1.7847688889707954e-4)) ^ (Abs((x2 + -1.0444500972192838)) ^ (x13 * ((Abs(x16) ^ (-4.6571756710937295 * x14)) + -0.1275382849125115)))),1.7847688889707954e-4;-1.0444500972192838;-4.6571756710937295;-0.1275382849125115,20,1.6464482217899517e-2,1.6464482217899517e-2,5.223337674082598e-2,0.934142071128402,0.934142071128402,-1.717180258057664,1.6464482217899517e-2,1.6464482217899517e-2,5.223337674082598e-2,35.366970690775105,35.366970690775105,35.40273958529803
