id,Expression,theta,size,MSE_train,MSE_val,MSE_test,R2_train,R2_val,R2_test,nll_train,nll_val,nll_test,mdl_train,mdl_val,mdl_test
0,(3.359973551595081e-5 + (Abs(x1) ^ (Abs(-2.569888730064302e-6) ^ ((((Abs(5.759559678166322) ^ x26) + (x26 * x26)) + -2.004851479778881) + x26)))),3.359973551595081e-5;-2.569888730064302e-6;5.759559678166322;-2.004851479778881,20,1.0444926609416891e-9,1.0444926609416891e-9,Infinity,0.9999999958220294,0.9999999958220294,-Infinity,1.0444926609416891e-9,1.0444926609416891e-9,Infinity,30.459910977921428,30.459910977921428,Infinity
