id,Expression,theta,size,MSE_train,MSE_val,MSE_test,R2_train,R2_val,R2_test,nll_train,nll_val,nll_test,mdl_train,mdl_val,mdl_test
0,(Abs(-0.9945290728188608) ^ (Abs(Recip((0.23991347832229837 * x24))) ^ ((x14 * x9) + (18.45934382496849 * (x26 + x6))))),-0.9945290728188608;0.23991347832229837;18.45934382496849,18,3.224827537545905e-2,3.224827537545905e-2,0.12935903362925716,0.8710068984981638,0.8710068984981638,-5.7292569293937,3.224827537545905e-2,3.224827537545905e-2,0.12935903362925716,36.87360976328019,36.87360976328019,36.97072052153399
