id,Expression,theta,size,MSE_train,MSE_val,MSE_test,R2_train,R2_val,R2_test,nll_train,nll_val,nll_test,mdl_train,mdl_val,mdl_test
0,(Abs((-4.5649078904312496e-3 * (x5 / ((((x12 * x22) - x16) + x4) * x7)))) ^ x14),-4.5649078904312496e-3,16,0.13003266973746597,0.13003266973746597,0.3987093112210909,0.47986932105013613,0.47986932105013613,-19.740858369720357,0.13003266973746597,0.13003266973746597,0.3987093112210909,38.60427303166052,38.60427303166052,38.87294967314414
