id,Expression,theta,size,MSE_train,MSE_val,MSE_test,R2_train,R2_val,R2_test,nll_train,nll_val,nll_test,mdl_train,mdl_val,mdl_test
0,((x22 + -0.28185665253717895) + ((0.7437941721778281 - (x26 / x25)) * (x12 * 11.464724717677774))),-0.28185665253717895;0.7437941721778281;11.464724717677774,13,6.721133575309599e-2,6.721133575309599e-2,1.4023564156360977,0.7311546569876161,0.7311546569876161,-71.95058074138701,6.721133575309599e-2,6.721133575309599e-2,1.4023564156360977,28.63113084112395,28.63113084112395,29.966275921006954
