id,Expression,theta,size,MSE_train,MSE_val,MSE_test,R2_train,R2_val,R2_test,nll_train,nll_val,nll_test,mdl_train,mdl_val,mdl_test
0,(Abs(x18) ^ (Abs(x8) ^ ((x10 * (13.201973329296386 * x15)) * (((x3 - x5) * (x11 / x28)) * 22.176801487406564)))),13.201973329296386;22.176801487406564,21,7.070574333852764e-2,7.070574333852764e-2,0.1658209720861209,0.7171770266458894,0.7171770266458894,-7.626006967919679,7.070574333852764e-2,7.070574333852764e-2,0.1658209720861209,48.804743535107725,48.804743535107725,48.89985876385532
