id,Expression,theta,size,MSE_train,MSE_val,MSE_test,R2_train,R2_val,R2_test,nll_train,nll_val,nll_test,mdl_train,mdl_val,mdl_test
0,(x21 * (((x19 / x17) - (((x7 + (-1176.477351998871 + (x3 * 3821.5903267892777))) * x3) + 60.999942089462664)) * x3)),-1176.477351998871;3821.5903267892777;60.999942089462664,19,4.25194421401301e-2,4.25194421401301e-2,8.914278316328718e-2,0.8299222314394796,0.8299222314394796,-3.637207580154022,4.25194421401301e-2,4.25194421401301e-2,8.914278316328718e-2,43.791636209027004,43.791636209027004,43.83825955005016
