id,Expression,theta,size,MSE_train,MSE_val,MSE_test,R2_train,R2_val,R2_test,nll_train,nll_val,nll_test,mdl_train,mdl_val,mdl_test
0,(Abs((x30 * 3.681055922662467)) ^ ((x9 / (Abs(x6) ^ 7.243732305742046)) * ((Abs(x24) ^ (x15 * 56.393702307230804)) / x15))),3.681055922662467;7.243732305742046;56.393702307230804,20,7.092343345964736e-2,7.092343345964736e-2,0.1248637287802861,0.7163062661614106,0.7163062661614106,-5.495411171150235,7.092343345964736e-2,7.092343345964736e-2,0.1248637287802861,37.42374124817538,37.42374124817538,37.47768154349602
