id,Expression,theta,size,MSE_train,MSE_val,MSE_test,R2_train,R2_val,R2_test,nll_train,nll_val,nll_test,mdl_train,mdl_val,mdl_test
0,(Abs((x18 * -7.720496058964381)) ^ (Abs((Abs((Abs(Recip(((x10 * (Abs(x24) ^ -0.7701306360990274)) + x7))) ^ -5.574030601460044)) ^ x14)) ^ 4.065458499604976)),-7.720496058964381;-0.7701306360990274;-5.574030601460044;4.065458499604976,23,2.4388994241888243e-2,2.4388994241888243e-2,Infinity,0.9024440230324471,0.9024440230324471,-Infinity,2.4388994241888243e-2,2.4388994241888243e-2,Infinity,41.47092066813472,41.47092066813472,Infinity
