id,Expression,theta,size,MSE_train,MSE_val,MSE_test,R2_train,R2_val,R2_test,nll_train,nll_val,nll_test,mdl_train,mdl_val,mdl_test
0,(((((x1 * Recip((x21 * -186.06632244398983))) * -15.736966591402052) + -0.7410265181145147) * (15.460622167594396 * x3)) + (x21 * 10.170033865922111)),-186.06632244398983;-15.736966591402052;-0.7410265181145147;15.460622167594396;10.170033865922111,18,0.12993812348996636,0.12993812348996636,0.2675372418073386,0.48024750604013455,0.48024750604013455,-12.917287318817223,0.12993812348996636,0.12993812348996636,0.2675372418073386,35.1563208064856,35.1563208064856,35.29391992480298
