id,Expression,theta,size,MSE_train,MSE_val,MSE_test,R2_train,R2_val,R2_test,nll_train,nll_val,nll_test,mdl_train,mdl_val,mdl_test
0,(((Abs(((x0 / x15) - (x22 + (Abs(-0.8654550173291664) ^ x30)))) ^ x11) * -0.5493326382952989) + ((3.4716097976331757e-3 / x3) / x30)),-0.8654550173291664;-0.5493326382952989;3.4716097976331757e-3,21,7.273695288439122e-2,7.273695288439122e-2,0.25688121768966315,0.7090521884624351,0.7090521884624351,-12.362960944215768,7.273695288439122e-2,7.273695288439122e-2,0.25688121768966315,47.285963298856394,47.285963298856394,47.470107563661664
