id,Expression,theta,size,MSE_train,MSE_val,MSE_test,R2_train,R2_val,R2_test,nll_train,nll_val,nll_test,mdl_train,mdl_val,mdl_test
0,(x12 * (-7.816124410200812 + (x16 * ((x12 * x20) + (((x29 + x15) + 51.42147375174265) + (-48.03034142990759 * x17)))))),-7.816124410200812;51.42147375174265;-48.03034142990759,19,6.828022192438367e-2,6.828022192438367e-2,0.20219175762987335,0.7268791123024654,0.7268791123024654,-9.51801523190561,6.828022192438367e-2,6.828022192438367e-2,0.20219175762987335,41.815547191312554,41.815547191312554,41.94945872701805
