id,Expression,theta,size,MSE_train,MSE_val,MSE_test,R2_train,R2_val,R2_test,nll_train,nll_val,nll_test,mdl_train,mdl_val,mdl_test
0,(Abs((Abs(x10) ^ (Abs((x10 * ((362.96470816429195 - x23) * x26))) ^ (Abs((x10 / x30)) ^ x30)))) ^ x10),362.96470816429195,21,5.753451600721175e-2,5.753451600721175e-2,Infinity,0.7698619359711529,0.7698619359711529,-Infinity,5.753451600721175e-2,5.753451600721175e-2,Infinity,37.410352330722944,37.410352330722944,Infinity
