id,Expression,theta,size,MSE_train,MSE_val,MSE_test,R2_train,R2_val,R2_test,nll_train,nll_val,nll_test,mdl_train,mdl_val,mdl_test
0,(Abs((x30 * ((176.71587936123652 * x30) * (Abs(x30) ^ (x30 * (x15 * 59.93269012060281)))))) ^ ((80.45197625494882 * x6) * x10)),176.71587936123652;59.93269012060281;80.45197625494882,21,5.938083258231245e-2,5.938083258231245e-2,0.11208287875169408,0.7624766696707502,0.7624766696707502,-4.830551352662903,5.938083258231245e-2,5.938083258231245e-2,0.11208287875169408,37.03167366463327,37.03167366463327,37.08437571080265
