id,Expression,theta,size,MSE_train,MSE_val,MSE_test,R2_train,R2_val,R2_test,nll_train,nll_val,nll_test,mdl_train,mdl_val,mdl_test
0,((((-14.029331218418996 * (Abs((x19 * ((x3 * 17.57772927116601) + x16))) ^ x8)) + 14.558468298333398) + x2) * x20),-14.029331218418996;17.57772927116601;14.558468298333398,18,1.4014029252611795e-2,1.4014029252611795e-2,0.14261958890240575,0.9439438829895528,0.9439438829895528,-6.419071014702864,1.4014029252611795e-2,1.4014029252611795e-2,0.14261958890240575,39.15796061015139,39.15796061015139,39.28656616980118
