id,Expression,theta,size,MSE_train,MSE_val,MSE_test,R2_train,R2_val,R2_test,nll_train,nll_val,nll_test,mdl_train,mdl_val,mdl_test
0,(Abs(x15) ^ (Abs((-6.952157922101419 * x3)) ^ ((Abs(19.72970854556208) ^ (x19 * (5.325128945986567 * x14))) + -4.485105505331646))),-6.952157922101419;19.72970854556208;5.325128945986567;-4.485105505331646,18,1.6990314515901417e-3,1.6990314515901417e-3,3.926326229609975e-2,0.9932038741936394,0.9932038741936394,-1.042474904643031,1.6990314515901417e-3,1.6990314515901417e-3,3.926326229609975e-2,31.193322156649128,31.193322156649128,31.230886387493637
