id,Expression,theta,size,MSE_train,MSE_val,MSE_test,R2_train,R2_val,R2_test,nll_train,nll_val,nll_test,mdl_train,mdl_val,mdl_test
0,(Abs(((Abs(-2.031685440859272) ^ x0) + ((Abs(x0) ^ -8.839111944437208e-2) / (Abs((x17 / x26)) ^ -4.564526429229981)))) ^ -1.784530008979785),-2.031685440859272;-8.839111944437208e-2;-4.564526429229981;-1.784530008979785,19,0.11327395734785205,0.11327395734785205,0.18799209690718618,0.5469041706085918,0.5469041706085918,-8.779348881111453,0.11327395734785205,0.11327395734785205,0.18799209690718618,29.30192619317755,29.30192619317755,29.376644332736888
