id,Expression,theta,size,MSE_train,MSE_val,MSE_test,R2_train,R2_val,R2_test,nll_train,nll_val,nll_test,mdl_train,mdl_val,mdl_test
0,(Abs((x26 * x5)) ^ (Abs(((Abs(((((Abs(x21) ^ x7) - x15) + x5) + x1)) ^ -173.8781392597235) * x8)) ^ x5)),-173.8781392597235,23,3.938192156381539e-2,3.938192156381539e-2,8.937824626159613e-2,0.8424723137447384,0.8424723137447384,-3.6494563705280534,3.938192156381539e-2,3.938192156381539e-2,8.937824626159613e-2,47.25260826753582,47.25260826753582,47.3026045922336
