id,Expression,theta,size,MSE_train,MSE_val,MSE_test,R2_train,R2_val,R2_test,nll_train,nll_val,nll_test,mdl_train,mdl_val,mdl_test
0,(((Abs(((Abs(x27) ^ (x26 / ((x28 + -0.21766634858279674) + x29))) + (Abs(x16) ^ x22))) ^ -0.82280674248375) - x16) - x28),-0.21766634858279674;-0.82280674248375,22,0.10395183079090999,0.10395183079090999,0.18931472077940084,0.5841926768363601,0.5841926768363601,-8.848151774944055,0.10395183079090999,0.10395183079090999,0.18931472077940084,45.66396201395995,45.66396201395995,45.74932490394844
