id,Expression,theta,size,MSE_train,MSE_val,MSE_test,R2_train,R2_val,R2_test,nll_train,nll_val,nll_test,mdl_train,mdl_val,mdl_test
0,((Abs(-0.8438509061612933) ^ (Abs((4.972693594009843e-2 - (x9 / x4))) ^ -8.125386156106513)) * 1.0062267157287426),-0.8438509061612933;4.972693594009843e-2;-8.125386156106513;1.0062267157287426,13,5.056331472057454e-2,5.056331472057454e-2,0.14960009044515493,0.7977467411177018,0.7977467411177018,-6.782196704956662,5.056331472057454e-2,5.056331472057454e-2,0.14960009044515493,21.45557495432902,21.45557495432902,21.5546117300536
