id,Expression,theta,size,MSE_train,MSE_val,MSE_test,R2_train,R2_val,R2_test,nll_train,nll_val,nll_test,mdl_train,mdl_val,mdl_test
0,(Abs(1.9788876639046847e-2) ^ (Abs((x28 / x11)) ^ ((Abs((Abs(x5) ^ (Recip(x10) * (x20 / x5)))) ^ -0.6124882434405586) / x10))),1.9788876639046847e-2;-0.6124882434405586,22,8.85627702235048e-2,8.85627702235048e-2,0.15471044527216607,0.6457489191059809,0.6457489191059809,-7.048037363057771,8.85627702235048e-2,8.85627702235048e-2,0.15471044527216607,41.53509444411633,41.53509444411633,41.60124211916499
