id,Expression,theta,size,MSE_train,MSE_val,MSE_test,R2_train,R2_val,R2_test,nll_train,nll_val,nll_test,mdl_train,mdl_val,mdl_test
0,(Abs(x23) ^ (Abs(((-1.2025394848319524 - (x17 / x30)) / (Abs(x23) ^ (x17 + (4.413996903620756 - (x17 / x30)))))) ^ 2.780251338607075)),-1.2025394848319524;4.413996903620756;2.780251338607075,22,2.0012980402158237e-2,2.0012980402158237e-2,0.12032319191535416,0.919948078391367,0.919948078391367,-5.259212443436485,2.0012980402158237e-2,2.0012980402158237e-2,0.12032319191535416,39.52940227231904,39.52940227231904,39.629712483832236
