id,Expression,theta,size,MSE_train,MSE_val,MSE_test,R2_train,R2_val,R2_test,nll_train,nll_val,nll_test,mdl_train,mdl_val,mdl_test
0,(Abs(((Abs((x15 * -1.2977274865717292e-5)) ^ x11) * (x15 * 3.0903681246506474))) ^ ((x17 / x25) + (x19 - (-0.8025022994034521 * x1)))),-1.2977274865717292e-5;3.0903681246506474;-0.8025022994034521,21,2.4314308245718185e-2,2.4314308245718185e-2,7.323049316199794e-2,0.9027427670171273,0.9027427670171273,-2.809450254286987,2.4314308245718185e-2,2.4314308245718185e-2,7.323049316199794e-2,47.237540654217725,47.237540654217725,47.286456839134004
