id,Expression,theta,size,MSE_train,MSE_val,MSE_test,R2_train,R2_val,R2_test,nll_train,nll_val,nll_test,mdl_train,mdl_val,mdl_test
0,(((3.948294350712633 * ((3.6538244322630433 * x3) + (Abs(x3) ^ (x11 / x14)))) + (x29 * -2.134007195926318)) * x29),3.948294350712633;3.6538244322630433;-2.134007195926318,18,5.904272079765084e-2,5.904272079765084e-2,0.24276350010678877,0.7638291168093967,0.7638291168093967,-11.62855727555467,5.904272079765084e-2,5.904272079765084e-2,0.24276350010678877,37.411860535513384,37.411860535513384,37.595581314822525
