id,Expression,theta,size,MSE_train,MSE_val,MSE_test,R2_train,R2_val,R2_test,nll_train,nll_val,nll_test,mdl_train,mdl_val,mdl_test
0,(Abs((2.2835804329208353e-4 * x24)) ^ (Abs(((((x28 - x24) - x24) + (Abs((x30 * x0)) ^ x24)) + x10)) ^ 25.05759268597862)),2.2835804329208353e-4;25.05759268597862,22,5.163063848576481e-2,5.163063848576481e-2,0.17844002315614052,0.7934774460569407,0.7934774460569407,-8.282450004582076,5.163063848576481e-2,5.163063848576481e-2,0.17844002315614052,43.80074740537263,43.80074740537263,43.92755679004301
