id,Expression,theta,size,MSE_train,MSE_val,MSE_test,R2_train,R2_val,R2_test,nll_train,nll_val,nll_test,mdl_train,mdl_val,mdl_test
0,((x5 * -0.6714543428316864) + (1.5902031381418547 * (Abs(x2) ^ (Abs((x5 * -9.329110705004654)) ^ -1.229946087878995)))),-0.6714543428316864;1.5902031381418547;-9.329110705004654;-1.229946087878995,15,6.64302171674209e-3,6.64302171674209e-3,24.87434397297171,0.9734279131330317,0.9734279131330317,-1292.963373473939,6.64302171674209e-3,6.64302171674209e-3,24.87434397297171,23.299516121681457,23.299516121681457,48.167217072936424
