id,Expression,theta,size,MSE_train,MSE_val,MSE_test,R2_train,R2_val,R2_test,nll_train,nll_val,nll_test,mdl_train,mdl_val,mdl_test
0,((Abs(-3.1879284836542547e-4) ^ (x5 + (((0.46352355594324657 * x20) + x27) + x7))) * 2.6937795624809606),-3.1879284836542547e-4;0.46352355594324657;2.6937795624809606,14,9.664301010466472e-2,9.664301010466472e-2,0.1149020382562748,0.6134279595813411,0.6134279595813411,-4.977204030091187,9.664301010466472e-2,9.664301010466472e-2,0.1149020382562748,27.12938305194253,27.12938305194253,27.14764208009414
