id,Expression,theta,size,MSE_train,MSE_val,MSE_test,R2_train,R2_val,R2_test,nll_train,nll_val,nll_test,mdl_train,mdl_val,mdl_test
0,((((6.615635966092061e-2 / x9) + -0.5289882833540809) + ((x24 * -4.453144524289198) + (x23 + x1))) + (x3 * (Abs(x30) ^ x11))),6.615635966092061e-2;-0.5289882833540809;-4.453144524289198,20,7.671767516213956e-2,7.671767516213956e-2,0.22101117378799695,0.6931292993514417,0.6931292993514417,-10.497001260451162,7.671767516213956e-2,7.671767516213956e-2,0.22101117378799695,47.28994402113414,47.28994402113414,47.43423751976
