id,Expression,theta,size,MSE_train,MSE_val,MSE_test,R2_train,R2_val,R2_test,nll_train,nll_val,nll_test,mdl_train,mdl_val,mdl_test
0,((Abs((Abs((x6 / x16)) ^ 1.3399247049661887)) ^ ((Abs((x6 / x16)) ^ -2.6428564286291607) / (0.3572040011517831 / x24))) + 9.156077974147896e-3),1.3399247049661887;-2.6428564286291607;0.3572040011517831;9.156077974147896e-3,20,7.428809556424602e-2,7.428809556424602e-2,0.17947050150598912,0.7028476177430159,0.7028476177430159,-8.336055488341197,7.428809556424602e-2,7.428809556424602e-2,0.17947050150598912,33.15476062950457,33.15476062950457,33.25994303544631
