id,Expression,theta,size,MSE_train,MSE_val,MSE_test,R2_train,R2_val,R2_test,nll_train,nll_val,nll_test,mdl_train,mdl_val,mdl_test
0,(Abs((x24 * -6.025134171163905)) ^ (Abs(Recip(((Abs(-0.17959634376523503) ^ x16) * (Abs(Recip((x29 + x3))) ^ x27)))) ^ 12.831452811331621)),-6.025134171163905;-0.17959634376523503;12.831452811331621,21,6.0974075028337016e-2,6.0974075028337016e-2,Infinity,0.7561036998866519,0.7561036998866519,-Infinity,6.0974075028337016e-2,6.0974075028337016e-2,Infinity,39.20492065592711,39.20492065592711,Infinity
