id,Expression,theta,size,MSE_train,MSE_val,MSE_test,R2_train,R2_val,R2_test,nll_train,nll_val,nll_test,mdl_train,mdl_val,mdl_test
0,(Abs((Abs(((x28 + x29) * x18)) ^ x11)) ^ (Abs((Abs((-8.043704211914754 * x0)) ^ -2.1238753448157643)) ^ 6.979279061546016)),-8.043704211914754;-2.1238753448157643;6.979279061546016,19,5.688069877569988e-3,5.688069877569988e-3,Infinity,0.9772477204897201,0.9772477204897201,-Infinity,5.688069877569988e-3,5.688069877569988e-3,Infinity,32.96405672992086,32.96405672992086,Infinity
