id,Expression,theta,size,MSE_train,MSE_val,MSE_test,R2_train,R2_val,R2_test,nll_train,nll_val,nll_test,mdl_train,mdl_val,mdl_test
0,(Abs(0.9932032261829681) ^ (Abs((Abs(x18) ^ (((x3 * x9) * -663.5511591561777) * (x27 + x24)))) ^ ((x3 * x27) * 1164.387185015523))),0.9932032261829681;-663.5511591561777;1164.387185015523,22,4.768394081431283e-2,4.768394081431283e-2,0.10175010801605046,0.8092642367427487,0.8092642367427487,-4.293040618994743,4.768394081431283e-2,4.768394081431283e-2,0.10175010801605046,41.79495091020249,41.79495091020249,41.84901707740422
