id,Expression,theta,size,MSE_train,MSE_val,MSE_test,R2_train,R2_val,R2_test,nll_train,nll_val,nll_test,mdl_train,mdl_val,mdl_test
0,(x11 * ((Abs(x28) ^ ((x25 - (4.1580025624801875 - (x22 + x10))) + (Abs(x28) ^ -1.0746052442872738))) + -0.4830763972973497)),4.1580025624801875;-1.0746052442872738;-0.4830763972973497,19,2.213383166568252e-2,2.213383166568252e-2,3.529547905486647e-2,0.9114646733372699,0.9114646733372699,-0.8360708204340837,2.213383166568252e-2,2.213383166568252e-2,3.529547905486647e-2,39.16608041256446,39.16608041256446,39.179242059953644
