id,Expression,theta,size,MSE_train,MSE_val,MSE_test,R2_train,R2_val,R2_test,nll_train,nll_val,nll_test,mdl_train,mdl_val,mdl_test
0,(Abs((-0.2511481031862065 + (x12 + (x30 + x7)))) ^ (((x12 / x11) / x9) * (-0.22282783729057268 + x13))),-0.2511481031862065;-0.22282783729057268,18,8.984813531695245e-2,8.984813531695245e-2,1.8282133235554038e26,0.6406074587321902,0.6406074587321902,-9.510365709134847e27,8.984813531695245e-2,8.984813531695245e-2,1.8282133235554038e26,40.85406777288926,40.85406777288926,1.8282133235554038e26
