id,Expression,theta,size,MSE_train,MSE_val,MSE_test,R2_train,R2_val,R2_test,nll_train,nll_val,nll_test,mdl_train,mdl_val,mdl_test
0,((2.6157767219468746 * x24) + (((-2.183619038701768 * x26) * (Abs(-3.3508680530587163) ^ x23)) + (4.46515273008311 * x23))),2.6157767219468746;-2.183619038701768;-3.3508680530587163;4.46515273008311,16,2.527709637355935e-2,2.527709637355935e-2,0.1508670615771931,0.8988916145057626,0.8988916145057626,-6.8481045432452845,2.527709637355935e-2,2.527709637355935e-2,0.1508670615771931,29.21392933220326,29.21392933220326,29.339519297406895
