id,Expression,theta,size,MSE_train,MSE_val,MSE_test,R2_train,R2_val,R2_test,nll_train,nll_val,nll_test,mdl_train,mdl_val,mdl_test
0,((x27 * (x6 * (148.63727494529638 + (((-129.3941716675881 * x27) + x30) - (490.8969943590444 * x3))))) + -0.49453181901764703),148.63727494529638;-129.3941716675881;490.8969943590444;-0.49453181901764703,17,8.528939073605862e-2,8.528939073605862e-2,0.13557853417961832,0.6588424370557655,0.6588424370557655,-6.052795348023476,8.528939073605862e-2,8.528939073605862e-2,0.13557853417961832,35.435795599293265,35.435795599293265,35.48608474273682
