id,Expression,theta,size,MSE_train,MSE_val,MSE_test,R2_train,R2_val,R2_test,nll_train,nll_val,nll_test,mdl_train,mdl_val,mdl_test
0,((((x21 * 23.318387152132505) * x9) + (-0.6343684340314826 + (x0 * 4.623865983864751))) + x9),23.318387152132505;-0.6343684340314826;4.623865983864751,13,3.0783246993927912e-2,3.0783246993927912e-2,5.3480133998514916e-2,0.8768670120242883,0.8768670120242883,-1.7820365706026395,3.0783246993927912e-2,3.0783246993927912e-2,5.3480133998514916e-2,23.323656346958643,23.323656346958643,23.34635323396323
