id,Expression,theta,size,MSE_train,MSE_val,MSE_test,R2_train,R2_val,R2_test,nll_train,nll_val,nll_test,mdl_train,mdl_val,mdl_test
0,(Abs(((x4 * x15) * (Abs((x19 * -1.2311568735328942)) ^ x8))) ^ (x27 / (Abs(Recip((Recip(x15) * 0.13518661853034544))) ^ 16.62618736525551))),-1.2311568735328942;0.13518661853034544;16.62618736525551,22,4.8909785973147296e-2,4.8909785973147296e-2,9.205184109062178e-2,0.8043608561074108,0.8043608561074108,-3.788536773533963,4.8909785973147296e-2,4.8909785973147296e-2,9.205184109062178e-2,43.798026552860016,43.798026552860016,43.841168607977494
