id,Expression,theta,size,MSE_train,MSE_val,MSE_test,R2_train,R2_val,R2_test,nll_train,nll_val,nll_test,mdl_train,mdl_val,mdl_test
0,(Abs(0.9620050016863952) ^ (Abs(x20) ^ ((x20 * ((x23 / (x11 / x5)) + Recip(x16))) - (Abs(x22) ^ (x5 * -9.399050609463446))))),0.9620050016863952;-9.399050609463446,23,2.801999760398288e-2,2.801999760398288e-2,9.58498024088718e-2,0.8879200095840685,0.8879200095840685,-3.98610672130932,2.801999760398288e-2,2.801999760398288e-2,9.58498024088718e-2,51.32700714683472,51.32700714683472,51.394836951639604
