id,Expression,theta,size,MSE_train,MSE_val,MSE_test,R2_train,R2_val,R2_test,nll_train,nll_val,nll_test,mdl_train,mdl_val,mdl_test
0,(Abs((x1 * x30)) ^ (Abs(Recip(((x7 * 0.662361130743032) / x5))) ^ (((x29 * -321.6919844416828) * x9) * x29))),0.662361130743032;-321.6919844416828,20,9.515892554627772e-3,9.515892554627772e-3,2.786631474553505e-2,0.961936429781489,0.961936429781489,-0.44960569306267795,9.515892554627772e-3,9.515892554627772e-3,2.786631474553505e-2,43.1716308029253,43.1716308029253,43.18998122511621
