id,Expression,theta,size,MSE_train,MSE_val,MSE_test,R2_train,R2_val,R2_test,nll_train,nll_val,nll_test,mdl_train,mdl_val,mdl_test
0,(Abs((Abs(x9) ^ x24)) ^ ((x12 * x24) * (Abs(x26) ^ ((-445.2385847897886 * x9) * x22)))),-445.2385847897886,18,3.0581182176985976e-2,3.0581182176985976e-2,0.1181275689029168,0.8776752712920561,0.8776752712920561,-5.144996134329497,3.0581182176985976e-2,3.0581182176985976e-2,0.1181275689029168,31.222204307374522,31.222204307374522,31.309750694100455
