id,Expression,theta,size,MSE_train,MSE_val,MSE_test,R2_train,R2_val,R2_test,nll_train,nll_val,nll_test,mdl_train,mdl_val,mdl_test
0,(1.016538145330628 * ((Abs(x26) ^ (Abs((x16 / (Abs(x3) ^ x26))) ^ -4.811941562663341)) + -1.794547878724659e-3)),1.016538145330628;-4.811941562663341;-1.794547878724659e-3,16,1.7279520216683373e-4,1.7279520216683373e-4,1.7694465671276735e-2,0.9993088191913326,0.9993088191913326,7.953389578021941e-2,1.7279520216683373e-4,1.7279520216683373e-4,1.7694465671276735e-2,27.032912837040033,27.032912837040033,27.05043450750914
