id,Expression,theta,size,MSE_train,MSE_val,MSE_test,R2_train,R2_val,R2_test,nll_train,nll_val,nll_test,mdl_train,mdl_val,mdl_test
0,(Abs(x23) ^ (Abs(-0.9963392952610568) ^ (Abs((x15 / x22)) ^ (((x26 / x0) + -0.5034490833090096) * -1.718964275826461)))),-0.9963392952610568;-0.5034490833090096;-1.718964275826461,18,2.2688267399500736e-2,2.2688267399500736e-2,5.9178334549461836e-2,0.909246930401997,0.909246930401997,-2.0784569632628873,2.2688267399500736e-2,2.2688267399500736e-2,5.9178334549461836e-2,34.56146466231019,34.56146466231019,34.597954729460156
