id,Expression,theta,size,MSE_train,MSE_val,MSE_test,R2_train,R2_val,R2_test,nll_train,nll_val,nll_test,mdl_train,mdl_val,mdl_test
0,(((Abs(x1) ^ ((((2.3591329326400388 * x2) + x2) * -3.5202090071542056) * x2)) * 0.1950377248429824) + (-1.5109574133940262 * x25)),2.3591329326400388;-3.5202090071542056;0.1950377248429824;-1.5109574133940262,18,3.1718981176662504e-2,3.1718981176662504e-2,5.171066783813852e-2,0.87312407529335,0.87312407529335,-1.689988940939863,3.1718981176662504e-2,3.1718981176662504e-2,5.171066783813852e-2,33.11219151511698,33.11219151511698,33.13218320177846
