id,Expression,theta,size,MSE_train,MSE_val,MSE_test,R2_train,R2_val,R2_test,nll_train,nll_val,nll_test,mdl_train,mdl_val,mdl_test
0,(Abs((Abs(Recip(Recip((x2 * x5)))) ^ (Abs(((Abs(x8) ^ x10) * 3.580910860109791)) ^ 16.95395111096546))) ^ Recip((Abs(x8) ^ x13))),3.580910860109791;16.95395111096546,23,2.886948305480514e-2,2.886948305480514e-2,0.11294580988139974,0.8845220677807795,0.8845220677807795,-4.875441030030189,2.886948305480514e-2,2.886948305480514e-2,0.11294580988139974,39.578911875106755,39.578911875106755,39.66298820193335
