id,Expression,theta,size,MSE_train,MSE_val,MSE_test,R2_train,R2_val,R2_test,nll_train,nll_val,nll_test,mdl_train,mdl_val,mdl_test
0,(Abs(x29) ^ (Abs((x7 - x24)) ^ (5.072743063190606 * (((Abs(((x4 / x0) + x17)) ^ x20) * 9.525856555792059) + -14.31115110620407)))),5.072743063190606;9.525856555792059;-14.31115110620407,22,4.369672576199155e-7,4.369672576199155e-7,Infinity,0.9999982521309695,0.9999982521309695,-Infinity,4.369672576199155e-7,4.369672576199155e-7,Infinity,48.73403822873645,48.73403822873645,Infinity
