id,Expression,theta,size,MSE_train,MSE_val,MSE_test,R2_train,R2_val,R2_test,nll_train,nll_val,nll_test,mdl_train,mdl_val,mdl_test
0,(Abs(x14) ^ (Abs(((Abs(x18) ^ 75.44702227231424) * (Abs(Recip((-0.30031031528140384 * x15))) ^ ((x30 / x21) * 82.84759812536686)))) ^ x18)),75.44702227231424;-0.30031031528140384;82.84759812536686,22,8.060248567198558e-2,8.060248567198558e-2,Infinity,0.6775900573120577,0.6775900573120577,-Infinity,8.060248567198558e-2,8.060248567198558e-2,Infinity,41.52713415956482,41.52713415956482,Infinity
