id,Expression,theta,size,MSE_train,MSE_val,MSE_test,R2_train,R2_val,R2_test,nll_train,nll_val,nll_test,mdl_train,mdl_val,mdl_test
0,((Abs((x9 * x21)) ^ (x29 + (Abs((x3 / (Abs(x29) ^ (x12 + 21.813043595899234)))) ^ x26))) + 3.5923124662206535e-3),21.813043595899234;3.5923124662206535e-3,20,3.7601548387927466e-2,3.7601548387927466e-2,1.9595855046718073e-2,0.8495938064482902,0.8495938064482902,-1.9376379530235077e-2,3.7601548387927466e-2,3.7601548387927466e-2,1.9595855046718073e-2,40.80182118596023,40.80182118596023,40.78381549261902
