id,Expression,theta,size,MSE_train,MSE_val,MSE_test,R2_train,R2_val,R2_test,nll_train,nll_val,nll_test,mdl_train,mdl_val,mdl_test
0,(-1.2827400107287301 + ((Abs((x5 + (Abs((((Abs(x10) ^ x27) + 11.637176106842556) * x10)) ^ 2.6563785455379043))) ^ x30) + x5)),-1.2827400107287301;11.637176106842556;2.6563785455379043,20,5.5298933961963996e-2,5.5298933961963996e-2,8.033510153633512e-2,0.778804264152144,0.778804264152144,-3.1790319819199935,5.5298933961963996e-2,5.5298933961963996e-2,8.033510153633512e-2,35.40580514251917,35.40580514251917,35.43084131009354
