id,Expression,theta,size,MSE_train,MSE_val,MSE_test,R2_train,R2_val,R2_test,nll_train,nll_val,nll_test,mdl_train,mdl_val,mdl_test
0,((Abs((Abs(((Abs(x7) ^ 314.9461929382599) * x7)) ^ x5)) ^ x5) + -9.324282773132962e-2),314.9461929382599;-9.324282773132962e-2,14,9.044883747164752e-2,9.044883747164752e-2,7.682943658640312e47,0.63820465011341,0.63820465011341,-3.9966672912245375e49,9.044883747164752e-2,9.044883747164752e-2,7.682943658640312e47,19.79980299898025,19.79980299898025,7.682943658640312e47
