id,Expression,theta,size,MSE_train,MSE_val,MSE_test,R2_train,R2_val,R2_test,nll_train,nll_val,nll_test,mdl_train,mdl_val,mdl_test
0,(Abs(x22) ^ (Abs(((Abs(x30) ^ 5.891254929116514) * (Abs((3.947504748915299 + (Abs(x11) ^ -2.4001399183398955))) ^ (x11 / x18)))) ^ -2.3167741071076127)),5.891254929116514;3.947504748915299;-2.4001399183398955;-2.3167741071076127,22,1.0683189321911125e-2,1.0683189321911125e-2,7.185229387457195e-2,0.9572672427123555,0.9572672427123555,-2.7377563273550902,1.0683189321911125e-2,1.0683189321911125e-2,7.185229387457195e-2,37.363501004037644,37.363501004037644,37.424670108590306
