id,Expression,theta,size,MSE_train,MSE_val,MSE_test,R2_train,R2_val,R2_test,nll_train,nll_val,nll_test,mdl_train,mdl_val,mdl_test
0,(Abs(-0.8507776824409459) ^ (Abs(x7) ^ ((x22 * ((x22 * 16.34284664836176) / x30)) + -11.826971392712405))),-0.8507776824409459;16.34284664836176;-11.826971392712405,15,3.0295977532791566e-2,3.0295977532791566e-2,9.842917688014136e-2,0.8788160898688337,0.8788160898688337,-4.120285781304758,3.0295977532791566e-2,3.0295977532791566e-2,9.842917688014136e-2,27.063036019370657,27.063036019370657,27.131169218718007
