id,Expression,theta,size,MSE_train,MSE_val,MSE_test,R2_train,R2_val,R2_test,nll_train,nll_val,nll_test,mdl_train,mdl_val,mdl_test
0,(((-0.3538117029685077 + (12.514472541819867 * x0)) + (-0.9530435617411509 * ((Abs(x26) ^ x29) + -0.647353277108558))) + (-5.775168063604112 * x30)),-0.3538117029685077;12.514472541819867;-0.9530435617411509;-0.647353277108558;-5.775168063604112,18,8.821463065376095e-2,8.821463065376095e-2,0.24879495073080007,0.6471414773849562,0.6471414773849562,-11.942313337015726,8.821463065376095e-2,8.821463065376095e-2,0.24879495073080007,35.438720839210966,35.438720839210966,35.599301159288004
