id,Expression,theta,size,MSE_train,MSE_val,MSE_test,R2_train,R2_val,R2_test,nll_train,nll_val,nll_test,mdl_train,mdl_val,mdl_test
0,(x12 * ((Abs(x30) ^ x26) * (-8.712357453097095 + (51.84160263399605 * (x30 + x21))))),-8.712357453097095;51.84160263399605,14,3.0051004856226075e-2,3.0051004856226075e-2,5.3588236043083916e-2,0.8797959805750957,0.8797959805750957,-1.787660038961119,3.0051004856226075e-2,3.0051004856226075e-2,5.3588236043083916e-2,27.06279104669409,27.06279104669409,27.08632827788095
