id,Expression,theta,size,MSE_train,MSE_val,MSE_test,R2_train,R2_val,R2_test,nll_train,nll_val,nll_test,mdl_train,mdl_val,mdl_test
0,(((x5 + (x24 - (x21 * (((10967.93829555509 * x21) + x8) + -2447.4241290131004)))) * (x21 - x18)) * x0),10967.93829555509;-2447.4241290131004,19,0.12833348564082717,0.12833348564082717,31799.291848603243,0.48666605743669133,0.48666605743669133,-1654198.1619642775,0.12833348564082717,0.12833348564082717,31799.291848603243,43.8774502525277,43.8774502525277,31843.04096537013
