id,Expression,theta,size,MSE_train,MSE_val,MSE_test,R2_train,R2_val,R2_test,nll_train,nll_val,nll_test,mdl_train,mdl_val,mdl_test
0,(((((x11 + x0) * x30) * -9.10012827779746) + (-6.162210292787899 * (Abs(x30) ^ x0))) + 5.352202334814241),-9.10012827779746;-6.162210292787899;5.352202334814241,16,7.366878882394358e-2,7.366878882394358e-2,0.12522267833626566,0.7053248447042257,0.7053248447042257,-5.5140837270522916,7.366878882394358e-2,7.366878882394358e-2,0.12522267833626566,29.262321024653644,29.262321024653644,29.313874914165964
