id,Expression,theta,size,MSE_train,MSE_val,MSE_test,R2_train,R2_val,R2_test,nll_train,nll_val,nll_test,mdl_train,mdl_val,mdl_test
0,(x3 * (x3 + ((4.530425721457715 * x2) + (((x21 * 25.51448597555917) + (x10 * 5.289132410895564)) + -3.651872344775432)))),4.530425721457715;25.51448597555917;5.289132410895564;-3.651872344775432,17,3.1246366138554048e-2,3.1246366138554048e-2,3.945077982145741e-2,0.8750145354457838,0.8750145354457838,-1.052229566312136,3.1246366138554048e-2,3.1246366138554048e-2,3.945077982145741e-2,33.11171890007888,33.11171890007888,33.11992331376178
