id,Expression,theta,size,MSE_train,MSE_val,MSE_test,R2_train,R2_val,R2_test,nll_train,nll_val,nll_test,mdl_train,mdl_val,mdl_test
0,((((x15 + x19) * 0.6965304688948655) + -0.632656968196465) + (((x15 + 4.051905004199184) * (x21 + x3)) * (Abs(x8) ^ 0.11395711904139716))),0.6965304688948655;-0.632656968196465;4.051905004199184;0.11395711904139716,20,3.0662607649640784e-2,3.0662607649640784e-2,4.752862055118187e-2,0.8773495694014368,0.8773495694014368,-1.4724388410723863,3.0662607649640784e-2,3.0662607649640784e-2,4.752862055118187e-2,41.77792957703781,41.77792957703781,41.794795589939355
