id,Expression,theta,size,MSE_train,MSE_val,MSE_test,R2_train,R2_val,R2_test,nll_train,nll_val,nll_test,mdl_train,mdl_val,mdl_test
0,(Abs((Abs(x3) ^ (Abs(((x2 * x5) / x0)) ^ -16.30343063252246))) ^ (Abs(Recip(((x1 / x24) + (x5 + x20)))) ^ x15)),-16.30343063252246,24,2.081507808799377e-7,2.081507808799377e-7,3.8984870019721576e-2,0.9999991673968764,0.9999991673968764,-1.027992938425839,2.081507808799377e-7,2.081507808799377e-7,3.8984870019721576e-2,52.78114680045595,52.78114680045595,52.820131462324895
