id,Expression,theta,size,MSE_train,MSE_val,MSE_test,R2_train,R2_val,R2_test,nll_train,nll_val,nll_test,mdl_train,mdl_val,mdl_test
0,(Abs((Abs(x4) ^ (Abs(((x3 * Recip(x19)) / x14)) ^ 32.053834952052796))) ^ (Abs(x14) ^ -30.694518441161158)),32.053834952052796;-30.694518441161158,18,2.8473127421108462e-11,2.8473127421108462e-11,Infinity,0.9999999998861074,0.9999999998861074,-Infinity,2.8473127421108462e-11,2.8473127421108462e-11,Infinity,30.761144082735544,30.761144082735544,Infinity
