id,Expression,theta,size,MSE_train,MSE_val,MSE_test,R2_train,R2_val,R2_test,nll_train,nll_val,nll_test,mdl_train,mdl_val,mdl_test
0,(x24 * (((Abs(-0.21421325858058415) ^ x20) + (x10 * -0.6443937457573131)) * (x11 * (x6 * 218.9059865405908)))),-0.21421325858058415;-0.6443937457573131;218.9059865405908,16,5.0583600788058646e-2,5.0583600788058646e-2,9.659575322023103e-2,0.7976655968477654,0.7976655968477654,-4.024911082516226,5.0583600788058646e-2,5.0583600788058646e-2,9.659575322023103e-2,33.00895226083135,33.00895226083135,33.05496441326352
