id,Expression,theta,size,MSE_train,MSE_val,MSE_test,R2_train,R2_val,R2_test,nll_train,nll_val,nll_test,mdl_train,mdl_val,mdl_test
0,(Abs(x6) ^ (((Abs((Abs(((x24 - x19) - (x6 * (x6 * 195.07737911331944)))) ^ x12)) ^ -35.40405240031257) - x21) + x25)),195.07737911331944;-35.40405240031257,22,8.592110057070271e-2,8.592110057070271e-2,0.2134150642639339,0.6563155977171892,0.6563155977171892,-10.101851643009416,8.592110057070271e-2,8.592110057070271e-2,0.2134150642639339,45.64593128373974,45.64593128373974,45.773425247432975
