id,Expression,theta,size,MSE_train,MSE_val,MSE_test,R2_train,R2_val,R2_test,nll_train,nll_val,nll_test,mdl_train,mdl_val,mdl_test
0,((x11 + (-1.821325337316518 + (x11 * ((1.7334248065090188 / x21) + (x11 * ((-2.5953664348658405 / x21) + -0.3386789291414118)))))) * x11),-1.821325337316518;1.7334248065090188;-2.5953664348658405;-0.3386789291414118,19,4.562363121380224e-2,4.562363121380224e-2,255.03439841494392,0.817505475144791,0.817505475144791,-13265.889405544876,4.562363121380224e-2,4.562363121380224e-2,255.03439841494392,34.08905354654684,34.08905354654684,289.077828330277
