id,Expression,theta,size,MSE_train,MSE_val,MSE_test,R2_train,R2_val,R2_test,nll_train,nll_val,nll_test,mdl_train,mdl_val,mdl_test
0,((((-3.3789943174929085 - (x21 * -28.931665064569973)) - ((x0 + x24) - (42.03055947171568 * x6))) * x24) - x2),-3.3789943174929085;-28.931665064569973;42.03055947171568,17,4.033363280854451e-2,4.033363280854451e-2,9.108587708052822e-2,0.8386654687658219,0.8386654687658219,-3.738287325728897,4.033363280854451e-2,4.033363280854451e-2,9.108587708052822e-2,37.39315144752428,37.39315144752428,37.443903691796265
