id,Expression,theta,size,MSE_train,MSE_val,MSE_test,R2_train,R2_val,R2_test,nll_train,nll_val,nll_test,mdl_train,mdl_val,mdl_test
0,(((((23.009600951488228 + (-17.779227998235427 * x28)) * x28) + -5.105572527320926) * (x10 * x28)) + x24),23.009600951488228;-17.779227998235427;-5.105572527320926,15,3.19025136899286e-2,3.19025136899286e-2,27.445157192949925,0.8723899452402856,0.8723899452402856,-1426.6970771772005,3.19025136899286e-2,3.19025136899286e-2,27.445157192949925,26.908294552110753,26.908294552110753,54.32154923137075
