id,Expression,theta,size,MSE_train,MSE_val,MSE_test,R2_train,R2_val,R2_test,nll_train,nll_val,nll_test,mdl_train,mdl_val,mdl_test
0,(Abs(-0.962151798312727) ^ (Abs(9.623354187903652e-3) ^ (-1.8476201644127421 * (Abs(x24) ^ (Abs((-1.1004356690205994 / x6)) ^ (((x3 / x30) * x16) * -2.3979865852111137)))))),-0.962151798312727;9.623354187903652e-3;-1.8476201644127421;-1.1004356690205994;-2.3979865852111137,23,9.429002371648924e-2,9.429002371648924e-2,0.10902731689005907,0.622839905134043,0.622839905134043,-4.6716010246206565,9.429002371648924e-2,9.429002371648924e-2,0.10902731689005907,41.84155699310466,41.84155699310466,41.85629428627823
