id,Expression,theta,size,MSE_train,MSE_val,MSE_test,R2_train,R2_val,R2_test,nll_train,nll_val,nll_test,mdl_train,mdl_val,mdl_test
0,(Abs((Abs((Abs((Abs((Abs(x6) ^ (Abs((x5 * x4)) ^ x19))) ^ x7)) ^ 79.75541424110298)) ^ x7)) ^ ((Abs(x19) ^ -1.3684096101690888) * x30)),79.75541424110298;-1.3684096101690888,26,7.898436329074157e-2,7.898436329074157e-2,0.1050256360235773,0.6840625468370337,0.6840625468370337,-4.463433585946283,7.898436329074157e-2,7.898436329074157e-2,0.1050256360235773,41.826251332678915,41.826251332678915,41.85229260541175
