id,Expression,theta,size,MSE_train,MSE_val,MSE_test,R2_train,R2_val,R2_test,nll_train,nll_val,nll_test,mdl_train,mdl_val,mdl_test
0,(Abs(x21) ^ (Abs(((Abs(x18) ^ 1.0842596969838776) / (x23 + ((-1.2355087310377837 + x1) * x23)))) ^ (Abs(x27) ^ -1.030135679862578))),1.0842596969838776;-1.2355087310377837;-1.030135679862578,21,1.9836770165343056e-6,1.9836770165343056e-6,2.69644760432116e-2,0.9999920652919339,0.9999920652919339,-0.40269204376781387,1.9836770165343056e-6,1.9836770165343056e-6,2.69644760432116e-2,39.143948564575794,39.143948564575794,39.17091105694199
