id,Expression,theta,size,MSE_train,MSE_val,MSE_test,R2_train,R2_val,R2_test,nll_train,nll_val,nll_test,mdl_train,mdl_val,mdl_test
0,((((Abs(x0) ^ x16) * ((x10 / x4) * -0.23375445588089797)) + (-0.24037697769951835 - (-5.4444368715048846e-2 / x15))) + 7.31522076350103e-2),-0.23375445588089797;-0.24037697769951835;-5.4444368715048846e-2;7.31522076350103e-2,18,7.955173516574296e-2,7.955173516574296e-2,0.22435906065197442,0.6817930593370282,0.6817930593370282,-10.671158335115264,7.955173516574296e-2,7.955173516574296e-2,0.22435906065197442,40.84377137273805,40.84377137273805,40.98857869822428
