id,Expression,theta,size,MSE_train,MSE_val,MSE_test,R2_train,R2_val,R2_test,nll_train,nll_val,nll_test,mdl_train,mdl_val,mdl_test
0,(Abs((((Abs((x22 * x27)) ^ (x19 / x30)) / x8) * ((0.833734002212855 * x5) * (0.9279456495274233 * x29)))) ^ x29),0.833734002212855;0.9279456495274233,21,8.047881272928212e-2,8.047881272928212e-2,0.10672271991720057,0.6780847490828715,0.6780847490828715,-4.551715890092561,8.047881272928212e-2,8.047881272928212e-2,0.10672271991720057,45.64048899589832,45.64048899589832,45.66673290308624
