id,Expression,theta,size,MSE_train,MSE_val,MSE_test,R2_train,R2_val,R2_test,nll_train,nll_val,nll_test,mdl_train,mdl_val,mdl_test
0,(Abs(x18) ^ (Abs((5.122420990004169 - (x27 * 39.35499533186589))) ^ (Abs((Abs(Recip(x12)) ^ 7.209514847341368)) ^ x15))),5.122420990004169;39.35499533186589;7.209514847341368,18,3.518746894240578e-2,3.518746894240578e-2,0.16521057857735957,0.8592501242303769,0.8592501242303769,-7.594254297593917,3.518746894240578e-2,3.518746894240578e-2,0.16521057857735957,30.79633155164948,30.79633155164948,30.92635466128443
