id,Expression,theta,size,MSE_train,MSE_val,MSE_test,R2_train,R2_val,R2_test,nll_train,nll_val,nll_test,mdl_train,mdl_val,mdl_test
0,(Abs((Abs(((Abs(x30) ^ x11) - x17)) ^ (x24 * x14))) ^ ((3050.29054067786 * x17) + ((369.8102928607448 * x21) - x28))),3050.29054067786;369.8102928607448,22,1.6718482313209392e-2,1.6718482313209392e-2,4.2280477751414686e86,0.9331260707471625,0.9331260707471625,-2.199430452628508e88,1.6718482313209392e-2,1.6718482313209392e-2,4.2280477751414686e86,47.22994482828521,47.22994482828521,4.2280477751414686e86
