id,Expression,theta,size,MSE_train,MSE_val,MSE_test,R2_train,R2_val,R2_test,nll_train,nll_val,nll_test,mdl_train,mdl_val,mdl_test
0,(Abs(x5) ^ (Abs(x17) ^ (Abs(1.9098851135716122e-3) ^ (Abs((x5 + x2)) ^ (x17 / (Abs(((x17 - x25) / x3)) ^ -5.2920903551739595)))))),1.9098851135716122e-3;-5.2920903551739595,24,7.887486353635369e-2,7.887486353635369e-2,9.613037866464855e-2,0.6845005458545852,0.6845005458545852,-4.000702298134827,7.887486353635369e-2,7.887486353635369e-2,9.613037866464855e-2,43.82799163042323,43.82799163042323,43.84524714555152
