id,Expression,theta,size,MSE_train,MSE_val,MSE_test,R2_train,R2_val,R2_test,nll_train,nll_val,nll_test,mdl_train,mdl_val,mdl_test
0,((((31.37093488666177 - ((x15 * -247.76313049190807) + (426.09609221755 * x21))) + x8) * x15) * x25),31.37093488666177;-247.76313049190807;426.09609221755,15,4.9598411100162026e-2,4.9598411100162026e-2,0.10874567998420519,0.8016063555993519,0.8016063555993519,-4.656950272778137,4.9598411100162026e-2,4.9598411100162026e-2,0.10874567998420519,31.2412215362977,31.2412215362977,31.300368805181744
