id,Expression,theta,size,MSE_train,MSE_val,MSE_test,R2_train,R2_val,R2_test,nll_train,nll_val,nll_test,mdl_train,mdl_val,mdl_test
0,(Abs((Abs((Abs(x15) ^ x25)) ^ x25)) ^ (((x15 * (Abs((Abs(-75.88564429483696) ^ x9)) ^ 22.637830369136925)) + x21) + x21)),-75.88564429483696;22.637830369136925,22,2.9768659854402576e-2,2.9768659854402576e-2,3.919181622006147e-2,0.8809253605823897,0.8809253605823897,-1.0387582797675199,2.9768659854402576e-2,2.9768659854402576e-2,3.919181622006147e-2,35.38027486841161,35.38027486841161,35.38969802477727
