id,Expression,theta,size,MSE_train,MSE_val,MSE_test,R2_train,R2_val,R2_test,nll_train,nll_val,nll_test,mdl_train,mdl_val,mdl_test
0,(Abs(x11) ^ (((x3 * x14) * (Abs(x3) ^ x11)) * (Abs(((-8.365061831664002 * (Abs(x2) ^ x29)) + 1.8821099826069931)) ^ 5.285106213612053))),-8.365061831664002;1.8821099826069931;5.285106213612053,23,2.0121820662396966e-2,2.0121820662396966e-2,8.951656598056447e11,0.9195127173504122,0.9195127173504122,-4.656651762308686e13,2.0121820662396966e-2,2.0121820662396966e-2,8.951656598056447e11,41.76738879005057,41.76738879005057,8.95165659847392e11
