id,Expression,theta,size,MSE_train,MSE_val,MSE_test,R2_train,R2_val,R2_test,nll_train,nll_val,nll_test,mdl_train,mdl_val,mdl_test
0,(Abs(-0.9906937554879642) ^ (Abs(((Abs(((x25 + (-0.4110987756840065 * x2)) - (x29 * x2))) ^ (x25 / x24)) * -1.225182437092529)) ^ -2.9752639819754814)),-0.9906937554879642;-0.4110987756840065;-1.225182437092529;-2.9752639819754814,22,2.392195672134984e-3,2.392195672134984e-3,3.2172658690857656e-2,0.9904312173114601,0.9904312173114601,-0.6736217050983513,2.392195672134984e-3,2.392195672134984e-3,3.2172658690857656e-2,43.75150896255901,43.75150896255901,43.78128942557773
