id,Expression,theta,size,MSE_train,MSE_val,MSE_test,R2_train,R2_val,R2_test,nll_train,nll_val,nll_test,mdl_train,mdl_val,mdl_test
0,(Abs(x14) ^ ((Abs((Abs(x7) ^ ((x4 * x22) / (x3 * (Abs(x8) ^ x16))))) ^ 2.28799096161574) * 93.88925021341396)),2.28799096161574;93.88925021341396,21,4.619711583962415e-2,4.619711583962415e-2,2.09821287586821e11,0.8152115366415034,0.8152115366415034,-1.0914903380265014e13,4.619711583962415e-2,4.619711583962415e-2,2.09821287586821e11,40.81041675341193,40.81041675341193,2.0982128762758524e11
