id,Expression,theta,size,MSE_train,MSE_val,MSE_test,R2_train,R2_val,R2_test,nll_train,nll_val,nll_test,mdl_train,mdl_val,mdl_test
0,(((x11 * x28) * 8.83823364604694) + (x11 * (((((x11 * x28) * x28) * x28) * -10.45829003651642) + -2.015780315437808))),8.83823364604694;-10.45829003651642;-2.015780315437808,19,2.4331403916496023e-2,2.4331403916496023e-2,0.5914897068043987,0.9026743843340159,0.9026743843340159,-29.769294547963646,2.4331403916496023e-2,2.4331403916496023e-2,0.5914897068043987,30.603651740164402,30.603651740164402,31.170810043052306
