id,Expression,theta,size,MSE_train,MSE_val,MSE_test,R2_train,R2_val,R2_test,nll_train,nll_val,nll_test,mdl_train,mdl_val,mdl_test
0,((-1.423672704666132 + ((((Abs(0.34210862086451954) ^ x16) * x17) * 525.7185068058094) * x18)) * x3),-1.423672704666132;0.34210862086451954;525.7185068058094,14,5.973210633799542e-2,5.973210633799542e-2,0.1498485685725643,0.7610715746480183,0.7610715746480183,-6.795122537144497,5.973210633799542e-2,5.973210633799542e-2,0.1498485685725643,27.09247214817586,27.09247214817586,27.18258861041043
