id,Expression,theta,size,MSE_train,MSE_val,MSE_test,R2_train,R2_val,R2_test,nll_train,nll_val,nll_test,mdl_train,mdl_val,mdl_test
0,(Abs((Abs(((Abs(x2) ^ (-3.694534930348561 / x16)) * (((x4 * x4) / x18) - (x2 * 0.44719211120097535)))) ^ x4)) ^ -0.4368531966003514),-3.694534930348561;0.44719211120097535;-0.4368531966003514,22,8.97392500311473e-2,8.97392500311473e-2,0.12820061130571253,0.6410429998754108,0.6410429998754108,-5.668995800122911,8.97392500311473e-2,8.97392500311473e-2,0.12820061130571253,41.837006219419315,41.837006219419315,41.875467580693886
