id,Expression,theta,size,MSE_train,MSE_val,MSE_test,R2_train,R2_val,R2_test,nll_train,nll_val,nll_test,mdl_train,mdl_val,mdl_test
0,(Abs((Abs((Abs(x1) ^ 4.270047962471631e-2)) ^ x18)) ^ (Abs((Abs(-18.316022021149656) ^ x6)) ^ ((Abs((Abs(x18) ^ x18)) ^ -21.248230224558203) + (x29 - x3)))),4.270047962471631e-2;-18.316022021149656;-21.248230224558203,26,3.6976800194500364e-2,3.6976800194500364e-2,Infinity,0.8520927992219985,0.8520927992219985,-Infinity,3.6976800194500364e-2,3.6976800194500364e-2,Infinity,41.78424376958267,41.78424376958267,Infinity
