id,Expression,theta,size,MSE_train,MSE_val,MSE_test,R2_train,R2_val,R2_test,nll_train,nll_val,nll_test,mdl_train,mdl_val,mdl_test
0,(((x28 * x12) + -0.5691159676626485) + ((Abs((x18 * (Abs(x26) ^ ((17.178137237108153 * x28) + x2)))) ^ x29) + 0.43220976527409677)),-0.5691159676626485;17.178137237108153;0.43220976527409677,21,2.9827512889785638e-2,2.9827512889785638e-2,0.39397484759299944,0.8806899484408575,0.8806899484408575,-19.49457157178705,2.9827512889785638e-2,2.9827512889785638e-2,0.39397484759299944,43.77894427977666,43.77894427977666,44.14309161447987
