id,Expression,theta,size,MSE_train,MSE_val,MSE_test,R2_train,R2_val,R2_test,nll_train,nll_val,nll_test,mdl_train,mdl_val,mdl_test
0,(Abs(-1.5005505874612912e-4) ^ (Abs((-3.1936892145678324 / ((Abs(x11) ^ (Abs(x11) ^ x19)) / x19))) ^ ((Abs(x10) ^ -1.1820037089399755) * (1.8759613679146179 / x10)))),-1.5005505874612912e-4;-3.1936892145678324;-1.1820037089399755;1.8759613679146179,24,2.0068079870657535e-2,2.0068079870657535e-2,3.8875642736480746e-2,0.9197276805173699,0.9197276805173699,-1.0223109351516513,2.0068079870657535e-2,2.0068079870657535e-2,3.8875642736480746e-2,36.99236091192161,36.99236091192161,37.01116847478743
