id,Expression,theta,size,MSE_train,MSE_val,MSE_test,R2_train,R2_val,R2_test,nll_train,nll_val,nll_test,mdl_train,mdl_val,mdl_test
0,(Abs(x5) ^ (Abs((Abs(((x0 - x2) + x23)) ^ (x26 + -9.063725635500185e-2))) ^ (Abs((-0.370174536444614 + (x7 / x5))) ^ -2.1762360035802035))),-9.063725635500185e-2;-0.370174536444614;-2.1762360035802035,23,1.971745647685975e-2,1.971745647685975e-2,3.5625624564557395e-2,0.921130174092561,0.921130174092561,-0.8532449898482051,1.971745647685975e-2,1.971745647685975e-2,3.5625624564557395e-2,45.5797276396459,45.5797276396459,45.5956358077336
