id,Expression,theta,size,MSE_train,MSE_val,MSE_test,R2_train,R2_val,R2_test,nll_train,nll_val,nll_test,mdl_train,mdl_val,mdl_test
0,((((6.240157842359086e-2 / ((x0 * x28) + x15)) / x13) * 0.38473643218850884) + (-2.6366534085782656e-2 / x9)),6.240157842359086e-2;0.38473643218850884;-2.6366534085782656e-2,15,0.10108969491876231,0.10108969491876231,0.1348806133661471,0.5956412203249508,0.5956412203249508,-6.016489507306704,0.10108969491876231,0.10108969491876231,0.1348806133661471,33.059458354962054,33.059458354962054,33.09324927340944
