id,Expression,theta,size,MSE_train,MSE_val,MSE_test,R2_train,R2_val,R2_test,nll_train,nll_val,nll_test,mdl_train,mdl_val,mdl_test
0,(Abs(0.13640173754718715) ^ (Abs((Abs((x23 * (Abs((8.009029169554659e-2 - x20)) ^ x15))) ^ 29.830496573074733)) ^ (-0.2435100439680752 + (0.11671227784278364 + (x3 - x26))))),0.13640173754718715;8.009029169554659e-2;29.830496573074733;-0.2435100439680752;0.11671227784278364,23,1.6275440120665536e-4,1.6275440120665536e-4,5.310887694155392e-2,0.9993489823951733,0.9993489823951733,-1.7627237784995295,1.6275440120665536e-4,1.6275440120665536e-4,5.310887694155392e-2,43.74927952128808,43.74927952128808,43.80222564382842
