id,Expression,theta,size,MSE_train,MSE_val,MSE_test,R2_train,R2_val,R2_test,nll_train,nll_val,nll_test,mdl_train,mdl_val,mdl_test
0,((Abs(x17) ^ Recip((Abs((x11 + x11)) ^ (2.7492109410105248 * (Abs(x11) ^ -4.450042627440408))))) - x8),2.7492109410105248;-4.450042627440408,17,8.409528297030489e-2,8.409528297030489e-2,Infinity,0.6636188681187805,0.6636188681187805,-Infinity,8.409528297030489e-2,8.409528297030489e-2,Infinity,30.84523936567738,30.84523936567738,Infinity
