id,Expression,theta,size,MSE_train,MSE_val,MSE_test,R2_train,R2_val,R2_test,nll_train,nll_val,nll_test,mdl_train,mdl_val,mdl_test
0,(((Abs(((Abs((Abs(x17) ^ 7.570048063303596)) ^ x18) + 0.9890324525016889)) ^ -8.64757331227452) - x17) + (x18 * x3)),7.570048063303596;0.9890324525016889;-8.64757331227452,18,7.587761290669487e-2,7.587761290669487e-2,0.1770906907581573,0.6964895483732205,0.6964895483732205,-8.21225773323899,7.587761290669487e-2,7.587761290669487e-2,0.1770906907581573,31.267500738104232,31.267500738104232,31.368713815955694
