id,Expression,theta,size,MSE_train,MSE_val,MSE_test,R2_train,R2_val,R2_test,nll_train,nll_val,nll_test,mdl_train,mdl_val,mdl_test
0,(8.004826623001736e-2 + (((Abs(x4) ^ x18) / x15) * (-0.8991659504034086 + ((-4.189455759379234e-3 / x11) + (Abs(0.3625260747207598) ^ x18))))),8.004826623001736e-2;-0.8991659504034086;-4.189455759379234e-3;0.3625260747207598,19,5.3283254028116026e-2,5.3283254028116026e-2,0.5475848039072972,0.786866983887536,0.786866983887536,-27.485361499256513,5.3283254028116026e-2,5.3283254028116026e-2,0.5475848039072972,37.40610106874385,37.40610106874385,37.90040261862303
