id,Expression,theta,size,MSE_train,MSE_val,MSE_test,R2_train,R2_val,R2_test,nll_train,nll_val,nll_test,mdl_train,mdl_val,mdl_test
0,((Abs(x8) ^ x11) + ((x8 * -2.6946217135748185) * ((Abs(x11) ^ -1.5879384423689065) * (-6.582699266100496e-2 + ((x15 + x8) * x1))))),-2.6946217135748185;-1.5879384423689065;-6.582699266100496e-2,21,0.1371100531440892,0.1371100531440892,9.728326227475922,0.4515597874236432,0.4515597874236432,-505.06753035327813,0.1371100531440892,0.1371100531440892,9.728326227475922,39.646499345060974,39.646499345060974,49.23771551939281
