id,Expression,theta,size,MSE_train,MSE_val,MSE_test,R2_train,R2_val,R2_test,nll_train,nll_val,nll_test,mdl_train,mdl_val,mdl_test
0,(((x0 * (Abs(26.193929257637283) ^ (Abs(-5.207375848300744e-2) ^ x2))) * Recip((x6 / x25))) * x27),26.193929257637283;-5.207375848300744e-2,16,8.04099738901491e-2,8.04099738901491e-2,0.13036517548182855,0.6783601044394036,0.6783601044394036,-5.781596428564462,8.04099738901491e-2,8.04099738901491e-2,0.13036517548182855,32.31660127580679,32.31660127580679,32.36655647739847
