id,Expression,theta,size,MSE_train,MSE_val,MSE_test,R2_train,R2_val,R2_test,nll_train,nll_val,nll_test,mdl_train,mdl_val,mdl_test
0,(Abs((6.0087931543964405e-2 - x3)) ^ (Abs((x18 / x15)) ^ ((x0 * x11) * (-173.3497243462617 + x4)))),6.0087931543964405e-2;-173.3497243462617,17,4.510550063890203e-2,4.510550063890203e-2,6.904704902069009e-2,0.8195779974443919,0.8195779974443919,-2.591827490056161,4.510550063890203e-2,4.510550063890203e-2,6.904704902069009e-2,37.31870524745891,37.31870524745891,37.34264679584069
