id,Expression,theta,size,MSE_train,MSE_val,MSE_test,R2_train,R2_val,R2_test,nll_train,nll_val,nll_test,mdl_train,mdl_val,mdl_test
0,(Abs((x1 * x30)) ^ (x0 * ((Abs((x30 * x9)) ^ (x0 * ((Abs(x5) ^ x17) + -6.690271721127352))) + -4.128232731651642))),-6.690271721127352;-4.128232731651642,22,5.832257497939468e-2,5.832257497939468e-2,7.556186425805742e-2,0.7667097000824212,0.7667097000824212,-2.930728178703997,5.832257497939468e-2,5.832257497939468e-2,7.556186425805742e-2,43.807439341866264,43.807439341866264,43.82467863114493
