id,Expression,theta,size,MSE_train,MSE_val,MSE_test,R2_train,R2_val,R2_test,nll_train,nll_val,nll_test,mdl_train,mdl_val,mdl_test
0,(Abs(((x2 * x26) * -2.1731638189354864e-5)) ^ (Abs((Abs((Abs(x1) ^ x8)) ^ (Abs(x3) ^ x22))) ^ (Abs(7.765891419368421e-3) ^ (x23 / x26)))),-2.1731638189354864e-5;7.765891419368421e-3,25,5.284274767187721e-6,5.284274767187721e-6,4.934869848761368e-2,0.9999788629009313,0.9999788629009313,-1.5671192953255657,5.284274767187721e-6,5.284274767187721e-6,4.934869848761368e-2,45.56001546744381,45.56001546744381,45.609358881656654
