id,Expression,theta,size,MSE_train,MSE_val,MSE_test,R2_train,R2_val,R2_test,nll_train,nll_val,nll_test,mdl_train,mdl_val,mdl_test
0,(((-5.731626515875259 + ((((x18 + 25.278494416351897) + 25.047244670637287) * x6) + x24)) + ((x24 * 26.641679567210627) + x21)) * x30),-5.731626515875259;25.278494416351897;25.047244670637287;26.641679567210627,19,2.113277328927131e-2,2.113277328927131e-2,4.8732832300658016e-2,0.9154689068429147,0.9154689068429147,-1.5350819362801333,2.113277328927131e-2,2.113277328927131e-2,4.8732832300658016e-2,39.530522065206156,39.530522065206156,39.55812212421754
