id,Expression,theta,size,MSE_train,MSE_val,MSE_test,R2_train,R2_val,R2_test,nll_train,nll_val,nll_test,mdl_train,mdl_val,mdl_test
0,((-0.8491500279235263 / x16) * ((x24 * -1.1266147348702586) + (0.2653639593725338 * (Abs(((x18 - x6) * (x29 * x6))) ^ x1)))),-0.8491500279235263;-1.1266147348702586;0.2653639593725338,20,6.851648021373101e-2,6.851648021373101e-2,8.755789192281795e-2,0.7259340791450759,0.7259340791450759,-3.554761537824815,6.851648021373101e-2,6.851648021373101e-2,8.755789192281795e-2,47.281742826185734,47.281742826185734,47.300784237894824
