id,Expression,theta,size,MSE_train,MSE_val,MSE_test,R2_train,R2_val,R2_test,nll_train,nll_val,nll_test,mdl_train,mdl_val,mdl_test
0,(Abs(x5) ^ (Abs(x12) ^ (((((x3 * x25) - ((x5 * x27) * -283.82055397718653)) * x11) + x15) + -1.8578795739348726))),-283.82055397718653;-1.8578795739348726,21,3.649368888402484e-2,3.649368888402484e-2,4.666670466774781e-2,0.8540252444639006,0.8540252444639006,-1.4276019768161485,3.649368888402484e-2,3.649368888402484e-2,4.666670466774781e-2,47.249720034856026,47.249720034856026,47.259893050639754
