id,Expression,theta,size,MSE_train,MSE_val,MSE_test,R2_train,R2_val,R2_test,nll_train,nll_val,nll_test,mdl_train,mdl_val,mdl_test
0,(((x4 * x27) * (16.754740394330128 + (((x27 + ((x10 + -27.463729387562967) * x5)) + 15.744402976953992) * x10))) + -0.16444592964096746),16.754740394330128;-27.463729387562967;15.744402976953992;-0.16444592964096746,19,6.790141384651809e-2,6.790141384651809e-2,0.240175434980276,0.7283943446139276,0.7283943446139276,-11.49392612767348,6.790141384651809e-2,6.790141384651809e-2,0.240175434980276,37.040194245897474,37.040194245897474,37.21246826703123
