id,Expression,theta,size,MSE_train,MSE_val,MSE_test,R2_train,R2_val,R2_test,nll_train,nll_val,nll_test,mdl_train,mdl_val,mdl_test
0,(Abs(((x15 + (Abs(x6) ^ (x19 + x15))) * x30)) ^ (Abs((8.760974358571727e-2 / x15)) ^ (Abs(x29) ^ (x11 * -2.8214743754040397)))),8.760974358571727e-2;-2.8214743754040397,23,6.744734747493357e-2,6.744734747493357e-2,0.15869397205361277,0.7302106101002657,0.7302106101002657,-7.255260426228622,6.744734747493357e-2,6.744734747493357e-2,0.15869397205361277,45.62745753064397,45.62745753064397,45.71870415522265
