id,Expression,theta,size,MSE_train,MSE_val,MSE_test,R2_train,R2_val,R2_test,nll_train,nll_val,nll_test,mdl_train,mdl_val,mdl_test
0,((Abs(((Abs((x26 * x22)) ^ (17.615109053532546 * (x21 - Recip((23.08858704044181 / x13))))) * -1.2318631582693081e-2)) ^ x13) / x13),17.615109053532546;23.08858704044181;-1.2318631582693081e-2,20,3.8678967290544326e-2,3.8678967290544326e-2,1.8144965885243416e-2,0.8452841308378227,0.8452841308378227,5.609887464967356e-2,3.8678967290544326e-2,3.8678967290544326e-2,1.8144965885243416e-2,41.48521064118337,41.48521064118337,41.46467663977807
