id,Expression,theta,size,MSE_train,MSE_val,MSE_test,R2_train,R2_val,R2_test,nll_train,nll_val,nll_test,mdl_train,mdl_val,mdl_test
0,(Abs((-1.8933134053021803 * (Recip((x13 / (x1 + -0.3452902241850267))) * (x8 * 1.916352325295948)))) ^ ((x14 * x16) / x25)),-1.8933134053021803;-0.3452902241850267;1.916352325295948,19,9.95382356760278e-2,9.95382356760278e-2,3.3501162853262225,0.6018470572958887,0.6018470572958887,-173.27304916266345,9.95382356760278e-2,9.95382356760278e-2,3.3501162853262225,44.82785793186004,44.82785793186004,48.07843598151023
