id,Expression,theta,size,MSE_train,MSE_val,MSE_test,R2_train,R2_val,R2_test,nll_train,nll_val,nll_test,mdl_train,mdl_val,mdl_test
0,(Abs(0.8754975965698271) ^ ((Abs(((Abs((Abs(x24) ^ x30)) ^ x26) * (Abs(-0.7639669953258607) ^ x17))) ^ (-102.32697101746669 + x26)) + x26)),0.8754975965698271;-0.7639669953258607;-102.32697101746669,22,7.169865940934535e-2,7.169865940934535e-2,0.10647449529945474,0.7132053623626187,0.7132053623626187,-4.538803245477424,7.169865940934535e-2,7.169865940934535e-2,0.10647449529945474,35.42220486796655,35.42220486796655,35.45698070385666
