id,Expression,theta,size,MSE_train,MSE_val,MSE_test,R2_train,R2_val,R2_test,nll_train,nll_val,nll_test,mdl_train,mdl_val,mdl_test
0,(((Recip((Abs((-0.1739954637913078 / x15)) ^ x0)) + (Abs((Abs(x22) ^ x26)) ^ -8.396174721381042e-2)) * -9.245292658678503) + 18.203345282393276),-0.1739954637913078;-8.396174721381042e-2;-9.245292658678503;18.203345282393276,19,5.380463138992126e-2,5.380463138992126e-2,0.11028456260734905,0.784781474440315,0.784781474440315,-4.737002946834078,5.380463138992126e-2,5.380463138992126e-2,0.11028456260734905,36.89516611929466,36.89516611929466,36.95164605051208
