id,Expression,theta,size,MSE_train,MSE_val,MSE_test,R2_train,R2_val,R2_test,nll_train,nll_val,nll_test,mdl_train,mdl_val,mdl_test
0,((Abs(-0.8794471217998452) ^ (Abs(((Abs((x6 / x25)) ^ (x26 * -427.11563617960684)) - x25)) ^ (x6 / x24))) + (x26 * x6)),-0.8794471217998452;-427.11563617960684,22,3.429834279009178e-2,3.429834279009178e-2,0.13313280908090264,0.8628066288396329,0.8628066288396329,-5.925568728388291,3.429834279009178e-2,3.429834279009178e-2,0.13313280908090264,43.783415109676966,43.783415109676966,43.882249575967776
