id,Expression,theta,size,MSE_train,MSE_val,MSE_test,R2_train,R2_val,R2_test,nll_train,nll_val,nll_test,mdl_train,mdl_val,mdl_test
0,(Abs((x29 * x23)) ^ (Abs((((x15 * x2) / x25) + (Abs(x2) ^ 0.3165662281849151))) ^ -174.57063175963253)),0.3165662281849151;-174.57063175963253,18,3.281324887988252e-16,3.281324887988252e-16,2.4196144644103846e-2,0.9999999999999987,0.9999999999999987,-0.25868344438623403,3.281324887988252e-16,3.281324887988252e-16,2.4196144644103846e-2,34.53877639491069,34.53877639491069,34.56297253955479
