id,Expression,theta,size,MSE_train,MSE_val,MSE_test,R2_train,R2_val,R2_test,nll_train,nll_val,nll_test,mdl_train,mdl_val,mdl_test
0,(Abs(x26) ^ (Abs((Abs(((Abs((Abs(x25) ^ (Abs(x28) ^ 2.2152854927937677))) ^ 15.994780526328428) * 1.7051495472114493)) ^ x26)) ^ -27.58741629983838)),2.2152854927937677;15.994780526328428;1.7051495472114493;-27.58741629983838,21,1.911175163867701e-2,1.911175163867701e-2,6.660941130647997e-2,0.923552993445292,0.923552993445292,-2.465021576162956,1.911175163867701e-2,1.911175163867701e-2,6.660941130647997e-2,26.8955037900595,26.8955037900595,26.943001449727305
