id,Expression,theta,size,MSE_train,MSE_val,MSE_test,R2_train,R2_val,R2_test,nll_train,nll_val,nll_test,mdl_train,mdl_val,mdl_test
0,((((1.3647460976441579 - x1) + ((((x18 * 233.28142902553094) + x19) + -52.11731689877048) * x18)) + x18) + 1.5179796559546177),1.3647460976441579;233.28142902553094;-52.11731689877048;1.5179796559546177,17,3.273986694219584e-2,3.273986694219584e-2,0.11761086821143484,0.8690405322312167,0.8690405322312167,-5.118117364358606,3.273986694219584e-2,3.273986694219584e-2,0.11761086821143484,33.11321240088252,33.11321240088252,33.19808340215176
