id,Expression,theta,size,MSE_train,MSE_val,MSE_test,R2_train,R2_val,R2_test,nll_train,nll_val,nll_test,mdl_train,mdl_val,mdl_test
0,(-7.890922081381449e-2 + (x24 + (Abs(x22) ^ (Abs((x30 + x0)) ^ (-5.455193942897762 + ((x0 * 50.64793243288313) - x0)))))),-7.890922081381449e-2;-5.455193942897762;50.64793243288313,19,2.3496727695118107e-2,2.3496727695118107e-2,5.728529319869892,0.9060130892195276,0.9060130892195276,-296.99809521962044,2.3496727695118107e-2,2.3496727695118107e-2,5.728529319869892,37.37631454241085,37.37631454241085,43.08134713458563
