id,Expression,theta,size,MSE_train,MSE_val,MSE_test,R2_train,R2_val,R2_test,nll_train,nll_val,nll_test,mdl_train,mdl_val,mdl_test
0,(-3.0823750510042203 * (0.19641079511867446 - (((Abs(x15) ^ x19) * (x18 * (1.7582612626091498 + (x10 * 2.297179385985183)))) + x6))),-3.0823750510042203;0.19641079511867446;1.7582612626091498;2.297179385985183,18,4.8202110084741075e-2,4.8202110084741075e-2,7.320644135564618e-2,0.8071915596610357,0.8071915596610357,-2.8081990793205684,4.8202110084741075e-2,4.8202110084741075e-2,7.320644135564618e-2,39.192148690983515,39.192148690983515,39.21715302225442
