id,Expression,theta,size,MSE_train,MSE_val,MSE_test,R2_train,R2_val,R2_test,nll_train,nll_val,nll_test,mdl_train,mdl_val,mdl_test
0,((x9 * (Recip(x4) + (Abs(((x30 + (x5 * x9)) * -6.872469197170392)) ^ 9.912546609667999))) + -0.4162982019397847),-6.872469197170392;9.912546609667999;-0.4162982019397847,17,6.606993814032448e-2,6.606993814032448e-2,15.24163025272573,0.7357202474387021,0.7357202474387021,-791.8696057467622,6.606993814032448e-2,6.606993814032448e-2,15.24163025272573,35.221663175519836,35.221663175519836,50.39722349010525
