id,Expression,theta,size,MSE_train,MSE_val,MSE_test,R2_train,R2_val,R2_test,nll_train,nll_val,nll_test,mdl_train,mdl_val,mdl_test
0,(((9.598617173205644 * (Abs((Abs(x7) ^ ((x16 + x6) * x0))) ^ (Abs(x29) ^ -2.1510856253685815))) + 0.2504319947336254) * x3),9.598617173205644;-2.1510856253685815;0.2504319947336254,20,4.547140097402735e-2,4.547140097402735e-2,6.642195819104786e-2,0.8181143961038906,0.8181143961038906,-2.4552702650981773,4.547140097402735e-2,4.547140097402735e-2,6.642195819104786e-2,39.18941798187281,39.18941798187281,39.21036853908983
