id,Expression,theta,size,MSE_train,MSE_val,MSE_test,R2_train,R2_val,R2_test,nll_train,nll_val,nll_test,mdl_train,mdl_val,mdl_test
0,(Abs(Recip(((8.726346403946424e-3 + x7) + ((x27 + x8) + (Abs(x16) ^ x7))))) ^ (x27 + 23.597405595782735)),8.726346403946424e-3;23.597405595782735,18,7.25398930544573e-2,7.25398930544573e-2,9.688147767316674e-2,0.7098404277821708,0.7098404277821708,-4.039774468557941,7.25398930544573e-2,7.25398930544573e-2,9.688147767316674e-2,33.343604559931826,33.343604559931826,33.36794614455054
