id,Expression,theta,size,MSE_train,MSE_val,MSE_test,R2_train,R2_val,R2_test,nll_train,nll_val,nll_test,mdl_train,mdl_val,mdl_test
0,(Abs(x9) ^ (Abs(((5.463136730603752 * (x23 / x11)) * (x23 / (x9 * -2.48108451350448)))) ^ (-60.92084361112807 + x22))),5.463136730603752;-2.48108451350448;-60.92084361112807,19,2.002466611032849e-2,2.002466611032849e-2,0.16739318324569002,0.919901335558686,0.919901335558686,-7.707793392440463,2.002466611032849e-2,2.002466611032849e-2,0.16739318324569002,37.372842480826066,37.372842480826066,37.52021099796143
