id,Expression,theta,size,MSE_train,MSE_val,MSE_test,R2_train,R2_val,R2_test,nll_train,nll_val,nll_test,mdl_train,mdl_val,mdl_test
0,(Abs(x23) ^ (Abs((17.48768800692043 * (-0.905128852501448 * x15))) ^ (0.28163793239175766 * (Abs((x15 * (Abs(x3) ^ x1))) ^ (-9.430733313499198 * x8))))),17.48768800692043;-0.905128852501448;0.28163793239175766;-9.430733313499198,23,2.5495500983130928e-2,2.5495500983130928e-2,Infinity,0.8980179960674763,0.8980179960674763,-Infinity,2.5495500983130928e-2,2.5495500983130928e-2,Infinity,39.534884792900016,39.534884792900016,Infinity
