id,Expression,theta,size,MSE_train,MSE_val,MSE_test,R2_train,R2_val,R2_test,nll_train,nll_val,nll_test,mdl_train,mdl_val,mdl_test
0,(Abs(x20) ^ (Abs((-14.205149103925987 * x27)) ^ (Abs(((Abs((5.745951533536058 + x11)) ^ x19) / (1.147079875952118 + x11))) ^ -13.807672634440243))),-14.205149103925987;5.745951533536058;1.147079875952118;-13.807672634440243,21,1.2851560200748173e-2,1.2851560200748173e-2,4.88523043097665e-2,0.9485937591970073,0.9485937591970073,-1.5412968701939564,1.2851560200748173e-2,1.2851560200748173e-2,4.88523043097665e-2,37.365669374916486,37.365669374916486,37.4016701190255
