id,Expression,theta,size,MSE_train,MSE_val,MSE_test,R2_train,R2_val,R2_test,nll_train,nll_val,nll_test,mdl_train,mdl_val,mdl_test
0,(Abs((-7.764128835270091e-6 * x22)) ^ (Abs(x0) ^ (((Abs((Abs(0.8849586473522103) ^ x30)) ^ -0.1294469612750231) * x5) + (9.24597872100071 * x5)))),-7.764128835270091e-6;0.8849586473522103;-0.1294469612750231;9.24597872100071,21,3.408251389854531e-2,3.408251389854531e-2,0.10776173602624074,0.8636699444058188,0.8636699444058188,-4.605765508084829,3.408251389854531e-2,3.408251389854531e-2,0.10776173602624074,35.38458872245575,35.38458872245575,35.45826794458345
