id,Expression,theta,size,MSE_train,MSE_val,MSE_test,R2_train,R2_val,R2_test,nll_train,nll_val,nll_test,mdl_train,mdl_val,mdl_test
0,(Abs(-0.992458690136982) ^ (Abs((Abs(x23) ^ Recip((Abs(Recip(x22)) ^ x26)))) ^ (-308.42367987403907 / (Recip((x26 + x15)) / x9)))),-0.992458690136982;-308.42367987403907,22,3.2688040669105266e-2,3.2688040669105266e-2,6.69936951364949e-2,0.8692478373235789,0.8692478373235789,-2.485012021000332,3.2688040669105266e-2,3.2688040669105266e-2,6.69936951364949e-2,41.479219714561935,41.479219714561935,41.513525369029324
