id,Expression,theta,size,MSE_train,MSE_val,MSE_test,R2_train,R2_val,R2_test,nll_train,nll_val,nll_test,mdl_train,mdl_val,mdl_test
0,((41.1123526793046 * (x9 * x30)) + ((x30 + -0.5083520084658848) + ((x3 * (x24 * 10.606095090621121)) / x28))),41.1123526793046;-0.5083520084658848;10.606095090621121,17,4.988456235628903e-2,4.988456235628903e-2,0.14255705923962442,0.8004617505748439,0.8004617505748439,-6.415818221644979,4.988456235628903e-2,4.988456235628903e-2,0.14255705923962442,37.402702377072025,37.402702377072025,37.495374873955356
