id,Expression,theta,size,MSE_train,MSE_val,MSE_test,R2_train,R2_val,R2_test,nll_train,nll_val,nll_test,mdl_train,mdl_val,mdl_test
0,((Abs(-0.9958553639483958) ^ (Abs(((Recip(x17) / x17) * x7)) ^ 5.3717817155041185)) + -4.875585200438974e-2),-0.9958553639483958;5.3717817155041185;-4.875585200438974e-2,14,6.21255477714356e-2,6.21255477714356e-2,0.1317562724909057,0.7514978089142577,0.7514978089142577,-5.853961294976653,6.21255477714356e-2,6.21255477714356e-2,0.1317562724909057,25.015424047929464,25.015424047929464,25.085054772648935
