id,Expression,theta,size,MSE_train,MSE_val,MSE_test,R2_train,R2_val,R2_test,nll_train,nll_val,nll_test,mdl_train,mdl_val,mdl_test
0,(Abs(x26) ^ (Abs((x18 + (Recip((Abs(x4) ^ (x30 * 9.780555265059032))) + -1.3260793141300882))) ^ 19.113977955294615)),9.780555265059032;-1.3260793141300882;19.113977955294615,17,1.0872183391137238e-2,1.0872183391137238e-2,Infinity,0.956511266435451,0.956511266435451,-Infinity,1.0872183391137238e-2,1.0872183391137238e-2,Infinity,30.77201626609821,30.77201626609821,Infinity
