id,Expression,theta,size,MSE_train,MSE_val,MSE_test,R2_train,R2_val,R2_test,nll_train,nll_val,nll_test,mdl_train,mdl_val,mdl_test
0,((x19 + -0.3518429884408796) + ((((x13 * -14.5755489005994) * x21) + ((23.876392247524638 * x27) + x0)) * x14)),-0.3518429884408796;-14.5755489005994;23.876392247524638,17,9.633066427722069e-2,9.633066427722069e-2,0.6342176880193554,0.6146773428911172,0.6146773428911172,-31.992004130765608,9.633066427722069e-2,9.633066427722069e-2,0.6342176880193554,37.44914847899295,37.44914847899295,37.98703550273509
