id,Expression,theta,size,MSE_train,MSE_val,MSE_test,R2_train,R2_val,R2_test,nll_train,nll_val,nll_test,mdl_train,mdl_val,mdl_test
0,((((0.3970897078086655 / ((x21 + x12) + x30)) + -0.3527587613020352) + (4.269915543128669 * x6)) - (x20 + 1.3531333129419085)),0.3970897078086655;-0.3527587613020352;4.269915543128669;1.3531333129419085,17,6.7306480705066e-2,6.7306480705066e-2,0.13193246805598718,0.730774077179736,0.730774077179736,-5.863126988272191,6.7306480705066e-2,6.7306480705066e-2,0.13193246805598718,39.21125306160384,39.21125306160384,39.275879048954764
