id,Expression,theta,size,MSE_train,MSE_val,MSE_test,R2_train,R2_val,R2_test,nll_train,nll_val,nll_test,mdl_train,mdl_val,mdl_test
0,(Abs((0.2217874890101096 - x26)) ^ (Abs((x22 + ((x0 / x15) + x0))) ^ ((6.96125780500552 + x0) + (Abs(x22) ^ x18)))),0.2217874890101096;6.96125780500552,22,6.0761142892718105e-2,6.0761142892718105e-2,0.10571772735001086,0.7569554284291276,0.7569554284291276,-4.499436176747356,6.0761142892718105e-2,6.0761142892718105e-2,0.10571772735001086,43.80987790977959,43.80987790977959,43.85483449423688
