id,Expression,theta,size,MSE_train,MSE_val,MSE_test,R2_train,R2_val,R2_test,nll_train,nll_val,nll_test,mdl_train,mdl_val,mdl_test
0,(Abs(x26) ^ (Abs(((((-10.001627766605877 * x3) * x29) * 3.109346059518149) + x29)) ^ (-10.008004849354911 * (x12 + x28)))),-10.001627766605877;3.109346059518149;-10.008004849354911,19,1.7072057038190376e-2,1.7072057038190376e-2,7.649752106278999e84,0.9317117718472385,0.9317117718472385,-3.979401045686183e86,1.7072057038190376e-2,1.7072057038190376e-2,7.649752106278999e84,37.36988987175393,37.36988987175393,7.649752106278999e84
