id,Expression,theta,size,MSE_train,MSE_val,MSE_test,R2_train,R2_val,R2_test,nll_train,nll_val,nll_test,mdl_train,mdl_val,mdl_test
0,(Abs(((x14 * x11) * 2.1967160852300206e-2)) ^ ((x19 + -9.437952858585268e-2) + (Abs(((x17 * (Abs(x10) ^ x15)) * x16)) ^ x10))),2.1967160852300206e-2;-9.437952858585268e-2,22,8.47729611374417e-2,8.47729611374417e-2,9.043964936677726e-2,0.6609081554502332,0.6609081554502332,-3.704670560059573,8.47729611374417e-2,8.47729611374417e-2,9.043964936677726e-2,45.64478314430648,45.64478314430648,45.65044983253582
