id,Expression,theta,size,MSE_train,MSE_val,MSE_test,R2_train,R2_val,R2_test,nll_train,nll_val,nll_test,mdl_train,mdl_val,mdl_test
0,(Abs((2.1732541509231163e-3 * Recip((Abs((x16 * x21)) ^ x27)))) ^ (Abs(x26) ^ (Abs(x23) ^ (Abs((Abs(x26) ^ x23)) ^ 13.881188903843821)))),2.1732541509231163e-3;13.881188903843821,24,6.51816652120249e-2,6.51816652120249e-2,6.794273874342864e-2,0.7392733391519004,0.7392733391519004,-2.534381269433023,6.51816652120249e-2,6.51816652120249e-2,6.794273874342864e-2,39.61522405726397,39.61522405726397,39.617985130795375
