id,Expression,theta,size,MSE_train,MSE_val,MSE_test,R2_train,R2_val,R2_test,nll_train,nll_val,nll_test,mdl_train,mdl_val,mdl_test
0,(-8.842456665275818e-2 + (Abs(x14) ^ (Abs(((-2.4726609278502534e-2 + x8) + (Abs(((x22 / (x9 + x3)) - x30)) ^ x24))) ^ -42.4898925518082))),-8.842456665275818e-2;-2.4726609278502534e-2;-42.4898925518082,22,0.12610991010202968,0.12610991010202968,Infinity,0.49556035959188127,0.49556035959188127,-Infinity,0.12610991010202968,0.12610991010202968,Infinity,47.339336256074034,47.339336256074034,Infinity
