id,Expression,theta,size,MSE_train,MSE_val,MSE_test,R2_train,R2_val,R2_test,nll_train,nll_val,nll_test,mdl_train,mdl_val,mdl_test
0,((4.54213871758384e-2 + ((((x12 * -5.487547542337088) + (-5.693617150280098 * ((x3 + -0.3454608434084263) - x18))) + -2.052050604306112) * x4)) * -5.762505012309432),4.54213871758384e-2;-5.487547542337088;-5.693617150280098;-0.3454608434084263;-2.052050604306112;-5.762505012309432,19,7.79707881387095e-2,7.79707881387095e-2,0.1408671668524929,0.688116847445162,0.688116847445162,-6.3279100196664,7.79707881387095e-2,7.79707881387095e-2,0.1408671668524929,39.58736008005559,39.58736008005559,39.65025645876938
