id,Expression,theta,size,MSE_train,MSE_val,MSE_test,R2_train,R2_val,R2_test,nll_train,nll_val,nll_test,mdl_train,mdl_val,mdl_test
0,(Abs((x12 * 7.489073762302456)) ^ ((Abs((x17 * x27)) ^ x15) + ((x17 * 52.35663314598676) + (Abs(x17) ^ x28)))),7.489073762302456;52.35663314598676,20,1.9125267293587198e-2,1.9125267293587198e-2,0.14010747911981944,0.9234989308256512,0.9234989308256512,-6.288391063812729,1.9125267293587198e-2,1.9125267293587198e-2,0.14010747911981944,37.371943082009324,37.371943082009324,37.492925293835555
