id,Expression,theta,size,MSE_train,MSE_val,MSE_test,R2_train,R2_val,R2_test,nll_train,nll_val,nll_test,mdl_train,mdl_val,mdl_test
0,((x29 * ((x29 * 30.214997498628968) + x29)) + ((((x29 * -32.92445791371291) + 5.569806484132596) * x28) + -0.8521308792847876)),30.214997498628968;-32.92445791371291;5.569806484132596;-0.8521308792847876,17,4.67306151110962e-2,4.67306151110962e-2,0.1901130606837464,0.8130775395556152,0.8130775395556152,-8.88968141676811,4.67306151110962e-2,4.67306151110962e-2,0.1901130606837464,27.4071751264908,27.4071751264908,27.55055757206345
