id,Expression,theta,size,MSE_train,MSE_val,MSE_test,R2_train,R2_val,R2_test,nll_train,nll_val,nll_test,mdl_train,mdl_val,mdl_test
0,((((-2.8164487615962672 + x25) * (x5 + (x25 + (x30 + x0)))) + 0.40016159179403865) + (Abs((x25 * 0.41587031643442085)) ^ x8)),-2.8164487615962672;0.40016159179403865;0.41587031643442085,20,9.619195964339342e-2,9.619195964339342e-2,0.22965283262600478,0.6152321614264263,0.6152321614264263,-10.946540353204313,9.619195964339342e-2,9.619195964339342e-2,0.22965283262600478,41.84345892903156,41.84345892903156,41.97691980201417
