id,Expression,theta,size,MSE_train,MSE_val,MSE_test,R2_train,R2_val,R2_test,nll_train,nll_val,nll_test,mdl_train,mdl_val,mdl_test
0,(Abs(x20) ^ (Abs(((x4 + x0) * x9)) ^ ((((x9 * 4.965427365442553) + x27) + -0.6601176094709073) * 9.19626882311012))),4.965427365442553;-0.6601176094709073;9.19626882311012,19,1.3894518594191364e-2,1.3894518594191364e-2,9.399943699104303e34,0.9444219256232346,0.9444219256232346,-4.8898507122738713e36,1.3894518594191364e-2,1.3894518594191364e-2,9.399943699104303e34,37.36671233330993,37.36671233330993,9.399943699104303e34
