id,Expression,theta,size,MSE_train,MSE_val,MSE_test,R2_train,R2_val,R2_test,nll_train,nll_val,nll_test,mdl_train,mdl_val,mdl_test
0,(x3 * (((841.6707137430172 * x0) + (x0 + ((((-366.7054796642527 - x2) * x15) - x4) - x18))) * x3)),841.6707137430172;-366.7054796642527,19,0.10847166929696053,0.10847166929696053,0.491297967746623,0.5661133228121579,0.5661133228121579,-24.557320282178352,0.10847166929696053,0.10847166929696053,0.491297967746623,43.85758843618383,43.85758843618383,44.2404147346335
