id,Expression,theta,size,MSE_train,MSE_val,MSE_test,R2_train,R2_val,R2_test,nll_train,nll_val,nll_test,mdl_train,mdl_val,mdl_test
0,(((0.3056300897314923 + x23) * 1.375730761125718) + (x0 + (-0.8233715662851507 + (((x9 * 2.5664893771598396) * (x18 / x21)) * 2.1729788967850605)))),0.3056300897314923;1.375730761125718;-0.8233715662851507;2.5664893771598396;2.1729788967850605,19,3.7441797741263994e-2,3.7441797741263994e-2,0.13154900513884768,0.850232809034944,0.850232809034944,-5.8431792473225945,3.7441797741263994e-2,3.7441797741263994e-2,0.13154900513884768,41.78470876712944,41.78470876712944,41.87881597452702
