id,Expression,theta,size,MSE_train,MSE_val,MSE_test,R2_train,R2_val,R2_test,nll_train,nll_val,nll_test,mdl_train,mdl_val,mdl_test
0,(Abs(x6) ^ (Abs(((Abs((Abs(x23) ^ x22)) ^ -3.1562818223062803) * (Abs(((x6 * -2.6745322182597655) + x13)) ^ (x23 / x21)))) ^ 2.1430948804053584)),-3.1562818223062803;-2.6745322182597655;2.1430948804053584,24,2.491538673508153e-2,2.491538673508153e-2,8.068184236794278e-2,0.9003384530596739,0.9003384530596739,-3.197069439980223,2.491538673508153e-2,2.491538673508153e-2,8.068184236794278e-2,43.77403215362195,43.77403215362195,43.829798609254816
