id,Expression,theta,size,MSE_train,MSE_val,MSE_test,R2_train,R2_val,R2_test,nll_train,nll_val,nll_test,mdl_train,mdl_val,mdl_test
0,(x6 * (x15 * (-117.62525841222352 + (-116.40822675341376 + (-116.6729709338616 + (x6 * ((-41518.371700011216 * x6) + 8314.700848621696))))))),-117.62525841222352;-116.40822675341376;-116.6729709338616;-41518.371700011216;8314.700848621696,17,8.075792584990467e-2,8.075792584990467e-2,0.35534683430645675,0.6769682966003814,0.6769682966003814,-17.485142320621176,8.075792584990467e-2,8.075792584990467e-2,0.35534683430645675,27.44120243722961,27.44120243722961,27.71579134568616
