id,Expression,theta,size,MSE_train,MSE_val,MSE_test,R2_train,R2_val,R2_test,nll_train,nll_val,nll_test,mdl_train,mdl_val,mdl_test
0,(-1.013103065483834e-2 - ((0.30629084351156893 - (6.273891702580331e-2 / (x21 + x15))) / (x13 + x6))),-1.013103065483834e-2;0.30629084351156893;6.273891702580331e-2,13,5.3936557574402064e-2,5.3936557574402064e-2,5.6356813916297405e-2,0.7842537697023917,0.7842537697023917,-1.931681459925679,5.3936557574402064e-2,5.3936557574402064e-2,5.6356813916297405e-2,27.086676599412268,27.086676599412268,27.089096855754164
