id,Expression,theta,size,MSE_train,MSE_val,MSE_test,R2_train,R2_val,R2_test,nll_train,nll_val,nll_test,mdl_train,mdl_val,mdl_test
0,((((x23 * x15) + ((x15 + 15.03015070522871) + (x21 * -64.00525955959036))) * x15) + (x23 + -0.6472783256263769)),15.03015070522871;-64.00525955959036;-0.6472783256263769,17,5.1344775744317304e-2,5.1344775744317304e-2,8.64795874994931e-2,0.7946208970227308,0.7946208970227308,-3.498668141723459,5.1344775744317304e-2,5.1344775744317304e-2,8.64795874994931e-2,30.511255752621253,30.511255752621253,30.546390564376427
