id,Expression,theta,size,MSE_train,MSE_val,MSE_test,R2_train,R2_val,R2_test,nll_train,nll_val,nll_test,mdl_train,mdl_val,mdl_test
0,(Abs(x15) ^ (Abs((((-3.2857852466905353 * x15) * -2.785593586876381) + (x3 + (x16 + x16)))) ^ (25.158678465256774 + (23.88228576687372 + x7)))),-3.2857852466905353;-2.785593586876381;25.158678465256774;23.88228576687372,21,1.1360450206054746e-2,1.1360450206054746e-2,5.678082436352282e-2,0.954558199175781,0.954558199175781,-1.9537384833903442,1.1360450206054746e-2,1.1360450206054746e-2,5.678082436352282e-2,39.52074974212294,39.52074974212294,39.566170116280404
