id,Expression,theta,size,MSE_train,MSE_val,MSE_test,R2_train,R2_val,R2_test,nll_train,nll_val,nll_test,mdl_train,mdl_val,mdl_test
0,(Abs(x2) ^ ((Abs(x19) ^ (((-45.179356595938856 - (x0 * -790.4749063186832)) * (x0 * -52.812524393741974)) - x0)) * x10)),-45.179356595938856;-790.4749063186832;-52.812524393741974,19,1.2005186475238792e-2,1.2005186475238792e-2,Infinity,0.9519792540990448,0.9519792540990448,-Infinity,1.2005186475238792e-2,1.2005186475238792e-2,Infinity,35.36251139503244,35.36251139503244,Infinity
