id,Expression,theta,size,MSE_train,MSE_val,MSE_test,R2_train,R2_val,R2_test,nll_train,nll_val,nll_test,mdl_train,mdl_val,mdl_test
0,(Abs((x27 * x6)) ^ (Abs(((Abs((x11 - x17)) ^ x0) + x16)) ^ (((x23 / x21) * 73.66376275463399) + x10))),73.66376275463399,22,6.108782311725983e-2,6.108782311725983e-2,0.12991711689894647,0.7556487075309607,0.7556487075309607,-5.758288421082938,6.108782311725983e-2,6.108782311725983e-2,0.12991711689894647,51.514041644059255,51.514041644059255,51.58287093784094
