id,Expression,theta,size,MSE_train,MSE_val,MSE_test,R2_train,R2_val,R2_test,nll_train,nll_val,nll_test,mdl_train,mdl_val,mdl_test
0,(Abs(x3) ^ (Abs((x15 / (((((x19 + 0.28825318155548135) / x9) - x4) * x22) * x0))) ^ (0.3696140083347711 / x15))),0.28825318155548135;0.3696140083347711,21,5.026433528217878e-2,5.026433528217878e-2,9.785019449790612e-2,0.7989426588712849,0.7989426588712849,-4.090167117780882,5.026433528217878e-2,5.026433528217878e-2,9.785019449790612e-2,48.784302127051376,48.784302127051376,48.831887986267105
