id,Expression,theta,size,MSE_train,MSE_val,MSE_test,R2_train,R2_val,R2_test,nll_train,nll_val,nll_test,mdl_train,mdl_val,mdl_test
0,(((x6 * (45.03013287767285 * x30)) + -0.3089056756569815) + (x24 * (Recip(x10) * (x21 * (27.829272694877066 * x30))))),45.03013287767285;-0.3089056756569815;27.829272694877066,18,4.439676607419758e-2,4.439676607419758e-2,9.042728729815269e-2,0.8224129357032097,0.8224129357032097,-3.704027485249724,4.439676607419758e-2,4.439676607419758e-2,9.042728729815269e-2,39.59443915812615,39.59443915812615,39.640469679350105
