id,Expression,theta,size,MSE_train,MSE_val,MSE_test,R2_train,R2_val,R2_test,nll_train,nll_val,nll_test,mdl_train,mdl_val,mdl_test
0,((((((x2 * 0.11486475897244193) + (x3 + -0.18020767943638952)) + x18) * (x6 + (x19 + 0.8069402208516421))) * 4.32569269857701) + x6),0.11486475897244193;-0.18020767943638952;0.8069402208516421;4.32569269857701,19,3.575435965050212e-2,3.575435965050212e-2,8.055623843364373e-2,0.8569825613979916,0.8569825613979916,-3.190535523317987,3.575435965050212e-2,3.575435965050212e-2,8.055623843364373e-2,39.545143651567386,39.545143651567386,39.589945530350526
