id,Expression,theta,size,MSE_train,MSE_val,MSE_test,R2_train,R2_val,R2_test,nll_train,nll_val,nll_test,mdl_train,mdl_val,mdl_test
0,((Abs(Recip(x21)) ^ (Abs(x18) ^ (Abs((x18 + x13)) ^ 0.6602565102847886))) - ((Abs((Abs(x14) ^ x1)) ^ -0.5616374598604531) + 0.42489261953555696)),0.6602565102847886;-0.5616374598604531;0.42489261953555696,23,5.857200749957328e-2,5.857200749957328e-2,9.766330871667309e-2,0.7657119700017069,0.7657119700017069,-4.08044531944114,5.857200749957328e-2,5.857200749957328e-2,9.766330871667309e-2,41.5051036813924,41.5051036813924,41.544194982609504
