id,Expression,theta,size,MSE_train,MSE_val,MSE_test,R2_train,R2_val,R2_test,nll_train,nll_val,nll_test,mdl_train,mdl_val,mdl_test
0,(((x24 * 4.2802513497305865) + (-0.13572920316722997 / x14)) * (x24 - ((Abs(((Abs(x20) ^ x2) * x26)) ^ x11) - x29))),4.2802513497305865;-0.13572920316722997,21,2.6315827213061894e-2,2.6315827213061894e-2,2.8387438603555495e-2,0.8947366911477524,0.8947366911477524,-0.4767145561569004,2.6315827213061894e-2,2.6315827213061894e-2,2.8387438603555495e-2,48.76035361898226,48.76035361898226,48.76242523037275
