id,Expression,theta,size,MSE_train,MSE_val,MSE_test,R2_train,R2_val,R2_test,nll_train,nll_val,nll_test,mdl_train,mdl_val,mdl_test
0,(Abs((Abs((((x6 - ((Abs(x16) ^ x1) * (x3 * 1.9609090349900786))) + x9) * -7.1128935509633076)) ^ x16)) ^ 8.740866042488378),1.9609090349900786;-7.1128935509633076;8.740866042488378,20,7.523617918422992e-2,7.523617918422992e-2,32.5272993640809,0.6990552832630803,0.6990552832630803,-1691.0701129194238,7.523617918422992e-2,7.523617918422992e-2,32.5272993640809,39.21918276008301,39.21918276008301,71.67124594497969
