id,Expression,theta,size,MSE_train,MSE_val,MSE_test,R2_train,R2_val,R2_test,nll_train,nll_val,nll_test,mdl_train,mdl_val,mdl_test
0,((0.6674057808727247 + (32.33766415456066 * (x18 * x9))) - ((Recip(Recip((Abs((x25 - x3)) ^ x3))) - x6) * 1.1783181774550227)),0.6674057808727247;32.33766415456066;1.1783181774550227,20,4.064895537185759e-2,4.064895537185759e-2,7.368862891621984e-2,0.8374041785125697,0.8374041785125697,-2.83328247622161,4.064895537185759e-2,4.064895537185759e-2,7.368862891621984e-2,45.6006591385409,45.6006591385409,45.633698812085264
