id,Expression,theta,size,MSE_train,MSE_val,MSE_test,R2_train,R2_val,R2_test,nll_train,nll_val,nll_test,mdl_train,mdl_val,mdl_test
0,((Abs(x24) ^ (Abs((x5 + x5)) ^ (Abs(((x23 * 5.110937128147257) * (Abs(6.594058000901062) ^ x5))) ^ 8.434797402335645))) + -4.994649197893996e-2),5.110937128147257;6.594058000901062;8.434797402335645;-4.994649197893996e-2,21,1.2868637018168413e-2,1.2868637018168413e-2,9.281472244325611e-2,0.9485254519273263,0.9485254519273263,-3.8282218614979984,1.2868637018168413e-2,1.2868637018168413e-2,9.281472244325611e-2,33.09334117095849,33.09334117095849,33.17328725638358
