id,Expression,theta,size,MSE_train,MSE_val,MSE_test,R2_train,R2_val,R2_test,nll_train,nll_val,nll_test,mdl_train,mdl_val,mdl_test
0,((Abs(x0) ^ (Abs(4.721569448930201e-2) ^ ((Recip((-0.1941291820130059 + x5)) * x2) + x2))) + -6.761234628366382e-3),4.721569448930201e-2;-0.1941291820130059;-6.761234628366382e-3,16,7.4613844238686925e-3,7.4613844238686925e-3,3.640019409702718e-2,0.9701544623045252,0.9701544623045252,-0.8935380969272815,7.4613844238686925e-3,7.4613844238686925e-3,3.640019409702718e-2,29.11964296794157,29.11964296794157,29.148581777614726
