id,Expression,theta,size,MSE_train,MSE_val,MSE_test,R2_train,R2_val,R2_test,nll_train,nll_val,nll_test,mdl_train,mdl_val,mdl_test
0,(2.003741125745189e-2 + (Abs((x24 * x14)) ^ (Abs((Abs(((x25 - x23) * -2.678633094577712)) ^ x26)) ^ (-33.07123555546613 + (Abs(x13) ^ x1))))),2.003741125745189e-2;-2.678633094577712;-33.07123555546613,23,5.394375964973446e-2,5.394375964973446e-2,8.338847597751965e-2,0.7842249614010621,0.7842249614010621,-3.3378685203504066,5.394375964973446e-2,5.394375964973446e-2,8.338847597751965e-2,47.26717010562174,47.26717010562174,47.296614821949525
