id,Expression,theta,size,MSE_train,MSE_val,MSE_test,R2_train,R2_val,R2_test,nll_train,nll_val,nll_test,mdl_train,mdl_val,mdl_test
0,(Abs(((Abs((Abs(x23) ^ (((x22 * (3.045465054838749 / x16)) * x6) * -77.48241117867578))) ^ x27) * (Abs(x22) ^ 8.330385059289682))) ^ x29),3.045465054838749;-77.48241117867578;8.330385059289682,23,8.458431747433177e-2,8.458431747433177e-2,7.833747950062667e7,0.661662730102673,0.661662730102673,-4.075115682622444e9,8.458431747433177e-2,8.458431747433177e-2,7.833747950062667e7,43.8337010843612,43.8337010843612,7.833752324974343e7
