id,Expression,theta,size,MSE_train,MSE_val,MSE_test,R2_train,R2_val,R2_test,nll_train,nll_val,nll_test,mdl_train,mdl_val,mdl_test
0,(Abs(-6.0929047070138725e-3) ^ (Abs(((Abs(x11) ^ (7.130471765946661 * x2)) + (x9 - (x16 * -2.596799852363013)))) ^ 6.066791171508633)),-6.0929047070138725e-3;7.130471765946661;-2.596799852363013;6.066791171508633,18,3.398627209581721e-2,3.398627209581721e-2,0.1068815496831812,0.8640549116167311,0.8640549116167311,-4.559978214518874,3.398627209581721e-2,3.398627209581721e-2,0.1068815496831812,32.99235493213911,32.99235493213911,33.06525020972647
