id,Expression,theta,size,MSE_train,MSE_val,MSE_test,R2_train,R2_val,R2_test,nll_train,nll_val,nll_test,mdl_train,mdl_val,mdl_test
0,((((14.00100511274603 * x3) + -1.982891040346056) * -5.064380045035007) * ((x27 - (1.312880545847851 * x21)) + x24)),14.00100511274603;-1.982891040346056;-5.064380045035007;1.312880545847851,15,5.682244732929396e-2,5.682244732929396e-2,6.811062971867027e-2,0.7727102106828242,0.7727102106828242,-2.5431149579650922,5.682244732929396e-2,5.682244732929396e-2,6.811062971867027e-2,31.24844557252683,31.24844557252683,31.25973375491621
