id,Expression,theta,size,MSE_train,MSE_val,MSE_test,R2_train,R2_val,R2_test,nll_train,nll_val,nll_test,mdl_train,mdl_val,mdl_test
0,(Abs(x24) ^ (((x17 * (Abs((x24 + x17)) ^ -1.512716814502219)) * (((Abs(x10) ^ -1.9891044298123377) * x17) * 6.626621269405305)) * x4)),-1.512716814502219;-1.9891044298123377;6.626621269405305,22,6.467367684178044e-2,6.467367684178044e-2,0.12037716830786331,0.7413052926328783,0.7413052926328783,-5.2620202953748105,6.467367684178044e-2,6.467367684178044e-2,0.12037716830786331,39.57406296875866,39.57406296875866,39.629766460224744
