id,Expression,theta,size,MSE_train,MSE_val,MSE_test,R2_train,R2_val,R2_test,nll_train,nll_val,nll_test,mdl_train,mdl_val,mdl_test
0,(Abs(x4) ^ (Abs((7.606116756103337 * x0)) ^ ((((x27 * x16) + -6.864282475279971) + (x17 + (x6 + -7.335913852926963))) * 9.796235208401233))),7.606116756103337;-6.864282475279971;-7.335913852926963;9.796235208401233,21,5.279077433938918e-6,5.279077433938918e-6,Infinity,0.9999788836902642,0.9999788836902642,-Infinity,5.279077433938918e-6,5.279077433938918e-6,Infinity,43.749122045964306,43.749122045964306,Infinity
