id,Expression,theta,size,MSE_train,MSE_val,MSE_test,R2_train,R2_val,R2_test,nll_train,nll_val,nll_test,mdl_train,mdl_val,mdl_test
0,(5.801634024355815e-2 + ((Abs((x23 * (x23 * ((Abs((x27 / x25)) ^ (50.56778127869112 + x29)) + x19)))) ^ x26) + -0.3620056622117545)),5.801634024355815e-2;50.56778127869112;-0.3620056622117545,21,6.1550743231408564e-2,6.1550743231408564e-2,0.12787097543509518,0.7537970270743657,0.7537970270743657,-5.651848142133397,6.1550743231408564e-2,6.1550743231408564e-2,0.12787097543509518,45.62156092640045,45.62156092640045,45.687881158604135
