id,Expression,theta,size,MSE_train,MSE_val,MSE_test,R2_train,R2_val,R2_test,nll_train,nll_val,nll_test,mdl_train,mdl_val,mdl_test
0,(x7 * (x0 * ((x0 * (804.5139703335569 + (x0 * -2413.599706994213))) + -47.018952636562794))),804.5139703335569;-2413.599706994213;-47.018952636562794,13,2.1161697817959242e-2,2.1161697817959242e-2,4.9450950458592914e-2,0.9153532087281631,0.9153532087281631,-1.5724384428559053,2.1161697817959242e-2,2.1161697817959242e-2,4.9450950458592914e-2,20.94385455946126,20.94385455946126,20.972143812101894
