id,Expression,theta,size,MSE_train,MSE_val,MSE_test,R2_train,R2_val,R2_test,nll_train,nll_val,nll_test,mdl_train,mdl_val,mdl_test
0,(((((((x18 + x12) * 1.6424157760197677) + (Abs(x8) ^ x26)) + -0.5822795549446872) * Recip((Abs(((x19 - (x27 + -0.10043395483101585)) * (Abs(((Recip((x13 + x7)) / x14) * x11)) ^ x18))) ^ x20))) / ((Recip(((Abs(Recip((((x26 + x30) / (x13 - x23)) + 9.034567287715822e-2))) ^ x21) + (Abs(x8) ^ x26))) / (x24 * (-17.372668997199803 / x7))) - ((Abs(x8) ^ x26) * (Abs(((x14 + 15.725842655830512) / (x18 / x13))) ^ (Abs(x29) ^ (x29 / x21)))))) + (((x24 + -0.4470225900191337) - x8) + (((x11 + ((Abs(x24) ^ x14) / (Abs(0.8124936498383943) ^ x20))) * x14) + (Abs(x8) ^ x26)))),1.6424157760197677;-0.5822795549446872;-0.10043395483101585;9.034567287715822e-2;-17.372668997199803;15.725842655830512;-0.4470225900191337;0.8124936498383943,106,7.912145609170809e-2,7.912145609170809e-2,0.15204380990685615,0.6835141756331676,0.6835141756331676,-6.909318991354354,7.912145609170809e-2,7.912145609170809e-2,0.15204380990685615,297.9510719693609,297.9510719693609,298.02399432317605
