id,Expression,theta,size,MSE_train,MSE_val,MSE_test,R2_train,R2_val,R2_test,nll_train,nll_val,nll_test,mdl_train,mdl_val,mdl_test
0,((15.836010454928175 * (x27 * (Abs(((Abs(x18) ^ ((Recip(((((Abs((x12 * -0.543462694335505)) ^ Recip((Recip((((Abs(((x30 + x18) - x8)) ^ x5) + (x7 - Recip(((x11 * x6) * x9)))) - (x14 + x29))) - (Abs(Recip((x18 + (Abs(x27) ^ x10)))) ^ x0)))) + (((Abs(0.7259649870577674) ^ x24) - x25) / x26)) - ((((x13 + x13) - x1) + x30) + x13)) - x0)) + x18) * x27)) - ((x30 + x18) * x27))) ^ (x12 * 0.9502513446448436)))) + (Recip(Recip(((x12 * -6.091042183205246) * (Abs(Recip((x0 * (Abs(x12) ^ (x12 * 0.8593724944982546))))) ^ (x0 * x12))))) + -0.737939333583228)),15.836010454928175;-0.543462694335505;0.7259649870577674;0.9502513446448436;-6.091042183205246;0.8593724944982546;-0.737939333583228,106,6.532164400286629e-2,6.532164400286629e-2,0.25788694561691605,0.7387134239885349,0.7387134239885349,-12.415278910991459,6.532164400286629e-2,6.532164400286629e-2,0.25788694561691605,316.10068583208664,316.10068583208664,316.29325113370066
