id,Expression,theta,size,MSE_train,MSE_val,MSE_test,R2_train,R2_val,R2_test,nll_train,nll_val,nll_test,mdl_train,mdl_val,mdl_test
0,((Abs(Recip((Abs(((x23 - ((x17 * x10) - (x21 * x22))) - Recip(x16))) ^ Recip((x21 + (Abs(x8) ^ x26)))))) ^ x25) - ((Abs((Abs((x22 * ((((Recip(Recip(x20)) * (0.5008354735874302 - (x13 + x18))) - (Recip(x20) - (0.9928885216709831 / x1))) / ((x21 * (-5.409103505054352 - x28)) * ((Abs(x2) ^ x29) + x9))) + (0.15113664695370496 + x3)))) ^ (x25 - x21))) ^ (-2.8775721699219274 - x21)) - ((x29 * (3.1020631358651554 - ((x29 * (9.283188036459638 - ((Abs(x13) ^ (-1.1961548921602299 - (((x13 + x30) * x24) + x14))) - x0))) - x21))) - x21))),0.5008354735874302;0.9928885216709831;-5.409103505054352;0.15113664695370496;-2.8775721699219274;3.1020631358651554;9.283188036459638;-1.1961548921602299,98,8.945941018268526e-2,8.945941018268526e-2,279.291817147162,0.6421623592692589,0.6421623592692589,-14527.760327994814,8.945941018268526e-2,8.945941018268526e-2,279.291817147162,306.51337993895186,306.51337993895186,585.7157376759312
