id,Expression,theta,size,MSE_train,MSE_val,MSE_test,R2_train,R2_val,R2_test,nll_train,nll_val,nll_test,mdl_train,mdl_val,mdl_test
0,Recip(((Abs((x8 - ((Abs(((Abs(x21) ^ x20) * Recip(((x7 * x23) * x9)))) ^ (((x4 / x15) * (x6 / x16)) * (Abs(x3) ^ (-3.1259636236541963 / (((x3 * x0) * Recip((x28 * x9))) - ((Abs(x9) ^ x20) / Recip((Recip((x15 - x23)) * ((x14 - x13) - x3))))))))) - (Recip((Recip(Recip((Recip(Recip(x17)) * ((x3 / (x11 * x21)) / (Recip(x7) - Recip(x17)))))) * (x14 - x22))) * (3.2818587034133474e-4 / (x18 * (x18 * x8))))))) ^ (Abs((x9 * (x9 - x10))) ^ x14)) + ((x3 * x0) * (x30 / x28)))),-3.1259636236541963;3.2818587034133474e-4,103,5.760454239010702e-2,5.760454239010702e-2,7.11259131119776e-2,0.769581830439572,0.769581830439572,-2.699970000084934,5.760454239010702e-2,5.760454239010702e-2,7.11259131119776e-2,323.2814420293849,323.2814420293849,323.2949634001068
