id,Expression,theta,size,MSE_train,MSE_val,MSE_test,R2_train,R2_val,R2_test,nll_train,nll_val,nll_test,mdl_train,mdl_val,mdl_test
0,(((Abs(((x20 * x24) + (x5 + x0))) ^ ((x15 * x27) * x2)) / Recip((Abs((x27 + (Abs(Recip(Recip((Abs(((Abs(x9) ^ x5) * (x23 * (x19 + x27)))) ^ x24)))) ^ (Abs(((x14 * x1) - x28)) ^ x19)))) ^ (Abs(x20) ^ (((Abs(x9) ^ x5) * (x23 * ((Abs(x20) ^ (Recip(Recip((x9 / x24))) * (x26 + x27))) + 87.26862063054052))) + -5.340423402049107))))) * (0.8832806046811532 - (Recip(((x0 * x16) - ((Abs(x11) ^ x12) + x1))) / (((Recip((Abs(x27) ^ x19)) + x24) * (Abs(78.98012262761642) ^ (x2 / x17))) + Recip((x29 - (x24 - x2))))))),87.26862063054052;-5.340423402049107;0.8832806046811532;78.98012262761642,107,5.291654389666815e-2,5.291654389666815e-2,Infinity,0.7883338244133273,0.7883338244133273,-Infinity,5.291654389666815e-2,5.291654389666815e-2,Infinity,309.5720876559375,309.5720876559375,Infinity
