id,Expression,theta,size,MSE_train,MSE_val,MSE_test,R2_train,R2_val,R2_test,nll_train,nll_val,nll_test,mdl_train,mdl_val,mdl_test
0,(-5.155542127625213 * (x19 * (((x18 - x5) - (Abs((((x18 * -9.660742016611447) * x11) + (x3 - (x5 + (Abs((Abs((-1.6000218984320993e-2 * x9)) ^ Recip(x4))) ^ Recip(x4)))))) ^ (x19 * Recip(x4)))) + Recip((Recip(((x4 * x11) * x23)) + (((x4 + ((((Recip((x2 - x29)) * (Recip((x6 + (Abs(0.3273338541510839) ^ (Abs(x28) ^ x29)))) / (Abs(x17) ^ x9))) + (x19 - (x5 + (Abs((Abs(-0.6359845681749191) ^ x19)) ^ 0.3143274000902544)))) * (x28 * x23)) + (x1 * x19))) + (x2 / (x29 + (Abs(0.5930839306913267) ^ Recip((Abs((Abs(-9.734285722564404e-2) ^ x19)) ^ x4)))))) + (x1 * x19))))))),-5.155542127625213;-9.660742016611447;-1.6000218984320993e-2;0.3273338541510839;-0.6359845681749191;0.3143274000902544;0.5930839306913267;-9.734285722564404e-2,106,6.218205439979092e-2,6.218205439979092e-2,0.34834460245186977,0.7512717824008364,0.7512717824008364,-17.12088621954557,6.218205439979092e-2,6.218205439979092e-2,0.34834460245186977,289.29181363812495,289.29181363812495,289.577976186177
