id,Expression,theta,size,MSE_train,MSE_val,MSE_test,R2_train,R2_val,R2_test,nll_train,nll_val,nll_test,mdl_train,mdl_val,mdl_test
0,(Abs((Abs(x19) ^ Recip((Abs(Recip((Abs((x15 * (x6 * 232.8168278238158))) ^ ((Abs((Abs((x6 - x9)) ^ Recip((Abs(x26) ^ Recip((Abs(x24) ^ ((Abs(x19) ^ ((((Abs(x23) ^ (Recip(Recip(x19)) * ((x7 / x0) * x3))) * ((0.3201564665815977 - x14) * x3)) * x17) - x5)) - x9))))))) ^ (x22 + Recip(Recip((Abs(Recip(x27)) ^ ((x6 * x9) * -0.40198567890179443)))))) + 276.9538514199544)))) ^ x30)))) ^ ((x27 / x7) + (Recip(x15) * (x6 * 497.9719367186687)))),232.8168278238158;0.3201564665815977;-0.40198567890179443;276.9538514199544;497.9719367186687,84,3.220327063180631e-2,3.220327063180631e-2,Infinity,0.8711869174727748,0.8711869174727748,-Infinity,3.220327063180631e-2,3.220327063180631e-2,Infinity,228.92328103345974,228.92328103345974,Infinity
