id,Expression,theta,size,MSE_train,MSE_val,MSE_test,R2_train,R2_val,R2_test,nll_train,nll_val,nll_test,mdl_train,mdl_val,mdl_test
0,((Recip(((Abs(((x3 * -0.3428949709383593) + ((Abs(((Abs((((x15 - (Abs(x0) ^ (x21 * (-0.41771623584574397 * x5)))) - x28) * ((Recip((x21 + 0.9323061239734769)) + (x12 * x12)) + (Abs(((x18 + x15) - (Recip(x0) + Recip(x8)))) ^ (Abs(((Recip(Recip(Recip(x21))) * -9.138672021332263e-2) + (x23 + x20))) ^ x24))))) ^ x21) + x22)) ^ (x9 * x0)) * ((x20 + x15) / (((-0.6372694239213 - x28) * Recip((Abs(x21) ^ (x3 * Recip(Recip(x21)))))) + Recip(x18)))))) ^ x24) - ((x15 * x1) * x21))) - (0.13140295026717988 / (x22 + x6))) + (-4.983140350067653 * x21)),-0.3428949709383593;-0.41771623584574397;0.9323061239734769;-9.138672021332263e-2;-0.6372694239213;0.13140295026717988;-4.983140350067653,101,0.11081134687712071,0.11081134687712071,0.19863663564433118,0.5567546124915171,0.5567546124915171,-9.333077786217713,0.11081134687712071,0.11081134687712071,0.19863663564433118,294.8472676442172,294.8472676442172,294.9350929329844
