id,Expression,theta,size,MSE_train,MSE_val,MSE_test,R2_train,R2_val,R2_test,nll_train,nll_val,nll_test,mdl_train,mdl_val,mdl_test
0,Recip(((Abs((Abs((Abs((x0 * x24)) ^ x24)) ^ x1)) ^ (x11 / Recip(x6))) + ((Abs((x15 / (Abs(x6) ^ -1.1658247501704206))) ^ (Abs((x30 * x19)) ^ x30)) * (Abs(((((x10 + ((Recip((Abs(x19) ^ x16)) - Recip((x30 * x3))) - ((x17 + Recip(x11)) / (x11 - Recip(((x6 + ((Abs((x9 * (x1 - Recip(x13)))) ^ x13) - x6)) - x16)))))) - x19) / x24) / (x23 * (x19 * (Abs(Recip(Recip((x18 * (Recip(x21) + (x24 - x16)))))) ^ (Abs(49.138869547275455) ^ (Abs(((Abs(x11) ^ x27) - x11)) ^ (Abs(x4) ^ x13)))))))) ^ Recip(Recip(x13)))))),-1.1658247501704206;49.138869547275455,109,8.703675575289171e-2,8.703675575289171e-2,8.951280974762944e-2,0.6518529769884331,0.6518529769884331,-3.6564563630715057,8.703675575289171e-2,8.703675575289171e-2,8.951280974762944e-2,309.60620786779367,309.60620786779367,309.60868392178844
