id,Expression,theta,size,MSE_train,MSE_val,MSE_test,R2_train,R2_val,R2_test,nll_train,nll_val,nll_test,mdl_train,mdl_val,mdl_test
0,(0.9644971378677759 + ((-13.382541890082571 / ((Recip(((x19 * x24) + (x24 + (((Abs(x6) ^ x13) / x28) - x24)))) * ((Recip(x14) + (Abs((x6 * Recip(Recip(x24)))) ^ x3)) + (x28 * (-0.7465156307357377 - x24)))) + ((Abs((x22 + (Abs(x17) ^ -1.2747674136984417))) ^ x26) * ((Abs((x28 * Recip(x29))) ^ (((Abs(x6) ^ ((x19 / x21) * x24)) / x28) + -2.0737575642973103)) - ((x15 - Recip(x21)) / ((Abs(Recip(x16)) ^ x4) - x9)))))) + (x13 * (Recip(((Abs(x17) ^ x10) + x20)) * (x11 * x20))))),0.9644971378677759;-13.382541890082571;-0.7465156307357377;-1.2747674136984417;-2.0737575642973103,93,7.211034433483501e-2,7.211034433483501e-2,0.16321487890871283,0.71155862266066,0.71155862266066,-7.490438000830917,7.211034433483501e-2,7.211034433483501e-2,0.16321487890871283,277.0103160761608,277.0103160761608,277.1014206107347
