id,Expression,theta,size,MSE_train,MSE_val,MSE_test,R2_train,R2_val,R2_test,nll_train,nll_val,nll_test,mdl_train,mdl_val,mdl_test
0,Recip(Recip((Abs((Abs((x4 + -416.27059085164433)) ^ x28)) ^ ((((Abs(x0) ^ (Abs(x18) ^ (Recip(x26) * (Abs((x27 / Recip(((x4 + 26.66440361599792) * 16.855767742538532)))) ^ ((((Abs(x0) ^ (Abs(x18) ^ (Recip(x26) * x17))) - x18) + ((x27 * -19.709076327926265) / (Abs(1.9701469573472459) ^ x20))) - (Abs(x18) ^ (Abs(((Recip((x27 * 3.6403813210253073)) * (x17 / x10)) * 2.571446428800465)) ^ 3.818483810553714))))))) - x27) + (-2.829822252998416 / (Recip(x29) / (x3 + x24)))) - (Abs((Abs((x10 / x20)) ^ x28)) ^ (x28 * x11)))))),-416.27059085164433;26.66440361599792;16.855767742538532;-19.709076327926265;1.9701469573472459;3.6403813210253073;2.571446428800465;3.818483810553714;-2.829822252998416,90,9.390655146359185e-2,9.390655146359185e-2,0.14275469845858965,0.6243737941456327,0.6243737941456327,-6.4260994138155505,9.390655146359185e-2,9.390655146359185e-2,0.14275469845858965,233.76102388867488,233.76102388867488,233.80987203566988
