id,Expression,theta,size,MSE_train,MSE_val,MSE_test,R2_train,R2_val,R2_test,nll_train,nll_val,nll_test,mdl_train,mdl_val,mdl_test
0,Recip((Abs((Recip((x17 * ((Abs(x29) ^ x19) + (x18 - x29)))) * (((Abs((Recip((x10 - x24)) * x10)) ^ x24) - x24) - x21))) ^ (Abs(((Abs((x28 / (x17 - x26))) ^ (Abs((((Abs((x10 * (x9 + x26))) ^ (x1 + (Abs((x3 - x26)) ^ x21))) + ((Abs(x29) ^ (x21 + -6.595173461270048)) + (x18 - (x16 * x29)))) * (x1 * x14))) ^ (x1 * x14))) * (Abs(x3) ^ (0.4302028622409299 * (Abs(x7) ^ x15))))) ^ (Abs((Recip((x9 - x24)) * (x3 + x10))) ^ (Abs((Abs((-3.850324527700759 * (Abs(x21) ^ x15))) ^ -1.3401215754945215)) ^ (x26 / x3)))))),-6.595173461270048;0.4302028622409299;-3.850324527700759;-1.3401215754945215,108,1.3034507500751396e-2,1.3034507500751396e-2,8.489661581522458e-2,0.9478619699969945,0.9478619699969945,-3.416321954707814,1.3034507500751396e-2,1.3034507500751396e-2,8.489661581522458e-2,291.6139965889117,291.6139965889117,291.68585869722614
