id,Expression,theta,size,MSE_train,MSE_val,MSE_test,R2_train,R2_val,R2_test,nll_train,nll_val,nll_test,mdl_train,mdl_val,mdl_test
0,(Abs(x5) ^ (((Abs((((Abs((Abs(0.6860705078205889) ^ x12)) ^ (x29 * (x20 + x30))) * Recip((((x12 * (Abs(x5) ^ 13.056510840102888)) * Recip((x27 / x20))) / ((x21 / x27) * (((x8 / (x12 - x14)) * x5) - (Recip((x8 / x27)) - x25)))))) - x12)) ^ x27) - (Abs(((x27 - x14) * x2)) ^ (Abs(x23) ^ (((((x16 * (x9 * x7)) / x24) + x7) / x4) / x13)))) * Recip((((x18 - x14) - (Abs(x26) ^ (Abs((Abs(x9) ^ (x2 / x30))) ^ (x29 * (x7 + ((x12 * (Abs(x24) ^ -1.9781917787393377)) * x3)))))) / (x25 - (x25 + x30)))))),0.6860705078205889;13.056510840102888;-1.9781917787393377,110,2.791063668064483e-2,2.791063668064483e-2,4.770210888116156e-2,0.8883574532774207,0.8883574532774207,-1.4814637039979295,2.791063668064483e-2,2.791063668064483e-2,4.770210888116156e-2,329.9161571440258,329.9161571440258,329.9359486162263
