id,Expression,theta,size,MSE_train,MSE_val,MSE_test,R2_train,R2_val,R2_test,nll_train,nll_val,nll_test,mdl_train,mdl_val,mdl_test
0,((((x12 * x6) + ((Abs(x28) ^ (x25 + x9)) + (Abs(x17) ^ (Abs(x6) ^ x8)))) + 5.7740747890121265) * Recip(((Abs(((x6 / x9) + ((Abs((x28 + x9)) ^ (x9 + x18)) + (Abs(x17) ^ x26)))) ^ ((x3 + -33.30727930805291) / (x18 - Recip(x18)))) + (Abs((x6 / x9)) ^ (Recip(((x24 - (Abs(x8) ^ x15)) * (x16 * x9))) / (Abs((-3.5380582836641583 * x19)) ^ -1.8998343020705766)))))),5.7740747890121265;-33.30727930805291;-3.5380582836641583;-1.8998343020705766,73,5.896918301014426e-2,5.896918301014426e-2,0.12711482881602018,0.764123267959423,0.764123267959423,-5.612513395009118,5.896918301014426e-2,5.896918301014426e-2,0.12711482881602018,194.9084051973092,194.9084051973092,194.9765508431151
