id,Expression,theta,size,MSE_train,MSE_val,MSE_test,R2_train,R2_val,R2_test,nll_train,nll_val,nll_test,mdl_train,mdl_val,mdl_test
0,Recip(Recip((Abs((Abs((Abs(((Abs(x7) ^ x5) * (Abs(x30) ^ x0))) ^ x6)) ^ (x6 * (Abs(((Abs((Abs(((x27 / Recip((((x15 * x9) + x9) - x23))) * (Abs(x30) ^ x17))) ^ (Abs((x2 - x6)) ^ (x6 - x5)))) ^ x6) * (Abs((((x12 * -2.4857955551291944e-2) / (Abs(x17) ^ x24)) / (Abs((x22 - x6)) ^ (x6 - x5)))) ^ x0))) ^ (-2402.890264824081 * (x5 * x6)))))) ^ (Recip((Abs(Recip(x22)) ^ ((x6 * (Abs((Abs(x21) ^ x22)) ^ ((x30 * x5) * 65.24396599310596))) - Recip((x18 / ((x22 / x11) * (x1 + x22))))))) + -2.101076693029907)))),-2.4857955551291944e-2;-2402.890264824081;65.24396599310596;-2.101076693029907,107,4.5475655120712034e-2,4.5475655120712034e-2,Infinity,0.8180973795171519,0.8180973795171519,-Infinity,4.5475655120712034e-2,4.5475655120712034e-2,Infinity,292.96317571812693,292.96317571812693,Infinity
