id,Expression,theta,size,MSE_train,MSE_val,MSE_test,R2_train,R2_val,R2_test,nll_train,nll_val,nll_test,mdl_train,mdl_val,mdl_test
0,(Abs((-2.336852967719252 * (Abs((x15 / ((x28 * (Abs((6.398082184218783 / ((((x13 / x30) - (x12 * x29)) * Recip(x13)) + Recip((x29 + x13))))) ^ x11)) / x15))) ^ (Abs((((x5 + x30) * (x2 * x14)) * 0.16243477549787366)) ^ x6)))) ^ ((((Abs(x6) ^ x13) * (Abs((x16 / ((((Recip(x25) - x17) + (x14 + (Recip((((Abs(x2) ^ (Abs(x2) ^ x2)) * x5) * x13)) + x5))) * -1.3310563317924216e-2) * Recip(x13)))) ^ x11)) / x15) + ((x11 * x14) + x25))),-2.336852967719252;6.398082184218783;0.16243477549787366;-1.3310563317924216e-2,88,7.644755766117967e-2,7.644755766117967e-2,0.25487334532949174,0.6942097693552813,0.6942097693552813,-12.258511424039654,7.644755766117967e-2,7.644755766117967e-2,0.25487334532949174,243.638242575535,243.638242575535,243.81666836320332
