id,Expression,theta,size,MSE_train,MSE_val,MSE_test,R2_train,R2_val,R2_test,nll_train,nll_val,nll_test,mdl_train,mdl_val,mdl_test
0,(0.12101023713523865 / (x6 * (x25 + Recip((Abs((Recip((Abs(((Abs(x26) ^ (x15 + (x19 + ((x6 + x10) * x14)))) + x22)) ^ (x5 * (x12 * -1.028757234710166e-2)))) / Recip(((Abs((x20 - (x15 / Recip((x16 * (Abs(x26) ^ x13)))))) ^ (x22 + (x14 * x12))) - x10)))) ^ (Abs(((Abs(Recip(Recip(x25))) ^ (x18 * -8.732293252041643)) + (x27 + x19))) ^ (x22 + (x12 * 9.442676652792741)))))))),0.12101023713523865;-1.028757234710166e-2;-8.732293252041643;9.442676652792741,72,4.086827290905455e-2,4.086827290905455e-2,7.853203061765014e-2,0.8365269083637819,0.8365269083637819,-3.0852362327300042,4.086827290905455e-2,4.086827290905455e-2,7.853203061765014e-2,200.9586277411996,200.9586277411996,200.9962914989082
