id,Expression,theta,size,MSE_train,MSE_val,MSE_test,R2_train,R2_val,R2_test,nll_train,nll_val,nll_test,mdl_train,mdl_val,mdl_test
0,Recip(Recip((Abs((((x9 + (Abs((Abs(x27) ^ (x23 / x3))) ^ ((x29 * x29) + (Abs(x1) ^ Recip(x13))))) * ((x13 * x16) - (x21 * x0))) - ((x5 + (x24 * x23)) * (x8 + Recip(x13))))) ^ (Abs((Abs((2.0774690889185057 * (x26 / x24))) ^ (x16 / x3))) ^ (x28 * ((Abs((-10.065665005297875 * (x26 / (x13 * x16)))) ^ (x17 / x3)) - (x21 * ((x22 + -4.9166093086862395) - (x17 * x18))))))))),2.0774690889185057;-10.065665005297875;-4.9166093086862395,78,4.544368315714245e-2,4.544368315714245e-2,Infinity,0.8182252673714302,0.8182252673714302,-Infinity,4.544368315714245e-2,4.544368315714245e-2,Infinity,228.5856272487994,228.5856272487994,Infinity
