id,Expression,theta,size,MSE_train,MSE_val,MSE_test,R2_train,R2_val,R2_test,nll_train,nll_val,nll_test,mdl_train,mdl_val,mdl_test
0,(((((Abs(x19) ^ (Abs(Recip((x19 * (x13 + (Abs(x8) ^ x24))))) ^ Recip((-15.041999705551161 - (x1 * x10))))) + ((x0 + (Abs(((x0 + (Abs(x17) ^ (Abs(((Abs(((x0 + (Abs(x17) ^ Recip(((Abs(x15) ^ x24) * Recip(x15))))) + -0.3195280240647493)) ^ (Abs(x5) ^ (Abs(x2) ^ x0))) + ((x12 + Recip(x11)) + x12))) ^ Recip((Abs(x12) ^ x2))))) + 5.434783022805226)) ^ (Abs(x5) ^ (Abs(x2) ^ x0)))) + -7.54736895653802)) - (((x27 + ((-18.946112053495014 + (Abs(x12) ^ (Abs(Recip(x18)) ^ x1))) + -20.397419064085966)) - (x12 * x18)) * x18)) + x27) * (x27 - x4)),-15.041999705551161;-0.3195280240647493;5.434783022805226;-7.54736895653802;-18.946112053495014;-20.397419064085966,106,4.557413888879651e-2,4.557413888879651e-2,Infinity,0.8177034444448139,0.8177034444448139,-Infinity,4.557413888879651e-2,4.557413888879651e-2,Infinity,278.2393949411373,278.2393949411373,Infinity
