id,Expression,theta,size,MSE_train,MSE_val,MSE_test,R2_train,R2_val,R2_test,nll_train,nll_val,nll_test,mdl_train,mdl_val,mdl_test
0,(Abs((((x28 - x26) / Recip(((x24 * x13) * (Abs((Abs(x3) ^ x7)) ^ x13)))) * Recip(((x3 * Recip((x26 - x12))) + (x3 + (-1.086157042799111 * x23)))))) ^ (Abs(((-1.3340075431726517e-2 * Recip((x30 + Recip((Recip((x28 - x26)) * (x11 / x27)))))) * Recip(Recip(((Abs(x30) ^ x28) - (Abs(x19) ^ x11)))))) ^ ((((x27 / x12) * -0.11950161763290955) * ((x3 - x20) - x28)) / (Abs(((Recip(x8) * (x3 + (Abs((x7 + x28)) ^ Recip(x8)))) * (Abs((x26 + x21)) ^ (Abs(x23) ^ ((x21 / (Abs(0.26316137213703955) ^ x26)) - x26))))) ^ Recip((Abs((-1.0003112847695534 - x3)) ^ x18)))))),-1.086157042799111;-1.3340075431726517e-2;-0.11950161763290955;0.26316137213703955;-1.0003112847695534,110,2.4681847289409496e-2,2.4681847289409496e-2,5.224081401792176e-2,0.901272610842362,0.901272610842362,-1.7175671452121861,2.4681847289409496e-2,2.4681847289409496e-2,5.224081401792176e-2,307.3031150083461,307.3031150083461,307.3306739750746
