id,Expression,theta,size,MSE_train,MSE_val,MSE_test,R2_train,R2_val,R2_test,nll_train,nll_val,nll_test,mdl_train,mdl_val,mdl_test
0,(Abs(x27) ^ (Abs((((x8 / (((Abs((Abs((x6 + x16)) ^ x30)) ^ (x12 * x14)) * -4.894752449690474e-3) / x12)) * 4.985694265618978) - (((x6 + x16) / x21) + Recip((((Abs(x0) ^ x13) / x29) - Recip((((x2 / x16) / x12) + (Abs(x30) ^ x16)))))))) ^ Recip((x15 + ((x9 + x10) - (Abs(x30) ^ x13)))))),-4.894752449690474e-3;4.985694265618978,61,6.830651176570968e-2,6.830651176570968e-2,0.30846258810431343,0.7267739529371613,0.7267739529371613,-15.04622383318577,6.830651176570968e-2,6.830651176570968e-2,0.30846258810431343,166.9845989931148,166.9845989931148,167.22475506945338
