id,Expression,theta,size,MSE_train,MSE_val,MSE_test,R2_train,R2_val,R2_test,nll_train,nll_val,nll_test,mdl_train,mdl_val,mdl_test
0,(Abs(Recip(((x13 + x13) * (((Abs((Abs((x27 * -10.161985640646927)) ^ (Abs(x1) ^ x0))) ^ (x20 * -1166.4986377792522)) / x8) + Recip((x30 / (Abs(x19) ^ x1))))))) ^ (x11 / (Abs(Recip(x14)) ^ (((Abs((x13 - (((x28 + x14) + x28) * (x0 - x19)))) ^ ((Abs(x21) ^ ((Abs((Abs((x30 / (Abs(x19) ^ (x21 + x15)))) ^ (Abs(((x20 * 39.98198237887438) - x12)) ^ x1))) ^ x17) / Recip((((x0 * (x19 - x13)) + x13) * (((Abs(x0) ^ (((Abs(x18) ^ x13) * x21) * -14.969486019838678)) / x19) + x13))))) * x30)) * ((x28 + x4) * (x0 - x19))) + x19)))),-10.161985640646927;-1166.4986377792522;39.98198237887438;-14.969486019838678,111,8.934796337938292e-2,8.934796337938292e-2,0.22488531018140404,0.6426081464824683,0.6426081464824683,-10.69853383563619,8.934796337938292e-2,8.934796337938292e-2,0.22488531018140404,308.36056950713015,308.36056950713015,308.49610685393213
