id,Expression,theta,size,MSE_train,MSE_val,MSE_test,R2_train,R2_val,R2_test,nll_train,nll_val,nll_test,mdl_train,mdl_val,mdl_test
0,(Abs((((-0.6295109581267758 - (x15 * x15)) - ((Abs(9.757713354059629e-2) ^ (x30 * (x21 - (Abs(x12) ^ x11)))) - (x9 + (Abs(((x15 / x11) * ((Abs((Recip(Recip(x14)) * x8)) ^ (x23 - ((x17 * 0.6369724635092724) - (1.538410786502622 * x15)))) * x10))) ^ (((x18 * -1.7851488854430513) - x27) * (Abs((Abs((x12 - x0)) ^ x25)) ^ (x10 * x12))))))) * ((x15 * -0.9579279394948885) + ((-0.7864368218994329 - (x15 * x15)) - (x17 * -0.5993288640076845))))) ^ ((Recip(Recip(x14)) + (Abs(x8) ^ x11)) + ((x11 * 0.1572885028697431) - ((x15 - x27) * x0)))),-0.6295109581267758;9.757713354059629e-2;0.6369724635092724;1.538410786502622;-1.7851488854430513;-0.9579279394948885;-0.7864368218994329;-0.5993288640076845;0.1572885028697431,95,5.9369400921557264e-2,5.9369400921557264e-2,0.13153125530211626,0.762522396313771,0.762522396313771,-5.842255900815827,5.9369400921557264e-2,5.9369400921557264e-2,0.13153125530211626,268.9800628430951,268.9800628430951,269.0522246974756
