id,Expression,theta,size,MSE_train,MSE_val,MSE_test,R2_train,R2_val,R2_test,nll_train,nll_val,nll_test,mdl_train,mdl_val,mdl_test
0,Recip(((Abs(-2.5812048146831116e-5) ^ (-0.6568239725981462 * (((((x0 + x26) / x25) + (x25 + (-1.467218755318616 + x25))) - ((((x3 / x10) + 1.222226524570322) * x12) - x13)) + x4))) + ((0.15667864617536664 * (((x25 * (Abs(x20) ^ Recip(((Abs(-0.39514069756724507) ^ (x18 * 0.9224948452018871)) + (((x8 + x25) * (((x18 * 0.46000256383486804) + x14) + x4)) + (((Abs(x20) ^ x12) + (x18 * x20)) + x24)))))) + ((x18 * -0.783214690606016) + x25)) + x4)) + ((x25 * -0.24240090748895746) + ((Abs((Abs(x20) ^ x12)) ^ ((((Abs(((Abs(x19) ^ x22) + x25)) ^ x4) - x5) - (Abs(x20) ^ x28)) * (Abs(x25) ^ x12))) + x25))))),-2.5812048146831116e-5;-0.6568239725981462;-1.467218755318616;1.222226524570322;0.15667864617536664;-0.39514069756724507;0.9224948452018871;0.46000256383486804;-0.783214690606016;-0.24240090748895746,109,6.225478420883892e-2,6.225478420883892e-2,0.16768812047022283,0.7509808631646443,0.7509808631646443,-7.723136026860658,6.225478420883892e-2,6.225478420883892e-2,0.16768812047022283,314.6895839886555,314.6895839886555,314.7950173249169
