id,Expression,theta,size,MSE_train,MSE_val,MSE_test,R2_train,R2_val,R2_test,nll_train,nll_val,nll_test,mdl_train,mdl_val,mdl_test
0,(Abs(1.2336014758374733e-3) ^ (x26 + ((Abs(x22) ^ (Abs((Abs(x24) ^ ((x1 / (((x22 + ((Abs((Abs(x11) ^ x26)) ^ (Abs(((x20 - (Abs(x9) ^ (x26 - x22))) + ((x2 / (x21 / x18)) + x17))) ^ (x22 * (x16 - (x30 - x17))))) + (x11 - x15))) + ((Abs(x9) ^ x11) * Recip(x22))) / Recip(x0))) / ((Abs(x29) ^ (x26 * (Abs((x11 / x30)) ^ (x24 + x4)))) * x27)))) ^ ((((x18 - x30) + (x11 - x15)) / x9) * x6))) * 0.6466483017599811))),1.2336014758374733e-3;0.6466483017599811,92,6.828117344439737e-2,6.828117344439737e-2,0.11958125659572419,0.7268753062224105,0.7268753062224105,-5.220616968109335,6.828117344439737e-2,6.828117344439737e-2,0.11958125659572419,263.9741007531845,263.9741007531845,264.0254008363358
