id,Expression,theta,size,MSE_train,MSE_val,MSE_test,R2_train,R2_val,R2_test,nll_train,nll_val,nll_test,mdl_train,mdl_val,mdl_test
0,(Abs(Recip((Abs(Recip(x19)) ^ (Abs(x15) ^ (x15 + x16))))) ^ (Abs((Recip(x24) + (x9 * x5))) ^ (x17 + (x26 / x0)))),,26,6.574569450763365e-2,6.574569450763365e-2,4.433668214273673e16,0.7370172219694654,0.7370172219694654,-2.3063942050650767e18,6.574569450763365e-2,6.574569450763365e-2,4.433668214273673e16,58.12500694604332,58.12500694604332,4.4336682142736784e16
