id,Expression,theta,size,MSE_train,MSE_val,MSE_test,R2_train,R2_val,R2_test,nll_train,nll_val,nll_test,mdl_train,mdl_val,mdl_test
0,(Abs(x24) ^ ((Recip(((Abs(Recip(x7)) ^ (12.328634499613242 - x20)) + x5)) - (Abs(x9) ^ (Abs((Abs((Abs((x9 / x30)) ^ 8.21864924967299)) ^ Recip(Recip(((-6.850956589026267 / (x14 / x13)) / ((x12 + (x11 / x25)) + (Abs((x15 / x30)) ^ ((Abs(x18) ^ x9) / Recip(((Abs(Recip(x7)) ^ (1.0346577527167673 - x20)) + x5)))))))))) ^ x25))) + Recip((Abs((Abs((Recip(x25) * 0.7586970824222636)) ^ (x9 * x23))) ^ Recip((Abs((Abs(x30) ^ (x9 * x23))) ^ x20)))))),12.328634499613242;8.21864924967299;-6.850956589026267;1.0346577527167673;0.7586970824222636,85,2.9231470710132875e-2,2.9231470710132875e-2,7.468914598942392e-2,0.8830741171594685,0.8830741171594685,-2.8853293743696837,2.9231470710132875e-2,2.9231470710132875e-2,7.468914598942392e-2,219.23484698679658,219.23484698679658,219.28030466207588
