id,Expression,theta,size,MSE_train,MSE_val,MSE_test,R2_train,R2_val,R2_test,nll_train,nll_val,nll_test,mdl_train,mdl_val,mdl_test
0,(Abs(x12) ^ (Abs((x17 + -1.059118422736416e-2)) ^ (Abs((Abs(x12) ^ x6)) ^ (x21 * (Abs(((x3 * 2.7395082125762458) + (Abs(((Abs(((Abs(x3) ^ Recip((Abs(((x3 * -9.162383531287115e-3) + (Abs(((Abs(((Abs(x3) ^ Recip((Abs((((Abs((x21 - x3)) ^ x30) - (Abs((x30 / x26)) ^ (x16 + (x22 + (x30 / (x5 * x20)))))) - x14)) ^ (x21 / x26)))) + x23)) ^ (Abs((Abs(x12) ^ x30)) ^ (x3 * -0.8972234956321824))) / x26)) ^ (x30 + x17)))) ^ x1))) + x23)) ^ (Abs((Abs(x12) ^ x30)) ^ ((Abs(x12) ^ (x3 * 0.17000162922324588)) * x11))) / x26)) ^ (x9 + x17)))) ^ 25.289488462183552))))),-1.059118422736416e-2;2.7395082125762458;-9.162383531287115e-3;-0.8972234956321824;0.17000162922324588;25.289488462183552,111,8.484252051690752e-2,8.484252051690752e-2,7.926020895053895e-2,0.6606299179323699,0.6606299179323699,-3.123116069606879,8.484252051690752e-2,8.484252051690752e-2,7.926020895053895e-2,285.41481617006957,285.41481617006957,285.40923385850317
