id,Expression,theta,size,MSE_train,MSE_val,MSE_test,R2_train,R2_val,R2_test,nll_train,nll_val,nll_test,mdl_train,mdl_val,mdl_test
0,(Abs(Recip((Abs((x3 * x6)) ^ x16))) ^ (((x19 * -3.658728485211349e-2) + ((Abs(x6) ^ x9) - ((Abs((x19 * -338.34597062791744)) ^ (Abs((125.96603730489197 / x20)) ^ x26)) * (x15 + x12)))) * x28)),-3.658728485211349e-2;-338.34597062791744;125.96603730489197,35,7.487806834091178e-2,7.487806834091178e-2,0.12555346214941607,0.700487726636353,0.700487726636353,-5.531291101012374,7.487806834091178e-2,7.487806834091178e-2,0.12555346214941607,85.07127839002739,85.07127839002739,85.12195378383589
