id,Expression,theta,size,MSE_train,MSE_val,MSE_test,R2_train,R2_val,R2_test,nll_train,nll_val,nll_test,mdl_train,mdl_val,mdl_test
0,(0.9507694192859061 * (Abs(((Abs((x12 / ((Abs(3.6504647345420504e-3) ^ x12) + x8))) ^ (x27 + Recip(x19))) / (Abs((Recip(((x17 - x10) - ((x12 * x6) - x29))) / (Recip((0.5811739886504762 - x27)) * (x2 / Recip(((Abs((x18 / ((Abs(x5) ^ x0) + x8))) ^ (x19 + Recip(x19))) / x8)))))) ^ ((-1.0947523324850899 * (Abs(x27) ^ x15)) + x28)))) ^ x25)),0.9507694192859061;3.6504647345420504e-3;0.5811739886504762;-1.0947523324850899,65,0.11729796658651674,0.11729796658651674,0.21164524964245393,0.530808133653933,0.530808133653933,-10.009785886400033,0.11729796658651674,0.11729796658651674,0.21164524964245393,179.39776026136883,179.39776026136883,179.49210754442478
