id,Expression,theta,size,MSE_train,MSE_val,MSE_test,R2_train,R2_val,R2_test,nll_train,nll_val,nll_test,mdl_train,mdl_val,mdl_test
0,(Abs(x2) ^ ((Abs((Recip(Recip(Recip(x21))) / ((Abs(Recip((((x18 - ((Abs(x19) ^ x20) - (x20 + x2))) / (((x9 + x8) / (x30 - (-0.5849954304003607 + x20))) + (Abs(0.6866885966973203) ^ x14))) * (0.4358649350126003 + (x14 * -0.1671975690348768))))) ^ Recip(((Abs((x12 * Recip(Recip(x2)))) ^ (x15 + (x14 * -9.761148677468809e-2))) * (Abs(((x26 + Recip(Recip((0.21334489750922253 * x16)))) * (x18 + x28))) ^ x19)))) + x26))) ^ (-3.6723117525026927 + (x22 * -0.6914574599037591))) * (x4 + ((x21 + x6) + x13)))),-0.5849954304003607;0.6866885966973203;0.4358649350126003;-0.1671975690348768;-9.761148677468809e-2;0.21334489750922253;-3.6723117525026927;-0.6914574599037591,87,4.69100803326762e-2,4.69100803326762e-2,Infinity,0.8123596786692953,0.8123596786692953,-Infinity,4.69100803326762e-2,4.69100803326762e-2,Infinity,257.55697606978873,257.55697606978873,Infinity
