id,Expression,theta,size,MSE_train,MSE_val,MSE_test,R2_train,R2_val,R2_test,nll_train,nll_val,nll_test,mdl_train,mdl_val,mdl_test
0,(Abs((4.894674302998063 * x21)) ^ (Abs(x2) ^ (((Abs(((x26 - x24) + Recip(x30))) ^ (4.114659259512196 * x21)) + (5.321056760207434 * (x10 - Recip((((Abs((Abs((x21 + 0.327766369097868)) ^ x5)) ^ ((x2 - x6) + (Recip(x4) / ((((x10 - x11) - (x10 / x24)) / x18) - x2)))) - ((x15 * (0.8329433423223299 - (Recip(x18) * x12))) / Recip(x9))) - x23))))) - (((x15 - x6) + (x14 - x26)) + x5)))),4.894674302998063;4.114659259512196;5.321056760207434;0.327766369097868;0.8329433423223299,75,9.885437382549615e-2,9.885437382549615e-2,542.9833698195611,0.6045825046980153,0.6045825046980153,-28244.99489801249,9.885437382549615e-2,9.885437382549615e-2,542.9833698195611,219.58344948886597,219.58344948886597,762.4679649346015
