id,Expression,theta,size,MSE_train,MSE_val,MSE_test,R2_train,R2_val,R2_test,nll_train,nll_val,nll_test,mdl_train,mdl_val,mdl_test
0,((Abs((Abs((x12 * ((x1 + (x15 * (Abs(x29) ^ x2))) * x25))) ^ ((x18 / (x22 / x14)) / x1))) ^ (Abs(Recip(((Recip(((Abs(x27) ^ Recip(Recip(((x2 / x14) / (Abs((x14 / x4)) ^ (x7 * x17)))))) + (Abs(x14) ^ x2))) + (Abs((x28 - x7)) ^ (x8 - (Abs((Recip((Abs((-0.4004877237714973 * x11)) ^ (x7 / x14))) + x29)) ^ x10)))) / ((Abs(x28) ^ ((x27 / x27) - x0)) * ((Recip(x9) * (((x0 - x22) * (x0 + x22)) + -2.267978863789306e-2)) / (-6.85349666063065e-2 * (x0 + x22))))))) ^ (Recip((x27 / x22)) * x11))) + x9),-0.4004877237714973;-2.267978863789306e-2;-6.85349666063065e-2,107,6.78581554819102e-2,6.78581554819102e-2,0.12048124555732703,0.7285673780723592,0.7285673780723592,-5.2674343938919135,6.78581554819102e-2,6.78581554819102e-2,0.12048124555732703,312.8451258055442,312.8451258055442,312.8977488956196
