id,Expression,theta,size,MSE_train,MSE_val,MSE_test,R2_train,R2_val,R2_test,nll_train,nll_val,nll_test,mdl_train,mdl_val,mdl_test
0,(((x6 * (Abs(-2.895283499649151e-3) ^ x2)) * x18) * (53.86813702246118 + (Recip((Abs(x30) ^ x17)) * (Abs(3.7744069103882474) ^ x5)))),-2.895283499649151e-3;53.86813702246118;3.7744069103882474,21,6.690463398240659e-2,6.690463398240659e-2,9.292451821883914e-2,0.7323814640703736,0.7323814640703736,-3.833933437743828,6.690463398240659e-2,6.690463398240659e-2,9.292451821883914e-2,43.22901954435308,43.22901954435308,43.25503942858951
