id,Expression,theta,size,MSE_train,MSE_val,MSE_test,R2_train,R2_val,R2_test,nll_train,nll_val,nll_test,mdl_train,mdl_val,mdl_test
0,Recip((Recip((Abs((x30 + x8)) ^ (x26 * 8.866863256090188))) / (((x30 + x8) / (Abs(x14) ^ x0)) * ((((x30 * 16.139643278587545) / (Abs(((x30 + x8) / Recip((Abs((x8 / x22)) ^ x11)))) ^ x15)) / (Abs(x10) ^ x20)) * (Abs(Recip((Abs((x22 - (x0 * x24))) ^ (x26 * x30)))) ^ ((Abs(Recip((x23 - Recip((-6.191120323063631 - x30))))) ^ (x22 * ((x30 + x8) + (x11 + ((x3 / (Recip(Recip(x14)) / ((Abs(((x26 * -0.6534379308619223) / x7)) ^ (x7 / (Abs(x30) ^ x30))) + x18))) - x23))))) * ((x7 / (Abs(x8) ^ x30)) + 19.606114425975964))))))),8.866863256090188;16.139643278587545;-6.191120323063631;-0.6534379308619223;19.606114425975964,106,3.565286642391849e-2,3.565286642391849e-2,NaN,0.857388534304326,0.857388534304326,NaN,3.565286642391849e-2,3.565286642391849e-2,NaN,293.6846859354639,293.6846859354639,NaN
