id,Expression,theta,size,MSE_train,MSE_val,MSE_test,R2_train,R2_val,R2_test,nll_train,nll_val,nll_test,mdl_train,mdl_val,mdl_test
0,((Recip((x14 * -25.723664854436695)) * ((x18 * (Abs(x10) ^ ((x24 + (x5 - x24)) - x9))) + (x5 * x28))) - Recip((Recip(((x4 + -14.241032592501288) - (x18 - (x21 * (x4 + 88.19606633391766))))) / (Abs(x24) ^ ((Abs((Abs(Recip((x29 + x17))) ^ x26)) ^ x29) + (x26 * (Abs(((((Abs((x2 + (x23 + x23))) ^ x13) + 205.13956090963975) / ((x17 - (x17 * x27)) + x23)) * (Abs(x26) ^ (x8 * (x5 * (Abs(Recip((((x4 + -11.161976940774156) - (x26 - (x21 * x5))) + (x6 + (x5 + (x6 + x6)))))) ^ x29)))))) ^ x1))))))),-25.723664854436695;-14.241032592501288;88.19606633391766;205.13956090963975;-11.161976940774156,102,6.117840947536918e-2,6.117840947536918e-2,Infinity,0.7552863620985233,0.7552863620985233,-Infinity,6.117840947536918e-2,6.117840947536918e-2,Infinity,306.3222529834947,306.3222529834947,Infinity
