id,Expression,theta,size,MSE_train,MSE_val,MSE_test,R2_train,R2_val,R2_test,nll_train,nll_val,nll_test,mdl_train,mdl_val,mdl_test
0,((Abs((Abs((Abs((Recip(x2) - ((Recip((x22 * x21)) - x2) + x21))) ^ (Abs((Abs(x26) ^ ((Abs(x23) ^ (x22 + x18)) * 4.5306286307312975))) ^ x0))) ^ (x9 - x10))) ^ (Recip(((x6 / ((x18 * x9) * 84.19824793331567)) / (x2 + (Abs((Abs(x26) ^ ((Abs(x20) ^ x11) / x21))) ^ x0)))) * (Abs(((x2 + x18) * x21)) ^ (x22 - (x25 - x18))))) / (Abs((((x25 - x26) * (x27 * (x25 - x26))) - (x12 * (((Recip(x2) - x2) + (Abs(x30) ^ x24)) + x25)))) ^ (Abs((Abs(x26) ^ ((Abs(x27) ^ x11) / x21))) ^ x0))),4.5306286307312975;84.19824793331567,108,8.090294700025812e-2,8.090294700025812e-2,0.6357512000687903,0.6763882119989675,0.6763882119989675,-32.07177742757721,8.090294700025812e-2,8.090294700025812e-2,0.6357512000687903,295.6399091693592,295.6399091693592,296.19475742242776
