id,Expression,theta,size,MSE_train,MSE_val,MSE_test,R2_train,R2_val,R2_test,nll_train,nll_val,nll_test,mdl_train,mdl_val,mdl_test
0,(Abs((x23 / (((Recip((x23 + x25)) / x9) + (x3 * x1)) * ((x10 / x5) / (x3 + (x8 * x29)))))) ^ ((Abs(Recip((Recip(x22) + Recip((Recip((Recip(x23) + (x0 + x17))) - (x15 / (x4 + x30))))))) ^ (Recip(((x3 * x26) * x14)) - Recip((Recip(x23) + (Abs(-3.382773006787091e-2) ^ x23))))) - ((x4 - (x22 / x30)) / Recip((Abs(0.8518673337556087) ^ (x11 + Recip((Abs(-6.40717037037466e-4) ^ (x11 + x12))))))))),-3.382773006787091e-2;0.8518673337556087;-6.40717037037466e-4,79,6.221165047162186e-2,6.221165047162186e-2,0.13052833423667629,0.7511533981135126,0.7511533981135126,-5.790083946991641,6.221165047162186e-2,6.221165047162186e-2,0.13052833423667629,241.1613554640613,241.1613554640613,241.22967214782636
