id,Expression,theta,size,MSE_train,MSE_val,MSE_test,R2_train,R2_val,R2_test,nll_train,nll_val,nll_test,mdl_train,mdl_val,mdl_test
0,(Abs(x3) ^ (Abs(Recip((Abs((Recip(((((Abs(x23) ^ (Abs(0.6291188768115004) ^ x17)) * ((x18 * (Abs(((Abs(((x14 + x23) * x19)) ^ (x15 / x17)) * 0.9178812003551033)) ^ ((Recip(Recip((Recip(x12) - (x1 * 0.34888391121891926)))) - x9) + (Recip((((Abs(x10) ^ x27) / (x20 * x16)) + ((Abs(x12) ^ x21) - (Abs(x3) ^ x18)))) + (Abs(((x27 * -0.9974845428297798) / (Abs(x5) ^ x9))) ^ ((x15 - x1) * (x16 + x21))))))) * x2)) * x17) + ((((Abs(x0) ^ x6) / (x8 + x19)) * x17) + -0.2555956744537827))) * x14)) ^ (x15 / x17)))) ^ ((x19 / x17) - x11))),0.6291188768115004;0.9178812003551033;0.34888391121891926;-0.9974845428297798;-0.2555956744537827,108,8.30515692812745e-2,8.30515692812745e-2,0.2566584172959306,0.667793722874902,0.667793722874902,-12.3513708677338,8.30515692812745e-2,8.30515692812745e-2,0.2566584172959306,316.64248003592564,316.64248003592564,316.8160868839403
