id,Expression,theta,size,MSE_train,MSE_val,MSE_test,R2_train,R2_val,R2_test,nll_train,nll_val,nll_test,mdl_train,mdl_val,mdl_test
0,((((Recip((Abs((x14 / x21)) ^ (Abs((x9 / x14)) ^ (Recip((Recip(x21) / (((Abs((-121.09770610670908 * (x9 / x14))) ^ Recip(((Abs((Recip(x27) + Recip(x13))) ^ x7) + (Abs(((x18 - ((x20 + 36.3138672751743) + 36.77404808258025)) * -27.62591241637505)) ^ x7)))) * (Abs((((Abs(x29) ^ x27) * (Abs(((x20 + 147.5012636460575) + 148.14581559281294)) ^ x8)) * -252.5445392262684)) ^ (Abs((Abs((Abs((x1 - x7)) ^ ((x28 - x24) * Recip(x14)))) ^ (x1 - x30))) ^ (Abs((x15 / x1)) ^ x11)))) - x13))) * ((x27 * x15) / (x15 / (x6 + x6))))))) * 24.484915957541677) + (-15.325994523715751 - x9)) * (x12 - x0)) + x11),-121.09770610670908;36.3138672751743;36.77404808258025;-27.62591241637505;147.5012636460575;148.14581559281294;-252.5445392262684;24.484915957541677;-15.325994523715751,110,7.837648785599799e-2,7.837648785599799e-2,0.13866383874662172,0.686494048576008,0.686494048576008,-6.213292891598987,7.837648785599799e-2,7.837648785599799e-2,0.13866383874662172,319.37183721396127,319.37183721396127,319.43212456485185
