id,Expression,theta,size,MSE_train,MSE_val,MSE_test,R2_train,R2_val,R2_test,nll_train,nll_val,nll_test,mdl_train,mdl_val,mdl_test
0,(((Abs(x21) ^ (((((((Abs((Abs((((x21 + x20) * x0) + (x3 + x1))) ^ x30)) ^ x5) * ((x16 + -1.4504713245751786) * x0)) * ((x16 - x21) + (((-2.709693115045249 + (x23 * x25)) - x6) / x21))) + 7.372674881288764) * x21) + -8.854847921760992) * x21)) + -5.380059952127479) * x21),-1.4504713245751786;-2.709693115045249;7.372674881288764;-8.854847921760992;-5.380059952127479,50,4.8759400820281344e-2,4.8759400820281344e-2,465861.52014756284,0.8049623967188746,0.8049623967188746,-2.4234115278075296e7,4.8759400820281344e-2,4.8759400820281344e-2,465861.52014756284,133.20978657146244,133.20978657146244,465994.6811747335
