id,Expression,theta,size,MSE_train,MSE_val,MSE_test,R2_train,R2_val,R2_test,nll_train,nll_val,nll_test,mdl_train,mdl_val,mdl_test
0,Recip(((Abs(x8) ^ ((Recip((x15 - x13)) / ((Abs(x6) ^ x5) + x18)) + (((x5 * -0.8195490987862534) + x3) * (x6 * 265.13674621795485)))) + (Abs((Abs((((x8 * (Recip((x15 - Recip((x24 * (x15 - Recip((x24 * x9))))))) / ((Abs(x24) ^ 8.573958907087404) + x18))) - x21) * x9)) ^ ((x8 - x9) * (x5 + x25)))) ^ x5))),-0.8195490987862534;265.13674621795485;8.573958907087404,63,1.5589935830217526e-2,1.5589935830217526e-2,6.895430123262587e-2,0.9376402566791299,0.9376402566791299,-2.587002750121061,1.5589935830217526e-2,1.5589935830217526e-2,6.895430123262587e-2,167.65715189380774,167.65715189380774,167.71051625921015
