id,Expression,theta,size,MSE_train,MSE_val,MSE_test,R2_train,R2_val,R2_test,nll_train,nll_val,nll_test,mdl_train,mdl_val,mdl_test
0,(((0.334612438816413 + x5) + -0.5010467567093081) - ((Recip((x22 / x16)) * (x20 * x3)) - (Abs((x1 / (((x12 * ((Abs(x20) ^ x15) - x5)) - ((Abs(x20) ^ x2) - ((((2.805448474225219 + x5) - x21) - ((x26 - x12) * ((Recip(((Abs(x5) ^ x4) / x11)) / ((x1 - x21) - (x29 / x24))) / ((Abs((((Recip((-0.5302710262353605 * (x26 - x12))) * (x15 - (x6 - x5))) + -0.9617543407691703) * x4)) ^ Recip(x24)) * ((x17 + x18) / Recip(x30)))))) + x15))) / (Abs(x16) ^ (2.5128086358894737 + x19))))) ^ x2))),0.334612438816413;-0.5010467567093081;2.805448474225219;-0.5302710262353605;-0.9617543407691703;2.5128086358894737,96,9.5944013750581e-2,9.5944013750581e-2,0.46544832354636045,0.6162239449976761,0.6162239449976761,-23.212621790880746,9.5944013750581e-2,9.5944013750581e-2,0.46544832354636045,296.7212619541402,296.7212619541402,297.09076626393596
