id,Expression,theta,size,MSE_train,MSE_val,MSE_test,R2_train,R2_val,R2_test,nll_train,nll_val,nll_test,mdl_train,mdl_val,mdl_test
0,((-0.7029282196125918 - x6) - (((x3 * ((((x6 * (37.66723496069085 * x28)) + x28) + 567.7846798009922) * x0)) + -15.065087329368533) * x15)),-0.7029282196125918;37.66723496069085;567.7846798009922;-15.065087329368533,21,6.477781375417858e-2,6.477781375417858e-2,0.10883839849069264,0.7408887449832857,0.7408887449832857,-4.661773489485615,6.477781375417858e-2,6.477781375417858e-2,0.10883839849069264,46.206493937814784,46.206493937814784,46.2505545225513
