id,Expression,theta,size,MSE_train,MSE_val,MSE_test,R2_train,R2_val,R2_test,nll_train,nll_val,nll_test,mdl_train,mdl_val,mdl_test
0,(Abs(x21) ^ ((Abs(Recip(Recip(((Abs(Recip(x18)) ^ (Abs(x8) ^ x21)) / (-10.780239639083282 + Recip((Recip((((x14 * x12) + (-8.173049816674355 - x12)) - (x22 - Recip(((Abs(Recip((x28 * ((Abs(Recip(x15)) ^ ((Abs(x18) ^ ((((x3 / (((-0.3994541490430009 - x24) + x23) / x20)) + x14) / x22) * (Abs(x29) ^ x15))) * (((x29 + x15) * x10) + Recip((Recip((Abs((x24 - x27)) ^ x15)) - Recip((x9 + x9))))))) * ((Abs(x29) ^ x15) + x3))))) ^ -2.5175969762684236) + x27))))) - Recip((x7 / (((x16 * 0.25677346772369253) / (Abs(x29) ^ x21)) * x9)))))))))) ^ -20.905307755484536) + x15)),-10.780239639083282;-8.173049816674355;-0.3994541490430009;-2.5175969762684236;0.25677346772369253;-20.905307755484536,108,3.823289668912092e-2,3.823289668912092e-2,8.822082631618859e-2,0.8470684132435163,0.8470684132435163,-3.5892473849679556,3.823289668912092e-2,3.823289668912092e-2,8.822082631618859e-2,312.2691879089046,312.2691879089046,312.3191758385317
