id,Expression,theta,size,MSE_train,MSE_val,MSE_test,R2_train,R2_val,R2_test,nll_train,nll_val,nll_test,mdl_train,mdl_val,mdl_test
0,Recip((Abs((((Recip(x5) / (x29 / x25)) - Recip(((x3 / x15) - (x20 - x26)))) * ((x30 + x5) + (x13 + (x28 / x26))))) ^ (Abs(((((((0.18816937838414396 * Recip(x7)) * x15) * x24) - x26) / x19) / x15)) ^ (((x11 / x26) / ((Abs((x2 * x3)) ^ 0.3539136145099325) / x23)) - Recip((((x19 + (x28 / x6)) / x15) - Recip(x30))))))),0.18816937838414396;0.3539136145099325,68,6.199606794018789e-3,6.199606794018789e-3,Infinity,0.9752015728239248,0.9752015728239248,-Infinity,6.199606794018789e-3,6.199606794018789e-3,Infinity,206.5796985794105,206.5796985794105,Infinity
