id,Expression,theta,size,MSE_train,MSE_val,MSE_test,R2_train,R2_val,R2_test,nll_train,nll_val,nll_test,mdl_train,mdl_val,mdl_test
0,(((Recip(Recip(x14)) - (x4 + 0.3438922242985772)) / Recip((Abs(0.1862990858360046) ^ (x16 + x2)))) + ((Abs((((Abs((Abs((x20 * x29)) ^ x16)) ^ x2) * x19) / x16)) ^ (((Abs(5.765690231166863) ^ (Recip(Recip((x16 + x16))) + (Abs(0.367093472022851) ^ (Recip(x10) + x20)))) - ((Abs((Recip(x14) - (Recip(x6) + x21))) ^ x21) - x21)) + x23)) / (Recip(Recip((x4 + x6))) + (Abs((x20 + ((Abs(((x21 * x16) / Recip(x14))) ^ (x6 + x6)) / (Recip(Recip((-1.0266059697703804 + x6))) + (Abs((x20 + (Recip(x6) + x11))) ^ -1.098104717570004))))) ^ (x25 - x6))))),0.3438922242985772;0.1862990858360046;5.765690231166863;0.367093472022851;-1.0266059697703804;-1.098104717570004,103,7.553226182352252e-2,7.553226182352252e-2,9.169001686862046e24,0.6978709527059099,0.6978709527059099,-4.769714677505454e26,7.553226182352252e-2,7.553226182352252e-2,9.169001686862046e24,278.67863370234465,278.67863370234465,9.169001686862046e24
