id,Expression,theta,size,MSE_train,MSE_val,MSE_test,R2_train,R2_val,R2_test,nll_train,nll_val,nll_test,mdl_train,mdl_val,mdl_test
0,(Abs(Recip(((x28 * x29) + (Abs(Recip((x14 / ((x10 + Recip(((x11 / (x13 + (x30 * x18))) / (x15 * x19)))) * x9)))) ^ (-36.616751747327726 / ((Abs((x18 / Recip(Recip(x21)))) ^ (((x10 / (Recip(x11) / x5)) * Recip(((((x19 * x9) / x28) / (-5.9411429398869 + x19)) / (0.7812834520992692 / x1)))) - x9)) + (x5 * x14))))))) ^ x21),-36.616751747327726;-5.9411429398869;0.7812834520992692,65,3.69357575529719e-2,3.69357575529719e-2,8.803995404107649e-2,0.8522569697881124,0.8522569697881124,-3.5798384092166247,3.69357575529719e-2,3.69357575529719e-2,8.803995404107649e-2,188.7973268964052,188.7973268964052,188.8484310928933
