id,Expression,theta,size,MSE_train,MSE_val,MSE_test,R2_train,R2_val,R2_test,nll_train,nll_val,nll_test,mdl_train,mdl_val,mdl_test
0,(Abs(Recip((Abs((((x28 * x17) + (x3 / x26)) / x30)) ^ (39.63495511570766 + (Abs(x1) ^ x4))))) ^ (Abs((x7 * (((x24 * (x30 - x27)) * (Abs(x11) ^ x12)) + (Recip(x8) / (x26 / x27))))) ^ (((Abs((x20 - x2)) ^ x17) / (Abs((x15 / x27)) ^ -7.353830784389011)) + Recip(((Abs(Recip(x8)) ^ x4) / (x26 + -1.0092856479224634)))))),39.63495511570766;-7.353830784389011;-1.0092856479224634,65,7.548836087057994e-5,7.548836087057994e-5,3.105628440815598e-2,0.9996980465565177,0.9996980465565177,-0.6155479149122125,7.548836087057994e-5,7.548836087057994e-5,3.105628440815598e-2,178.7232457963224,178.7232457963224,178.7542265923697
