id,Expression,theta,size,MSE_train,MSE_val,MSE_test,R2_train,R2_val,R2_test,nll_train,nll_val,nll_test,mdl_train,mdl_val,mdl_test
0,((x21 - x12) * ((((Abs(x7) ^ (Abs((((x19 + 109.3720272491712) + (x16 + x0)) / (((x7 / x26) * (Abs(x21) ^ x12)) - x12))) ^ (x16 / (((x15 / Recip(x18)) - (Abs(x28) ^ x13)) - ((x18 - x0) + x0))))) - (x12 * -196.53166442027265)) + (x15 * -44.98612068435648)) + (x15 * -45.412183587996154))),109.3720272491712;-196.53166442027265;-44.98612068435648;-45.412183587996154,56,6.734705397567951e-2,6.734705397567951e-2,6.73176282479964e-2,0.7306117840972819,0.7306117840972819,-2.501863021460639,6.734705397567951e-2,6.734705397567951e-2,6.73176282479964e-2,150.36667846457624,150.36667846457624,150.36664903884855
