id,Expression,theta,size,MSE_train,MSE_val,MSE_test,R2_train,R2_val,R2_test,nll_train,nll_val,nll_test,mdl_train,mdl_val,mdl_test
0,(x4 * (3.7119900207371734 - ((((x7 * (5.007594884663783 - (((x24 + ((2.1154047922488775 * x4) + x6)) / x16) * -6.150200453728499))) + ((Abs(Recip(((0.8193050318435237 / Recip((Recip(x5) * (x9 / (Recip(((Recip(x9) * (x25 - (x0 - ((x9 * x14) - x2)))) / x27)) + (-1.0344209645586173 + (-0.6418299985456238 / x16))))))) + (x9 * x14)))) ^ (((((-0.2674240781436021 * x20) + (-1.449503994797036 - (Abs(Recip((-0.6586380817909019 + Recip((x19 + x22))))) ^ ((Abs(x11) ^ x28) - (x29 - (Abs(x10) ^ x17)))))) * 2.3898022039252824) * (x9 * x14)) / (Abs(Recip(x4)) ^ x0))) + x6)) / x7) * x15))),3.7119900207371734;5.007594884663783;2.1154047922488775;-6.150200453728499;0.8193050318435237;-1.0344209645586173;-0.6418299985456238;-0.2674240781436021;-1.449503994797036;-0.6586380817909019;2.3898022039252824,100,3.533640698158701e-2,3.533640698158701e-2,1.300937631223051e8,0.8586543720736519,0.8586543720736519,-6.767477556622052e9,3.533640698158701e-2,3.533640698158701e-2,1.300937631223051e8,316.59476487362593,316.59476487362593,1.3009407968173356e8
