id,Expression,theta,size,MSE_train,MSE_val,MSE_test,R2_train,R2_val,R2_test,nll_train,nll_val,nll_test,mdl_train,mdl_val,mdl_test
0,((x21 / Recip((x6 * (x15 * 80.33027262615778)))) * (((Abs(((x15 + (Abs((((Abs(x3) ^ x7) - (x6 * -0.8548408724875677)) * (((x27 * (x18 + x17)) + -0.3017529964552736) - (Abs(((Recip(((Abs(x19) ^ (x10 - x17)) - x0)) - (x15 + x8)) / (Abs((x1 + ((Abs((x23 - x26)) ^ (x29 * x9)) / (x14 / (x22 - x16))))) ^ (Abs(x13) ^ x15)))) ^ x17)))) ^ x10)) * x15)) ^ ((x10 * ((Abs(Recip((x13 + x20))) ^ ((x0 / (x22 - x16)) + x4)) - (Recip(Recip(x9)) - (x13 - x22)))) + -0.5041300575401729)) + 1.4988058819898615) - x29)),80.33027262615778;-0.8548408724875677;-0.3017529964552736;-0.5041300575401729;1.4988058819898615,103,6.16050642737663e-2,6.16050642737663e-2,8.574835636284563e-2,0.7535797429049348,0.7535797429049348,-3.4606294979950594,6.16050642737663e-2,6.16050642737663e-2,8.574835636284563e-2,319.7741589405164,319.7741589405164,319.79830223260547
