id,Expression,theta,size,MSE_train,MSE_val,MSE_test,R2_train,R2_val,R2_test,nll_train,nll_val,nll_test,mdl_train,mdl_val,mdl_test
0,(x22 + (Abs((Abs((-4.942084636161463 * x9)) ^ (Abs(((Abs((x6 / x21)) ^ (-5.550428539070621 - x26)) / ((Abs(x4) ^ (Abs(((x6 + x6) * x9)) ^ (Abs(((Abs((x2 + ((x17 * x4) + x4))) ^ x21) / (((((x2 + (Abs(Recip(x9)) ^ x2)) * x5) * x24) * x2) + x24))) ^ 0.6782414900192106))) + x9))) ^ (5.6606080460209185 * x9)))) ^ ((Abs(x16) ^ (x19 + (x4 * x9))) * (7.2431622439306 - x3)))),-4.942084636161463;-5.550428539070621;0.6782414900192106;5.6606080460209185;7.2431622439306,76,4.418099492401097e-2,4.418099492401097e-2,Infinity,0.8232760203039561,0.8232760203039561,-Infinity,4.418099492401097e-2,4.418099492401097e-2,Infinity,197.76251104948741,197.76251104948741,Infinity
