id,Expression,theta,size,MSE_train,MSE_val,MSE_test,R2_train,R2_val,R2_test,nll_train,nll_val,nll_test,mdl_train,mdl_val,mdl_test
0,Recip(((Abs((Abs(((x2 * (x16 + x19)) / x22)) ^ (((x3 * -5.146477395401495) / x26) - (((x17 + x2) - x26) / (x2 / x26))))) ^ (x29 * 13.900444311184334)) + Recip(((2.754665386076942 * ((Abs((x2 * -3.6125544111141716e-2)) ^ (x17 + x29)) * x2)) + (Abs((Abs(x15) ^ (1.1695156474989814 - (x1 * (x16 + x19))))) ^ (x17 + x2)))))),-5.146477395401495;13.900444311184334;2.754665386076942;-3.6125544111141716e-2;1.1695156474989814,60,6.232780645383902e-2,6.232780645383902e-2,1.5163494806256912e9,0.750688774184644,0.750688774184644,-7.888049998114543e10,6.232780645383902e-2,6.232780645383902e-2,1.5163494806256912e9,155.88906172954574,155.88906172954574,1.516349636452425e9
