id,Expression,theta,size,MSE_train,MSE_val,MSE_test,R2_train,R2_val,R2_test,nll_train,nll_val,nll_test,mdl_train,mdl_val,mdl_test
0,(Abs((((Abs((Abs((x1 * ((x26 + (x0 * x13)) * Recip((Abs((Abs(((Recip((Abs(x27) ^ x1)) * x0) * x21)) ^ -38.793314064431655)) ^ (((Abs(x1) ^ x13) / x10) * x17)))))) ^ x17)) ^ x13) * (Abs((Abs(x6) ^ 9.880234194811127)) ^ (x12 + (Abs(((((Recip((Abs(x7) ^ x19)) * -8.106036344680804) * x21) / x22) * x0)) ^ Recip((Abs((Abs(Recip((Abs((x1 * x6)) ^ x17))) ^ -17.443054112460853)) ^ ((Recip(x13) / x10) * x17))))))) * x22)) ^ x21),-38.793314064431655;9.880234194811127;-8.106036344680804;-17.443054112460853,85,0.1448202574981085,0.1448202574981085,8016308.098971408,0.420718970007566,0.420718970007566,-4.1700834630847675e8,0.1448202574981085,0.1448202574981085,8016308.098971408,209.19998777831537,209.19998777831537,8016517.154138928
