id,Expression,theta,size,MSE_train,MSE_val,MSE_test,R2_train,R2_val,R2_test,nll_train,nll_val,nll_test,mdl_train,mdl_val,mdl_test
0,((((Abs(((x3 * (x3 * -0.7077634273382609)) + x18)) ^ Recip((Abs((x13 * 4.1128712376791e-2)) ^ (Abs(x18) ^ (x10 + x19))))) * (x3 * -0.39710698116340876)) + (Abs((Abs((Abs((((x29 / ((x14 + x25) + ((Abs(0.5575557808234105) ^ (x15 / (Abs(x7) ^ x28))) - (x22 / ((Abs(x10) ^ 0.2609588132412009) - (x4 / ((-0.2849788374476513 / (x13 * -1.0329166050129086)) + (x19 - x23)))))))) * 1.0459836566470844) + ((x13 * 0.13112092933313255) * x21))) ^ Recip(x18))) ^ (Abs(((((x23 / (Abs(x3) ^ (x17 * x9))) * (((x13 * -0.6127659615624194) * x26) + -0.7716293086137492)) + x27) * 0.14289379514148784)) ^ x14))) ^ x13)) + x23),-0.7077634273382609;4.1128712376791e-2;-0.39710698116340876;0.5575557808234105;0.2609588132412009;-0.2849788374476513;-1.0329166050129086;1.0459836566470844;0.13112092933313255;-0.6127659615624194;-0.7716293086137492;0.14289379514148784,102,5.2353634522173745e-2,5.2353634522173745e-2,3.862762349020048,0.7905854619113051,0.7905854619113051,-199.94089739601523,5.2353634522173745e-2,5.2353634522173745e-2,3.862762349020048,296.53913859447704,296.53913859447704,300.34954730897493
