id,Expression,theta,size,MSE_train,MSE_val,MSE_test,R2_train,R2_val,R2_test,nll_train,nll_val,nll_test,mdl_train,mdl_val,mdl_test
0,(Recip((x29 + (Abs(((Recip((Abs(x17) ^ (Abs(x7) ^ (((Abs(((x9 * x24) * x27)) ^ x10) - x9) * -2.9162482079354084)))) - x1) + ((Recip((x16 / x4)) + ((x25 + x8) / (Recip((x23 / x29)) / x21))) - (Abs((x22 + (Abs(x17) ^ x10))) ^ (Abs(x2) ^ x2))))) ^ (((((Abs((x2 * Recip(((x21 * -0.230921598597711) / x2)))) ^ x10) - x9) * 0.7877791092773807) / (Abs((x21 + x0)) ^ (((x2 * Recip(((0.28274896385609144 * x10) / x2))) - x11) + (Abs((Abs(x0) ^ 4.546312320114038)) ^ x26)))) * x27)))) - (Abs(x17) ^ (Abs((x26 - x23)) ^ x29))),-2.9162482079354084;-0.230921598597711;0.7877791092773807;0.28274896385609144;4.546312320114038,106,9.626817552999972e-2,9.626817552999972e-2,0.19379981573420513,0.6149272978800011,0.6149272978800011,-9.081466414492965,9.626817552999972e-2,9.626817552999972e-2,0.19379981573420513,303.0992462115278,303.0992462115278,303.19677785173207
