id,Expression,theta,size,MSE_train,MSE_val,MSE_test,R2_train,R2_val,R2_test,nll_train,nll_val,nll_test,mdl_train,mdl_val,mdl_test
0,(Abs((Recip((-22.478619045250667 + Recip((Recip((x5 * x21)) - x18)))) / (Recip((Abs((Recip((Abs(x7) ^ x3)) * Recip(x23))) ^ ((-18.57896745915779 - x7) + ((((x7 + 1.8659058790895553) * (Abs((Abs(x11) ^ x7)) ^ ((x13 - x18) - x18))) / x30) - Recip(x13))))) + (Abs((x20 * (Abs(Recip(((Recip(x3) - x3) + ((x15 / x29) / (x18 + (x23 + (0.7892882534767688 + x22))))))) ^ (((x13 - x18) - x18) - Recip((Abs((((x15 - (x26 * (x18 / x1))) - x15) - (((x12 + (x20 + x30)) / x18) * x1))) ^ x24)))))) ^ -4.758959618687766)))) ^ x7),-22.478619045250667;-18.57896745915779;1.8659058790895553;0.7892882534767688;-4.758959618687766,103,0.10319053280227174,0.10319053280227174,0.15598506103038925,0.587237868790913,0.587237868790913,-7.114342874800538,0.10319053280227174,0.10319053280227174,0.15598506103038925,302.01830441585713,302.01830441585713,302.07109894408524
