id,Expression,theta,size,MSE_train,MSE_val,MSE_test,R2_train,R2_val,R2_test,nll_train,nll_val,nll_test,mdl_train,mdl_val,mdl_test
0,((((133.66130554768853 * x17) + x30) - ((Abs(x30) ^ (Abs(((x25 + x30) - (x18 * (x30 * x2)))) ^ x5)) * x2)) / Recip(((Abs((Abs(x16) ^ (Abs((Abs(x19) ^ x29)) ^ 15.191182556133104))) ^ ((x12 * (((x16 + (x12 * x14)) - x0) + (x2 + x25))) + (((((Abs((Abs((Abs(x29) ^ x25)) ^ (Abs(-5.401273044729268) ^ x5))) ^ -5.900060158901268) + x30) - (((x12 * x4) / Recip(x20)) + x3)) - x0) + ((x12 * x4) + x16)))) * (x12 * x4)))),133.66130554768853;15.191182556133104;-5.401273044729268;-5.900060158901268,87,7.34172755480545e-2,7.34172755480545e-2,4.665293887173742e74,0.706330897807782,0.706330897807782,-2.4268858801076874e76,7.34172755480545e-2,7.34172755480545e-2,4.665293887173742e74,238.0836861841384,238.0836861841384,4.665293887173742e74
