id,Expression,theta,size,MSE_train,MSE_val,MSE_test,R2_train,R2_val,R2_test,nll_train,nll_val,nll_test,mdl_train,mdl_val,mdl_test
0,(Abs((((Abs(x30) ^ x5) * ((x15 * 3.8856626420050016) + ((((Abs(x23) ^ ((0.9352514595358793 + (Abs(x22) ^ x5)) * x3)) / Recip((x17 + Recip((Recip(x25) * ((x6 + x22) - (x15 / (x15 * x3)))))))) * 1.8063081021423022) + x15))) - x25)) ^ (((Abs(x15) ^ x3) * -10.291416320552377) * ((x17 * -1.919344930400021) + ((((-1.0100915308813694 * x3) + ((((Abs(((x6 + x22) - (x15 / (x15 * x3)))) ^ x5) * ((x15 * -2.374963860580382) + ((Abs(((Abs(x3) ^ (Abs(x23) ^ x24)) + x15)) ^ (Abs((x19 * x15)) ^ x24)) + x15))) - x25) + x15)) * x15) - x30)))),3.8856626420050016;0.9352514595358793;1.8063081021423022;-10.291416320552377;-1.919344930400021;-1.0100915308813694;-2.374963860580382,104,5.916420684287884e-2,5.916420684287884e-2,110.36564849851051,0.7633431726284846,0.7633431726284846,-5740.221034892297,5.916420684287884e-2,5.916420684287884e-2,110.36564849851051,271.7541094490823,271.7541094490823,382.06059374074994
