id,Expression,theta,size,MSE_train,MSE_val,MSE_test,R2_train,R2_val,R2_test,nll_train,nll_val,nll_test,mdl_train,mdl_val,mdl_test
0,((Recip((Abs(((x28 + x7) + Recip(x28))) ^ ((x7 - x28) * x17))) * ((x15 - x2) / (((x27 / (Recip(x24) - (x6 * (x7 * ((Recip(x14) * x28) * -0.9975640059301772))))) / Recip((x25 * -1.0192737648199808e-2))) - Recip(x14)))) + ((Abs((Abs(((x7 * 0.457236881196201) + Recip(Recip((x13 * -0.4893301364515624))))) ^ (((Abs(x13) ^ x27) - x28) * (Abs((x4 / x13)) ^ x3)))) ^ (x11 / (x13 / x0))) * ((x7 + (x5 * x13)) - (x27 - ((x27 - (7.935859730836922e-2 / x13)) + x4))))),-0.9975640059301772;-1.0192737648199808e-2;0.457236881196201;-0.4893301364515624;7.935859730836922e-2,90,6.0207177259185195e-2,6.0207177259185195e-2,9.920354243312252e-2,0.7591712909632592,0.7591712909632592,-4.160568277370836,6.0207177259185195e-2,6.0207177259185195e-2,9.920354243312252e-2,266.5772155312369,266.5772155312369,266.61621189641085
