id,Expression,theta,size,MSE_train,MSE_val,MSE_test,R2_train,R2_val,R2_test,nll_train,nll_val,nll_test,mdl_train,mdl_val,mdl_test
0,Recip((Recip((Abs(x3) ^ x5)) + Recip((Abs((x29 / x23)) ^ (((((((Recip((x29 / ((x26 - x16) - (x21 - (x3 * x10))))) * ((x28 * (Abs(-0.5969126706324176) ^ x11)) * (Abs((x19 / x2)) ^ x14))) - ((Abs(((((((Abs(x16) ^ x17) * x29) * ((4.525149066364323 * x8) + (x27 - x6))) - x30) * x22) / x14)) ^ x9) - x22)) + Recip(Recip(x10))) / x29) * (-19.00167574497263 / (Abs(((x17 * x24) / x19)) ^ x21))) / Recip((Abs(x29) ^ ((Recip((x10 - x26)) / Recip((x13 + x10))) - x5)))) - (Recip(x10) + x5)))))),-0.5969126706324176;4.525149066364323;-19.00167574497263,103,6.610812558659844e-2,6.610812558659844e-2,0.16108945034241137,0.7355674976536062,0.7355674976536062,-7.37987320681192,6.610812558659844e-2,6.610812558659844e-2,0.16108945034241137,319.95921197430164,319.95921197430164,320.05419329905743
