id,Expression,theta,size,MSE_train,MSE_val,MSE_test,R2_train,R2_val,R2_test,nll_train,nll_val,nll_test,mdl_train,mdl_val,mdl_test
0,((x11 / ((x11 / x3) * Recip(x2))) - (((2.9457230536523484 + (x20 + Recip((x8 + (x13 - Recip(x8)))))) * (x2 - x12)) / ((Recip((((x28 / x15) / x6) / x25)) - (Abs(7.706319744208891e-3) ^ (((Abs(0.9992854116018739) ^ (Abs(x26) ^ (Abs(Recip((-0.3252941734650344 + x18))) ^ x5))) * x25) * -1.2551568285332237))) * ((((Abs(((1.8563666522842885 * (x16 * x4)) * (((x20 - (x20 / x26)) / x25) - x0))) ^ x26) + (x0 * (x6 + (x15 / x12)))) + x8) + ((0.7972996516437996 * x6) * x4))))),2.9457230536523484;7.706319744208891e-3;0.9992854116018739;-0.3252941734650344;-1.2551568285332237;1.8563666522842885;0.7972996516437996,89,1.7995627979829874e-2,1.7995627979829874e-2,4.377336314984115e-2,0.9280174880806805,0.9280174880806805,-1.2770903510546496,1.7995627979829874e-2,1.7995627979829874e-2,4.377336314984115e-2,266.97451737720723,266.97451737720723,267.0002951123773
