id,Expression,theta,size,MSE_train,MSE_val,MSE_test,R2_train,R2_val,R2_test,nll_train,nll_val,nll_test,mdl_train,mdl_val,mdl_test
0,((Abs(x15) ^ (x30 + ((Abs((-0.126680930095855 - ((x19 + x13) * x26))) ^ x7) + (Abs((x8 / (Abs((1.1548904716009236 / (x8 - Recip(((Abs(x21) ^ ((x21 / (x23 * x23)) * ((Abs((x0 * -0.3806438724220345)) ^ (x21 + x13)) - (x7 / x8)))) + x21))))) ^ -0.8085005864525723))) ^ (((Recip((x22 + x3)) * x12) - (Abs((x14 * x7)) ^ Recip(Recip((x26 / x4))))) + (Abs(((-0.8213693446345832 - x13) / (x19 / x12))) ^ (Abs((Abs(x21) ^ (-1.3437430228348937 - ((x19 + x13) * (x8 + ((x10 + 0.2812424918390206) * x30)))))) ^ ((x3 + x30) + (x18 + (x30 * -0.3025506071114889)))))))))) * 5.922990002365175),-0.126680930095855;1.1548904716009236;-0.3806438724220345;-0.8085005864525723;-0.8213693446345832;-1.3437430228348937;0.2812424918390206;-0.3025506071114889;5.922990002365175,107,6.678612306638179e-2,6.678612306638179e-2,8.013268984294472e-2,0.7328555077344728,0.7328555077344728,-3.168502525629825,6.678612306638179e-2,6.678612306638179e-2,8.013268984294472e-2,308.33800766681713,308.33800766681713,308.3513542335937
