id,Expression,theta,size,MSE_train,MSE_val,MSE_test,R2_train,R2_val,R2_test,nll_train,nll_val,nll_test,mdl_train,mdl_val,mdl_test
0,Recip(Recip((Abs((x0 / (x27 * Recip(Recip(((Abs(((Abs(x3) ^ x1) / x8)) ^ (x12 * 20.4059410420972)) / x23)))))) ^ ((Abs((((Abs(x16) ^ x25) - (x5 - x14)) - ((x27 * (x16 / x30)) / (x11 - x30)))) ^ x23) / (Abs((Abs((x0 / (x27 * Recip(Recip(x16))))) ^ ((Abs(x30) ^ x23) / (Abs(x1) ^ (x10 * 3.5258960185559367))))) ^ ((((x19 - (x12 * -2.9656418168590424)) / (x22 + x11)) * (((x1 - (x27 * -3.9001892789661294)) / (x22 + x11)) * x23)) * (x16 / x27))))))),20.4059410420972;3.5258960185559367;-2.9656418168590424;-3.9001892789661294,92,2.923093077551443e-2,2.923093077551443e-2,0.3436575007492863,0.8830762768979423,0.8830762768979423,-16.87706318897719,2.923093077551443e-2,2.923093077551443e-2,0.3436575007492863,260.27525085289494,260.27525085289494,260.5896774228687
