id,Expression,theta,size,MSE_train,MSE_val,MSE_test,R2_train,R2_val,R2_test,nll_train,nll_val,nll_test,mdl_train,mdl_val,mdl_test
0,(Abs(2.289529964402669e-3) ^ ((Abs((((Abs((x17 * x7)) ^ x7) * x20) / (Abs((((x23 - x0) * x20) / (x22 * ((Abs((x1 * x21)) ^ x23) - ((((-4.881853238289523 / x2) + x22) * x13) / (x30 * x17)))))) ^ ((Recip((((Recip(x8) * x21) + x22) * -0.4857617011642946)) * -2.737172415850668) - ((11.767238906326963 + x5) * (Recip(Recip(x0)) * (3.795192636290143 + (Abs(x22) ^ x29)))))))) ^ x8) / (Abs((((Abs((x17 / x16)) ^ (x1 / x10)) + x1) + x10)) ^ (x17 - (x11 * (Abs((((Abs(x23) ^ x26) * x17) * x5)) ^ x26)))))),2.289529964402669e-3;-4.881853238289523;-0.4857617011642946;-2.737172415850668;11.767238906326963;3.795192636290143,99,1.8164586364864e-2,1.8164586364864e-2,6.477395612078689e-2,0.927341654540544,0.927341654540544,-2.3695411974032052,1.8164586364864e-2,1.8164586364864e-2,6.477395612078689e-2,286.4981129996347,286.4981129996347,286.5447223693906
