id,Expression,theta,size,MSE_train,MSE_val,MSE_test,R2_train,R2_val,R2_test,nll_train,nll_val,nll_test,mdl_train,mdl_val,mdl_test
0,(((Abs(((((Abs(x29) ^ x23) * x29) - (x15 - x18)) * ((x21 / ((x15 + (Abs(x10) ^ x19)) / x26)) + (((x5 / x15) / (x3 * -7.595412869277154e-4)) + x28)))) ^ (x20 - x19)) - ((0.16862247726767932 - (x20 * (Abs(x29) ^ x23))) + x15)) - ((Recip(((x18 + (x24 / x30)) + ((x30 * Recip(((x18 + (x24 / x30)) + ((x30 * x10) + x20)))) + x20))) - (Abs(Recip(((x18 + (x24 / x30)) + ((x30 * x21) + x20)))) ^ (x15 - x3))) + x10)),-7.595412869277154e-4;0.16862247726767932,91,6.672419645983153e-2,6.672419645983153e-2,0.1406155719014516,0.7331032141606739,0.7331032141606739,-6.314822050313232,6.672419645983153e-2,6.672419645983153e-2,0.1406155719014516,261.89565384067424,261.89565384067424,261.9695452161158
