id,Expression,theta,size,MSE_train,MSE_val,MSE_test,R2_train,R2_val,R2_test,nll_train,nll_val,nll_test,mdl_train,mdl_val,mdl_test
0,((x24 * ((Abs((x3 + (Abs(Recip(Recip(x24))) ^ ((((Abs(((x8 + x3) / Recip(x3))) ^ (x9 * Recip(x12))) + x3) / Recip(x3)) / (Abs(x8) ^ ((Abs((x24 * -0.9351763172918635)) ^ Recip(Recip(x24))) - (x0 / (x28 * (Abs((Recip(x9) - x6)) ^ x4))))))))) ^ 10.977965928396507) + (-3.978867995147519 * ((Abs(((x8 + x28) / Recip(x3))) ^ 0.7185757836396998) + (x3 * x8))))) * 6.3968262386795915),-0.9351763172918635;10.977965928396507;-3.978867995147519;0.7185757836396998;6.3968262386795915,71,9.339089204967292e-2,9.339089204967292e-2,0.24008379739942706,0.6264364318013083,0.6264364318013083,-11.48915914071772,9.339089204967292e-2,9.339089204967292e-2,0.24008379739942706,177.53906911539568,177.53906911539568,177.68576202074541
