id,Expression,theta,size,MSE_train,MSE_val,MSE_test,R2_train,R2_val,R2_test,nll_train,nll_val,nll_test,mdl_train,mdl_val,mdl_test
0,Recip(Recip(((Abs((Abs((Abs(x5) ^ x14)) ^ x2)) ^ (((((Abs((Abs((Abs(x5) ^ x14)) ^ x29)) ^ (((((x18 * x3) - (Abs((x4 + x29)) ^ -2.8348030114801395)) + x4) - (Abs((x21 + -1.8075060973920904)) ^ x11)) + ((Abs(Recip(((Abs(((Abs((Abs(x5) ^ x14)) ^ x26) + 1.420145788868463)) ^ (((((x18 * x3) - (Abs((Recip((x22 + x22)) + x29)) ^ x11)) + x4) - (Abs((x21 + 0.5649472743055292)) ^ x11)) + (0.3452049499094982 - x30))) + (Abs(-0.9883011156465424) ^ (x10 + (Abs(x5) ^ x14)))))) ^ x13) - x3))) - x21) + x4) - (Abs(((Abs((0.21766029909478263 + x16)) ^ (x5 + x9)) + x21)) ^ x11)) + (2.593056906133918 - x30))) - x5))),-2.8348030114801395;-1.8075060973920904;1.420145788868463;0.5649472743055292;0.3452049499094982;-0.9883011156465424;0.21766029909478263;2.593056906133918,117,7.44807620630919e-2,7.44807620630919e-2,Infinity,0.7020769517476324,0.7020769517476324,-Infinity,7.44807620630919e-2,7.44807620630919e-2,Infinity,306.0876836445364,306.0876836445364,Infinity
