id,Expression,theta,size,MSE_train,MSE_val,MSE_test,R2_train,R2_val,R2_test,nll_train,nll_val,nll_test,mdl_train,mdl_val,mdl_test
0,(Abs(((x12 * (x12 * x30)) / (x27 * ((Abs((Abs((((x13 - (x10 * x14)) / (((Abs(x14) ^ x2) - (x21 * x16)) + ((((Recip((x12 * (x30 * -1.7746156446436083))) * x13) + x2) * x24) + ((((x30 * (Abs((Abs(((x30 * (x30 * -0.8537814638477048)) * x20)) ^ x12)) ^ 0.3151186950652266)) * x13) + x2) + x0)))) * x4)) ^ x4)) ^ -8.073955637841463) * x20)))) ^ x28),-1.7746156446436083;-0.8537814638477048;0.3151186950652266;-8.073955637841463,70,6.951421153917627e-2,6.951421153917627e-2,0.12336624610062126,0.721943153843295,0.721943153843295,-5.417512122154073,6.951421153917627e-2,6.951421153917627e-2,0.12336624610062126,194.91895022583824,194.91895022583824,194.9728022603997
