id,Expression,theta,size,MSE_train,MSE_val,MSE_test,R2_train,R2_val,R2_test,nll_train,nll_val,nll_test,mdl_train,mdl_val,mdl_test
0,((0.31010343081347086 + (((-3.881549030320676e-2 - x15) - (Abs(Recip((((Recip((x26 + x29)) + (Recip(x3) - x23)) / x12) - Recip(Recip(((x24 * x9) - x23)))))) ^ ((x26 + x29) * Recip((Abs(x6) ^ x5))))) - ((Abs(x6) ^ x5) / Recip((x24 - x12))))) / (((x11 + -2.0618561314498978) / Recip(x5)) + Recip((-0.6669143530823288 - x15)))),0.31010343081347086;-3.881549030320676e-2;-2.0618561314498978;-0.6669143530823288,59,2.6747202221693113e-2,2.6747202221693113e-2,4.2026445602973736e-2,0.8930111911132276,0.8930111911132276,-1.1862157002666103,2.6747202221693113e-2,2.6747202221693113e-2,4.2026445602973736e-2,161.8875656444069,161.8875656444069,161.90284488778818
