id,Expression,theta,size,MSE_train,MSE_val,MSE_test,R2_train,R2_val,R2_test,nll_train,nll_val,nll_test,mdl_train,mdl_val,mdl_test
0,(Abs(Recip((((Recip((Abs((((Abs(x9) ^ x13) + Recip(x26)) + (x0 - ((Abs(x15) ^ (x24 * x10)) / ((-14.264634441672047 / ((x18 - x23) * Recip((((x2 * x25) - Recip(x5)) * ((x22 / ((Abs(Recip(x23)) ^ (x29 + x25)) - x22)) / x25))))) * x1))))) ^ (((Abs((x27 - (x25 + x6))) ^ x0) * Recip((x16 / (x0 + (x25 * -12.475233274806925))))) + x21))) + x20) / ((x0 + (40.50622241840554 * Recip((x16 / (x25 + (-41.75433934308551 * x29)))))) - x16)) / x20))) ^ x25),-14.264634441672047;-12.475233274806925;40.50622241840554;-41.75433934308551,91,6.352557299096087e-2,6.352557299096087e-2,6816.825986067755,0.7458977080361565,0.7458977080361565,-354610.2877952311,6.352557299096087e-2,6.352557299096087e-2,6816.825986067755,280.20965918335895,280.20965918335895,7096.972119678123
