id,Expression,theta,size,MSE_train,MSE_val,MSE_test,R2_train,R2_val,R2_test,nll_train,nll_val,nll_test,mdl_train,mdl_val,mdl_test
0,((Abs(-5.5025222871758804e-5) ^ Recip((Abs(((Abs((((Recip((x28 / (x3 - (x20 * ((Abs(x14) ^ x5) - x21))))) * (Abs(x19) ^ (((-0.6639531715168345 / x25) * (x0 * (x19 * x5))) * x28))) * Recip(x13)) - x24)) ^ (x0 * x27)) + x5)) ^ (((163.9988059163913 / x0) * (x26 * x28)) * x25)))) - (x4 * x27)),-5.5025222871758804e-5;-0.6639531715168345;163.9988059163913,59,3.0052037782239808e-2,3.0052037782239808e-2,0.11593426962337527,0.8797918488710408,0.8797918488710408,-5.030900705807752,3.0052037782239808e-2,3.0052037782239808e-2,0.11593426962337527,164.43426367484707,164.43426367484707,164.5201459066882
