id,Expression,theta,size,MSE_train,MSE_val,MSE_test,R2_train,R2_val,R2_test,nll_train,nll_val,nll_test,mdl_train,mdl_val,mdl_test
0,(4.189813487530446 * Recip(((((Recip((Recip(x21) + ((x27 + x9) + (1.2137575478363172 + (x12 + x21))))) * (Abs(((Abs((Abs((x21 - x4)) ^ x12)) ^ (x19 + (Abs((Abs(x2) ^ x25)) ^ (Recip(x21) + -0.422754736790826)))) + (Abs(-1.5828976520121814) ^ Recip(x27)))) ^ (((x15 + x5) / x21) / (Abs((x15 * (Recip((x20 - x4)) / x5))) ^ (x26 - x12))))) / x21) * 0.19068398488315297) + (3.7462478244092754 + x27)))),4.189813487530446;1.2137575478363172;-0.422754736790826;-1.5828976520121814;0.19068398488315297;3.7462478244092754,72,7.684810544639879e-2,7.684810544639879e-2,7.367363341340132e-2,0.6926075782144048,0.6926075782144048,-2.83250241016499,7.684810544639879e-2,7.684810544639879e-2,7.367363341340132e-2,191.46538175126503,191.46538175126503,191.46220727923202
