id,Expression,theta,size,MSE_train,MSE_val,MSE_test,R2_train,R2_val,R2_test,nll_train,nll_val,nll_test,mdl_train,mdl_val,mdl_test
0,Recip(Recip(((Abs((x1 * 1.761764576783663e-5)) ^ (Abs((Recip((((Abs(0.507968231812514) ^ (Abs(x1) ^ x17)) * x5) - x12)) / ((Recip((x1 + (x14 / x27))) / (Abs(Recip(x25)) ^ -1.9940582663900686)) / ((x8 - x18) - x26)))) ^ (Abs(x27) ^ x17))) + Recip(Recip((((((x1 / (x1 + (x14 / x2))) - (((Recip((x4 + 5.811030809211661)) / Recip(x25)) / ((Recip((x25 + (x26 / x27))) / (Abs((Recip(x17) - (x25 / x27))) ^ -6.157922438040665)) / ((x8 - x24) - x26))) / Recip(x19))) * (x21 + x12)) / x13) * (x15 + (x25 * x25)))))))),1.761764576783663e-5;0.507968231812514;-1.9940582663900686;5.811030809211661;-6.157922438040665,100,5.1514409320804394e-2,5.1514409320804394e-2,3.461664116250525e10,0.7939423627167824,0.7939423627167824,-1.8007576732724543e12,5.1514409320804394e-2,5.1514409320804394e-2,3.461664116250525e10,295.6105206316798,295.6105206316798,3.4616641458064255e10
