id,Expression,theta,size,MSE_train,MSE_val,MSE_test,R2_train,R2_val,R2_test,nll_train,nll_val,nll_test,mdl_train,mdl_val,mdl_test
0,Recip(((Abs(((((Recip((x19 * x20)) / (Abs(x20) ^ x16)) * x27) - ((x19 / x15) / (Abs((Abs(x20) ^ Recip((x18 - x23)))) ^ (((x11 / x21) / (x11 * x30)) / x21)))) + (x18 - ((x19 / x12) / (Abs(((Abs(x17) ^ (((x27 / (Abs(x8) ^ (x11 - x3))) / x10) + (4.733980883534019 - ((x30 - x17) / (Abs(3.321140237446402) ^ x5))))) - x26)) ^ (((Abs(x6) ^ x17) + x5) / x5)))))) ^ Recip((Abs((x24 + ((11.920829750732032 / (x27 / (Abs(x30) ^ x19))) * Recip(x15)))) ^ x16))) + (((x20 * (x20 * x21)) - x18) - x12))),4.733980883534019;3.321140237446402;11.920829750732032,107,2.2195916812538553e-2,2.2195916812538553e-2,6.316796325558477e-2,0.9112163327498458,0.9112163327498458,-2.2859974485553947,2.2195916812538553e-2,2.2195916812538553e-2,6.316796325558477e-2,312.79946356687486,312.79946356687486,312.8404356133179
