id,Expression,theta,size,MSE_train,MSE_val,MSE_test,R2_train,R2_val,R2_test,nll_train,nll_val,nll_test,mdl_train,mdl_val,mdl_test
0,Recip(((Abs(((-3.7534735313735275 / ((Abs(x25) ^ x10) + (0.521986868795675 * (Abs(x25) ^ x10)))) * Recip((Abs(((x2 + x18) + (x15 + x19))) ^ ((x13 * x24) / (Abs(x5) ^ (x6 - x2))))))) ^ x18) + (Abs(((x0 / (x29 / Recip(x16))) / (Recip(x16) / ((Recip(((Abs(Recip(((x18 / (Abs((Recip(x16) / x26)) ^ x6)) * (x7 - (Abs(Recip(x30)) ^ x28))))) ^ x30) + 2.1532578271866467)) + x25) / ((Abs(x1) ^ x29) / (Recip(((Abs((Abs(x29) ^ x26)) ^ x3) + 2.2674566371114077e-2)) * -5.229195790287757)))))) ^ (Recip((x27 * Recip((28.261430589088146 * (Abs((x4 + x0)) ^ x10))))) / Recip(x9))))),-3.7534735313735275;0.521986868795675;2.1532578271866467;2.2674566371114077e-2;-5.229195790287757;28.261430589088146,110,3.878796823020983e-2,3.878796823020983e-2,0.10209614264632012,0.8448481270791607,0.8448481270791607,-4.31104134046137,3.878796823020983e-2,3.878796823020983e-2,0.10209614264632012,326.6664834769182,326.6664834769182,326.72979165133427
