id,Expression,theta,size,MSE_train,MSE_val,MSE_test,R2_train,R2_val,R2_test,nll_train,nll_val,nll_test,mdl_train,mdl_val,mdl_test
0,((x28 + (x8 * ((x6 + Recip((((x17 / (x6 * x25)) + ((Abs((x26 + x1)) ^ x13) / x0)) * (((x22 - x29) * x6) - Recip(((x9 - ((x28 + (x8 * ((x6 + (11.664421701386477 + x23)) - Recip(Recip(((x23 * -10.928225060303614) / x22)))))) / (((9.629149864651891 * x24) + x29) - (x6 + Recip(x7))))) + Recip((21.865064186108228 * x24)))))))) - Recip(Recip(((x23 * -7.233006167326092) / x22)))))) / (((87.9862951609955 * x24) + x29) - x15)),11.664421701386477;-10.928225060303614;9.629149864651891;21.865064186108228;-7.233006167326092;87.9862951609955,80,2.0333836411335352e-2,2.0333836411335352e-2,3.997741044985773,0.9186646543546586,0.9186646543546586,-206.96248916015196,2.0333836411335352e-2,2.0333836411335352e-2,3.997741044985773,247.72437689481416,247.72437689481416,251.7017841033886
