id,Expression,theta,size,MSE_train,MSE_val,MSE_test,R2_train,R2_val,R2_test,nll_train,nll_val,nll_test,mdl_train,mdl_val,mdl_test
0,Recip((((Abs(-59.44930180883338) ^ Recip((x22 * Recip(x5)))) * (x17 - ((x13 + (((Abs(x28) ^ x30) - Recip(x30)) + 5.45263821367435)) * x30))) + (Abs(-32.94760894246729) ^ (x8 + x26)))),-59.44930180883338;5.45263821367435;-32.94760894246729,32,6.678884075306186e-2,6.678884075306186e-2,0.779956043645189,0.7328446369877526,0.7328446369877526,-39.573313390421184,6.678884075306186e-2,6.678884075306186e-2,0.779956043645189,76.59945139959555,76.59945139959555,77.31261860248767
