id,Expression,theta,size,MSE_train,MSE_val,MSE_test,R2_train,R2_val,R2_test,nll_train,nll_val,nll_test,mdl_train,mdl_val,mdl_test
0,(Abs((Abs((((Abs(x24) ^ (Abs((Abs((((((Abs(((0.5383422156858504 * (x24 - x22)) + (x14 + Recip(x5)))) ^ ((((x17 + (x14 * x0)) * x12) - Recip(Recip(x17))) + x13)) * (x24 - x22)) + (Recip((x4 - (x23 - x9))) + x21)) + 0.5619762608362546) + 0.5251003284512266)) ^ (((x0 + -0.3012498447380587) + (x19 + x24)) - (Abs(x0) ^ (((-1.949007243971322 * x0) / x6) + (Abs(x24) ^ x21)))))) ^ (-0.42231884092842453 * x16))) + -0.17827289068876295) - (x6 - x14))) ^ ((x17 + (x14 * x28)) - (Abs(x17) ^ ((x30 / x6) + (Abs(x24) ^ x21)))))) ^ (12.27684667831431 * x14)),0.5383422156858504;0.5619762608362546;0.5251003284512266;-0.3012498447380587;-1.949007243971322;-0.42231884092842453;-0.17827289068876295;12.27684667831431,103,5.930066345442573e-2,5.930066345442573e-2,6.24931063774999e153,0.7627973461822971,0.7627973461822971,-3.2508913937574205e155,5.930066345442573e-2,5.930066345442573e-2,6.24931063774999e153,295.6183068858134,295.6183068858134,6.24931063774999e153
