id,Expression,theta,size,MSE_train,MSE_val,MSE_test,R2_train,R2_val,R2_test,nll_train,nll_val,nll_test,mdl_train,mdl_val,mdl_test
0,(((Abs((Recip((x22 + x3)) / x25)) ^ ((x3 * (((Abs(x20) ^ x10) - x1) - (((Abs((-2.370180688864168e-2 / Recip((x21 * x3)))) ^ ((((x10 - x24) - (Abs(x0) ^ x29)) * (((-0.7886469638483038 * (x10 - x24)) - x10) - x29)) + x0)) * ((Abs(x12) ^ ((x10 - x24) - ((Abs(((Abs((x29 - x11)) ^ ((x29 * 1.3148574048501933) - x18)) - (Abs(((x5 / x3) * ((x10 * x3) * x9))) ^ (x29 / (Abs(x3) ^ (Abs(x2) ^ x10)))))) ^ (((x8 + x15) / (x18 - x12)) - x18)) + 1.1738113430661878))) - x3)) + -2.5009905590107175))) + x25)) * (x28 - x3)) + 0.10572423174682927),-2.370180688864168e-2;-0.7886469638483038;1.3148574048501933;1.1738113430661878;-2.5009905590107175;0.10572423174682927,109,0.1279826810331442,0.1279826810331442,Infinity,0.4880692758674232,0.4880692758674232,-Infinity,0.1279826810331442,0.1279826810331442,Infinity,322.6795399451599,322.6795399451599,Infinity
