id,Expression,theta,size,MSE_train,MSE_val,MSE_test,R2_train,R2_val,R2_test,nll_train,nll_val,nll_test,mdl_train,mdl_val,mdl_test
0,(x28 / (x11 + (x27 + (Recip((Abs((x28 + ((Recip(x7) * (x4 * x14)) + -0.20038518233694175))) ^ (((12.579636245985773 / (x13 * (Recip(((x11 + (x1 + (x2 + x12))) - x5)) / (x1 + (x4 * x14))))) + x20) / (Recip(((x11 + (x1 + (Recip(x7) + -1.8992458733445894))) - (x30 * ((x2 + x11) * (((Abs((x21 + x4)) ^ x19) + ((x15 - x11) - x13)) * (x14 - ((x11 / x27) + (((Abs(x9) ^ (Recip(x7) * x0)) * x14) - x11)))))))) / (x28 + (x4 * x30)))))) + x4)))),-0.20038518233694175;12.579636245985773;-1.8992458733445894,96,3.341500037793426e-2,3.341500037793426e-2,0.15864048505239794,0.8663399984882629,0.8663399984882629,-7.252478032425426,3.341500037793426e-2,3.341500037793426e-2,0.15864048505239794,299.3888667131206,299.3888667131206,299.51409219779504
