id,Expression,theta,size,MSE_train,MSE_val,MSE_test,R2_train,R2_val,R2_test,nll_train,nll_val,nll_test,mdl_train,mdl_val,mdl_test
0,(((x6 * -0.8931394432571204) + x24) + Recip((((x10 * (Recip((Recip(((Abs((x6 / x16)) ^ 1.7155149249991495) * (((0.325071272697625 * x5) + -0.31974077892329494) + (x6 / (x26 + x4))))) - x24)) * Recip((x11 / (Abs(x10) ^ -1.1669389930086234))))) / x10) + ((x1 / x30) + x28)))),-0.8931394432571204;1.7155149249991495;0.325071272697625;-0.31974077892329494;-1.1669389930086234,47,0.1281855186275633,0.1281855186275633,0.5391252483668797,0.4872579254897468,0.4872579254897468,-27.045295420044013,0.1281855186275633,0.1281855186275633,0.5391252483668797,130.19491462395496,130.19491462395496,130.60585435369427
