id,Expression,theta,size,MSE_train,MSE_val,MSE_test,R2_train,R2_val,R2_test,nll_train,nll_val,nll_test,mdl_train,mdl_val,mdl_test
0,(Abs(0.5910125162580536) ^ (Abs((x10 * ((Abs(((x26 - x28) * (x29 * (x0 + x11)))) ^ (x2 * (((x23 * x27) * ((((Recip(x30) * (x9 - x20)) - Recip((Abs((x10 / x23)) ^ x9))) - (((x11 * x16) * (x29 - x12)) * Recip((x5 - (x1 * x5))))) + ((Abs(Recip(Recip((x17 / (x5 * Recip((x4 / x28))))))) ^ (Abs((Abs(-0.8698369028726464) ^ x12)) ^ x14)) * (Abs(Recip((x5 * 0.6048181333981599))) ^ ((x30 * 2.897480064577814) / (x15 + x5)))))) + -7.803720894771137))) + (Abs(((x12 + x18) * x10)) ^ Recip(((x11 - x1) / x28)))))) ^ 1.4665605337641177)),0.5910125162580536;-0.8698369028726464;0.6048181333981599;2.897480064577814;-7.803720894771137;1.4665605337641177,104,0.10448091781029012,0.10448091781029012,0.11040471782879314,0.5820763287588395,0.5820763287588395,-4.7432534214536,0.10448091781029012,0.10448091781029012,0.11040471782879314,316.66390938445466,316.66390938445466,316.66983318447313
