id,Expression,theta,size,MSE_train,MSE_val,MSE_test,R2_train,R2_val,R2_test,nll_train,nll_val,nll_test,mdl_train,mdl_val,mdl_test
0,(((((Recip(x21) - (x19 / x26)) + (x6 * -0.4917517823104538)) / (Abs((((((Recip(x4) - x15) / (((x5 + -1.0051141675176345) + x26) / Recip(x18))) * (((((x26 + x16) * (((x11 - (x14 / x22)) / x26) / x22)) / x26) * (((Abs(x5) ^ x22) + x7) - x15)) - (Recip((((x6 / x26) - x29) * x17)) / x4))) / (x16 + x7)) + (Abs(((x6 / x26) - x15)) ^ (x6 + ((x23 + x7) * x10))))) ^ x26)) / (x15 + x19)) * 5.168556419382625e-3),-0.4917517823104538;-1.0051141675176345;5.168556419382625e-3,88,6.783274692741707e-2,6.783274692741707e-2,0.11129004618177053,0.7286690122903317,0.7286690122903317,-4.789308202375482,6.783274692741707e-2,6.783274692741707e-2,0.11129004618177053,270.2024083265028,270.2024083265028,270.2458656257571
