id,Expression,theta,size,MSE_train,MSE_val,MSE_test,R2_train,R2_val,R2_test,nll_train,nll_val,nll_test,mdl_train,mdl_val,mdl_test
0,(Abs((Abs(((Recip(Recip(x9)) + x11) * x22)) ^ Recip(Recip(x9)))) ^ (((x5 * x6) + (Abs(((Abs(x15) ^ x16) * -889.6814414380297)) ^ ((-0.5558629846283522 - x29) + ((Abs(x25) ^ x28) + (x30 * (((Abs((Abs(((((Abs((Abs(x15) ^ x2)) ^ x22) * (Abs(x13) ^ x18)) + x11) * (Abs(x13) ^ x18))) ^ (x5 * x16))) ^ x13) * (Abs((Abs(((x29 - (Abs(x15) ^ x22)) * (Abs(Recip((Abs((Abs(x25) ^ x15)) ^ x8))) ^ x5))) ^ x30)) ^ Recip(x26))) * Recip(x19))))))) + x15)),-889.6814414380297;-0.5558629846283522,95,0.10331923993636861,0.10331923993636861,0.1886368525494429,0.5867230402545256,0.5867230402545256,-8.812889069621646,0.10331923993636861,0.10331923993636861,0.1886368525494429,244.67186808241004,244.67186808241004,244.7571856950231
