id,Expression,theta,size,MSE_train,MSE_val,MSE_test,R2_train,R2_val,R2_test,nll_train,nll_val,nll_test,mdl_train,mdl_val,mdl_test
0,(Abs(((x25 * x23) / ((x1 - x25) + (Abs(Recip(x17)) ^ ((((-0.2609168211987199 + (((Abs(Recip(x27)) ^ (x6 - x11)) + (0.9278266537215347 * x4)) - x8)) * ((x3 * 19.702777229810412) * x11)) + (x21 * (x21 * -36.0374087463646))) * -33.09466011766497))))) ^ x21),-0.2609168211987199;0.9278266537215347;19.702777229810412;-36.0374087463646;-33.09466011766497,44,8.645278660872256e-2,8.645278660872256e-2,9.113981619274622e-2,0.6541888535651097,0.6541888535651097,-3.741093238346477,8.645278660872256e-2,8.645278660872256e-2,9.113981619274622e-2,118.59169486035147,118.59169486035147,118.5963818899355
