id,Expression,theta,size,MSE_train,MSE_val,MSE_test,R2_train,R2_val,R2_test,nll_train,nll_val,nll_test,mdl_train,mdl_val,mdl_test
0,(Recip(Recip((Abs(x16) ^ x15))) - (Abs((Recip(Recip((((x6 * 23.27223911900332) + x13) + (x24 - x30)))) * (x21 + x15))) ^ Recip(((Abs(((Recip((Abs(((-0.4644225888951704 * (x9 + x10)) / ((x3 / x13) - (x6 / x29)))) ^ (((x24 * x10) + x16) * (Abs(((x9 + x21) + (x20 - x25))) ^ (Abs(x15) ^ -0.2712606316285408))))) + ((Abs((((x17 * (x12 - (x5 * 0.6464302040101702))) * x13) * x7)) ^ x15) / (x3 - (x2 - ((x8 + x6) / x28))))) / x3)) ^ ((10.006165287943764 * (Abs(x2) ^ x15)) * (x12 - (x5 * 0.856737806086381)))) * Recip(x11))))),23.27223911900332;-0.4644225888951704;-0.2712606316285408;0.6464302040101702;10.006165287943764;0.856737806086381,104,8.334221920453425e-2,8.334221920453425e-2,Infinity,0.666631123181863,0.666631123181863,-Infinity,8.334221920453425e-2,8.334221920453425e-2,Infinity,319.9749751960241,319.9749751960241,Infinity
