id,Expression,theta,size,MSE_train,MSE_val,MSE_test,R2_train,R2_val,R2_test,nll_train,nll_val,nll_test,mdl_train,mdl_val,mdl_test
0,(Abs(((x13 - x29) / ((Abs((Abs(((Abs(x25) ^ x11) + x23)) ^ (((Abs(x14) ^ x3) / ((Abs(x1) ^ x11) + x23)) - Recip(x15)))) ^ (((Abs((x7 / (x21 / (-0.5247871631999087 + x10)))) ^ (((x18 - x2) + (Abs((x2 - (Abs(((Abs(x25) ^ x11) + x13)) ^ x10))) ^ (x9 / x21))) + (x10 - Recip(x1)))) * (((Abs(x5) ^ (Abs((4.272513511856087e-2 / x10)) ^ x4)) + (x21 * (x21 * (x28 - (Abs((Recip(x15) * ((Abs(((Abs(x25) ^ (Abs(x12) ^ x28)) + x23)) ^ x10) * 0.7805087834629796))) ^ x30))))) / x11)) * x30)) + x21))) ^ x11),-0.5247871631999087;4.272513511856087e-2;0.7805087834629796,108,0.11677332114136693,0.11677332114136693,Infinity,0.5329067154345323,0.5329067154345323,-Infinity,0.11677332114136693,0.11677332114136693,Infinity,303.33376499353966,303.33376499353966,Infinity
