id,Expression,theta,size,MSE_train,MSE_val,MSE_test,R2_train,R2_val,R2_test,nll_train,nll_val,nll_test,mdl_train,mdl_val,mdl_test
0,(((14.389635337802773 - (x13 + Recip(x3))) - ((x22 + ((Abs((x22 * x22)) ^ (x11 + (Abs(x24) ^ x18))) * -7.287008823427021)) - (Abs((x0 + (Recip(Recip(((x8 / x2) / (x8 / x16)))) + (Recip(Recip(x6)) * (x9 * (x25 * -0.17419896326276157)))))) ^ x22))) * Recip(Recip(x0))),14.389635337802773;-7.287008823427021;-0.17419896326276157,51,0.12390591219287656,0.12390591219287656,0.37864254897780847,0.5043763512284938,0.5043763512284938,-18.696985397824843,0.12390591219287656,0.12390591219287656,0.37864254897780847,143.91905504278444,143.91905504278444,144.17379167956938
