id,Expression,theta,size,MSE_train,MSE_val,MSE_test,R2_train,R2_val,R2_test,nll_train,nll_val,nll_test,mdl_train,mdl_val,mdl_test
0,(Abs((Abs(x2) ^ ((Abs(x12) ^ 0.2279724593395233) - x5))) ^ (Abs((((Abs(x28) ^ -4.180448097918642) - x5) + Recip(((Abs((Abs((x15 * x30)) ^ (Abs(x7) ^ x9))) ^ ((x28 * (Abs(x15) ^ x18)) + 0.6301713572497555)) - (x13 + -1.0180406471432548))))) ^ (((Recip(x25) - Recip((x8 - x6))) * ((Abs((x20 - x13)) ^ 1.628464857406634) * ((-6.264418514513569 * (x1 + -2.779323020661562)) * (x19 + x30)))) - (((x13 - x18) - ((((x18 + x29) / x12) + x9) + x24)) + x26)))),0.2279724593395233;-4.180448097918642;0.6301713572497555;-1.0180406471432548;1.628464857406634;-6.264418514513569;-2.779323020661562,84,4.000083168111038e-2,4.000083168111038e-2,Infinity,0.8399966732755585,0.8399966732755585,-Infinity,4.000083168111038e-2,4.000083168111038e-2,Infinity,241.1391446452708,241.1391446452708,Infinity
