id,Expression,theta,size,MSE_train,MSE_val,MSE_test,R2_train,R2_val,R2_test,nll_train,nll_val,nll_test,mdl_train,mdl_val,mdl_test
0,(Abs(((Abs((Abs((Abs((Abs(x23) ^ Recip(x3))) ^ x6)) ^ x5)) ^ Recip(x19)) / ((x17 + x4) / x18))) ^ (Abs((x1 + (x1 + (Recip(x24) / (Abs(((x6 - x19) + (Recip(x12) - (x24 / x10)))) ^ (Abs(Recip(Recip((Abs(((((x17 + x4) / x0) / (x27 / x6)) - ((Abs(x20) ^ x26) / x27))) ^ (Abs(x21) ^ x6))))) ^ x13)))))) ^ (((Abs(((-0.1474212955982405 / (Abs(x4) ^ x23)) / x9)) ^ ((x0 - (x4 * 57.29422159464745)) - x28)) * ((x1 + ((x5 * x0) * (Abs(x0) ^ ((x0 - (x29 * -10.144083458018303)) - x28)))) * 138.0432371796056)) + x4))),-0.1474212955982405;57.29422159464745;-10.144083458018303;138.0432371796056,109,5.068786592254196e-2,5.068786592254196e-2,Infinity,0.7972485363098322,0.7972485363098322,-Infinity,5.068786592254196e-2,5.068786592254196e-2,Infinity,316.6101163325669,316.6101163325669,Infinity
