id,Expression,theta,size,MSE_train,MSE_val,MSE_test,R2_train,R2_val,R2_test,nll_train,nll_val,nll_test,mdl_train,mdl_val,mdl_test
0,(((((((Abs((((((x15 - ((Abs(Recip(Recip(x1))) ^ (x13 - x27)) + (x12 * x8))) + x26) - x13) / (Recip(x20) - x22)) * Recip(Recip((x12 + 8.53531817398209e-2))))) ^ (-3.754187322548416e-2 * x6)) + 1.4500531619463812) + (x5 - (((((-0.8931628770368762 / ((Abs(x15) ^ x1) / (x26 + 7.437413339461817e-2))) + -1.4022622214985738) + (x5 - x13)) * (Abs((Abs(x26) ^ x20)) ^ Recip(x20))) + -0.3698109049333898))) * (Recip(((Recip(x23) - Recip((x13 / (x7 - x22)))) * (Abs((x2 - (x11 / x6))) ^ x21))) / ((x16 + x22) + x16))) + -0.646668641955967) + x12) - (x21 - ((x12 + 8.960011115358713) * x6))),8.53531817398209e-2;-3.754187322548416e-2;1.4500531619463812;-0.8931628770368762;7.437413339461817e-2;-1.4022622214985738;-0.3698109049333898;-0.646668641955967;8.960011115358713,104,6.0897888481388905e-2,6.0897888481388905e-2,2.449480342600726,0.7564084460744444,0.7564084460744444,-126.4219674220849,6.0897888481388905e-2,6.0897888481388905e-2,2.449480342600726,311.5101732625801,311.5101732625801,313.89875571669944
