id,Expression,theta,size,MSE_train,MSE_val,MSE_test,R2_train,R2_val,R2_test,nll_train,nll_val,nll_test,mdl_train,mdl_val,mdl_test
0,((((11.108257000387416 - ((Abs((Abs(((x30 / (((Abs(((x18 / x3) * x3)) ^ x15) + (-4.079667848853607 * x3)) / ((x22 * x27) + ((x30 + x22) / (x7 / x8))))) * (x11 * x10))) ^ x22)) ^ (x24 * 4.0860329607968975)) / x27)) - x22) / (x18 / x3)) * x18),11.108257000387416;-4.079667848853607;4.0860329607968975,50,5.648604724642715e-2,5.648604724642715e-2,0.15395659011684104,0.7740558110142914,0.7740558110142914,-7.008821817877765,5.648604724642715e-2,5.648604724642715e-2,0.15395659011684104,133.2175132178886,133.2175132178886,133.31498376075902
