id,Expression,theta,size,MSE_train,MSE_val,MSE_test,R2_train,R2_val,R2_test,nll_train,nll_val,nll_test,mdl_train,mdl_val,mdl_test
0,(((Abs((-0.5103266965538623 - (Abs(x2) ^ 0.8530232216492372))) ^ x0) * ((Abs((((x1 * ((x17 * x10) + x19)) + 4.4975793390643354e-3) - x22)) ^ ((Recip(((Abs((-2.035742626987174 - ((x20 - x23) * x2))) ^ x28) / x23)) + x9) * ((x25 / x0) - (x7 * x12)))) * (x15 * ((((x0 * 1.3795061724522546) + (Abs(((x0 * (((Abs(x14) ^ x30) * Recip((Abs(x23) ^ x15))) - x12)) * ((((x24 * x10) + 1.0322294999668917) - x22) + 1.7480569763335503))) ^ x17)) - ((x10 + x6) / Recip((x12 - x4)))) + 10.08048441724384)))) + -0.3100804456392548),-0.5103266965538623;0.8530232216492372;4.4975793390643354e-3;-2.035742626987174;1.3795061724522546;1.0322294999668917;1.7480569763335503;10.08048441724384;-0.3100804456392548,93,0.121622151629769,0.121622151629769,1.3896720274281064e8,0.513511393480924,0.513511393480924,-7.229073885680733e9,0.121622151629769,0.121622151629769,1.3896720274281064e8,283.5635926280021,283.5635926280021,1.389674861847811e8
