id,Expression,theta,size,MSE_train,MSE_val,MSE_test,R2_train,R2_val,R2_test,nll_train,nll_val,nll_test,mdl_train,mdl_val,mdl_test
0,(Abs(((x29 - x26) + ((Abs(x21) ^ (((Recip(x7) - x28) - x11) * (x17 + x3))) * x29))) ^ (Abs(((x26 - ((Abs(x11) ^ x29) - x26)) + ((Abs(x20) ^ x29) * -2.0121237456795185))) ^ (Abs((x12 - (Abs(x25) ^ -22.69671647479495))) ^ ((Abs((x15 - ((((Recip(x7) - x28) - x11) * x3) + (x1 + 1.4188252503582037e-2)))) ^ 11.545432635634773) * (x23 / (Abs(x25) ^ (((-0.6523829573615707 * ((Recip(x29) * x26) - x14)) * (x13 / x29)) / ((((x29 - x26) + x29) + ((x15 - x30) * x28)) / (x15 - x30))))))))),-2.0121237456795185;-22.69671647479495;1.4188252503582037e-2;11.545432635634773;-0.6523829573615707,97,2.541998339916539e-2,2.541998339916539e-2,4.823046044894275e10,0.8983200664033384,0.8983200664033384,-2.5089485525529063e12,2.541998339916539e-2,2.541998339916539e-2,4.823046044894275e10,279.6941570540184,279.6941570540184,4.823046072861149e10
