id,Expression,theta,size,MSE_train,MSE_val,MSE_test,R2_train,R2_val,R2_test,nll_train,nll_val,nll_test,mdl_train,mdl_val,mdl_test
0,Recip((((x21 + (((x19 + (4767.416725015872 + x16)) * x3) - Recip((Recip((x15 - (Abs(x12) ^ ((x14 + x12) * ((x15 * x21) * (x12 + (((x12 + (((-0.829361186272175 + x21) * x12) + -0.8554574743209981)) * (0.8553617618444541 * x21)) - x21))))))) - Recip((x14 * x1)))))) * (x15 * x21)) - Recip(((x16 - (x0 * x22)) - (Abs(Recip(x11)) ^ (x15 * ((x12 + (4105.719696549026 + (x22 * (x12 * x21)))) * (x21 * x5)))))))),4767.416725015872;-0.829361186272175;-0.8554574743209981;0.8553617618444541;4105.719696549026,79,8.254810571402803e-2,8.254810571402803e-2,0.45945897523345175,0.6698075771438878,0.6698075771438878,-22.901055891643246,8.254810571402803e-2,8.254810571402803e-2,0.45945897523345175,222.6411734637187,222.6411734637187,223.0180843332381
