id,Expression,theta,size,MSE_train,MSE_val,MSE_test,R2_train,R2_val,R2_test,nll_train,nll_val,nll_test,mdl_train,mdl_val,mdl_test
0,(Abs(((((x20 + x13) - x20) * ((((x18 - x5) / ((((x27 + x28) - x12) + x26) * 3.215428718922698e-3)) / (Abs((((Abs(x11) ^ x29) + (Abs(x0) ^ 7.902140975832345)) * x17)) ^ (-30.345153178361656 * (x4 + (x14 * x22))))) / ((Abs((x5 - x8)) ^ ((x23 - x16) + x9)) - ((x14 / Recip(x7)) / (Recip(x8) - x5))))) / ((x23 + (x1 + x14)) - x20))) ^ (Abs(x26) ^ (Abs((x4 / ((Abs(0.986411068759211) ^ (Abs(x6) ^ 0.18019801325538276)) + ((7.983556986556024e-2 - (x24 * x27)) + (Recip(x6) * Recip(((Abs((x23 + x13)) ^ -2.5820350992640035) * x10))))))) ^ x12))),3.215428718922698e-3;7.902140975832345;-30.345153178361656;0.986411068759211;0.18019801325538276;7.983556986556024e-2;-2.5820350992640035,105,9.475446850291629e-2,9.475446850291629e-2,0.13923135207591184,0.6209821259883348,0.6209821259883348,-6.242814934988657,9.475446850291629e-2,9.475446850291629e-2,0.13923135207591184,326.3235388945918,326.3235388945918,326.3680157781648
