id,Expression,theta,size,MSE_train,MSE_val,MSE_test,R2_train,R2_val,R2_test,nll_train,nll_val,nll_test,mdl_train,mdl_val,mdl_test
0,(-0.6564580684690691 + (x9 * 9.49169041406242)),-0.6564580684690691;9.49169041406242,5,4.956875038418238e-2,4.956875038418238e-2,8.59299548766622e-2,0.8017249984632705,0.8017249984632705,-3.470076252683797,4.956875038418238e-2,4.956875038418238e-2,8.59299548766622e-2,6.981040555983635,6.981040555983635,7.017401760476115
