id,Expression,theta,size,MSE_train,MSE_val,MSE_test,R2_train,R2_val,R2_test,nll_train,nll_val,nll_test,mdl_train,mdl_val,mdl_test
0,(Abs((((Abs(x6) ^ x19) * ((0.5827303932217869 - (x11 - x25)) - x25)) + x23)) ^ Recip((Recip(x6) * Recip(Recip((Abs((Recip(x6) + ((Abs(x6) ^ (Abs(x6) ^ x8)) - Recip((x6 - x22))))) ^ (((Abs(x26) ^ ((((0.8055393948160522 * (x22 / x28)) + x23) - x24) - (x3 * 0.14041806951202293))) * ((-1.375109223223222 - (((Abs(x6) ^ x19) * x6) + x22)) - x25)) - (x5 + x30)))))))),0.5827303932217869;0.8055393948160522;0.14041806951202293;-1.375109223223222,72,6.821216239920512e-2,6.821216239920512e-2,1.9705849166840872e173,0.7271513504031795,0.7271513504031795,-1.025098273659023e175,6.821216239920512e-2,6.821216239920512e-2,1.9705849166840872e173,194.7908099434086,194.7908099434086,1.9705849166840872e173
