id,Expression,theta,size,MSE_train,MSE_val,MSE_test,R2_train,R2_val,R2_test,nll_train,nll_val,nll_test,mdl_train,mdl_val,mdl_test
0,Recip(((x3 + (Recip(x6) * (((x6 - x0) + x10) + (-1.3742844093658337 * (((x3 / (x12 + x15)) * x30) * x7))))) + (Recip((Recip(x3) / (Abs(x15) ^ (x19 + 2.4734982299450183)))) * Recip((Abs(x19) ^ (x1 * (Abs(((((((x23 + Recip(x19)) + (x14 - x30)) - x13) + ((-0.31293073078312644 * (((x3 / (x3 + x15)) * x30) * x7)) + x30)) - ((Abs(x28) ^ 5.673814397560565) - Recip(x17))) + (Abs(((((x30 - (x10 / x0)) * (Abs(x23) ^ x8)) / x11) * x16)) ^ x15))) ^ (x18 + (x3 / x0))))))))),-1.3742844093658337;2.4734982299450183;-0.31293073078312644;5.673814397560565,98,0.11072524651829875,0.11072524651829875,9.805064070178483e-2,0.557099013926805,0.557099013926805,-4.100594329306652,0.11072524651829875,0.11072524651829875,9.805064070178483e-2,299.85560674449465,299.85560674449465,299.8429321386781
