id,Expression,theta,size,MSE_train,MSE_val,MSE_test,R2_train,R2_val,R2_test,nll_train,nll_val,nll_test,mdl_train,mdl_val,mdl_test
0,(Abs((Recip((x10 - Recip(x15))) / Recip((((2.3540946297561947 * x25) + (Abs(x3) ^ x26)) * ((Abs(x24) ^ 0.25506878257909393) / x16))))) ^ (Abs(((((2.0874608591472756 / Recip(x26)) / x29) / (x12 * ((Abs(-0.7914755746345663) ^ x17) / x16))) - ((Abs(((2.460882164102268 / Recip(x26)) / (Recip(Recip(((x29 / x13) / (x24 * x9)))) - (x26 * (x27 + x28))))) ^ x29) - (x2 - x27)))) ^ (Abs((x29 - (Abs(((x2 - x18) / x6)) ^ x10))) ^ ((Abs((((x0 / x29) / (Abs(x28) ^ x19)) - ((Abs((x0 / x29)) ^ (Abs(x7) ^ Recip(x6))) - (x22 - x27)))) ^ (x24 * x9)) - x11)))),2.3540946297561947;0.25506878257909393;2.0874608591472756;-0.7914755746345663;2.460882164102268,111,5.859890439272159e-2,5.859890439272159e-2,2.0298678420204006e40,0.7656043824291137,0.7656043824291137,-1.055937251418972e42,5.859890439272159e-2,5.859890439272159e-2,2.0298678420204006e40,333.4208860730537,333.4208860730537,2.0298678420204006e40
