id,Expression,theta,size,MSE_train,MSE_val,MSE_test,R2_train,R2_val,R2_test,nll_train,nll_val,nll_test,mdl_train,mdl_val,mdl_test
0,(Abs((x24 * (Recip((((x3 / x28) * 2.4871349518611052) * ((((Abs(x22) ^ x25) + (Abs(x13) ^ ((x26 * (((x14 * 5.269999824805994) * -3.5180333482102935) + x18)) * Recip((x16 / Recip(x18)))))) * -1.621897902605996) * (x14 * -3.017974186544779)))) * (Recip((Abs(x16) ^ (x2 * x21))) / (x14 / ((x5 - x4) * -2.4918548399467246)))))) ^ x25),2.4871349518611052;5.269999824805994;-3.5180333482102935;-1.621897902605996;-3.017974186544779;-2.4918548399467246,57,0.10500573990863868,0.10500573990863868,0.19869924176923853,0.5799770403654453,0.5799770403654453,-9.336334556835393,0.10500573990863868,0.10500573990863868,0.19869924176923853,161.46469493925008,161.46469493925008,161.55838844111068
