id,Expression,theta,size,MSE_train,MSE_val,MSE_test,R2_train,R2_val,R2_test,nll_train,nll_val,nll_test,mdl_train,mdl_val,mdl_test
0,((Abs(x6) ^ x4) - ((Abs(Recip(((Recip(x23) + (x16 / x3)) - (Abs(x29) ^ (Abs(x15) ^ ((x19 + (x3 * (Abs(x16) ^ x15))) + (x26 + (Abs(x17) ^ (x16 + x6))))))))) ^ (((x26 * 1.0669610135760634) + x17) - (((Recip(((Abs(Recip(((x9 * x22) * (Abs(x9) ^ (((x15 - x4) + x11) / x15))))) ^ (x13 * x1)) + (Abs(x14) ^ x22))) / (Abs(((x26 * -0.1764654853102349) / (Abs(x11) ^ (Abs(x22) ^ x25)))) ^ x10)) * x30) - x7))) * 1.1318439521803896)),1.0669610135760634;-0.1764654853102349;1.1318439521803896,91,0.12164212103629339,0.12164212103629339,Infinity,0.5134315158548264,0.5134315158548264,-Infinity,0.12164212103629339,0.12164212103629339,Infinity,260.4927545353783,260.4927545353783,Infinity
