id,Expression,theta,size,MSE_train,MSE_val,MSE_test,R2_train,R2_val,R2_test,nll_train,nll_val,nll_test,mdl_train,mdl_val,mdl_test
0,(Recip(((Recip((Recip((Abs(x10) ^ Recip(x13))) / (Abs(x9) ^ ((Recip(x9) + ((Abs(x17) ^ x23) / x25)) - x9)))) + (x28 + x25)) + (((Abs(x17) ^ x23) / x25) - ((x5 + (-1.6568535972185785 / (x15 / x5))) / (Recip(Recip(x4)) + (Abs(x5) ^ x19)))))) * (((x5 + (4.432918533515236 / (x15 / x5))) / (Recip(Recip(x4)) + (Abs(x5) ^ x19))) * Recip((((Abs((((Abs((x25 + -1.6085163255102248)) ^ (Abs(x14) ^ -4.021933088775003)) + (Abs(x12) ^ x11)) + x15)) ^ x5) + (Abs(x12) ^ x11)) + ((x9 * x23) / ((Abs(x9) ^ x11) * x28)))))),-1.6568535972185785;4.432918533515236;-1.6085163255102248;-4.021933088775003,105,3.302082442396325e-2,3.302082442396325e-2,8.643248471556671e-2,0.867916702304147,0.867916702304147,-3.496217854903609,3.302082442396325e-2,3.302082442396325e-2,8.643248471556671e-2,283.1736075327023,283.1736075327023,283.2270191929939
