id,Expression,theta,size,MSE_train,MSE_val,MSE_test,R2_train,R2_val,R2_test,nll_train,nll_val,nll_test,mdl_train,mdl_val,mdl_test
0,((((((((x18 * x3) * 0.9080902720380353) + Recip((x25 + ((x13 * x9) + (x15 / (x29 + ((x23 * x3) * x11))))))) + ((-5.316463095901286 + ((Abs((((Abs(x8) ^ x17) - x3) - (Abs((x18 / ((Abs(x20) ^ x0) - x14))) ^ (x11 / (x23 + x13))))) ^ x19) + (x7 - Recip(((x9 + x1) + (x23 * x11)))))) + x21)) * (x18 * x3)) + x24) + ((x25 * x18) * (2.4699794731043663 + ((((x17 + x15) + (x23 * x3)) * -1.2589014589768375) + (x3 - Recip((x18 + (x9 + x1)))))))) * 7.006439889690012),0.9080902720380353;-5.316463095901286;2.4699794731043663;-1.2589014589768375;7.006439889690012,96,0.10619666549152837,0.10619666549152837,0.13373040001780084,0.5752133380338865,0.5752133380338865,-5.956655408925734,0.10619666549152837,0.10619666549152837,0.13373040001780084,299.8510781634679,299.8510781634679,299.8786118979941
