id,Expression,theta,size,MSE_train,MSE_val,MSE_test,R2_train,R2_val,R2_test,nll_train,nll_val,nll_test,mdl_train,mdl_val,mdl_test
0,(x14 - (-8.878467945663905e-2 / Recip(((Abs(x10) ^ (x0 - x10)) * ((((x5 + (x15 + x15)) * (x10 * x16)) + x14) * ((Recip(((x10 + Recip(((Abs((x23 + (((x22 / x9) / x28) / (Recip(x11) + (x29 - (Recip(((x10 + x13) / (0.30824244535685874 + x5))) - ((x14 + 0.6312374874894847) + ((Abs(x17) ^ x2) / x15)))))))) ^ (x9 + x17)) - x26))) / (x4 + x5))) - ((-6.469832883634761 + x14) + ((Abs(x17) ^ x2) / x15))) + x4)))))),-8.878467945663905e-2;0.30824244535685874;0.6312374874894847;-6.469832883634761,84,0.10753985225750658,0.10753985225750658,0.15770043184918825,0.5698405909699737,0.5698405909699737,-7.203576464794459,0.10753985225750658,0.10753985225750658,0.15770043184918825,254.35184628009316,254.35184628009316,254.40200685968483
