id,Expression,theta,size,MSE_train,MSE_val,MSE_test,R2_train,R2_val,R2_test,nll_train,nll_val,nll_test,mdl_train,mdl_val,mdl_test
0,(5.572068465549458e-2 + (Abs((((Abs(x16) ^ (((((((x6 * x28) - (x18 * x12)) - (x25 - (x5 * 20.46631606854085))) * x13) - x25) - (x25 - x20)) - (x5 * -37.348721563156865))) - ((x20 * x20) * x28)) / ((((((x6 * x13) - x25) - (x6 - (x11 * 22.91992220826451))) - (x5 * -11.174240684946415)) - (x25 - (x5 * 11.488872282604026))) + (Abs(-83.0020735148064) ^ (Abs(x25) ^ (x3 - (x25 - (19.623144834534248 * x20)))))))) ^ x16)),5.572068465549458e-2;20.46631606854085;-37.348721563156865;22.91992220826451;-11.174240684946415;11.488872282604026;-83.0020735148064;19.623144834534248,75,0.1287287290513817,0.1287287290513817,1.3155097061528571e132,0.48508508379447324,0.48508508379447324,-6.843281491406902e133,0.1287287290513817,0.1287287290513817,1.3155097061528571e132,201.2868761570427,201.2868761570427,1.3155097061528571e132
