id,Expression,theta,size,MSE_train,MSE_val,MSE_test,R2_train,R2_val,R2_test,nll_train,nll_val,nll_test,mdl_train,mdl_val,mdl_test
0,(Abs(Recip((((x28 * Recip((x12 - (Abs(Recip((((x9 * Recip(((Recip(((x9 * x10) - x26)) * x26) * (x5 - x3)))) + (x23 * Recip((x22 * (x1 - x23))))) + x22))) ^ 0.7831646973552908)))) - (Abs(x30) ^ (Recip(((x23 * (Abs((Recip((((Abs(x7) ^ x10) - x20) * (x7 + x10))) + (Abs((x14 + x23)) ^ (x21 - x23)))) ^ (Recip(((1.4184401153118547 + x22) * (x26 / x2))) * (x23 - Recip((x21 + x22)))))) - x10)) * ((Abs(x22) ^ -2.301055298873997) * x1)))) * (Abs(x7) ^ x9)))) ^ x6),0.7831646973552908;1.4184401153118547;-2.301055298873997,97,5.9412170162113746e-2,5.9412170162113746e-2,0.17638233618174579,0.762351319351545,0.762351319351545,-8.175409128174065,5.9412170162113746e-2,5.9412170162113746e-2,0.17638233618174579,282.90620307112926,282.90620307112926,283.0231732371489
