id,Expression,theta,size,MSE_train,MSE_val,MSE_test,R2_train,R2_val,R2_test,nll_train,nll_val,nll_test,mdl_train,mdl_val,mdl_test
0,(((Abs((((x27 + ((((Abs(x12) ^ (x4 * (x23 - x9))) + ((((Abs((((((x24 * (x30 + 0.26838342476796306)) * (x16 + (x24 * x16))) + -0.21076483407282925) * ((Recip((Abs(0.3527728588934724) ^ x21)) + Recip(x28)) + (x24 * x16))) + 2.0918029207057823e-2)) ^ x16) + (x1 * x23)) + 0.31987899572233186) + ((x30 - x22) / (x18 / Recip(Recip(x18)))))) - Recip((Recip(Recip((Abs(x29) ^ x9))) * (x18 / (x1 + x0))))) * 10.591556072460726)) + x4) + 0.6364323384105929)) ^ x6) * (x16 + (x24 * (x30 + 4.18941481875567)))) + -0.5534357083422199),0.26838342476796306;-0.21076483407282925;0.3527728588934724;2.0918029207057823e-2;0.31987899572233186;10.591556072460726;0.6364323384105929;4.18941481875567;-0.5534357083422199,91,6.053915268055639e-2,6.053915268055639e-2,0.1179955465311291,0.7578433892777745,0.7578433892777745,-5.138128330549102,6.053915268055639e-2,6.053915268055639e-2,0.1179955465311291,269.71304172258743,269.71304172258743,269.770498116438
