id,Expression,theta,size,MSE_train,MSE_val,MSE_test,R2_train,R2_val,R2_test,nll_train,nll_val,nll_test,mdl_train,mdl_val,mdl_test
0,Recip(Recip(((Abs(-0.15962741284727178) ^ (Abs(x0) ^ x23)) + ((Abs((x1 + (x30 * ((x17 / x27) / x20)))) ^ (-1.8702022572923338 * x27)) - ((x17 + x4) + (Abs((Abs((Abs((((x20 / x22) * Recip((x12 / x9))) - Recip(x30))) ^ x14)) ^ ((Abs((x1 + (Recip((Recip(Recip(((Abs((Abs(x0) ^ -0.10943831917190558)) ^ x16) + ((Abs(Recip(x4)) ^ (0.8108075653852677 - (x30 + (x0 * -0.8441890007440399)))) - ((x17 + x0) + (Abs(x30) ^ x16)))))) / (x0 - ((x6 - (x0 * -0.7272923318016269)) - (x3 * x27))))) * x6))) ^ ((0.952618181434571 - x30) - (x0 * 2.1371837150843627))) * -15.62901651608913))) ^ Recip(Recip(x4)))))))),-0.15962741284727178;-1.8702022572923338;-0.10943831917190558;0.8108075653852677;-0.8441890007440399;-0.7272923318016269;0.952618181434571;2.1371837150843627;-15.62901651608913,108,6.553094546926386e-2,6.553094546926386e-2,0.15889745075540845,0.7378762181229446,0.7378762181229446,-7.265845388296032,6.553094546926386e-2,6.553094546926386e-2,0.15889745075540845,299.89664892122596,299.89664892122596,299.9900154265121
