id,Expression,theta,size,MSE_train,MSE_val,MSE_test,R2_train,R2_val,R2_test,nll_train,nll_val,nll_test,mdl_train,mdl_val,mdl_test
0,Recip((Abs(((Abs((x7 - x11)) ^ (Abs(x20) ^ x4)) + x18)) ^ ((-1.506534809568178 + Recip((Abs(((Abs((((Abs(x11) ^ -3.8792447333794806) + 1.3174607689066835) + (Abs((x9 - x11)) ^ (Abs(x20) ^ x11)))) ^ Recip((Recip((Abs((x1 + (x3 / x26))) ^ (((Recip((Abs((Recip(((((x7 * -0.4100491042594798) + x23) / (x28 / x10)) + ((x3 * x1) + (x19 / x30)))) + -0.33764008410073737)) ^ x7)) + x11) * x11) * -4.361157543576248))) + Recip(x13)))) + (Abs(x11) ^ (Abs(x11) ^ -0.8476311064224948)))) ^ (2.990358681281645 * (x24 - (Abs(x20) ^ x4)))))) * (x24 - (Abs(x15) ^ (x15 + x0)))))),-1.506534809568178;-3.8792447333794806;1.3174607689066835;-0.4100491042594798;-0.33764008410073737;-4.361157543576248;-0.8476311064224948;2.990358681281645,104,1.3709420752265764e-2,1.3709420752265764e-2,0.12283678756627626,0.9451623169909369,0.9451623169909369,-5.389969689197447,1.3709420752265764e-2,1.3709420752265764e-2,0.12283678756627626,289.7125336588903,289.7125336588903,289.8216610257043
