id,Expression,theta,size,MSE_train,MSE_val,MSE_test,R2_train,R2_val,R2_test,nll_train,nll_val,nll_test,mdl_train,mdl_val,mdl_test
0,((4.602678301354794e-2 / x24) + (Recip(((Abs(((Abs((Abs((Abs(x22) ^ 9.06998109279798e-2)) ^ x7)) ^ x14) - ((((Recip(((Abs((x14 * x4)) ^ x24) + ((Abs(Recip((-3.1981268307942456e-2 - x9))) ^ (Abs((Abs(x12) ^ x20)) ^ 0.8121465688660922)) / x11))) / (x29 * x21)) / x18) + (x15 * Recip((Abs((x2 * -0.8290588295523871)) ^ x27)))) - (Abs(((0.9779076011760748 - x22) / (Abs(x13) ^ ((-0.17748553749115928 / (Abs(x13) ^ 0.8423034129440303)) + (-0.8353104987750022 - x22))))) ^ x11)))) ^ Recip(((Recip(((Abs(x20) ^ (x23 * x10)) + (x12 / (x13 + 0.8291826495926654)))) + ((x9 + x12) / ((x29 + x19) * x16))) + x9))) + x9)) - (Abs(x13) ^ 0.1922271867304016))),4.602678301354794e-2;9.06998109279798e-2;-3.1981268307942456e-2;0.8121465688660922;-0.8290588295523871;0.9779076011760748;-0.17748553749115928;0.8423034129440303;-0.8353104987750022;0.8291826495926654;0.1922271867304016,111,0.10338999213811316,0.10338999213811316,0.1581565314576712,0.5864400314475473,0.5864400314475473,-7.227302766427741,0.10338999213811316,0.10338999213811316,0.1581565314576712,319.799565994558,319.799565994558,319.8543325338776
