id,Expression,theta,size,MSE_train,MSE_val,MSE_test,R2_train,R2_val,R2_test,nll_train,nll_val,nll_test,mdl_train,mdl_val,mdl_test
0,(((x23 - (x17 - (((x17 + 90.14893259359474) - (Recip((x18 * ((x17 + 15.430478050550935) * x6))) / (x24 + x27))) - x3))) * (x6 + ((((((21.83675132493259 * x25) - (x25 - x6)) - (x26 - (x15 - x23))) * (x22 + ((x15 - (x22 + x17)) / (x22 + x17)))) * x15) / (Recip(x18) + x22)))) * x24),90.14893259359474;15.430478050550935;21.83675132493259,59,6.27722810816865e-2,6.27722810816865e-2,14.85386593375829,0.748910875673254,0.748910875673254,-771.6981058740768,6.27722810816865e-2,6.27722810816865e-2,14.85386593375829,167.22235958039843,167.22235958039843,182.01345323307504
