id,Expression,theta,size,MSE_train,MSE_val,MSE_test,R2_train,R2_val,R2_test,nll_train,nll_val,nll_test,mdl_train,mdl_val,mdl_test
0,((x24 * (x18 - x17)) + (Abs(x28) ^ (Abs((((x30 + x24) * ((Abs(Recip((Recip(Recip(x6)) - (x27 - ((x1 + x7) + x23))))) ^ (((x0 - (x11 - x0)) + (x23 * 0.4933559001193447)) - x21)) - (((x0 * x25) / (x6 / x17)) + ((x19 + (x29 + x18)) * (x21 - (x25 / ((Abs(x25) ^ 3.2548534258035455) / x1))))))) + (x18 - x17))) ^ ((Abs((((Abs(x2) ^ x21) / x3) + (x19 + x20))) ^ (0.29643938920382035 + (x23 * -11.396915951278148))) + (-13.95080317299759 * ((x19 + -0.9737265541871192) * (x18 - x17))))))),0.4933559001193447;3.2548534258035455;0.29643938920382035;-11.396915951278148;-13.95080317299759;-0.9737265541871192,96,9.20902604907544e-2,9.20902604907544e-2,Infinity,0.6316389580369823,0.6316389580369823,-Infinity,9.20902604907544e-2,9.20902604907544e-2,Infinity,293.32077868242413,293.32077868242413,Infinity
