id,Expression,theta,size,MSE_train,MSE_val,MSE_test,R2_train,R2_val,R2_test,nll_train,nll_val,nll_test,mdl_train,mdl_val,mdl_test
0,(Abs(Recip((((Abs((Recip((Abs(x17) ^ (Abs(x29) ^ x19))) - ((x15 * 49.17087125770399) * Recip((Abs(x17) ^ x4))))) ^ (Abs((Abs(x12) ^ x17)) ^ (x14 - Recip(x29)))) + (Abs(((Recip((Recip(x10) + x21)) - x15) / (Abs((Abs(x12) ^ x17)) ^ (x14 - x7)))) ^ (((x15 * (x15 * -22.028107796612666)) * 18.444783781518403) * Recip((Abs(x17) ^ (Abs(x29) ^ x19)))))) - x15))) ^ x21),49.17087125770399;-22.028107796612666;18.444783781518403,72,4.178989997011854e-2,4.178989997011854e-2,8.415773351704153e-2,0.8328404001195259,0.8328404001195259,-3.3778852975563334,4.178989997011854e-2,4.178989997011854e-2,8.415773351704153e-2,170.03459054334309,170.03459054334309,170.07695837689
