id,Expression,theta,size,MSE_train,MSE_val,MSE_test,R2_train,R2_val,R2_test,nll_train,nll_val,nll_test,mdl_train,mdl_val,mdl_test
0,(Recip((Abs((Abs(x10) ^ (Abs((x0 * x23)) ^ (x18 * (x3 * (35.439159467397005 + x24)))))) ^ (Abs((x1 * x4)) ^ (x19 + x5)))) - (Abs((-4.798366048429237 * (x27 - (x23 - x22)))) ^ ((x20 * 12.506779104521437) - (x21 / (((Recip(Recip(((Recip(x28) / (((Abs(x20) ^ x24) - x23) + (Abs(x26) ^ (x17 + x3)))) + x23))) + (Recip(x27) / ((Abs(x10) ^ x5) * (x20 - x9)))) * x6) + Recip(Recip((Abs(x22) ^ (x14 * x4))))))))),35.439159467397005;-4.798366048429237;12.506779104521437,85,9.384024507532757e-2,9.384024507532757e-2,2673.395069352165,0.6246390196986897,0.6246390196986897,-139069.01150769432,9.384024507532757e-2,9.384024507532757e-2,2673.395069352165,250.57744206140435,250.57744206140435,2923.8786711684943
