id,Expression,theta,size,MSE_train,MSE_val,MSE_test,R2_train,R2_val,R2_test,nll_train,nll_val,nll_test,mdl_train,mdl_val,mdl_test
0,((((x23 + -2.730769958356466) + (0.21897639786526357 / x30)) / (Recip((x0 + x16)) + (x14 + x30))) + (Abs(Recip(((Abs((x27 + x27)) ^ x16) + ((0.5014324247261606 * ((x11 + x7) + (Abs(((x4 - x13) / (x20 + x30))) ^ ((x22 + ((x9 * (((((Recip(x21) * (x28 - (Abs(x16) ^ x13))) / ((Abs(x4) ^ x23) + 0.3363611923911629)) * x28) * ((x16 + x22) / x13)) / Recip(x8))) * x10)) + (Abs(x13) ^ Recip(x10)))))) + Recip((((x24 * x11) * x6) * ((x26 + x24) / (x20 + x30)))))))) ^ ((x21 * x9) * 27.257489785324886))),-2.730769958356466;0.21897639786526357;0.5014324247261606;0.3363611923911629;27.257489785324886,101,9.40743738944649e-2,9.40743738944649e-2,0.3649537120841073,0.6237025044221405,0.6237025044221405,-17.984892102614538,9.40743738944649e-2,9.40743738944649e-2,0.3649537120841073,313.1985766443057,313.1985766443057,313.4694559824954
