id,Expression,theta,size,MSE_train,MSE_val,MSE_test,R2_train,R2_val,R2_test,nll_train,nll_val,nll_test,mdl_train,mdl_val,mdl_test
0,Recip(Recip(((Abs((Abs(x13) ^ (Abs(((((Abs(x27) ^ x7) * (Abs((x15 * Recip(x28))) ^ x4)) * (Abs((x22 * 8.189082598672051)) ^ -3.617029515604196)) - (x17 - x27))) ^ (x28 / x16)))) ^ (Abs(x13) ^ -1.563558365831305)) + Recip((Recip((x8 - x19)) / (x30 * x18)))))),8.189082598672051;-3.617029515604196;-1.563558365831305,49,0.10246584211308316,0.10246584211308316,0.23416327190612596,0.5901366315476674,0.5901366315476674,-11.181173404556207,0.10246584211308316,0.10246584211308316,0.23416327190612596,125.92322133138069,125.92322133138069,126.05491876117374
