id,Expression,theta,size,MSE_train,MSE_val,MSE_test,R2_train,R2_val,R2_test,nll_train,nll_val,nll_test,mdl_train,mdl_val,mdl_test
0,(Abs(x30) ^ (((x23 * (x29 / (x23 + (x24 * x17)))) + (((x3 - ((x23 + (x24 * x10)) - (x21 * (((Abs(x23) ^ x2) * x4) + x25)))) - (((x0 / (5.3750994121451e-2 - x21)) * (Abs(x18) ^ (((x26 / x14) - (x6 / x16)) + ((x5 * 8.639861404468373) * ((x17 + x18) / x28))))) - (x29 / ((Abs(x24) ^ ((x5 * -0.3784447813143233) * ((x17 + x18) / x28))) * x21)))) - x22)) * (x17 + ((Abs(x8) ^ x2) * x4)))),5.3750994121451e-2;8.639861404468373;-0.3784447813143233,86,9.131627971402737e-2,9.131627971402737e-2,1.6651671835739273e45,0.6347348811438905,0.6347348811438905,-8.662199688951238e46,9.131627971402737e-2,9.131627971402737e-2,1.6651671835739273e45,267.0541024260647,267.0541024260647,1.6651671835739273e45
