id,Expression,theta,size,MSE_train,MSE_val,MSE_test,R2_train,R2_val,R2_test,nll_train,nll_val,nll_test,mdl_train,mdl_val,mdl_test
0,((((x25 - ((x6 * -61.69940953294098) - (x5 * x25))) + x20) - (x20 + Recip((Abs(((Abs((x5 * x18)) ^ Recip((Recip(((((x21 + x1) - x8) - ((Abs(x25) ^ x7) + (x9 - ((Abs((Abs(x16) ^ x14)) ^ x14) / x28)))) + 4.252004973561088)) / (x26 + ((x5 * x18) * ((3.0569945011867214 + (((x5 - x29) - x7) - (x9 - x5))) - (Abs(((x6 * -0.39461653934031915) - (x5 * x25))) ^ (Abs((Abs(((0.8274164449930936 - x29) - (Abs(x13) ^ x26))) ^ x14)) ^ x26)))))))) + x17)) ^ ((x10 - ((x6 * -1.0815297091796543) - ((x6 * 0.19786374775923568) - x9))) + x18))))) * x21),-61.69940953294098;4.252004973561088;3.0569945011867214;-0.39461653934031915;0.8274164449930936;-1.0815297091796543;0.19786374775923568,107,0.10333398010932282,0.10333398010932282,1749434.6165284556,0.5866640795627087,0.5866640795627087,-9.10055877518068e7,0.10333398010932282,0.10333398010932282,1749434.6165284556,315.55316481719296,315.55316481719296,1749750.0663592927
