id,Expression,theta,size,MSE_train,MSE_val,MSE_test,R2_train,R2_val,R2_test,nll_train,nll_val,nll_test,mdl_train,mdl_val,mdl_test
0,(x24 + (0.8632739876923623 * (((Abs(x9) ^ ((x22 * ((Abs(((x27 * (((Abs(x11) ^ x22) - (x19 + 0.7111345387674337)) / (Recip(x19) + (x7 * x23)))) - (Abs(x27) ^ x24))) ^ -7.105613541334331) * ((Abs((((Abs(x27) ^ x24) * ((Abs(((((Recip((x1 / x15)) + (x23 - x26)) / x5) - ((x3 + Recip(x17)) + (x17 + (x27 / x16)))) - x19)) ^ x23) * x17)) - (Abs(x27) ^ x24))) ^ -18.400694606823798) * x17))) + x17)) / x10) * x10))),0.8632739876923623;0.7111345387674337;-7.105613541334331;-18.400694606823798,84,3.595599825395312e-2,3.595599825395312e-2,Infinity,0.8561760069841875,0.8561760069841875,-Infinity,3.595599825395312e-2,3.595599825395312e-2,Infinity,238.33351640886931,238.33351640886931,Infinity
