id,Expression,theta,size,MSE_train,MSE_val,MSE_test,R2_train,R2_val,R2_test,nll_train,nll_val,nll_test,mdl_train,mdl_val,mdl_test
0,((Abs(((Abs(x26) ^ ((Recip(((x18 * -0.489981504440439) + (9.307925293591303e-2 / (x26 - x17)))) * x29) / (Abs((1.2148088061862523e-3 / (x6 + x24))) ^ (0.4332846340738728 + x16)))) + (1.1276297361589906 - (x21 * -0.35970019824207955)))) ^ -1.9008766880066694) + x21),-0.489981504440439;9.307925293591303e-2;1.2148088061862523e-3;0.4332846340738728;1.1276297361589906;-0.35970019824207955;-1.9008766880066694,37,0.10669774269645767,0.10669774269645767,0.19256731915067365,0.5732090292141694,0.5732090292141694,-9.017351942217662,0.10669774269645767,0.10669774269645767,0.19256731915067365,92.1804045801716,92.1804045801716,92.26627415662581
