id,Expression,theta,size,MSE_train,MSE_val,MSE_test,R2_train,R2_val,R2_test,nll_train,nll_val,nll_test,mdl_train,mdl_val,mdl_test
0,((0.7707056431057242 * (x27 + x9)) * Recip((x6 + ((Abs(((x27 * x22) + (Abs(((x9 + x7) + x27)) ^ (-6.3780366708344 * (x27 + x0))))) ^ ((((x9 + x7) + x6) - x9) * (((((-0.985799971742763 * (x27 + x9)) * Recip((((x24 + (x17 * x4)) + (x17 - x4)) + ((Abs(x7) ^ (x27 * (0.5651181005034984 + x7))) / (((x8 * x23) * x23) + x15))))) + x21) - ((x6 - x9) - x4)) + -8.500596069946972))) / x9)))),0.7707056431057242;-6.3780366708344;-0.985799971742763;0.5651181005034984;-8.500596069946972,80,3.584727807540189e-2,3.584727807540189e-2,5.80490646624208e-2,0.8566108876983924,0.8566108876983924,-2.0197123437390148,3.584727807540189e-2,3.584727807540189e-2,5.80490646624208e-2,230.7072323417327,230.7072323417327,230.7294341283197
