id,Expression,theta,size,MSE_train,MSE_val,MSE_test,R2_train,R2_val,R2_test,nll_train,nll_val,nll_test,mdl_train,mdl_val,mdl_test
0,(Abs((7.48839076179104 * (((x3 * ((Abs(x12) ^ (Abs((((Abs(((Abs((x2 - Recip(x8))) ^ (x14 * -13.41506320791942)) + x6)) ^ (x26 + 3.3366329190531103)) * ((Abs(x8) ^ ((x15 * (-32.23664974755323 - (Abs((x14 + (x19 / (x26 / x6)))) ^ x12))) + 0.9566662054987835)) + (((Abs(x3) ^ 4.389570160574027) - (((x3 * ((Abs((7.453231366756322e-2 + (x14 / x26))) ^ x30) + x22)) * (x26 * (Abs(x16) ^ x1))) - x0)) * (x26 * (Abs(x16) ^ x1))))) * (x14 * (x8 - x3)))) ^ (x2 / x1))) + x0)) * ((Abs((x26 + (x9 - x0))) ^ x12) + x22)) - x21))) ^ (Abs((Abs(-30.101981656278532) ^ x12)) ^ x14)),7.48839076179104;-13.41506320791942;3.3366329190531103;-32.23664974755323;0.9566662054987835;4.389570160574027;7.453231366756322e-2;-30.101981656278532,112,8.821887325840566e-2,8.821887325840566e-2,0.4769463576792811,0.6471245069663774,0.6471245069663774,-23.810749526475256,8.821887325840566e-2,8.821887325840566e-2,0.4769463576792811,307.3666520343151,307.3666520343151,307.75537951873594
