id,Expression,theta,size,MSE_train,MSE_val,MSE_test,R2_train,R2_val,R2_test,nll_train,nll_val,nll_test,mdl_train,mdl_val,mdl_test
0,(x21 * ((Recip((((Abs(x29) ^ x11) - Recip(((Abs((Abs(x29) ^ x15)) ^ x19) - x26))) - Recip(Recip(x11)))) / (Abs((Abs(Recip((x29 - (Abs(x30) ^ x19)))) ^ x16)) ^ (Abs((Abs(x0) ^ x11)) ^ (Abs(x2) ^ 13.407281922406515)))) - (-19.064764022273497 * (x3 / (Abs(((Abs((x11 - (Abs(((Abs(x11) ^ x11) / x6)) ^ x23))) ^ (-2.9713763140793974 * x21)) / ((22.76498316194051 * x20) * 14.043814383848288))) ^ x6))))),13.407281922406515;-19.064764022273497;-2.9713763140793974;22.76498316194051;14.043814383848288,75,1.9248433396775965e-2,1.9248433396775965e-2,0.974297282593242,0.9230062664128962,0.9230062664128962,-49.68294464049851,1.9248433396775965e-2,1.9248433396775965e-2,0.974297282593242,185.7546493937442,185.7546493937442,186.70969824294068
