id,Expression,theta,size,MSE_train,MSE_val,MSE_test,R2_train,R2_val,R2_test,nll_train,nll_val,nll_test,mdl_train,mdl_val,mdl_test
0,(Abs(0.10105364767736406) ^ (Abs(x13) ^ (x24 * ((Abs(1.1113050036826342) ^ (((((1.3549536828375908 * x10) + x24) - (((x14 * x5) / x7) + x4)) / (x13 - x0)) / x7)) + (Abs((x14 / x10)) ^ x0))))),0.10105364767736406;1.1113050036826342;1.3549536828375908,37,0.11113146396269137,0.11113146396269137,8.025324222439642e-2,0.5554741441492346,0.5554741441492346,-3.174773660512942,0.11113146396269137,0.11113146396269137,8.025324222439642e-2,87.20002334126622,87.20002334126622,87.16914511952793
