id,Expression,theta,size,MSE_train,MSE_val,MSE_test,R2_train,R2_val,R2_test,nll_train,nll_val,nll_test,mdl_train,mdl_val,mdl_test
0,Recip((Abs(((x15 / (x15 / ((Abs(x4) ^ ((x4 + x1) - (Abs(x6) ^ x9))) * ((x18 - x5) / ((((Abs(x11) ^ x8) + ((Recip((x17 / x13)) * (x15 / x30)) / (Abs(x6) ^ x18))) / x30) / x26))))) + Recip(((x22 - (x17 - x13)) * x4)))) ^ (Abs((Abs((Abs(x6) ^ (x17 - x13))) ^ (Abs((Abs((Abs((Abs(x12) ^ (x17 - x13))) ^ x15)) ^ ((x22 * 275.06544210909345) / x29))) ^ x15))) ^ ((x29 * -6.441893808829656e-2) / (Abs((Abs((x9 * x22)) ^ (((x9 * x22) * x19) + x30))) ^ x5))))),275.06544210909345;-6.441893808829656e-2,102,4.074397277155312e-2,4.074397277155312e-2,0.10584004160824531,0.8370241089137875,0.8370241089137875,-4.505798964460711,4.074397277155312e-2,4.074397277155312e-2,0.10584004160824531,279.7094810433908,279.7094810433908,279.77457711222746
