id,Expression,theta,size,MSE_train,MSE_val,MSE_test,R2_train,R2_val,R2_test,nll_train,nll_val,nll_test,mdl_train,mdl_val,mdl_test
0,((Abs((Abs(x19) ^ (x11 + x4))) ^ ((x28 + x9) * ((x5 * x3) * (x29 + x13)))) / ((Abs(x3) ^ ((x8 * -47.48902487753884) * (x17 + -9.359689928772001e-2))) + ((Abs((Abs(((-53.4164140585476 + (x29 - ((x18 + (Abs(((x17 / (x17 - x14)) + (x12 - x27))) ^ x6)) + ((Recip((Abs(x27) ^ x7)) - Recip(Recip(x19))) * (x10 * x8))))) * (Abs((x3 * x12)) ^ (x18 / x12)))) ^ x10)) ^ (Abs((x27 - ((x6 + x13) * -17.33395280331793))) ^ x10)) / (x15 * x13)))),-47.48902487753884;-9.359689928772001e-2;-53.4164140585476;-17.33395280331793,91,1.7976552422800714e-2,1.7976552422800714e-2,0.674997777072222,0.9280937903087971,0.9280937903087971,-34.113384363295644,1.7976552422800714e-2,1.7976552422800714e-2,0.674997777072222,267.1818926701843,267.1818926701843,267.83891389483375
