id,Expression,theta,size,MSE_train,MSE_val,MSE_test,R2_train,R2_val,R2_test,nll_train,nll_val,nll_test,mdl_train,mdl_val,mdl_test
0,((-6.740685852328124e-2 / (x30 - ((x25 + x27) / (x28 - (((x24 + (((1.397289405964379 / ((x10 * 0.3192544986878218) - (((Abs((Recip(x6) * ((Recip(((0.22995495134379557 + (Recip(x17) - (x17 / x26))) - Recip(x3))) - ((Abs(((x6 - (Recip(x2) * x22)) / ((x3 - x15) / x3))) ^ x15) / (Abs((x29 + x26)) ^ (x24 * (x0 - x8))))) / x15))) ^ x11) + Recip(x11)) / Recip(x15)))) - ((x3 - x15) / x28)) + (x13 / x1))) * 0.5014746582962395) * (x25 + 0.5165868841039959)))))) - ((x3 - x15) / x3)),-6.740685852328124e-2;1.397289405964379;0.3192544986878218;0.22995495134379557;0.5014746582962395;0.5165868841039959,93,0.1182532615451615,0.1182532615451615,0.27541898744117005,0.526986953819354,0.526986953819354,-13.327295726689119,0.1182532615451615,0.1182532615451615,0.27541898744117005,293.3469416834785,293.3469416834785,293.50410740937457
