id,Expression,theta,size,MSE_train,MSE_val,MSE_test,R2_train,R2_val,R2_test,nll_train,nll_val,nll_test,mdl_train,mdl_val,mdl_test
0,(Abs((Abs(x15) ^ x25)) ^ (Recip(((Abs(x20) ^ (Abs(((x24 - (((Abs(x27) ^ x5) + x0) + ((x1 / x15) + (x5 - x27)))) * (((x29 - x2) - (x17 - x28)) / x24))) ^ ((((x26 * (-2.942952291524667 - (Abs(x29) ^ (Abs((x3 / x6)) ^ x3)))) * (-3.7441329957301814 + x11)) + x29) - (Abs((x11 + ((Abs(x16) ^ x1) / Recip(x12)))) ^ Recip((Recip((Abs(x14) ^ (x17 + x3))) * Recip((-0.7084100945998602 + (x9 / x5))))))))) / x15)) - ((x7 * (-1.1029767936562451 + (Abs(x29) ^ x11))) + ((-0.45508816053155415 - x22) * (x2 + x25))))),-2.942952291524667;-3.7441329957301814;-0.7084100945998602;-1.1029767936562451;-0.45508816053155415,103,4.3244427394725775e-2,4.3244427394725775e-2,0.17807414701667498,0.8270222904210969,0.8270222904210969,-8.26341712780708,4.3244427394725775e-2,4.3244427394725775e-2,0.17807414701667498,309.8344607861503,309.8344607861503,309.9692905057723
