id,Expression,theta,size,MSE_train,MSE_val,MSE_test,R2_train,R2_val,R2_test,nll_train,nll_val,nll_test,mdl_train,mdl_val,mdl_test
0,(Abs((((x14 * (Abs(x21) ^ ((Abs((x16 / ((x14 * x14) + ((Abs(x8) ^ x4) + 0.3330376537181146)))) ^ x21) * (Abs(((x14 + (x20 * x22)) * (((x20 * x22) + (Abs((Abs((x16 / (x25 + ((Abs(x8) ^ x4) + -0.22185280964296358)))) ^ x5)) ^ (Abs(x10) ^ x18))) / x5))) ^ x16)))) - Recip(x7)) / (Abs(((Abs(((Abs(((Abs((Recip((x23 - x24)) + -0.2683757482580624)) ^ x5) - (x14 - (x25 + x14)))) ^ 18.17591308715641) + -8.424589101750584)) ^ x5) - (x14 - (x25 + x14)))) ^ 44.913176368763885))) ^ x25),0.3330376537181146;-0.22185280964296358;-0.2683757482580624;18.17591308715641;-8.424589101750584;44.913176368763885,94,7.994776666796971e-2,7.994776666796971e-2,0.19883859497094614,0.6802089333281212,0.6802089333281212,-9.343583710388222,7.994776666796971e-2,7.994776666796971e-2,0.19883859497094614,246.68626522226523,246.68626522226523,246.8051560505682
