id,Expression,theta,size,MSE_train,MSE_val,MSE_test,R2_train,R2_val,R2_test,nll_train,nll_val,nll_test,mdl_train,mdl_val,mdl_test
0,(Abs(((Abs(x20) ^ (8.544272468793498 / ((Abs((Abs(((21.476773357394585 + x0) / x13)) ^ (x18 / (x25 * (x1 / x26))))) ^ (x1 * -6.3562934774480695)) + (x11 * ((x15 * x21) + x25))))) * ((Recip((x5 / x4)) / Recip((Abs(x24) ^ x4))) - (Abs(((x23 * ((Abs((x24 - x18)) ^ x9) * ((x21 * x1) / x13))) / Recip(x6))) ^ x20)))) ^ x25),8.544272468793498;21.476773357394585;-6.3562934774480695,67,5.917031233219308e-2,5.917031233219308e-2,0.18792731235356927,0.7633187506712277,0.7633187506712277,-8.7759787886323,5.917031233219308e-2,5.917031233219308e-2,0.18792731235356927,188.18882326808117,188.18882326808117,188.31758026810255
