id,Expression,theta,size,MSE_train,MSE_val,MSE_test,R2_train,R2_val,R2_test,nll_train,nll_val,nll_test,mdl_train,mdl_val,mdl_test
0,(Abs(x27) ^ ((Abs(((x9 - x15) * (-14.322861920850043 / (Abs(x3) ^ x21)))) ^ -10.433320984484517) * x12)),-14.322861920850043;-10.433320984484517,18,5.724691246463478e-2,5.724691246463478e-2,9.0848720434126e-2,0.7710123501414609,0.7710123501414609,-3.7259504369830543,5.724691246463478e-2,5.724691246463478e-2,9.0848720434126e-2,36.02567600444019,36.02567600444019,36.05927781240968
