id,Expression,theta,size,MSE_train,MSE_val,MSE_test,R2_train,R2_val,R2_test,nll_train,nll_val,nll_test,mdl_train,mdl_val,mdl_test
0,(Abs(Recip(x18)) ^ ((Recip(((Abs(Recip((Recip(x14) * (x18 - x14)))) ^ (((((Abs(0.7929716785010659) ^ (x20 * x0)) * 1.900745122038185) + x15) * (Abs(((Abs((Abs((((0.18990259963425837 * x26) * 0.11984056649286547) - (-1.5145277687194032 * x26))) ^ x27)) ^ (x11 + 0.3503306225935587)) - ((Recip(x26) - (0.5054985938787978 * x26)) * x0))) ^ (4.269564746036717 * x19))) + (Abs(Recip((-7.247786065837139e-3 * Recip(x4)))) ^ ((x16 * x27) - x7)))) - ((x25 * 0.9047958781667775) - x26))) * -5.359549063589247) - (1.0058631009122028 * x26))),0.7929716785010659;1.900745122038185;0.18990259963425837;0.11984056649286547;-1.5145277687194032;0.3503306225935587;0.5054985938787978;4.269564746036717;-7.247786065837139e-3;0.9047958781667775;-5.359549063589247;1.0058631009122028,81,1.7700050054395254e-2,1.7700050054395254e-2,0.1433168820267831,0.929199799782419,0.929199799782419,-6.455344203032973,1.7700050054395254e-2,1.7700050054395254e-2,0.1433168820267831,217.90618450837098,217.90618450837098,218.03180134034338
