id,Expression,theta,size,MSE_train,MSE_val,MSE_test,R2_train,R2_val,R2_test,nll_train,nll_val,nll_test,mdl_train,mdl_val,mdl_test
0,((((Abs(x9) ^ x17) * (((x5 + x29) + 2.485796446802225) - x3)) / (((Abs(x14) ^ x6) * (Abs(x13) ^ (x13 - x3))) / (9.11526781281041e-2 * ((Abs((x21 / x11)) ^ (-2.115643459552406 * ((Abs((x21 / x11)) ^ (x17 + 0.7561696980796757)) + (x16 * x19)))) + (x19 * Recip((Abs(x16) ^ x14))))))) - ((x12 / x7) * (((x2 + x23) * 0.16069688472028668) / x12))),2.485796446802225;9.11526781281041e-2;-2.115643459552406;0.7561696980796757;0.16069688472028668,66,0.10106887150647571,0.10106887150647571,0.19053314330798524,0.5957245139740972,0.5957245139740972,-8.911534114881015,0.10106887150647571,0.10106887150647571,0.19053314330798524,188.23072182725545,188.23072182725545,188.32018609905697
