id,Expression,theta,size,MSE_train,MSE_val,MSE_test,R2_train,R2_val,R2_test,nll_train,nll_val,nll_test,mdl_train,mdl_val,mdl_test
0,(((Abs(Recip((Abs(x22) ^ x8))) ^ x27) + ((Abs(x16) ^ (Abs((x15 - ((((x1 - x15) * x15) / x26) * (Abs(((x23 / (Abs(((x12 / x30) * x15)) ^ x24)) * ((x17 / x29) + x16))) ^ x27)))) ^ ((((Abs(x25) ^ x5) + (Abs((0.5944793999330135 / ((((Abs(x22) ^ x14) / (Abs(x24) ^ x3)) + ((x11 + -0.9512795763655608) + x11)) - (Abs(((Abs(x23) ^ -0.48482470130307853) * x19)) ^ ((x14 / x30) * (Abs((Abs(x23) ^ x17)) ^ x20)))))) ^ x13)) * (x16 + -0.6791133962784833)) + x16))) + (x26 / x22))) * x23),0.5944793999330135;-0.9512795763655608;-0.48482470130307853;-0.6791133962784833,100,1.508974071851704e-2,1.508974071851704e-2,3.055831639614848e-2,0.9396410371259318,0.9396410371259318,-0.5896436189275833,1.508974071851704e-2,1.508974071851704e-2,3.055831639614848e-2,286.58467761578606,286.58467761578606,286.6001461914637
