id,Expression,theta,size,MSE_train,MSE_val,MSE_test,R2_train,R2_val,R2_test,nll_train,nll_val,nll_test,mdl_train,mdl_val,mdl_test
0,Recip((((Recip((((x19 + x26) - x27) + ((x3 * x10) + x1))) / (x3 + ((Abs(((x25 + (x0 * Recip(x25))) + (((Abs((Abs((Abs(Recip(x15)) ^ (x0 + 13.268662646243849))) ^ x3)) ^ x28) - (-3.132129436350852 + x19)) * x3))) ^ -127.11663171674579) - (x6 * x10)))) + (x0 * Recip(x25))) + (((Abs((Abs((Abs(Recip(x15)) ^ (x0 + 25.05158324507059))) ^ x3)) ^ x28) - ((((((x22 / (x0 - (Recip((x3 * (Abs(x0) ^ x8))) - x30))) - (x13 * x5)) * (x30 * (x26 - x15))) - x29) * x20) + 0.106301491846715)) * (x19 + (x28 + x3))))),13.268662646243849;-3.132129436350852;-127.11663171674579;25.05158324507059;0.106301491846715,104,6.277470062652002e-2,6.277470062652002e-2,7.456828532232115e-2,0.7489011974939199,0.7489011974939199,-2.8790422024669984,6.277470062652002e-2,6.277470062652002e-2,7.456828532232115e-2,309.07485388797375,309.07485388797375,309.08664747266954
