id,Expression,theta,size,MSE_train,MSE_val,MSE_test,R2_train,R2_val,R2_test,nll_train,nll_val,nll_test,mdl_train,mdl_val,mdl_test
0,(Abs((Abs(x12) ^ (x12 + x18))) ^ (Recip((((x21 + x12) / Recip((Abs(x11) ^ (x19 / (Abs(x3) ^ x3))))) * (Recip(x27) * (((x11 * Recip(x21)) * Recip(x18)) + Recip(x29))))) / (Abs(((-0.3409845660597658 + ((Abs(((Abs(-2.962265656806043) ^ x1) / x2)) ^ (Abs(x3) ^ ((x15 + (((x18 + x17) * x29) + 9.264793262902193)) / (Abs(((x3 / (x20 * x3)) / (x15 * -1.1213884513789145))) ^ (Abs((x15 * -0.5698932871133822)) ^ x1))))) - x18)) / x17)) ^ ((x15 * 8.687621442727039) * -5.623560025044868)))),-0.3409845660597658;-2.962265656806043;9.264793262902193;-1.1213884513789145;-0.5698932871133822;8.687621442727039;-5.623560025044868,89,8.952752645148433e-2,8.952752645148433e-2,Infinity,0.6418898941940627,0.6418898941940627,-Infinity,8.952752645148433e-2,8.952752645148433e-2,Infinity,236.75237713721677,236.75237713721677,Infinity
