id,Expression,theta,size,MSE_train,MSE_val,MSE_test,R2_train,R2_val,R2_test,nll_train,nll_val,nll_test,mdl_train,mdl_val,mdl_test
0,((((1.6876554634342251 * x3) + (Abs(x19) ^ x26)) + (((x30 * x25) + (((x30 * 6.076039801299996) + -0.806954706137692) + x22)) + (x3 * ((x19 - x15) * -1.471028657042712)))) - (Abs(x26) ^ x15)),1.6876554634342251;6.076039801299996;-0.806954706137692;-1.471028657042712,33,2.9320597263007314e-2,2.9320597263007314e-2,0.1291276235666469,0.8827176109479707,0.8827176109479707,-5.7172189779367155,2.9320597263007314e-2,2.9320597263007314e-2,0.1291276235666469,77.06142674069102,77.06142674069102,77.16123376699466
