id,Expression,theta,size,MSE_train,MSE_val,MSE_test,R2_train,R2_val,R2_test,nll_train,nll_val,nll_test,mdl_train,mdl_val,mdl_test
0,(Abs(x21) ^ (Abs((Recip(Recip(((Abs((Recip(Recip(((Abs((Abs(x5) ^ ((Abs(x12) ^ x15) + Recip(Recip(((Abs(x14) ^ x13) + (x26 - x25))))))) ^ (x21 + x1)) + (x4 * -0.5665746634412366)))) * -0.23689205772602295)) ^ (x21 + x1)) + ((x8 - x17) * x4)))) * -7.57087748552864)) ^ ((x12 + x13) + (x12 + 3.7946218970003955)))),-0.5665746634412366;-0.23689205772602295;-7.57087748552864;3.7946218970003955,58,1.044936143499852e-2,1.044936143499852e-2,8.712658482512536e-2,0.9582025542600059,0.9582025542600059,-3.5323249426028482,1.044936143499852e-2,1.044936143499852e-2,8.712658482512536e-2,147.4194090141394,147.4194090141394,147.4960862375295
