id,Expression,theta,size,MSE_train,MSE_val,MSE_test,R2_train,R2_val,R2_test,nll_train,nll_val,nll_test,mdl_train,mdl_val,mdl_test
0,Recip(((((((Abs((((Abs(x26) ^ x21) + -1.970769241217702) / Recip((0.23363776550676507 - ((Recip((Abs(x4) ^ x20)) / (x29 + x19)) / x17))))) ^ ((Abs(x17) ^ (x26 * x25)) - (x10 * 0.28568090071115537))) / x15) / (Abs((0.17544922031165738 / ((x14 * Recip((((1.1001026098935345 - x16) / x29) * -0.471810716650206))) * x7))) ^ (Abs(((x23 - x2) - (Abs((x28 + Recip(x11))) ^ (1.6442292635039781 * (x15 / x25))))) ^ (x13 * (x10 + ((x10 + (Abs(x23) ^ (((x23 - x2) * 0.23860384426128803) + x7))) * (Abs((-0.6616776574646235 / x13)) ^ (x0 + x7)))))))) - Recip((x15 * -9.229666715029964))) - ((x24 - x7) - x2)) + x2)),-1.970769241217702;0.23363776550676507;0.28568090071115537;0.17544922031165738;1.1001026098935345;-0.471810716650206;1.6442292635039781;0.23860384426128803;-0.6616776574646235;-9.229666715029964,108,0.12491364145350574,0.12491364145350574,0.24002179943123766,0.500345434185977,0.500345434185977,-11.485934006412506,0.12491364145350574,0.12491364145350574,0.24002179943123766,326.4127633758821,326.4127633758821,326.5278715338598
