id,Expression,theta,size,MSE_train,MSE_val,MSE_test,R2_train,R2_val,R2_test,nll_train,nll_val,nll_test,mdl_train,mdl_val,mdl_test
0,(Recip((((x22 - Recip(((Abs((Abs(x17) ^ Recip(((Abs((x17 + x21)) ^ (1.9443921143762601 + x7)) / x24)))) ^ x18) - x27))) * (Abs(Recip(x18)) ^ x2)) / (((x24 * (x1 * -44.52854809564108)) - x15) + ((x1 * 3.7332043563240354) / (Abs(Recip(x15)) ^ (Recip(x16) * (Abs(x27) ^ Recip(((Recip(x21) / (x6 * x24)) * (Abs(Recip(((Recip((x24 * (x1 * 0.3129295603641755))) - (Abs(((x11 - x21) / x7)) ^ x8)) + x29))) ^ x2)))))))))) + -0.19248438912746754),1.9443921143762601;-44.52854809564108;3.7332043563240354;0.3129295603641755;-0.19248438912746754,83,5.782189103313905e-2,5.782189103313905e-2,0.16127535628573691,0.7687124358674438,0.7687124358674438,-7.389544033983714,5.782189103313905e-2,5.782189103313905e-2,0.16127535628573691,231.88600589290684,231.88600589290684,231.98945935815942
