id,Expression,theta,size,MSE_train,MSE_val,MSE_test,R2_train,R2_val,R2_test,nll_train,nll_val,nll_test,mdl_train,mdl_val,mdl_test
0,(Abs((((Recip(Recip(((((x5 * ((Recip(x11) - (x28 / x22)) * x23)) / (x1 * (x24 * 0.5988217783054129))) + x18) / (((((0.497382597438563 - x3) * Recip(x18)) / ((0.9722153670791771 * ((x9 / (x16 * (x24 * 0.7991291852175064))) + x18)) + Recip((x14 - x4)))) + x1) / (x18 * (Recip(Recip(x21)) - x7)))))) * (0.330463705738047 * (Recip(x19) / x11))) / x13) * (((Recip(Recip(x22)) + Recip(((x0 - x30) - Recip(x20)))) + 0.2038846504526811) * x7))) ^ x16),0.5988217783054129;0.497382597438563;0.9722153670791771;0.7991291852175064;0.330463705738047;0.2038846504526811,82,8.271741770663787e-2,8.271741770663787e-2,0.17297847675176828,0.6691303291734485,0.6691303291734485,-7.998340360626642,8.271741770663787e-2,8.271741770663787e-2,0.17297847675176828,267.0455035640573,267.0455035640573,267.13576462310243
