id,Expression,theta,size,MSE_train,MSE_val,MSE_test,R2_train,R2_val,R2_test,nll_train,nll_val,nll_test,mdl_train,mdl_val,mdl_test
0,(Abs(x19) ^ ((Abs(x30) ^ ((Abs((((x19 * x11) * x26) * (x10 * -1.923192870900427e-7))) ^ x20) - (-0.7561454617165297 * x30))) * ((Abs((x30 - (((Abs(x13) ^ (x10 - ((x19 - (Abs(Recip((Recip(((Abs(x26) ^ x7) + x9)) / (x15 + 0.5783775870754877)))) ^ x26)) * -3.8999129101566915e-2))) + x29) * x11))) ^ -0.9852283468291331) + -0.5366198778340731))),-1.923192870900427e-7;-0.7561454617165297;0.5783775870754877;-3.8999129101566915e-2;-0.9852283468291331;-0.5366198778340731,58,4.133765254355153e-2,4.133765254355153e-2,7.855540968140214e-2,0.8346493898257938,0.8346493898257938,-3.086452411626383,4.133765254355153e-2,4.133765254355153e-2,7.855540968140214e-2,147.45029730524794,147.45029730524794,147.4875150623858
