id,Expression,theta,size,MSE_train,MSE_val,MSE_test,R2_train,R2_val,R2_test,nll_train,nll_val,nll_test,mdl_train,mdl_val,mdl_test
0,(((-9.580640266410368 * x6) + ((Abs(((0.5653984625913803 * ((x16 - x13) / x27)) / x26)) ^ ((x0 * (x17 + ((Abs((Abs(((x23 - (x9 * x2)) - (x26 - (x21 * x20)))) ^ x7)) ^ (x22 * ((((x26 + (x12 + x30)) * (x10 + x15)) + (x23 - x7)) - (x6 + -4.317477333957265)))) - x7))) * (Abs(x24) ^ x17))) - ((x15 - x0) * 0.1210182333480859))) - x26),-9.580640266410368;0.5653984625913803;-4.317477333957265;0.1210182333480859,69,0.10789695616476383,0.10789695616476383,0.13520542638819602,0.5684121753409447,0.5684121753409447,-6.033386280713689,0.10789695616476383,0.10789695616476383,0.13520542638819602,209.3348255725978,209.3348255725978,209.36213404282122
