id,Expression,theta,size,MSE_train,MSE_val,MSE_test,R2_train,R2_val,R2_test,nll_train,nll_val,nll_test,mdl_train,mdl_val,mdl_test
0,Recip(((Abs((Abs((x15 - x19)) ^ x8)) ^ ((Abs(((x19 + x9) - ((x14 * (Recip((((x15 - x19) + x10) + x6)) / ((Recip((x16 + (Abs(((x30 * x11) / x13)) ^ x24))) * (x18 / x12)) / ((((x15 * (x18 / x12)) / ((x7 - x9) + x5)) - x20) - (x16 * x8))))) - ((Abs((x26 * x16)) ^ x10) * 11.274501582665431)))) ^ (x1 + ((x19 + -2.494901687256983) / x12))) + -2.681246650774801)) + (Abs(((Abs(x14) ^ ((x9 * -2.53326729215931) * (Recip(x0) - x24))) / x12)) ^ (Abs((x26 * x16)) ^ x10)))),11.274501582665431;-2.494901687256983;-2.681246650774801;-2.53326729215931,99,8.261649767036937e-2,8.261649767036937e-2,9.981223039655372e-2,0.6695340093185225,0.6695340093185225,-4.192232225228526,8.261649767036937e-2,8.261649767036937e-2,9.981223039655372e-2,300.0037713040643,300.0037713040643,300.02096703679047
