id,Expression,theta,size,MSE_train,MSE_val,MSE_test,R2_train,R2_val,R2_test,nll_train,nll_val,nll_test,mdl_train,mdl_val,mdl_test
0,Recip(((((Abs((((x4 + x6) + ((-0.29597627911085994 - ((((x0 / (x0 + x4)) - x26) * (x9 - x19)) + (x16 / x9))) * ((Abs((Abs(((Abs(((Abs((x21 / x29)) ^ (1.417531523400069 - (x20 + x22))) * (x9 + x22))) ^ (-4.753172379025386 - (x20 + x22))) * (x9 + x22))) ^ x10)) ^ x4) - (Abs(x0) ^ (Abs((x4 / x9)) ^ x7))))) / (Abs(((Abs(x9) ^ x15) - x23)) ^ -0.16332271451962704))) ^ Recip(x14)) * (Abs(x19) ^ (Abs((x15 - x0)) ^ (x23 + -3.732851003327486e-2)))) - x24) + (Abs((x4 / x9)) ^ x7))),-0.29597627911085994;1.417531523400069;-4.753172379025386;-0.16332271451962704;-3.732851003327486e-2,99,5.358805202220327e-2,5.358805202220327e-2,0.1278785661286665,0.7856477919111869,0.7856477919111869,-5.652243010012977,5.358805202220327e-2,5.358805202220327e-2,0.1278785661286665,276.54427129229344,276.54427129229344,276.61856180639995
