id,Expression,theta,size,MSE_train,MSE_val,MSE_test,R2_train,R2_val,R2_test,nll_train,nll_val,nll_test,mdl_train,mdl_val,mdl_test
0,Recip(Recip((Abs(0.9991640518717213) ^ (((x22 / (x3 / (x3 / x22))) * x1) + ((Abs((Abs(x2) ^ x18)) ^ -106.07789990228066) / (Abs(((((Abs(Recip((Abs(x18) ^ (x14 + (x7 + Recip((x24 / x5))))))) ^ ((Abs((x26 / x24)) ^ x10) / (x16 + (Abs((x24 / x2)) ^ x16)))) / (Recip((((Abs(x16) ^ (x11 / x16)) - (Abs(-3.184433766593468) ^ x1)) * ((Recip(x1) - x30) - (x10 * (Recip(x22) * x15))))) + (Recip(x3) - x11))) - (x9 * 4.8648498410280725)) / x24)) ^ x15)))))),0.9991640518717213;-106.07789990228066;-3.184433766593468;4.8648498410280725,91,9.792131597358374e-4,9.792131597358374e-4,5.165191246477426e-2,0.9960831473610566,0.9960831473610566,-1.6869324864174544,9.792131597358374e-4,9.792131597358374e-4,5.165191246477426e-2,253.97601070342085,253.97601070342085,254.0266834027259
