id,Expression,theta,size,MSE_train,MSE_val,MSE_test,R2_train,R2_val,R2_test,nll_train,nll_val,nll_test,mdl_train,mdl_val,mdl_test
0,Recip((((-5.640085502561054 * x13) + (((x18 + x26) * x6) + x12)) + (x4 + ((Abs(((((x13 * Recip(x23)) + ((Abs(x19) ^ x26) * 3.278067445930701)) * ((Abs(x6) ^ x24) * (Recip(x9) / x23))) + ((Abs((Abs(x29) ^ (((Abs(((x25 + x23) / ((x4 * x1) * x16))) ^ ((((x13 * Recip(x23)) + ((Abs(x19) ^ x26) * -0.2870911932797525)) + x13) - x26)) + (x13 / x27)) + x23))) ^ (x19 + (x20 - x17))) + ((0.8485896709201642 * x13) + ((x12 * x6) + ((x12 * x6) + x25)))))) ^ ((x18 + x26) - x6)) + (x13 / x27))))),-5.640085502561054;3.278067445930701;-0.2870911932797525;0.8485896709201642,104,5.534907287604345e-2,5.534907287604345e-2,0.12560330338502992,0.7786037084958262,0.7786037084958262,-5.533883842089007,5.534907287604345e-2,5.534907287604345e-2,0.12560330338502992,308.3265706166268,308.3265706166268,308.3968248471358
