id,Expression,theta,size,MSE_train,MSE_val,MSE_test,R2_train,R2_val,R2_test,nll_train,nll_val,nll_test,mdl_train,mdl_val,mdl_test
0,(Recip(Recip((1.0688681801338227 / (Abs(x24) ^ x24)))) - Recip(((((((Abs((Abs((1.3120190475175764 / (Abs(x25) ^ x24))) ^ x11)) ^ (((Abs((8.296468143054887e-3 / (Abs(x25) ^ x24))) ^ ((x0 - x23) / x13)) - x20) / x17)) * x15) / Recip((x16 + (x3 / (x11 / (Abs(Recip((x22 + -1.1097732393593378))) ^ (Abs(x23) ^ -0.20063620037573948))))))) / (Abs(Recip((Abs(x29) ^ -0.3260141878267666))) ^ (Abs(x23) ^ -1.3462074216308368e-2))) + (Recip((Abs(0.5481493899995707) ^ x6)) + -0.25854923653351636)) / ((Abs(x29) ^ x15) + x22)))),1.0688681801338227;1.3120190475175764;8.296468143054887e-3;-1.1097732393593378;-0.20063620037573948;-0.3260141878267666;-1.3462074216308368e-2;0.5481493899995707;-0.25854923653351636,85,0.12988868848910706,0.12988868848910706,1.0943108769190155,0.48044524604357175,0.48044524604357175,-55.92605181732501,0.12988868848910706,0.12988868848910706,1.0943108769190155,219.33550420457556,219.33550420457556,220.29992639300548
