id,Expression,theta,size,MSE_train,MSE_val,MSE_test,R2_train,R2_val,R2_test,nll_train,nll_val,nll_test,mdl_train,mdl_val,mdl_test
0,(Abs((Recip((Abs(x24) ^ (x11 + Recip((Abs((Abs((Recip((Abs(x24) ^ -0.7883509086787374)) - (x21 + (Recip((Abs(x0) ^ ((Recip(((x24 / (x26 + x15)) + x7)) + (x1 * x4)) + (Abs(x29) ^ x11)))) / x23)))) ^ (((x21 + (x21 - x30)) + x24) * -2.300017973569783))) ^ Recip((Abs(x7) ^ x18))))))) - (x9 + (Abs((((x30 + x19) / (x17 - x6)) / (Recip(x11) - (Abs(x20) ^ x13)))) ^ (Abs((Recip((x23 - x3)) - (x19 * x27))) ^ ((x23 - x16) - (Abs(x3) ^ x17))))))) ^ (((x21 + (x21 - x30)) + x24) * -5.771687228560342e-2)),-0.7883509086787374;-2.300017973569783;-5.771687228560342e-2,105,8.48179461133549e-2,8.48179461133549e-2,0.10254453152945342,0.6607282155465803,0.6607282155465803,-4.334366530161963,8.48179461133549e-2,8.48179461133549e-2,0.10254453152945342,313.24333013485546,313.24333013485546,313.2610567202716
