id,Expression,theta,size,MSE_train,MSE_val,MSE_test,R2_train,R2_val,R2_test,nll_train,nll_val,nll_test,mdl_train,mdl_val,mdl_test
0,(Abs(x27) ^ Recip(Recip((x13 / Recip((((Abs(-96.72810561351587) ^ ((Abs(((x12 * x21) + (Abs(x30) ^ x3))) ^ (-2.2730129543497246 * x0)) * x13)) + -2.6019739519290024) / ((x15 + ((x11 - (x2 * x19)) * (x3 / ((x3 - x1) * ((Recip(x1) / (36.70851129561322 * (x1 * x22))) / ((Abs((Abs(x22) ^ (x25 - (((Abs(x21) ^ x2) - (x12 * x20)) + -23.63941061034407)))) ^ (Abs(1.0991348471916171) ^ x15)) * ((Abs(x19) ^ x21) - ((x13 * (x12 - ((Abs(-7.543445131199041) ^ ((Abs(((x12 * x21) + (Abs(x30) ^ x3))) ^ (-6.584570590125143e-2 * x0)) * x13)) + -3.6410191078182734))) + 11.32514147943954)))))))) / x11))))))),-96.72810561351587;-2.2730129543497246;-2.6019739519290024;36.70851129561322;-23.63941061034407;1.0991348471916171;-7.543445131199041;-6.584570590125143e-2;-3.6410191078182734;11.32514147943954,107,3.2162640716971794e-2,3.2162640716971794e-2,3.004090216954826e8,0.8713494371321129,0.8713494371321129,-1.562727730759841e10,3.2162640716971794e-2,3.2162640716971794e-2,3.004090216954826e8,293.681195709757,293.681195709757,3.004093153445157e8
