id,Expression,theta,size,MSE_train,MSE_val,MSE_test,R2_train,R2_val,R2_test,nll_train,nll_val,nll_test,mdl_train,mdl_val,mdl_test
0,Recip(((((x9 + x14) + (Abs(Recip((Recip(x4) / (((x10 - x2) * Recip(Recip((((((x25 - ((((x19 + x22) / (x9 / x3)) / ((x16 * x25) / Recip((x13 * x15)))) - (Recip((Abs((x16 + x30)) ^ (x13 - x3))) - Recip((Recip(x18) / (x12 + x0)))))) + x24) + x11) - x29) - (x10 * x24))))) * x9)))) ^ (((x3 - (-6.008288726163187 * ((x4 + x17) / x8))) / Recip(((x23 / Recip(x2)) + x0))) - (Abs(((x13 * x6) / x3)) ^ x1)))) + (x13 * x21)) + (x10 / x1))),-6.008288726163187,99,0.13534779008232037,0.13534779008232037,0.2186957592157048,0.4586088396707185,0.4586088396707185,-10.37655339440053,0.13534779008232037,0.13534779008232037,0.2186957592157048,332.84599445885607,332.84599445885607,332.9293424279894
