id,Expression,theta,size,MSE_train,MSE_val,MSE_test,R2_train,R2_val,R2_test,nll_train,nll_val,nll_test,mdl_train,mdl_val,mdl_test
0,(Abs(x9) ^ ((Abs((Abs(((Abs((x0 * x18)) ^ (x4 * ((Abs(-0.6433609501715457) ^ Recip((Abs((Abs((x17 * 0.7824967015791714)) ^ x17)) ^ (4.415502545919358 - ((x25 - x23) / x14))))) * ((Abs((x17 * 2.24996479852367)) ^ ((Abs((Abs((x17 * ((x30 - (((Abs(((Abs((x17 * -0.33353643597345006)) ^ (Abs(((Abs((Abs(0.5485699519629399) ^ x17)) ^ x30) / (-0.9395183449981203 - (x24 * x25)))) ^ x14)) * 6.167750150870698e-2)) ^ (x18 * (x17 * x4))) * (Abs(Recip(x22)) ^ x0)) * (x28 * x25))) + x26))) ^ x17)) ^ 5.905106580338348) * x24)) * 7.256966883133378)))) * (Recip((Abs(x5) ^ (x24 * x25))) / x0))) ^ x9)) ^ 21.12895970898393) * x24)),-0.6433609501715457;0.7824967015791714;4.415502545919358;2.24996479852367;-0.33353643597345006;0.5485699519629399;-0.9395183449981203;6.167750150870698e-2;5.905106580338348;7.256966883133378;21.12895970898393,109,0.1160088509051737,0.1160088509051737,0.21522334546588992,0.5359645963793052,0.5359645963793052,-10.195918431135166,0.1160088509051737,0.1160088509051737,0.21522334546588992,280.2120731214601,280.2120731214601,280.3112876160208
