id,Expression,theta,size,MSE_train,MSE_val,MSE_test,R2_train,R2_val,R2_test,nll_train,nll_val,nll_test,mdl_train,mdl_val,mdl_test
0,(Abs(((x1 * ((0.1317286373653222 - Recip((0.3003210781197576 + (((x9 * (x21 + x21)) + (x21 - (Abs(x4) ^ x12))) - Recip(((Abs(-1.0997416464332637) ^ (x0 / x22)) - (((Abs((x23 * (x14 * (Abs(x25) ^ (x21 * x16))))) ^ (x2 + x28)) * x9) - x10))))))) * Recip((x17 + Recip(((x17 + ((x12 * x25) - x15)) + x23)))))) + ((x0 * (Abs((0.1787242315077554 * Recip((x4 + Recip(x13))))) ^ 1.2131355127165513)) / x4))) ^ Recip((Abs(((x4 + (-0.3882029224737083 + x4)) * x7)) ^ ((2.5627110534168263 + (x20 * -0.766203872755726)) * ((x29 * x14) - x4))))),0.1317286373653222;0.3003210781197576;-1.0997416464332637;0.1787242315077554;1.2131355127165513;-0.3882029224737083;2.5627110534168263;-0.766203872755726,99,0.124788057737353,0.124788057737353,3211.0675066868516,0.5008477690505879,0.5008477690505879,-167038.73169784364,0.124788057737353,0.124788057737353,3211.0675066868516,303.34177973013567,303.34177973013567,3514.28449835925
