id,Expression,theta,size,MSE_train,MSE_val,MSE_test,R2_train,R2_val,R2_test,nll_train,nll_val,nll_test,mdl_train,mdl_val,mdl_test
0,Recip((((((x10 + -1.120781255799588) + (x4 * x22)) + (Abs((Abs((((x15 - x14) / ((x10 / (Abs(x20) ^ (-1.208700625899205 * (Abs((Abs(x24) ^ ((-1.2858401397787615 + x12) + x27))) ^ ((1.5871965422121603 * x4) / x19))))) * x9)) * x7)) ^ x30)) ^ x17)) - x17) + ((x16 / x10) / ((((x14 + -0.3877885920107302) + (x22 * x30)) + (Abs(((x10 / (Abs((x10 * -0.5438491811185676)) ^ (-1.9896484902297487 * (Abs(x18) ^ (x20 / x19))))) * x9)) ^ x18)) + (((Abs(x20) ^ (0.3025612561881045 * x20)) * x22) * (x10 * 0.403394530698679)))))),-1.120781255799588;-1.208700625899205;-1.2858401397787615;1.5871965422121603;-0.3877885920107302;-0.5438491811185676;-1.9896484902297487;0.3025612561881045;0.403394530698679,93,4.8489446978619136e-2,4.8489446978619136e-2,0.17589613642484406,0.8060422120855235,0.8060422120855235,-8.150117016820039,4.8489446978619136e-2,4.8489446978619136e-2,0.17589613642484406,263.43000358502724,263.43000358502724,263.55741027447345
