id,Expression,theta,size,MSE_train,MSE_val,MSE_test,R2_train,R2_val,R2_test,nll_train,nll_val,nll_test,mdl_train,mdl_val,mdl_test
0,(Abs(Recip((x15 * ((Abs((x28 / x0)) ^ ((-768.9698723848827 + x28) * (x13 + x13))) * ((x4 + Recip(x27)) + (x13 + Recip((Abs(((x7 * x1) + -54.294820012167925)) ^ x17)))))))) ^ Recip((x4 - (((Abs((x12 / x0)) ^ x15) * (x15 - x23)) - (((x29 * x14) - (Recip((x24 + x20)) - (x17 * (x20 * x0)))) / ((x15 + x1) * x24)))))),-768.9698723848827;-54.294820012167925,68,9.930623009507424e-2,9.930623009507424e-2,Infinity,0.6027750796197031,0.6027750796197031,-Infinity,9.930623009507424e-2,9.930623009507424e-2,Infinity,197.9260232450273,197.9260232450273,Infinity
