id,Expression,theta,size,MSE_train,MSE_val,MSE_test,R2_train,R2_val,R2_test,nll_train,nll_val,nll_test,mdl_train,mdl_val,mdl_test
0,((((0.6753109418869032 + x27) - (Abs(((x15 + x9) - (Abs(x13) ^ (x18 + x18)))) ^ x14)) * 4.690966437431158) + (Abs((Abs(((Abs((((x17 * (-1.2334318515990097 + x27)) + (Abs((x17 * x20)) ^ x9)) / (Recip(x18) + x15))) ^ (Abs(x25) ^ (Abs(x16) ^ (Abs(x18) ^ x12)))) / (Recip(x7) + (Abs(x0) ^ 0.2961461311017189)))) ^ (Abs(((Abs(x13) ^ x0) + x7)) ^ (Abs((x16 / x7)) ^ (Abs(x9) ^ x12))))) ^ ((Abs(x25) ^ (x17 * x20)) * x27))),0.6753109418869032;4.690966437431158;-1.2334318515990097;0.2961461311017189,86,4.6809699733768764e-2,4.6809699733768764e-2,6.878892706443751e-2,0.812761201064925,0.812761201064925,-2.5783999858919024,4.6809699733768764e-2,4.6809699733768764e-2,6.878892706443751e-2,212.7438011220671,212.7438011220671,212.7657803493978
