id,Expression,theta,size,MSE_train,MSE_val,MSE_test,R2_train,R2_val,R2_test,nll_train,nll_val,nll_test,mdl_train,mdl_val,mdl_test
0,((Abs(((Recip((Abs((Abs(x25) ^ 1.5677067936844589)) ^ x11)) + x11) / (x1 - x22))) ^ Recip((x29 - Recip(x11)))) - ((Recip((Recip((((x17 - (0.3480743427994668 * x30)) - (x3 - (0.45078903517474467 * x30))) * ((Abs(Recip((Abs(x7) ^ x11))) ^ x22) - x17))) + x11)) * ((Abs((0.5769307916885834 + Recip(((x11 - x27) * x7)))) ^ (0.5125288686731642 + x24)) - ((x16 - (x24 - x21)) * (x1 * x7)))) * 0.1991499639194239)),1.5677067936844589;0.3480743427994668;0.45078903517474467;0.5769307916885834;0.5125288686731642;0.1991499639194239,74,8.696475427333443e-2,8.696475427333443e-2,Infinity,0.6521409829066622,0.6521409829066622,-Infinity,8.696475427333443e-2,8.696475427333443e-2,Infinity,203.79675935594472,203.79675935594472,Infinity
