id,Expression,theta,size,MSE_train,MSE_val,MSE_test,R2_train,R2_val,R2_test,nll_train,nll_val,nll_test,mdl_train,mdl_val,mdl_test
0,((3.908470937630756 * x11) + (-1.825572032291555 * (x10 - ((((x12 - x21) / x18) * x29) * ((((4.761444672298383 * (x10 - ((x23 + x29) * x3))) * (x11 + ((x7 * (Recip(((((Recip((x21 - x2)) / x2) / x30) / x17) + x0)) * x11)) / x18))) * (Abs(((x9 - (x27 + ((x12 - x21) / x18))) - x15)) ^ (x28 * ((Abs(x1) ^ (x3 * ((x18 * x13) - x17))) + 0.7094607390885376)))) / x28))))),3.908470937630756;-1.825572032291555;4.761444672298383;0.7094607390885376,77,7.93863085691012e-2,7.93863085691012e-2,0.34787066098268615,0.6824547657235952,0.6824547657235952,-17.096231784318643,7.93863085691012e-2,7.93863085691012e-2,0.34787066098268615,244.43662666018025,244.43662666018025,244.70511101259385
