id,Expression,theta,size,MSE_train,MSE_val,MSE_test,R2_train,R2_val,R2_test,nll_train,nll_val,nll_test,mdl_train,mdl_val,mdl_test
0,(Abs(((Abs((x14 / x15)) ^ ((Abs((Abs(((x16 * (Abs(((Abs((x8 * (Abs(x14) ^ 0.44754607282225317))) ^ x2) * (Abs(0.9970918604364676) ^ (Abs((x30 + x24)) ^ x14)))) ^ x18)) * x9)) ^ ((x8 / x4) * x23))) ^ (x3 * x10)) * (-0.7050326463650778 - ((4.247967922905952 * (Recip((Abs(x28) ^ -0.7644132651189095)) + x14)) / x4)))) * Recip(((-9.558607034185604e-3 * x2) / x8)))) ^ ((Abs(((-4.144118134472892 * (Recip(x10) + x14)) / x4)) ^ x17) / ((Abs(Recip(((Abs((x8 * 13.388350399934955)) ^ (Recip(x10) + (Recip(x10) + ((x8 * 0.7795072369015915) * x4)))) * x18))) ^ x26) / x18))),0.44754607282225317;0.9970918604364676;-0.7050326463650778;4.247967922905952;-0.7644132651189095;-9.558607034185604e-3;-4.144118134472892;13.388350399934955;0.7795072369015915,102,9.59959676569179e-2,9.59959676569179e-2,2.9404744820269175,0.6160161293723284,0.6160161293723284,-151.9634825550344,9.59959676569179e-2,9.59959676569179e-2,2.9404744820269175,279.15498118535123,279.15498118535123,281.9994596997212
