id,Expression,theta,size,MSE_train,MSE_val,MSE_test,R2_train,R2_val,R2_test,nll_train,nll_val,nll_test,mdl_train,mdl_val,mdl_test
0,(Abs((x14 * Recip((1.6554927831168134 + ((Recip((x25 * x0)) + (x0 + x28)) / ((x5 * x5) / x12)))))) ^ (Abs(x25) ^ (Abs((((x23 / x6) / x15) / (((x15 / ((x28 + x20) - (Abs(x12) ^ x26))) * (Abs(((x3 - (((Abs((x0 - x30)) ^ (x19 - x30)) - x18) - x3)) - (x23 / x6))) ^ (x26 / x15))) * (Recip(((Abs(x0) ^ x0) * (x23 * x0))) + (x19 * -56.814813623716105))))) ^ (((x1 + x28) - (Abs((-24.07513053647953 / (x25 / (x6 * 30.58998008513138)))) ^ x26)) + (x19 * 103.51771606296995))))),1.6554927831168134;-56.814813623716105;-24.07513053647953;30.58998008513138;103.51771606296995,98,1.6568060314744237e-6,1.6568060314744237e-6,3.549580970712849e-2,0.9999933727758741,0.9999933727758741,-0.8464920209647535,1.6568060314744237e-6,1.6568060314744237e-6,3.549580970712849e-2,282.1944810904295,282.1944810904295,282.2299752433306
