id,Expression,theta,size,MSE_train,MSE_val,MSE_test,R2_train,R2_val,R2_test,nll_train,nll_val,nll_test,mdl_train,mdl_val,mdl_test
0,(Abs((((((-7.61749752680643e-2 * x17) / (-18.801393745779993 * (x22 * x4))) / ((((x26 - x24) * -19.16831118746849) / x4) + ((x22 * x2) * x22))) * (Recip(((((((Abs(x12) ^ x20) - x18) - x18) * x27) / x19) / (((x6 / (x29 / x27)) + x6) - (Abs(x22) ^ (Abs(x15) ^ x10))))) / (x11 - (Abs((((((12.667636441504145 * (Abs(x17) ^ x25)) / (x24 * (x22 * x4))) / ((((x26 - x24) * 5.0853960854004185) / x26) + ((x22 * x2) * x22))) * x27) / x20)) ^ ((x26 / x9) - x6))))) / x26)) ^ x7),-7.61749752680643e-2;-18.801393745779993;-19.16831118746849;12.667636441504145;5.0853960854004185,98,7.426586155490819e-2,7.426586155490819e-2,0.2108383692856805,0.7029365537803672,0.7029365537803672,-9.967811970240682,7.426586155490819e-2,7.426586155490819e-2,0.2108383692856805,299.81914735953126,299.81914735953126,299.955719867262
