id,Expression,theta,size,MSE_train,MSE_val,MSE_test,R2_train,R2_val,R2_test,nll_train,nll_val,nll_test,mdl_train,mdl_val,mdl_test
0,(Abs(x23) ^ ((Abs(((Recip((x23 + x26)) - (Abs((Recip((x19 / x16)) * (((x7 * (Abs(x8) ^ x0)) * x4) + (x24 - (-12.383488546856979 * x23))))) ^ x8)) * Recip((x6 - (Recip((x19 / x16)) * ((Abs(-0.9750450544301832) ^ (Abs(x5) ^ x27)) + (x24 - (-11.450567813336061 * (-4.084618802768765e-2 * x16))))))))) ^ Recip((Abs((x23 + (x23 * Recip(((((((x9 + x29) * x20) + x11) + x14) / x22) / x16))))) ^ (Abs(x26) ^ (Abs(x16) ^ ((Abs(-13.311047166208173) ^ x5) + (x6 - (-7.06044133006776 * x23)))))))) + (((x22 * x22) * x4) * x4))),-12.383488546856979;-0.9750450544301832;-11.450567813336061;-4.084618802768765e-2;-13.311047166208173;-7.06044133006776,101,7.930256167045173e-3,7.930256167045173e-3,4.792508483701456e-2,0.9682789753318193,0.9682789753318193,-1.4930629132214022,7.930256167045173e-3,7.930256167045173e-3,4.792508483701456e-2,292.9256303191733,292.9256303191733,292.96562514784324
