id,Expression,theta,size,MSE_train,MSE_val,MSE_test,R2_train,R2_val,R2_test,nll_train,nll_val,nll_test,mdl_train,mdl_val,mdl_test
0,((Abs(x23) ^ x24) - ((Abs((x2 / (x17 + x7))) ^ x27) - (Abs(Recip((((Recip(x27) + (Abs(((Abs(Recip(((x5 * x13) / Recip((x23 * ((x21 * Recip(((Abs(x4) ^ x18) - (Abs(x10) ^ x8)))) * 5.008872236324886)))))) ^ ((Recip(Recip(x3)) + x23) - x7)) * (Abs((1.3234564913969797 + (x17 - (x26 * x30)))) ^ x0))) ^ (x24 * x21))) + x23) - x30))) ^ ((x23 + ((x7 * (Recip((((Abs(x8) ^ x7) / x27) + x3)) * (Recip(Recip(x3)) + x7))) * ((x30 * x0) - ((x13 + (x7 + -668.1755077737481)) - x19)))) / (Recip(x22) + x21))))),5.008872236324886;1.3234564913969797;-668.1755077737481,107,0.148793627517804,0.148793627517804,0.20173915872248976,0.404825489928784,0.404825489928784,-9.494471036743516,0.148793627517804,0.148793627517804,0.20173915872248976,319.44225435362307,319.44225435362307,319.49519988482774
