id,Expression,theta,size,MSE_train,MSE_val,MSE_test,R2_train,R2_val,R2_test,nll_train,nll_val,nll_test,mdl_train,mdl_val,mdl_test
0,(Abs(-0.9984526637455904) ^ ((Abs((Abs((Recip((Abs(Recip(x7)) ^ (x7 + (Abs(((((x16 + x9) * Recip(x8)) - Recip(x15)) - x8)) ^ ((x26 * x25) - (x20 * x1)))))) + (Recip((Abs(x15) ^ 0.3687066894523934)) - x2))) ^ (0.3898816394371654 / x0))) ^ ((0.2027209372715762 + x12) / x3)) - (x22 - x8))),-0.9984526637455904;0.3687066894523934;0.3898816394371654;0.2027209372715762,54,3.472958617283153e-2,3.472958617283153e-2,8.58786708783792e-2,0.8610816553086739,0.8610816553086739,-3.4674084590931153,3.472958617283153e-2,3.472958617283153e-2,8.58786708783792e-2,146.17180659689714,146.17180659689714,146.22295568160268
