id,Expression,theta,size,MSE_train,MSE_val,MSE_test,R2_train,R2_val,R2_test,nll_train,nll_val,nll_test,mdl_train,mdl_val,mdl_test
0,Recip((Abs((Abs((x5 + (Recip(x7) / (x12 * x9)))) ^ (((x27 + x5) * Recip(Recip((x3 / x6)))) * ((Abs((((Abs((x10 + x18)) ^ 14.00686698333017) * (x21 - ((x1 + x15) * x8))) + (x27 - x23))) ^ (((x10 + 49.196231391457765) * (((((Recip((Recip(x0) - x12)) / x12) + x21) + x14) * x10) * (x9 * x24))) * (-48.444534084328694 * (((Recip((Recip(x0) - x12)) / (x4 / x13)) + x20) + (x6 + x30))))) * (2.6155662128381327 * (Abs((Recip(x1) * x20)) ^ x5)))))) ^ (x9 * x4))),14.00686698333017;49.196231391457765;-48.444534084328694;2.6155662128381327,95,3.128141786754803e-2,3.128141786754803e-2,Infinity,0.8748743285298078,0.8748743285298078,-Infinity,3.128141786754803e-2,3.128141786754803e-2,Infinity,299.9296873336359,299.9296873336359,Infinity
