id,Expression,theta,size,MSE_train,MSE_val,MSE_test,R2_train,R2_val,R2_test,nll_train,nll_val,nll_test,mdl_train,mdl_val,mdl_test
0,(Abs(-1.6235251763874418e-3) ^ (Abs(Recip((x26 * Recip(x5)))) ^ ((((((Abs(x9) ^ x24) + (x2 / x17)) * (Abs((Abs(x12) ^ x10)) ^ (x6 * x25))) / (((x13 + x19) / Recip((Abs(x23) ^ x9))) / ((x19 * x14) * (x17 * x28)))) + x7) / (Abs(((5.989420529374897e-7 / (Abs((x25 + x23)) ^ x22)) * -0.8110492721283862)) ^ x15)))),-1.6235251763874418e-3;5.989420529374897e-7;-0.8110492721283862,62,9.43528374359608e-3,9.43528374359608e-3,2.569964111915882e-2,0.9622588650256156,0.9622588650256156,-0.3368953310185907,9.43528374359608e-3,9.43528374359608e-3,2.569964111915882e-2,171.62434212253265,171.62434212253265,171.64060647990823
