id,Expression,theta,size,MSE_train,MSE_val,MSE_test,R2_train,R2_val,R2_test,nll_train,nll_val,nll_test,mdl_train,mdl_val,mdl_test
0,(Abs(Recip(Recip((Abs(x10) ^ (x27 + ((x10 * x24) * (Abs((Abs(Recip(((x16 - (Abs(x11) ^ x17)) * ((Abs(x17) ^ (x24 * -9.09540995698025)) * 1.4766307488093653)))) ^ ((Abs(x11) ^ (x24 * -6.45033380541395)) * (Abs(x12) ^ (Recip(Recip(x4)) - (x12 + x22)))))) ^ (x17 * -36.033542110970565)))))))) ^ ((Abs(x17) ^ (x24 * -46.35911419085004)) * 0.19928023033226872)),-9.09540995698025;1.4766307488093653;-6.45033380541395;-36.033542110970565;-46.35911419085004;0.19928023033226872,61,2.7006879842150364e-2,2.7006879842150364e-2,Infinity,0.8919724806313986,0.8919724806313986,-Infinity,2.7006879842150364e-2,2.7006879842150364e-2,Infinity,140.84561733715708,140.84561733715708,Infinity
