id,Expression,theta,size,MSE_train,MSE_val,MSE_test,R2_train,R2_val,R2_test,nll_train,nll_val,nll_test,mdl_train,mdl_val,mdl_test
0,(Abs(Recip(((Abs(((Abs((((Abs((((x19 * x25) - x23) - ((x14 + x10) - x10))) ^ (x15 * (Abs(Recip((x15 * x21))) ^ x24))) * -2.5186827021209477) / (x3 * -2.704064103564651))) ^ (Abs(x17) ^ x24)) / ((x18 * x28) * 0.10853603493544878))) ^ (Abs((x10 * -0.28244903183578224)) ^ x24)) - (((x27 / x5) + x4) / ((x4 + x10) + (x29 + x20)))))) ^ ((Abs(((Recip(x6) - (x15 - ((Abs(x25) ^ x15) - x19))) * 0.11246301038728918)) ^ ((x29 + x10) * (((x24 - (x1 + x13)) - (x28 + x19)) * -11.821260980389768))) * x12)),-2.5186827021209477;-2.704064103564651;0.10853603493544878;-0.28244903183578224;0.11246301038728918;-11.821260980389768,97,7.762235722677975e-2,7.762235722677975e-2,0.1039975246233832,0.689510571092881,0.689510571092881,-4.409951230908188,7.762235722677975e-2,7.762235722677975e-2,0.1039975246233832,293.31161925264473,293.31161925264473,293.3379944200413
