id,Expression,theta,size,MSE_train,MSE_val,MSE_test,R2_train,R2_val,R2_test,nll_train,nll_val,nll_test,mdl_train,mdl_val,mdl_test
0,(Abs(((x30 / (((((x27 * (x19 + x7)) + (x30 / x20)) / ((x11 - Recip(x2)) * (Recip(x21) / ((x27 * (x19 + x7)) + (Abs(Recip((x8 / x11))) ^ ((x30 / Recip(x8)) / x10)))))) - (3.315639654955105 / (x21 * (x27 * x0)))) + (-0.22037540625126165 * (x21 + (Abs(x25) ^ x29))))) * x4)) ^ (Abs((Abs(Recip(((Abs(x25) ^ x29) - x26))) ^ Recip((x8 + Recip((x10 + ((-1.231203368447951e-2 / (x21 * x30)) * x15))))))) ^ (-4.319771907493183 - Recip((((x27 * x0) - x19) + x18))))),3.315639654955105;-0.22037540625126165;-1.231203368447951e-2;-4.319771907493183,93,4.628117772719196e-2,4.628117772719196e-2,8.427607986952669e-2,0.8148752890912322,0.8148752890912322,-3.384041674812611,4.628117772719196e-2,4.628117772719196e-2,8.427607986952669e-2,276.53696441799843,276.53696441799843,276.5749593201408
