id,Expression,theta,size,MSE_train,MSE_val,MSE_test,R2_train,R2_val,R2_test,nll_train,nll_val,nll_test,mdl_train,mdl_val,mdl_test
0,Recip((((Abs(((x3 / x17) / (Abs(x24) ^ (x2 - Recip(x4))))) ^ (x29 - x30)) * ((Abs((Abs(x10) ^ ((Abs(x26) ^ (x13 + x9)) + x9))) ^ (x21 + -13.38670146185718)) + ((x29 / x10) / Recip(x4)))) + ((Abs((x7 / (x8 / x6))) ^ Recip((Abs(x12) ^ ((Recip((x9 + x7)) + x27) + x9)))) + ((Abs((Abs(Recip(Recip((Recip(Recip((x29 + (x6 - x8)))) / (Abs(x25) ^ (((x6 * x24) - x15) + 0.10241415979497445)))))) ^ x4)) ^ (x10 + x7)) + ((x29 / x10) / Recip(x4)))))),-13.38670146185718;0.10241415979497445,97,2.079743499066826e-2,2.079743499066826e-2,7.750642971036344e-2,0.9168102600373269,0.9168102600373269,-3.031884473532952,2.079743499066826e-2,2.079743499066826e-2,7.750642971036344e-2,283.47519624285957,283.47519624285957,283.5319052375793
