id,Expression,theta,size,MSE_train,MSE_val,MSE_test,R2_train,R2_val,R2_test,nll_train,nll_val,nll_test,mdl_train,mdl_val,mdl_test
0,((((Abs(x28) ^ (Abs(x11) ^ (x9 + ((x5 + (Abs((Abs(x6) ^ -7.497513202510652)) ^ x30)) - ((Abs(Recip(x30)) ^ 0.834835465559569) - (Abs(((x28 * x3) / ((Abs(((((x26 + x9) - Recip(x14)) - ((Abs(x21) ^ x2) + x27)) / x23)) ^ x25) + 0.4678395407543367))) ^ (x3 * x27))))))) + ((x5 + (Abs((Abs(x6) ^ -2.0485526544439865)) ^ x30)) - (x5 + (Abs((Abs(x6) ^ 2.0360158184121113)) ^ x30)))) - (Abs(x28) ^ ((Abs((x15 - x13)) ^ (x26 + x9)) - x17))) / (Recip((x28 + (Abs(x5) ^ x13))) / (Abs((Abs(x23) ^ 3.813566541870353)) ^ x3))),-7.497513202510652;0.834835465559569;0.4678395407543367;-2.0485526544439865;2.0360158184121113;3.813566541870353,103,4.245096467605058e-2,4.245096467605058e-2,Infinity,0.8301961412957977,0.8301961412957977,-Infinity,4.245096467605058e-2,4.245096467605058e-2,Infinity,273.35508037459937,273.35508037459937,Infinity
