id,Expression,theta,size,MSE_train,MSE_val,MSE_test,R2_train,R2_val,R2_test,nll_train,nll_val,nll_test,mdl_train,mdl_val,mdl_test
0,((Recip((Recip(x10) + 1.0467533081235312)) * ((x20 * (Abs(x26) ^ x0)) + (x29 + 3.7482484402317042))) + ((Abs(x21) ^ x0) * (-1.6587088882763688 / (x25 + (x28 / (x29 + 4.584133647444566e-3)))))),1.0467533081235312;3.7482484402317042;-1.6587088882763688;4.584133647444566e-3,31,5.593961296295613e-2,5.593961296295613e-2,0.19640939533740787,0.7762415481481755,0.7762415481481755,-9.217216745451568,5.593961296295613e-2,5.593961296295613e-2,0.19640939533740787,76.58860217180545,76.58860217180545,76.7290719541799
