id,Expression,theta,size,MSE_train,MSE_val,MSE_test,R2_train,R2_val,R2_test,nll_train,nll_val,nll_test,mdl_train,mdl_val,mdl_test
0,(Abs(x12) ^ (x9 * (x29 / Recip((((Abs(-23.300074866373016) ^ (x5 + x28)) * (((x29 / (Abs((x14 - x0)) ^ ((Abs(((((x6 * x6) / x12) * x26) + x25)) ^ x12) * 3.4975852435878525))) * 5.3776160215447524e-2) + (((x12 * x3) + Recip((Abs((x28 * x25)) ^ ((x29 / (Abs((x14 - (Abs((x15 + x10)) ^ x30))) ^ (x6 * -0.15834697733390846))) * 21.39174603886583)))) + x15))) * (Abs((x14 - ((Abs(x12) ^ x14) * 9.632941174055814))) ^ (x6 * (-6.764493054805828 + (x10 + (x0 / Recip(((x28 / x11) * (x13 * x15))))))))))))),-23.300074866373016;3.4975852435878525;5.3776160215447524e-2;-0.15834697733390846;21.39174603886583;9.632941174055814;-6.764493054805828,95,2.4157771884449077e-3,2.4157771884449077e-3,4.0345588712485024e-2,0.9903368912462204,0.9903368912462204,-1.098777524823391,2.4157771884449077e-3,2.4157771884449077e-3,4.0345588712485024e-2,269.6549183470953,269.6549183470953,269.69284815861937
