id,Expression,theta,size,MSE_train,MSE_val,MSE_test,R2_train,R2_val,R2_test,nll_train,nll_val,nll_test,mdl_train,mdl_val,mdl_test
0,((Abs((Abs((x15 * x25)) ^ x22)) ^ ((Abs((x28 - x26)) ^ ((Recip(x28) / x27) * (x14 * x3))) + (Abs(x12) ^ x27))) * (x12 + ((Abs((Abs(x15) ^ x25)) ^ (Abs(Recip(((((x26 - x8) / (((Recip((x15 * x11)) - x23) * x21) - x26)) - (6.683659258637496 * x15)) - (Abs(Recip(((Abs(x11) ^ -21.72222993981794) * Recip(((Abs(x15) ^ x30) - (x12 + x29)))))) ^ x26)))) ^ (((x11 - x8) / x0) - ((Abs(x16) ^ x10) * -17.12317755937732)))) + 0.14855511021260348))),6.683659258637496;-21.72222993981794;-17.12317755937732;0.14855511021260348,89,0.10615074181971995,0.10615074181971995,0.21673215138989432,0.5753970327211202,0.5753970327211202,-10.274406515301871,0.10615074181971995,0.10615074181971995,0.21673215138989432,251.17846508153937,251.17846508153937,251.28904649110953
