id,Expression,theta,size,MSE_train,MSE_val,MSE_test,R2_train,R2_val,R2_test,nll_train,nll_val,nll_test,mdl_train,mdl_val,mdl_test
0,(Abs(((Recip((Abs((Abs(((Abs((x3 - x20)) ^ ((Abs((Abs(x30) ^ (Abs(x16) ^ x17))) ^ Recip((Abs(x0) ^ (Abs(Recip(x22)) ^ (x24 + 0.7031391448248714))))) + ((Abs(0.43999418146149377) ^ x17) / x16))) + (x16 - (-0.8287019818390435 - x7)))) ^ (Abs((Abs(x27) ^ (-25.441353424882454 - x17))) ^ x0))) ^ x17)) + x3) * x2)) ^ x11),0.7031391448248714;0.43999418146149377;-0.8287019818390435;-25.441353424882454,60,0.10410608810137877,0.10410608810137877,Infinity,0.5835756475944849,0.5835756475944849,-Infinity,0.10410608810137877,0.10410608810137877,Infinity,141.43717708809052,141.43717708809052,Infinity
