id,Expression,theta,size,MSE_train,MSE_val,MSE_test,R2_train,R2_val,R2_test,nll_train,nll_val,nll_test,mdl_train,mdl_val,mdl_test
0,((Abs(-7.402612343288015e-3) ^ (Abs(Recip(((Abs(((x20 * (x21 / x16)) - Recip((x27 - (((Abs(2.862444385099484) ^ x27) + (-1.0114256008867002 + ((Abs(x25) ^ x15) + 9.336641934568047e-5))) - (Abs((x3 * (x19 + x14))) ^ (Abs(x21) ^ (Abs((Abs(x20) ^ x7)) ^ (x15 + ((x5 / x6) + (((x15 - x29) / Recip(x27)) - x29))))))))))) ^ ((x19 + x12) + x27)) * Recip(((x21 + ((((x10 / x6) * x6) * x15) + -0.40482268550735306)) - (Recip(((x11 * -2.660325604633287) + x9)) * (x21 + 0.5795788150741453))))))) ^ (x25 * (x3 + ((x5 / x6) + x27))))) * Recip((Abs(Recip(Recip(x11))) ^ x7))),-7.402612343288015e-3;2.862444385099484;-1.0114256008867002;9.336641934568047e-5;-0.40482268550735306;-2.660325604633287;0.5795788150741453,107,4.739077533365443e-2,4.739077533365443e-2,5.265398563189259e-2,0.8104368986653823,0.8104368986653823,-1.739060332570948,4.739077533365443e-2,4.739077533365443e-2,5.265398563189259e-2,308.3186123190844,308.3186123190844,308.32387552938263
