id,Expression,theta,size,MSE_train,MSE_val,MSE_test,R2_train,R2_val,R2_test,nll_train,nll_val,nll_test,mdl_train,mdl_val,mdl_test
0,((((((0.6761795395203085 + x17) * (x15 * ((((Abs(x24) ^ 0.1453175733612925) * ((Abs(((x25 / x6) * x10)) ^ x11) + x7)) * x19) + ((-0.5358053565003854 * (x6 / (x28 - (x13 + x9)))) - x29)))) * x17) - (x4 + -0.15244471987031238)) - (-0.5444704070030031 * x9)) + (Abs(-9.691097631233141e-3) ^ ((Recip(Recip(((x25 / (Abs((x15 - x9)) ^ (x14 + x22))) * x10))) + x30) + (((x19 * ((x4 + 0.2723037430094384) * (x21 * -0.9088117023147064))) + (x27 - ((Abs((x17 / x26)) ^ 0.19651836397914746) - (x21 / x6)))) * x29)))),0.6761795395203085;0.1453175733612925;-0.5358053565003854;-0.15244471987031238;-0.5444704070030031;-9.691097631233141e-3;0.2723037430094384;-0.9088117023147064;0.19651836397914746,90,0.1089570905409374,0.1089570905409374,0.9698608787253022,0.5641716378362505,0.5641716378362505,-49.4521629112883,0.1089570905409374,0.1089570905409374,0.9698608787253022,280.2550907009089,280.2550907009089,281.1159944890933
