id,Expression,theta,size,MSE_train,MSE_val,MSE_test,R2_train,R2_val,R2_test,nll_train,nll_val,nll_test,mdl_train,mdl_val,mdl_test
0,(((Recip((Abs((x30 + x0)) ^ Recip(Recip((Abs(x18) ^ x12))))) + (x30 + (Abs(Recip((((0.2207230308999856 * (x6 * ((((x24 + x30) * x5) + x11) + x5))) + Recip((Abs(x30) ^ ((((x23 - (Abs(0.9049913684319885) ^ x6)) + (x11 * x14)) + (Abs(Recip((Abs(Recip((x17 - x6))) ^ Recip((x20 + x20))))) ^ x27)) * (Recip((x1 / (x22 - Recip(x12)))) - Recip(((x21 - Recip(x24)) + (x6 / x13)))))))) + x19))) ^ (x19 + 0.9335221191128706)))) / (((x30 + x2) + (x20 + x18)) / x18)) * (6.294493768442663 * (x6 * x1))),0.2207230308999856;0.9049913684319885;0.9335221191128706;6.294493768442663,100,3.64692214930087e-2,3.64692214930087e-2,5.318825373721846e-2,0.8541231140279653,0.8541231140279653,-1.7668529594099986,3.64692214930087e-2,3.64692214930087e-2,5.318825373721846e-2,303.03944725749085,303.03944725749085,303.0561662897351
