id,Expression,theta,size,MSE_train,MSE_val,MSE_test,R2_train,R2_val,R2_test,nll_train,nll_val,nll_test,mdl_train,mdl_val,mdl_test
0,(x9 * Recip((((x7 + (((x4 / x14) * ((((Recip((Abs(x3) ^ x22)) + (x25 + ((x4 + x26) - (x4 + -2.1791011616479423)))) + 1.6855089383834927) / x30) * x4)) + ((Abs(x3) ^ x28) + x26))) - Recip((x3 + (Abs((Recip(((x26 * (0.4225137063435981 * x22)) + x24)) + (x9 + 0.2229957624184476))) ^ (x13 + (x9 + x12)))))) / Recip((Recip(Recip(((x30 + (x29 * x13)) * (Abs(x6) ^ Recip((Recip(x3) - Recip(Recip(x30)))))))) / ((x4 + 2.2772902751036197) - (Abs(x30) ^ x26))))))),-2.1791011616479423;1.6855089383834927;0.4225137063435981;0.2229957624184476;2.2772902751036197,89,7.529019818637582e-2,7.529019818637582e-2,0.10874165010723694,0.6988392072544967,0.6988392072544967,-4.656740638578249,7.529019818637582e-2,7.529019818637582e-2,0.10874165010723694,259.72285628028493,259.72285628028493,259.75630773220576
