id,Expression,theta,size,MSE_train,MSE_val,MSE_test,R2_train,R2_val,R2_test,nll_train,nll_val,nll_test,mdl_train,mdl_val,mdl_test
0,(((((Recip((((Recip((x24 / x3)) - Recip(x22)) - (Abs(x26) ^ (x27 + 0.11613370253666516))) / x14)) - (Abs((((x19 * (Recip(x3) * Recip(Recip((((x3 + x6) * (x20 / x25)) * (Recip((x16 + x15)) / (x4 + x28))))))) - ((Abs(x1) ^ (x22 * x18)) + 2.0340013953263205)) / (x14 - (x7 - x3)))) ^ (Abs((Abs((Abs(x18) ^ x30)) ^ 0.8328205472418335)) ^ (Abs((x24 / x14)) ^ (Abs((x1 + x3)) ^ x28))))) + (((x9 + 6.320602667761289) - x7) + 6.399707474366132)) - x7) - x9) * x12),0.11613370253666516;2.0340013953263205;0.8328205472418335;6.320602667761289;6.399707474366132,92,0.10811622690862642,0.10811622690862642,16.84267587389836,0.5675350923654943,0.5675350923654943,-875.1559989601593,0.10811622690862642,0.10811622690862642,16.84267587389836,276.95841297127225,276.95841297127225,293.692972618262
