id,Expression,theta,size,MSE_train,MSE_val,MSE_test,R2_train,R2_val,R2_test,nll_train,nll_val,nll_test,mdl_train,mdl_val,mdl_test
0,Recip(((x19 - ((x27 - Recip(x22)) * Recip(((Abs(Recip(x26)) ^ Recip((-7.189628593799137 - (2.319990285144531 * x11)))) * ((Abs((x2 - (x2 + -2.2405454493636904e-3))) ^ (x13 - ((x6 / x21) * (x25 + x29)))) - x21))))) + (Abs(Recip(((Abs(x9) ^ -0.20656625725676833) * ((x16 + x30) / (x12 / x30))))) ^ ((((Abs(x22) ^ (x22 + x5)) + x11) - ((x23 - x9) - (x29 * -1.331620500709236))) - ((x21 + 1.7210498822936018) - (Abs(x14) ^ x16)))))),-7.189628593799137;2.319990285144531;-2.2405454493636904e-3;-0.20656625725676833;-1.331620500709236;1.7210498822936018,79,5.493798615674797e-2,5.493798615674797e-2,5.806459683997456e-2,0.7802480553730081,0.7802480553730081,-2.020520327615361,5.493798615674797e-2,5.493798615674797e-2,5.806459683997456e-2,235.03287320153538,235.03287320153538,235.03599981221862
