id,Expression,theta,size,MSE_train,MSE_val,MSE_test,R2_train,R2_val,R2_test,nll_train,nll_val,nll_test,mdl_train,mdl_val,mdl_test
0,(Abs(x24) ^ ((((x26 + x15) * x4) * ((Recip((Abs((x8 / Recip((((x30 / (x24 - x11)) - (x19 - x24)) - x25)))) ^ ((x27 * x1) + (6.672005269922933 * (x28 - x24))))) * x4) * 219.70897854015456)) * (((x26 + x15) * x4) * 101.26995453129126))),6.672005269922933;219.70897854015456;101.26995453129126,47,3.1702874125220736e-2,3.1702874125220736e-2,3.844459464333278e-2,0.873188503499117,0.873188503499117,-0.9998878133460947,3.1702874125220736e-2,3.1702874125220736e-2,3.844459464333278e-2,132.53145693661503,132.53145693661503,132.53819865713314
