id,Expression,theta,size,MSE_train,MSE_val,MSE_test,R2_train,R2_val,R2_test,nll_train,nll_val,nll_test,mdl_train,mdl_val,mdl_test
0,((-0.30916555191064715 - (-0.4450922813708019 / (Recip(x11) + (x15 * ((((-10.808608655644 / Recip(((Abs((Abs(((Abs(Recip(Recip(x23))) ^ x5) / x28)) ^ x28)) ^ x5) + x1))) * x20) - Recip((Recip(x27) + (Recip((x23 + x30)) * (((Recip((x1 / (Recip((Recip(x27) + (x27 + (x27 + x30)))) + x19))) * (0.47161412887222615 / Recip((x3 * 0.17552460835817332)))) * (-0.13550509089580046 / x7)) + Recip(x10)))))) + Recip(Recip((3.0438470040765893 / ((x27 + Recip(x5)) + x15))))))))) + Recip(Recip(((x3 * 37.7443302798872) / (Recip(x15) + x15))))),-0.30916555191064715;-0.4450922813708019;-10.808608655644;0.47161412887222615;0.17552460835817332;-0.13550509089580046;3.0438470040765893;37.7443302798872,90,4.082111809019148e-2,4.082111809019148e-2,6.439826447953974e-2,0.8367155276392341,0.8367155276392341,-2.3499977182255294,4.082111809019148e-2,4.082111809019148e-2,6.439826447953974e-2,260.66952891728744,260.66952891728744,260.6931060636768
