id,Expression,theta,size,MSE_train,MSE_val,MSE_test,R2_train,R2_val,R2_test,nll_train,nll_val,nll_test,mdl_train,mdl_val,mdl_test
0,(((x4 * x1) - (Abs(Recip((((x1 - (Abs(((x1 - (Abs((((((Abs(x0) ^ -4.828577205839503) * x13) / Recip((x23 - x28))) - Recip(x7)) + ((-2.034741077192537 - (Recip((Abs(Recip(x7)) ^ -3.7912003196558306)) - (x10 + x22))) - Recip(x15)))) ^ (x16 / x4))) + ((1.1546109204765638 - (Recip((Abs(Recip(Recip((Abs((x8 - x11)) ^ (x28 - x14))))) ^ 0.22417809884238038)) - (((x15 * x17) / x16) + x10))) - Recip(x15)))) ^ (x16 / x4))) / Recip((Abs(x28) ^ 2.364959205166077))) / (((x23 + Recip((x9 + (x1 + x30)))) - (x10 + x29)) - (x23 - x28))))) ^ x29)) * -0.973241408601662),-4.828577205839503;-2.034741077192537;-3.7912003196558306;1.1546109204765638;0.22417809884238038;2.364959205166077;-0.973241408601662,105,8.551970391992395e-2,8.551970391992395e-2,Infinity,0.6579211843203042,0.6579211843203042,-Infinity,8.551970391992395e-2,8.551970391992395e-2,Infinity,312.3164747161354,312.3164747161354,Infinity
