id,Expression,theta,size,MSE_train,MSE_val,MSE_test,R2_train,R2_val,R2_test,nll_train,nll_val,nll_test,mdl_train,mdl_val,mdl_test
0,(((x5 - (((-7.734871967318229 + (13.150939696896883 * Recip((Abs(((x14 / x15) / (x30 - (1.871499277178237 * (7.834993717510359e-2 * Recip((Abs(((x5 / x15) / x22)) ^ x7))))))) ^ x5)))) + x5) - x18)) * x30) + 0.2791902848166319),-7.734871967318229;13.150939696896883;1.871499277178237;7.834993717510359e-2;0.2791902848166319,37,6.317257603218306e-2,6.317257603218306e-2,0.10936665063122518,0.7473096958712677,0.7473096958712677,-4.689253165836117,6.317257603218306e-2,6.317257603218306e-2,0.10936665063122518,92.43017911256624,92.43017911256624,92.47637318716528
