id,Expression,theta,size,MSE_train,MSE_val,MSE_test,R2_train,R2_val,R2_test,nll_train,nll_val,nll_test,mdl_train,mdl_val,mdl_test
0,((-1.0714278429789255 + ((Abs(((Abs(x5) ^ ((Abs(x18) ^ x10) + x6)) - (Abs(Recip((-0.48592850315305197 / (x30 + x19)))) ^ Recip((0.40659157660146894 / (x30 + x19)))))) ^ (Recip(((x11 * x30) + Recip(Recip(Recip(Recip(Recip((Abs((((Abs(x30) ^ (Abs(x7) ^ (Abs(x25) ^ x24))) + (x19 * x26)) + (x2 * x28))) ^ x26)))))))) / (Abs((Recip(x5) / (((((x27 + x14) * x23) / x3) * x22) - x24))) ^ (((Abs(x6) ^ (Abs(x20) ^ x6)) * (Abs(x3) ^ -0.8378083340470642)) * 0.22026431195443083)))) + (Abs((x6 * x13)) ^ x22))) / (Abs(x18) ^ (x26 * -4.911564195747673))),-1.0714278429789255;-0.48592850315305197;0.40659157660146894;-0.8378083340470642;0.22026431195443083;-4.911564195747673,104,4.304487651516225e-2,4.304487651516225e-2,4.945488093293372,0.827820493939351,0.827820493939351,-256.2642906131114,4.304487651516225e-2,4.304487651516225e-2,4.945488093293372,296.6683628169048,296.6683628169048,301.57080603368297
