id,Expression,theta,size,MSE_train,MSE_val,MSE_test,R2_train,R2_val,R2_test,nll_train,nll_val,nll_test,mdl_train,mdl_val,mdl_test
0,((x9 * ((((x5 * ((x6 * -0.5104772859362863) + (x7 + x21))) * x7) - ((x8 + (x6 * -66.53252549280228)) + (6.0371102273302055 + x6))) + (x6 + (Abs(73.9145071930354) ^ x9)))) + (((-0.918279718063403 + ((x7 - ((x0 * ((Abs(-1.245408638664825) ^ x9) * (((x17 * x25) - ((Abs(((x23 * (x5 + x11)) * x3)) ^ x27) + x7)) + ((Abs(x18) ^ x30) + -50.448069481541474)))) * (Abs(x0) ^ 0.8467063115081715))) + x11)) + (Abs(x1) ^ x13)) / Recip(x0))),-0.5104772859362863;-66.53252549280228;6.0371102273302055;73.9145071930354;-0.918279718063403;-1.245408638664825;-50.448069481541474;0.8467063115081715,80,4.7069959686555404e-2,4.7069959686555404e-2,8.222336891927191e-2,0.8117201612537783,0.8117201612537783,-3.277259651180361,4.7069959686555404e-2,4.7069959686555404e-2,8.222336891927191e-2,235.22305340543454,235.22305340543454,235.25820681466726
