id,Expression,theta,size,MSE_train,MSE_val,MSE_test,R2_train,R2_val,R2_test,nll_train,nll_val,nll_test,mdl_train,mdl_val,mdl_test
0,(Abs(x27) ^ (x10 * (Abs((x0 / ((Abs(x22) ^ x7) / (Abs(x10) ^ (x0 * -10.063423511924144))))) ^ ((Abs(x19) ^ x9) * -89.83913474152259)))),-10.063423511924144;-89.83913474152259,26,1.976655586910567e-5,1.976655586910567e-5,9.2861849803114e-2,0.9999209337765236,0.9999209337765236,-3.830673426757806,1.976655586910567e-5,1.976655586910567e-5,9.2861849803114e-2,50.35582049532165,50.35582049532165,50.4486625785689
