id,Expression,theta,size,MSE_train,MSE_val,MSE_test,R2_train,R2_val,R2_test,nll_train,nll_val,nll_test,mdl_train,mdl_val,mdl_test
0,(((Recip((Abs((((Recip((Abs((((x11 / x21) / (Recip((1.2404443706098238 - x29)) - x18)) / (x21 * Recip(((x7 - x5) * (Abs(x25) ^ (Abs(((x1 + x7) - x7)) ^ x18))))))) ^ (x1 + (Abs((x18 / x7)) ^ -6.586924778892125)))) + (x8 / Recip(((-0.4618633765056622 * (x9 + (x20 / x9))) - x21)))) + ((Abs(x8) ^ x27) + x9)) + (x17 + (Abs((x18 / x7)) ^ -6.479613929724014)))) ^ (Abs(x20) ^ x18))) + x18) + ((Abs(Recip(x9)) ^ x27) + -1.3108479453952773)) + x12),1.2404443706098238;-6.586924778892125;-0.4618633765056622;-6.479613929724014;-1.3108479453952773,88,7.996262674276065e-2,7.996262674276065e-2,0.1370883648066598,0.6801494930289573,0.6801494930289573,-6.1313367372421705,7.996262674276065e-2,7.996262674276065e-2,0.1370883648066598,240.59723520689317,240.59723520689317,240.65436094495706
