id,Expression,theta,size,MSE_train,MSE_val,MSE_test,R2_train,R2_val,R2_test,nll_train,nll_val,nll_test,mdl_train,mdl_val,mdl_test
0,(Abs((x21 * (-1.4839614930338332 / (((x15 / ((x16 * (-0.3076436552477774 + x18)) / x4)) * (x7 + ((Abs(((((x3 * x27) / x4) / ((Abs((Abs((x27 * (0.22476926972478156 / (x29 + (-3.961326957426791 * (((Abs(((x21 * (x7 * x3)) * x21)) ^ (x9 + x3)) * ((x10 + x15) / x18)) + ((Abs(x17) ^ x17) - (x28 + (Abs(x4) ^ x28))))))))) ^ x4)) ^ x17) - (Abs(x14) ^ x28))) * (Recip(Recip(((-0.12688172808059073 - ((x16 * x3) / x4)) + (x29 / x27)))) / (x10 + x17)))) ^ (24.235409007312846 - x29)) + ((x14 * x7) / x4)))) / x30)))) ^ x28),-1.4839614930338332;-0.3076436552477774;0.22476926972478156;-3.961326957426791;-0.12688172808059073;24.235409007312846,105,0.10971128018960258,0.10971128018960258,0.18377262663533878,0.5611548792415897,0.5611548792415897,-8.559852037569957,0.10971128018960258,0.10971128018960258,0.18377262663533878,299.9408292559463,299.9408292559463,300.01489060239203
