id,Expression,theta,size,MSE_train,MSE_val,MSE_test,R2_train,R2_val,R2_test,nll_train,nll_val,nll_test,mdl_train,mdl_val,mdl_test
0,(Abs(x21) ^ (Abs((x1 + ((Abs((Abs((x14 + ((((x21 + x1) / (Abs(((Abs(x4) ^ ((((x14 + ((-2.3561543234775075 - (((x9 / x26) * (Abs(x21) ^ x9)) * Recip(x1))) * x17)) - (((x13 / (((x8 + (x3 - x6)) - Recip(((((x29 * 0.18487832407351712) * Recip(x1)) * x4) * Recip(x1)))) * -0.3321624996553474)) + x16) * x9)) * x8) * x12)) * x14)) ^ x13)) - (((x20 / x26) * (x30 + x2)) * Recip(x1))) * x17))) ^ (x16 * x29))) ^ 1779.853388045257) - (x15 / x10)))) ^ (x29 * -784.9890781064953))),-2.3561543234775075;0.18487832407351712;-0.3321624996553474;1779.853388045257;-784.9890781064953,97,0.0,0.0,4.3539970316291615e-2,1.0,1.0,-1.2649492558534035,0.0,0.0,4.3539970316291615e-2,293.2286884219334,293.2286884219334,293.2722283922497
