id,Expression,theta,size,MSE_train,MSE_val,MSE_test,R2_train,R2_val,R2_test,nll_train,nll_val,nll_test,mdl_train,mdl_val,mdl_test
0,(Abs((x20 * x18)) ^ ((((Abs((((x29 + x10) * (Abs((((x0 / x8) * x20) - (((x30 * x20) + (((x13 + x20) * ((x29 + x10) * x18)) - ((x26 * (Abs(x9) ^ 8.120707121145898e-2)) - x9))) / x20))) ^ ((x28 + 2.0069529834486834) * (6.301839192167257 - x20)))) + (x0 * 6.553294753370635e-2))) ^ x25) + (x18 * x29)) * (x29 + (x9 * 3.5026053053977106))) * x13)),8.120707121145898e-2;2.0069529834486834;6.301839192167257;6.553294753370635e-2;3.5026053053977106,67,0.13316636423221845,0.13316636423221845,0.18469374336391295,0.4673345430711262,0.4673345430711262,-8.607768529790384,0.13316636423221845,0.13316636423221845,0.18469374336391295,182.22658711169058,182.22658711169058,182.27811449082228
