id,Expression,theta,size,MSE_train,MSE_val,MSE_test,R2_train,R2_val,R2_test,nll_train,nll_val,nll_test,mdl_train,mdl_val,mdl_test
0,(Abs((x7 * -0.7442883751357937)) ^ (((Abs((Abs(x0) ^ (x2 - x0))) ^ (Abs((((x7 / x22) - x9) / ((x28 + x7) / (Abs(-0.4918298088395753) ^ (x2 - x0))))) ^ ((x14 + (Recip((Abs((-8.508876675610066 * (x7 / ((x6 + (Abs(x21) ^ x29)) + (x15 * x29))))) ^ x4)) + (1.5960783590310506 * x9))) * (-22.692854370839832 - Recip(Recip((Abs(3.126309496954137) ^ x27))))))) / x28) + Recip(Recip((x25 * (x29 * x0)))))),-0.7442883751357937;-0.4918298088395753;-8.508876675610066;1.5960783590310506;-22.692854370839832;3.126309496954137,74,1.1625634359497811e-2,1.1625634359497811e-2,8.273220847704768e-2,0.9534974625620087,0.9534974625620087,-3.3037294849758565,1.1625634359497811e-2,1.1625634359497811e-2,8.273220847704768e-2,200.95010652410542,200.95010652410542,201.02121309822297
