id,Expression,theta,size,MSE_train,MSE_val,MSE_test,R2_train,R2_val,R2_test,nll_train,nll_val,nll_test,mdl_train,mdl_val,mdl_test
0,(10.057590980829355 * ((Abs((Recip((Recip(x30) - Recip(x16))) * -0.2435219351648407)) ^ x10) * x30)),10.057590980829355;-0.2435219351648407,15,9.083292345307348e-2,9.083292345307348e-2,0.28683142676575635,0.6366683061877061,0.6366683061877061,-13.920970820354077,9.083292345307348e-2,9.083292345307348e-2,0.28683142676575635,29.203014506970774,29.203014506970774,29.399013010283454
