id,Expression,theta,size,MSE_train,MSE_val,MSE_test,R2_train,R2_val,R2_test,nll_train,nll_val,nll_test,mdl_train,mdl_val,mdl_test
0,(Abs((x4 * (Abs(x21) ^ (Abs(x3) ^ x27)))) ^ (Abs(x5) ^ ((((Abs((Abs(x19) ^ ((9.900721493997908 + x1) + (x21 - Recip(x9))))) ^ (x24 - (x14 + x20))) * (x21 * x1)) * (Abs((Abs(((x26 / x13) + x30)) ^ (Abs(Recip(x24)) ^ x9))) ^ (Abs(Recip((x4 * x28))) ^ x15))) * 144.6332953873001))),9.900721493997908;144.6332953873001,60,5.943329584159881e-2,5.943329584159881e-2,0.1978712664759993,0.7622668166336047,0.7622668166336047,-9.29326328208109,5.943329584159881e-2,5.943329584159881e-2,0.1978712664759993,156.83414409229908,156.83414409229908,156.9725820629335
