id,Expression,theta,size,MSE_train,MSE_val,MSE_test,R2_train,R2_val,R2_test,nll_train,nll_val,nll_test,mdl_train,mdl_val,mdl_test
0,(Abs(((((Abs((x29 * (((-1.8715776006026033 * x2) / x29) / (x27 / (x2 + (((Abs(x6) ^ x8) - x26) + x8)))))) ^ Recip(Recip(Recip(x25)))) - ((((x16 + x15) * (Abs(x10) ^ x8)) / (-1.0500778368555412 * x13)) * x23)) / (Recip((Recip((x29 / (x27 * -5.0097353114070875e-2))) * -1.5652046327880615e-3)) / (Abs((((Recip(x3) - (Recip((Abs(x29) ^ x21)) - (x5 - x7))) / x6) * (x23 / x29))) ^ Recip(Recip(Recip(x13)))))) / (Recip(x23) / (Abs((x14 - x28)) ^ Recip(Recip(Recip(x22))))))) ^ x3),-1.8715776006026033;-1.0500778368555412;-5.0097353114070875e-2;-1.5652046327880615e-3,92,8.002592022868324e-2,8.002592022868324e-2,6.1606668247205576e16,0.679896319085267,0.679896319085267,-3.204778882219512e18,8.002592022868324e-2,8.002592022868324e-2,6.1606668247205576e16,277.0182316520547,277.0182316520547,6.1606668247205856e16
