id,Expression,theta,size,MSE_train,MSE_val,MSE_test,R2_train,R2_val,R2_test,nll_train,nll_val,nll_test,mdl_train,mdl_val,mdl_test
0,(Abs(((x2 / Recip((Abs(((x13 * x12) / ((((x1 / x25) * (x24 + x21)) / Recip(((x29 + x6) / (Recip(Recip((x1 / x25))) + x5)))) / ((x28 + x6) - x29)))) ^ 7.848723837964455e-2))) * (x29 * x1))) ^ Recip((Abs(((x9 * x12) / (4.8970790982586e-2 / ((x28 + x6) - (Recip((Abs(((x9 * x12) * -0.5158379148172508)) ^ 0.16125862023188908)) / (Recip((x1 / x25)) + x26)))))) ^ 3.6326008148942854))),7.848723837964455e-2;4.8970790982586e-2;-0.5158379148172508;0.16125862023188908;3.6326008148942854,72,1.0319334679112855e-3,1.0319334679112855e-3,Infinity,0.9958722661283549,0.9958722661283549,-Infinity,1.0319334679112855e-3,1.0319334679112855e-3,Infinity,203.7108265351393,203.7108265351393,Infinity
