id,Expression,theta,size,MSE_train,MSE_val,MSE_test,R2_train,R2_val,R2_test,nll_train,nll_val,nll_test,mdl_train,mdl_val,mdl_test
0,((Recip(((x13 * ((x23 * x23) + (Abs(x4) ^ x19))) / x24)) / (Recip((((0.8042079548979363 - x26) - x20) + 1.2636536070354334)) - (x9 * (x13 * ((x23 * (Abs(0.9302949745511059) ^ (x9 / (x29 + (((0.6468782485164954 - x13) / x0) * x25))))) + (Abs((x1 + x20)) ^ x19)))))) - ((-0.7252539849962589 - x4) * ((0.5015430006469287 - x24) * Recip((((-0.5274158151285809 - x13) - x20) + x18))))),0.8042079548979363;1.2636536070354334;0.9302949745511059;0.6468782485164954;-0.7252539849962589;0.5015430006469287;-0.5274158151285809,67,6.51864553846009e-2,6.51864553846009e-2,0.22004173976014896,0.7392541784615965,0.7392541784615965,-10.446571302322512,6.51864553846009e-2,6.51864553846009e-2,0.22004173976014896,191.79205196284002,191.79205196284002,191.94690724721556
