id,Expression,theta,size,MSE_train,MSE_val,MSE_test,R2_train,R2_val,R2_test,nll_train,nll_val,nll_test,mdl_train,mdl_val,mdl_test
0,(Recip(Recip((x21 - x30))) + (Abs((Abs((((x24 + x3) + -0.8694745681914894) * (((x26 / x6) + ((x17 + Recip((Recip(x27) / (x21 - (-1.1934926762902776 / x24))))) + x3)) / ((x25 * x10) - x27)))) ^ ((((Abs(x5) ^ x16) / (x12 + -1.4942226385016433)) - ((x21 - (-0.9050406339338991 / x24)) * (Abs(x23) ^ x29))) - x8))) ^ x25)),-0.8694745681914894;-1.1934926762902776;-1.4942226385016433;-0.9050406339338991,61,5.046613515376957e-2,5.046613515376957e-2,6.334038562591589e-2,0.7981354593849217,0.7981354593849217,-2.294966860260019,5.046613515376957e-2,5.046613515376957e-2,6.334038562591589e-2,178.77363644311532,178.77363644311532,178.78651069358745
