id,Expression,theta,size,MSE_train,MSE_val,MSE_test,R2_train,R2_val,R2_test,nll_train,nll_val,nll_test,mdl_train,mdl_val,mdl_test
0,(((x16 + x12) + (((6.134448523669673e-2 * x22) / x19) / x27)) / (((((((((x28 + x24) - (x11 * ((x16 + x12) + (((-1.4033937776296812 * x22) / x19) / x27)))) * (x4 * (((((Abs((Abs((x16 / x21)) ^ x19)) ^ Recip(((x24 / x26) + x27))) - (Recip((x20 - (Abs(x23) ^ x5))) * ((x29 * x22) + x1))) * x22) / x19) / x11))) / (-7.750962945995835e-2 + ((Abs(-1.276898856494233) ^ x20) / x23))) / (Abs(((x22 + (x20 * x3)) + (Abs(x29) ^ x6))) ^ 0.5886033722338414)) * x6) + x22) - ((-1.9492481205235854 / x25) * x15)) + Recip(x16))),6.134448523669673e-2;-1.4033937776296812;-7.750962945995835e-2;-1.276898856494233;0.5886033722338414;-1.9492481205235854,102,4.608660116914844e-2,4.608660116914844e-2,5.198218690978084e-2,0.8156535953234062,0.8156535953234062,-1.7041133630466963,4.608660116914844e-2,4.608660116914844e-2,5.198218690978084e-2,316.4464257375847,316.4464257375847,316.45232132332535
