id,Expression,theta,size,MSE_train,MSE_val,MSE_test,R2_train,R2_val,R2_test,nll_train,nll_val,nll_test,mdl_train,mdl_val,mdl_test
0,((0.42136909908656395 / (Abs(((0.30282933294931036 / x14) / (x28 * (((-24.8059721610692 / x4) / x19) / x7)))) ^ Recip((x25 / Recip((-1.911440129036123 / x15)))))) / x14),0.42136909908656395;0.30282933294931036;-24.8059721610692;-1.911440129036123,26,4.72541779745335e-2,4.72541779745335e-2,6.625292937000982e-2,0.810983288101866,0.810983288101866,-2.4464773858277793,4.72541779745335e-2,4.72541779745335e-2,6.625292937000982e-2,62.169920422674544,62.169920422674544,62.188919174070016
