id,Expression,theta,size,MSE_train,MSE_val,MSE_test,R2_train,R2_val,R2_test,nll_train,nll_val,nll_test,mdl_train,mdl_val,mdl_test
0,((Abs(Recip((((Abs(Recip(Recip(Recip((Abs(((Abs((x1 / x22)) ^ (((Recip((x4 + x30)) / (((x29 + ((x20 - x16) - (x4 - x29))) + x16) / (x8 / Recip(x22)))) + x19) + x18)) / x22)) ^ (x16 + x5)))))) ^ x14) + x2) * 0.32783949452123534))) ^ (x20 - x16)) * ((Abs(Recip((x27 - ((Abs(((x29 - ((-0.2549509622711335 * x29) + (x17 * (Abs(x21) ^ (0.8580941016897444 - ((Abs(((x25 + (x26 / (x1 * (x26 - x12)))) + (x24 - x10))) ^ (x8 - x1)) * x29)))))) - x25)) ^ -0.8951086896572991) / x3)))) ^ ((-0.3052105663137982 + x28) + x4)) - x16)),0.32783949452123534;-0.2549509622711335;0.8580941016897444;-0.8951086896572991;-0.3052105663137982,106,0.12869487594959822,0.12869487594959822,27988.908789438043,0.4852204962016071,0.4852204962016071,-1455982.0352265115,0.12869487594959822,0.12869487594959822,27988.908789438043,333.44603827884083,333.44603827884083,28322.226132840933
