id,Expression,theta,size,MSE_train,MSE_val,MSE_test,R2_train,R2_val,R2_test,nll_train,nll_val,nll_test,mdl_train,mdl_val,mdl_test
0,((Recip((Recip(x8) - (Recip((Abs((Recip(((x13 * ((Recip(x10) * x14) / (2.8057362664438616 + x10))) + x24)) * x3)) ^ ((Abs(x10) ^ (Abs(x2) ^ x25)) * Recip((x6 * Recip(x8)))))) + (x25 * ((x8 * Recip(x2)) + Recip((x6 + x29))))))) / (x25 - Recip(x9))) - ((Abs((0.29961674049865994 * x17)) ^ Recip(Recip((Abs((x8 - x20)) ^ x30)))) - (x3 / x16))),2.8057362664438616;0.29961674049865994,70,6.109102723623705e-2,6.109102723623705e-2,0.3668241915900315,0.7556358910550518,0.7556358910550518,-18.08219444651271,6.109102723623705e-2,6.109102723623705e-2,0.3668241915900315,200.97885049552679,200.97885049552679,201.28458365988058
