id,Expression,theta,size,MSE_train,MSE_val,MSE_test,R2_train,R2_val,R2_test,nll_train,nll_val,nll_test,mdl_train,mdl_val,mdl_test
0,((Abs((Recip(((((Abs((x2 - x24)) ^ (x1 - x26)) + 56.47178020128988) + x4) * Recip(x28))) * (Abs(x28) ^ (((x1 + x12) / (x3 + x28)) * (x6 * x18))))) ^ (Abs(((x16 * Recip(x21)) * ((((Recip(Recip((19.03208141299585 + x3))) - x9) * ((x20 + (x21 / x5)) + x14)) * (x7 * (x6 * x4))) - x15))) ^ (Abs((246.33621217196165 - x28)) ^ ((Abs((x3 - (Abs(-128.42667058475777) ^ x15))) ^ (x13 + (Abs(x5) ^ x30))) * (x2 - x11))))) - ((x11 * x20) * (((x7 * (x11 * x20)) * x3) - (x15 + -1.739112757075916)))),56.47178020128988;19.03208141299585;246.33621217196165;-128.42667058475777;-1.739112757075916,102,0.10537494340488124,0.10537494340488124,0.21659772709761294,0.578500226380475,0.578500226380475,-10.267413763617395,0.10537494340488124,0.10537494340488124,0.21659772709761294,313.33259889987403,313.33259889987403,313.4438216835668
