id,Expression,theta,size,MSE_train,MSE_val,MSE_test,R2_train,R2_val,R2_test,nll_train,nll_val,nll_test,mdl_train,mdl_val,mdl_test
0,(Recip(((x19 * ((x3 - x7) + (Abs((Abs(((Abs((x12 - x7)) ^ (Abs(((Recip((-8.802012329678456e-3 / x5)) / x3) + (Abs(x14) ^ x16))) ^ 0.7214580955961418)) * x25)) ^ ((((x3 * Recip((x9 + x3))) + (Abs(x14) ^ x16)) * -0.13723401688165343) - x14))) ^ x29))) + (Abs((Abs(x14) ^ x16)) ^ x5))) / Recip((((-0.5355003502053806 / (Abs(x6) ^ x5)) + (((x14 - x23) * x21) + ((x16 + (x5 + ((x12 - x25) + (Abs(Recip(((Abs(0.4223815277211115) ^ x29) + (Abs(x19) ^ (x12 - (Abs(x11) ^ x3)))))) ^ x29)))) + ((x12 - (Abs(x11) ^ x3)) + (Abs(x17) ^ x29))))) + x29))),-8.802012329678456e-3;0.7214580955961418;-0.13723401688165343;-0.5355003502053806;0.4223815277211115,111,5.504933848116129e-2,5.504933848116129e-2,6.426223105932559e-2,0.7798026460753549,0.7798026460753549,-2.3429212597059896,5.504933848116129e-2,5.504933848116129e-2,6.426223105932559e-2,296.7951248608795,296.7951248608795,296.8043377534577
