id,Expression,theta,size,MSE_train,MSE_val,MSE_test,R2_train,R2_val,R2_test,nll_train,nll_val,nll_test,mdl_train,mdl_val,mdl_test
0,((Abs(((x13 * (x27 + x21)) / ((x8 - (((x25 / (Abs(((Abs((x7 * (x5 * x16))) ^ (Abs(x5) ^ x9)) * (((Abs(x15) ^ x15) - x1) + Recip(x10)))) ^ ((Recip(x15) / x6) + x18))) * (x10 * Recip(((Abs(x16) ^ (x20 + x4)) - (x5 * x16))))) + ((x18 * Recip((Recip(x10) - Recip((x16 * x28))))) * ((Abs(x18) ^ x23) + x27)))) - ((x26 * x16) - x16)))) ^ Recip((Abs(((x9 - Recip((x26 * x28))) + 0.9863544038928016)) ^ Recip(Recip((Abs(((x5 + 3.186327036899583) * (x9 * Recip(x5)))) ^ x15)))))) + x24),0.9863544038928016;3.186327036899583,105,3.796423984064578e-2,3.796423984064578e-2,9.90527172793805e-2,0.8481430406374169,0.8481430406374169,-4.152722352873178,3.796423984064578e-2,3.796423984064578e-2,9.90527172793805e-2,316.4383033762562,316.4383033762562,316.499391853695
