id,Expression,theta,size,MSE_train,MSE_val,MSE_test,R2_train,R2_val,R2_test,nll_train,nll_val,nll_test,mdl_train,mdl_val,mdl_test
0,((x22 + (Abs((0.7909028427413779 - x12)) ^ (Abs((x26 - (Recip((x20 * (x12 * (Abs(((Recip((x20 * x13)) * x20) - x12)) ^ ((-0.22337061082424273 + ((Abs(x26) ^ (Abs(0.9102228012267444) ^ (Recip((Abs(x21) ^ (0.3004110212866223 + x2))) / (-0.2127425834666623 / (x19 - x10))))) - (Abs(x12) ^ x22))) - x27))))) + (Abs(((x12 * x17) - x12)) ^ (Abs(x13) ^ x12))))) ^ (x27 * (Abs(((x17 * x28) - x12)) ^ ((-1.1853221029175083 + ((Abs(x26) ^ x5) - (Abs(x12) ^ x22))) - x27)))))) - x27),0.7909028427413779;-0.22337061082424273;0.9102228012267444;0.3004110212866223;-0.2127425834666623;-1.1853221029175083,90,7.57198760950027e-3,7.57198760950027e-3,1.668494168625303e-2,0.969712049561999,0.969712049561999,0.13204933348115055,7.57198760950027e-3,7.57198760950027e-3,1.668494168625303e-2,233.6746893248208,233.6746893248208,233.68380227889756
