id,Expression,theta,size,MSE_train,MSE_val,MSE_test,R2_train,R2_val,R2_test,nll_train,nll_val,nll_test,mdl_train,mdl_val,mdl_test
0,Recip((Abs(((((x1 / x25) - ((x16 - (Abs(x16) ^ x26)) - x22)) + (Abs((((-0.49270756317816805 * (x23 - (x18 + x6))) + x11) * x19)) ^ x27)) + ((x3 + x4) / (Abs((x4 - (x21 * x13))) ^ (x15 + 2.4545915199085577))))) ^ (Abs((Recip(((x25 + x3) / (x3 / x5))) - (Abs((Abs(x20) ^ x9)) ^ x1))) ^ (((Abs((((x4 / x25) + ((x6 * (x11 * x6)) + -0.7637807794715288)) * x16)) ^ 0.5786758678255538) / (Abs(x22) ^ (-0.899898781825392 - x4))) * ((Abs(Recip(x27)) ^ 0.8961452271600534) - (x1 + (((x1 * -1.298291979506384) - ((-1.9815021226930263 - (x24 / x1)) - x1)) / x5))))))),-0.49270756317816805;2.4545915199085577;-0.7637807794715288;0.5786758678255538;-0.899898781825392;0.8961452271600534;-1.298291979506384;-1.9815021226930263,108,6.912744715042142e-2,6.912744715042142e-2,0.18393953248664774,0.7234902113983144,0.7234902113983144,-8.56853447995505,6.912744715042142e-2,6.912744715042142e-2,0.18393953248664774,323.0611403155747,323.0611403155747,323.1759524009109
