id,Expression,theta,size,MSE_train,MSE_val,MSE_test,R2_train,R2_val,R2_test,nll_train,nll_val,nll_test,mdl_train,mdl_val,mdl_test
0,(Abs((Recip((x10 + Recip(((((((Abs(x14) ^ x10) / (Abs(x22) ^ x1)) - ((x14 * x13) * (x20 / (x14 * x13)))) + (((Abs(x22) ^ x5) - (x18 / x25)) / ((Abs(x3) ^ x25) / x22))) * ((((x14 / x5) * (x20 + -0.3927382103127175)) + ((x29 * x2) + (Abs(x2) ^ x15))) - ((Abs((((x4 * x4) + (Abs(x2) ^ x15)) + x26)) ^ (Recip(Recip(x23)) / -0.3538047199783507)) * ((x14 / x2) - (x16 * x6))))) / Recip((-0.3745759065838181 + x14)))))) / Recip((x8 * (x1 * ((x13 * x1) * (x20 / x4))))))) ^ x4),-0.3927382103127175;-0.3538047199783507;-0.3745759065838181,103,0.13651220266770023,0.13651220266770023,0.12723973641339717,0.4539511893291991,0.4539511893291991,-5.619011088224668,0.13651220266770023,0.13651220266770023,0.12723973641339717,309.6556833147085,309.6556833147085,309.6464108484542
