id,Expression,theta,size,MSE_train,MSE_val,MSE_test,R2_train,R2_val,R2_test,nll_train,nll_val,nll_test,mdl_train,mdl_val,mdl_test
0,Recip((x22 + (((Abs((((Abs((Abs(x2) ^ (Abs((((x4 * ((x7 + (Abs(x7) ^ x0)) / x0)) * x8) - (Recip((x1 / Recip(x10))) * (Abs(x20) ^ x15)))) ^ x9))) ^ (x15 - x9)) - Recip(x0)) * (x4 * (x30 - (Abs(x12) ^ x21))))) ^ x24) - ((x4 * (x30 - (x20 - x27))) * ((x8 - ((x27 + x28) + -0.8155219453482766)) / Recip(x1)))) + ((Abs(2.003623227349492e-3) ^ Recip((Recip((Abs(x19) ^ (x25 - x29))) * (Recip((Abs(x5) ^ (x12 - x29))) * (Abs(Recip(((Abs(x3) ^ 0.7719597240495532) + -0.5738710181886735))) ^ Recip((x8 + x28))))))) / x24)))),-0.8155219453482766;2.003623227349492e-3;0.7719597240495532;-0.5738710181886735,107,3.446224413869873e-2,3.446224413869873e-2,8.490016652350657e-2,0.8621510234452051,0.8621510234452051,-3.416506662552643,3.446224413869873e-2,3.446224413869873e-2,8.490016652350657e-2,319.92756609285374,319.92756609285374,319.9780040152385
