id,Expression,theta,size,MSE_train,MSE_val,MSE_test,R2_train,R2_val,R2_test,nll_train,nll_val,nll_test,mdl_train,mdl_val,mdl_test
0,(Abs((((-788.2224695253551 * (((((844.37388210239 * ((x30 * (840.4942697101974 * x9)) * (Abs(x9) ^ Recip(x16)))) * (x8 * (Abs(x9) ^ Recip(x28)))) / x8) * x29) * (x20 * x4))) / x23) * (((619.9178413896976 * ((((562.9671494126056 * (x8 * (Abs(x9) ^ Recip(((Recip(x1) / Recip(x11)) + ((x29 - x9) + (x6 + x6))))))) / x23) * x29) * (x4 * x30))) + x30) * ((603.8783077584338 * x12) * ((x7 + x12) * (x15 * (((x30 * (x27 * x28)) * x15) * ((x12 + x0) * x12)))))))) ^ x30),-788.2224695253551;844.37388210239;840.4942697101974;619.9178413896976;562.9671494126056;603.8783077584338,94,8.92660076545265e-2,8.92660076545265e-2,Infinity,0.642935969381894,0.642935969381894,-Infinity,8.92660076545265e-2,8.92660076545265e-2,Infinity,286.11411073896966,286.11411073896966,Infinity
