id,Expression,theta,size,MSE_train,MSE_val,MSE_test,R2_train,R2_val,R2_test,nll_train,nll_val,nll_test,mdl_train,mdl_val,mdl_test
0,(((Recip((x13 / x30)) * -4.220287257136169e-3) + (Abs((Recip(x29) + -2.424893872113252)) ^ -0.37372322501451205)) * x29),-4.220287257136169e-3;-2.424893872113252;-0.37372322501451205,16,8.828286980276295e-2,8.828286980276295e-2,0.13744056237660998,0.6468685207889482,0.6468685207889482,-6.149658054830978,8.828286980276295e-2,8.828286980276295e-2,0.13744056237660998,33.04665152984605,33.04665152984605,33.0958092224199
