id,Expression,theta,size,MSE_train,MSE_val,MSE_test,R2_train,R2_val,R2_test,nll_train,nll_val,nll_test,mdl_train,mdl_val,mdl_test
0,((Abs(x6) ^ (Recip((Abs((Abs(x25) ^ 9.872561012609697)) ^ x9)) * ((x10 - x27) * (Abs(((x17 + x27) / x1)) ^ -2.3088590674772322)))) * (Abs(((Abs(((x16 / ((Abs((x27 - x3)) ^ ((x8 / x0) + ((x22 + -16.988936953133685) * x17))) + ((x11 + x6) - x6))) * (x20 + (Abs(x16) ^ (Abs(x16) ^ x4))))) ^ x2) + ((x9 - x27) * (Abs(x30) ^ x30)))) ^ ((x11 + ((x10 - x27) * (Abs((Abs(x30) ^ x22)) ^ ((Abs((x21 - x3)) ^ ((x8 / x0) + ((x22 + -0.9628996239181644) * x17))) + ((x11 + x6) - x6))))) - x6))),9.872561012609697;-2.3088590674772322;-16.988936953133685;-0.9628996239181644,105,4.0090456487723636e-2,4.0090456487723636e-2,0.6658326362666267,0.8396381740491055,0.8396381740491055,-33.63661373858859,4.0090456487723636e-2,4.0090456487723636e-2,0.6658326362666267,296.1766663443622,296.1766663443622,296.8024085241411
