id,Expression,theta,size,MSE_train,MSE_val,MSE_test,R2_train,R2_val,R2_test,nll_train,nll_val,nll_test,mdl_train,mdl_val,mdl_test
0,Recip((((Abs((Abs(170.9926908398956) ^ x6)) ^ ((((x15 + (((Recip(((((Abs(x3) ^ x2) / (Abs(x2) ^ 7.382707612810272)) + (Abs(x6) ^ (x6 * x11))) * Recip(((Abs(x2) ^ (Abs((x2 + x0)) ^ x2)) * x21)))) + -4.165433556584298) - (x24 - x0)) - x15)) + (x3 * 131.38828727748344)) + x10) + ((x24 - (Recip(((x15 + x22) * Recip(((x22 - ((x17 / (x15 / x27)) + (x10 + x9))) * x21)))) + 3.6505353797799613)) - x28))) / (Abs(x4) ^ x4)) + ((x14 + x14) - x28))),170.9926908398956;7.382707612810272;-4.165433556584298;131.38828727748344;3.6505353797799613,90,0.11060700529833617,0.11060700529833617,0.1831342927455077,0.5575719788066553,0.5575719788066553,-8.526645908620946,0.11060700529833617,0.11060700529833617,0.1831342927455077,257.2211327114886,257.2211327114886,257.2936599989358
