id,Expression,theta,size,MSE_train,MSE_val,MSE_test,R2_train,R2_val,R2_test,nll_train,nll_val,nll_test,mdl_train,mdl_val,mdl_test
0,((x16 / Recip((((x25 + -1.1677219485954007) * ((x30 / -0.9881361131749661) + (((x3 / x27) - (Abs(x20) ^ x0)) - x20))) - ((x21 + (Abs(x28) ^ x25)) / Recip((x2 - Recip(x24))))))) / Recip(((x9 * 2.531279433046769) - (x27 * Recip((x30 / x27)))))),-1.1677219485954007;-0.9881361131749661;2.531279433046769,46,0.10549824875363284,0.10549824875363284,0.31612634471909673,0.5780070049854686,0.5780070049854686,-15.444892452286783,0.10549824875363284,0.10549824875363284,0.31612634471909673,129.660813332077,129.660813332077,129.87144142804246
