id,Expression,theta,size,MSE_train,MSE_val,MSE_test,R2_train,R2_val,R2_test,nll_train,nll_val,nll_test,mdl_train,mdl_val,mdl_test
0,((Abs(x27) ^ (((Abs(((-1.5313000008943134 + x2) / ((x16 * (x22 + x21)) + (((x7 / (Abs(Recip((x13 * -2.9059158464243996e-2))) ^ ((Abs((Abs((x13 / x19)) ^ (Abs((Recip(x13) + ((Recip((x16 * (Abs(x0) ^ x22))) + x27) + Recip(x18)))) ^ x1))) ^ -0.5612971716461037) * -0.9331400841153938))) + (x4 - ((Recip((x13 * 3.1492294919304147)) / x13) * (Abs((x9 * (x26 / x19))) ^ x28)))) / x16)))) ^ (Abs(x25) ^ x21)) + x25) / (Abs(x27) ^ x11))) / ((x16 * Recip(x25)) + x13)),-1.5313000008943134;-2.9059158464243996e-2;-0.5612971716461037;-0.9331400841153938;3.1492294919304147,89,1.8905491215342254e-2,1.8905491215342254e-2,2.6619110431304018e-2,0.924378035138631,0.924378035138631,-0.384726124636382,1.8905491215342254e-2,1.8905491215342254e-2,2.6619110431304018e-2,251.08515808870305,251.08515808870305,251.09287170791902
