id,Expression,theta,size,MSE_train,MSE_val,MSE_test,R2_train,R2_val,R2_test,nll_train,nll_val,nll_test,mdl_train,mdl_val,mdl_test
0,(Abs(-4.733031798094801e-3) ^ (Abs(Recip((x21 / (x23 + (x3 + ((x18 + -0.32188291715576256) * x2)))))) ^ (((x3 + ((x9 + x13) * x2)) + -8.238501468626545) - x1))),-4.733031798094801e-3;-0.32188291715576256;-8.238501468626545,28,7.047251263641625e-2,7.047251263641625e-2,0.14855666321217134,0.718109949454335,0.718109949454335,-6.727917620296857,7.047251263641625e-2,7.047251263641625e-2,0.14855666321217134,70.47977774129387,70.47977774129387,70.55786189186963
