id,Expression,theta,size,MSE_train,MSE_val,MSE_test,R2_train,R2_val,R2_test,nll_train,nll_val,nll_test,mdl_train,mdl_val,mdl_test
0,((((((42.76711153464713 - (-8.480481373683766 * x6)) * x6) + x19) - x26) + ((-2.795923426485243 - ((Recip((((Abs(((((x24 * Recip(x0)) - (Abs(x2) ^ (x18 * x8))) - x8) - (1.6523731261187338 * x23))) ^ ((Abs(x29) ^ x18) / (x28 - (x13 - x15)))) + (Abs((((15.164943401812184 - x17) - x17) - (x23 - x18))) ^ (Abs(x18) ^ (Abs(x24) ^ x1)))) + Recip((x1 * ((x21 + (x21 + x27)) / (x2 * x25)))))) - x26) * (((-53.484151797535944 - (x28 * (Abs(x12) ^ x19))) * x18) + x19))) - (x12 * x19))) * x9),42.76711153464713;-8.480481373683766;-2.795923426485243;1.6523731261187338;15.164943401812184;-53.484151797535944,97,5.1889515785048496e-2,5.1889515785048496e-2,0.13909284304485547,0.792441936859806,0.792441936859806,-6.235609695193105,5.1889515785048496e-2,5.1889515785048496e-2,0.13909284304485547,296.67720745617464,296.67720745617464,296.76441078343447
