id,Expression,theta,size,MSE_train,MSE_val,MSE_test,R2_train,R2_val,R2_test,nll_train,nll_val,nll_test,mdl_train,mdl_val,mdl_test
0,(Abs((x8 * 1.047690562274456e-6)) ^ (Abs(Recip(Recip((Abs(((x9 - x10) * (x9 - Recip(((((Recip(((Abs((x19 - x6)) ^ x28) * ((Abs(x30) ^ x12) - x11))) + ((0.6674839537148323 / (x5 * x12)) + Recip((Abs((x26 * x11)) ^ x7)))) * ((Recip(Recip((Abs(x4) ^ x30))) / (Abs((Abs(x12) ^ x4)) ^ (x14 / x24))) / (((Abs(0.5025714287274329) ^ x3) + x2) + Recip((Recip(x23) * (x9 - x30)))))) - x8) * x14))))) ^ Recip(Recip(x23)))))) ^ ((((x20 * (Abs((x29 + (x20 / x18))) ^ (x17 / x27))) / x6) * x0) * (x8 * 0.8012978137798633)))),1.047690562274456e-6;0.6674839537148323;0.5025714287274329;0.8012978137798633,105,6.187849790809343e-15,6.187849790809343e-15,2.8877754165044688e-2,0.9999999999999752,0.9999999999999752,-0.5022207716655673,6.187849790809343e-15,6.187849790809343e-15,2.8877754165044688e-2,322.79479722160374,322.79479722160374,322.82367497576877
