id,Expression,theta,size,MSE_train,MSE_val,MSE_test,R2_train,R2_val,R2_test,nll_train,nll_val,nll_test,mdl_train,mdl_val,mdl_test
0,(x27 * (60.56642704892282 * (x23 + (x23 * ((((((2.3258148616323737 * (((Abs(((((x25 / x15) + (x28 / x18)) * (Abs(x28) ^ (x25 / x24))) / x29)) ^ (x17 / x14)) - x27) * x15)) * x25) + (x30 - (x9 + x26))) + (((x20 * (((x29 + x25) + (Abs(-1.1153123985230197e-2) ^ x17)) * Recip(((x16 / x10) + x18)))) / Recip((Abs(x9) ^ x7))) + -1.1492775435005527)) + (Abs((x0 + x19)) ^ x5)) / (Recip((Recip(x18) * ((x9 / x14) + (x10 - (x6 - (Abs(x0) ^ x28)))))) / x15)))))),60.56642704892282;2.3258148616323737;-1.1153123985230197e-2;-1.1492775435005527,95,4.51102143809947e-2,4.51102143809947e-2,7.560920917591196e10,0.8195591424760212,0.8195591424760212,-3.93319106132979e12,4.51102143809947e-2,4.51102143809947e-2,7.560920917591196e10,296.6113116199741,296.6113116199741,7.560920947247816e10
