id,Expression,theta,size,MSE_train,MSE_val,MSE_test,R2_train,R2_val,R2_test,nll_train,nll_val,nll_test,mdl_train,mdl_val,mdl_test
0,((((x22 + 0.5475561459084688) * x9) / x21) - (0.7073669040878472 - ((Abs(Recip(((x12 * ((Abs((x22 / x10)) ^ (Abs(x22) ^ x24)) + (Abs(((Abs(x13) ^ (x1 * x2)) - x5)) ^ ((1137.3597281583616 - (Recip((x9 + ((Recip(x11) + x22) + Recip(Recip(((Abs(x13) ^ (Abs(x22) ^ (0.48944766968555264 - x4))) * (Abs((x22 + 0.47121705600122876)) ^ x9))))))) * (x3 + x6))) * x2)))) * x15))) ^ x0) * (x3 + x6)))),0.5475561459084688;0.7073669040878472;1137.3597281583616;0.48944766968555264;0.47121705600122876,76,3.8990569441960596e-2,3.8990569441960596e-2,0.262620019468373,0.8440377222321576,0.8440377222321576,-12.66149341274424,3.8990569441960596e-2,3.8990569441960596e-2,0.262620019468373,213.25259725262413,213.25259725262413,213.47622670265056
