id,Expression,theta,size,MSE_train,MSE_val,MSE_test,R2_train,R2_val,R2_test,nll_train,nll_val,nll_test,mdl_train,mdl_val,mdl_test
0,Recip(Recip(Recip((Abs(((Abs((((Abs((Abs(((Abs(((x9 / x4) - x6)) ^ x29) + x22)) ^ x28)) ^ x16) - (x3 - x13)) - Recip((Abs(x9) ^ ((((x15 + x29) * x18) / x30) * (x16 * Recip(((Abs((x16 + x11)) ^ x30) / (x5 - x3))))))))) ^ x7) * ((x0 * (((x5 - x3) - x0) * -26.343552843435084)) - (x14 * ((x27 + x27) - ((x19 * (x30 - x0)) + x18)))))) ^ ((-15.454459621490193 * x10) / Recip((Abs(((x27 + x30) - x29)) ^ (x0 * ((((x27 + x30) - x3) - x0) * -66.00940581294978))))))))),-26.343552843435084;-15.454459621490193;-66.00940581294978,101,1.5578315822260061e-2,1.5578315822260061e-2,396.09918546044656,0.9376867367109598,0.9376867367109598,-20604.07962765164,1.5578315822260061e-2,1.5578315822260061e-2,396.09918546044656,306.5284068542249,306.5284068542249,702.6120139988492
