id,Expression,theta,size,MSE_train,MSE_val,MSE_test,R2_train,R2_val,R2_test,nll_train,nll_val,nll_test,mdl_train,mdl_val,mdl_test
0,((((Recip(((Recip((Abs((x27 - Recip(x5))) ^ x27)) + (x7 - x24)) / (((x9 - x4) * ((x21 - x20) / (x10 + (Recip((Abs(x22) ^ x27)) * x25)))) + -10.43264749675876))) + (Recip(((Recip((Abs(x12) ^ x9)) + (x27 - x24)) / ((((((x20 / ((Abs((x9 * (x30 / x12))) ^ x27) + (x10 * x25))) - Recip(((x21 / x17) / ((x7 - x23) * x1)))) + x23) * (Recip((Abs(x5) ^ x24)) - x5)) * x3) + 32.432544776187584))) + x7)) + ((((Abs(x30) ^ x9) - (x9 * (x27 / x12))) + x9) * x17)) * x3) + -0.8542529515259201),-10.43264749675876;32.432544776187584;-0.8542529515259201,105,7.291701375880569e-2,7.291701375880569e-2,0.15183561793087952,0.7083319449647772,0.7083319449647772,-6.898488844764051,7.291701375880569e-2,7.291701375880569e-2,0.15183561793087952,314.70024621820545,314.70024621820545,314.77916482237754
