id,Expression,theta,size,MSE_train,MSE_val,MSE_test,R2_train,R2_val,R2_test,nll_train,nll_val,nll_test,mdl_train,mdl_val,mdl_test
0,((((x11 * (x30 * x28)) + ((Abs(x19) ^ x28) * 8.714695275010671)) - ((Abs(x12) ^ x15) / ((((x2 + x9) + x29) * Recip(((Abs(x26) ^ x28) + ((Abs(x28) ^ x12) * x15)))) / Recip((x24 + x9))))) * (((Abs((Abs(x10) ^ (((Abs(x26) ^ (x1 + 2.84107708051578)) * x19) / Recip(x26)))) ^ ((x1 / x21) + x12)) * (((11.342504389068868 * x12) * x12) - x1)) / ((Recip((Abs((x22 + x29)) ^ (x9 / ((x1 / x21) / x1)))) + Recip(Recip(x16))) - ((-3.513198748364743 + x18) * x1)))),8.714695275010671;2.84107708051578;11.342504389068868;-3.513198748364743,95,6.680991702385485e-2,6.680991702385485e-2,1.9299459746515375e35,0.7327603319045806,0.7327603319045806,-1.0039578960136915e37,6.680991702385485e-2,6.680991702385485e-2,1.9299459746515375e35,276.55749315729514,276.55749315729514,1.9299459746515375e35
