id,Expression,theta,size,MSE_train,MSE_val,MSE_test,R2_train,R2_val,R2_test,nll_train,nll_val,nll_test,mdl_train,mdl_val,mdl_test
0,(Abs(((Abs(x13) ^ -3.795269428696166) * (-2.435707762955657e-2 / ((Abs((Abs((Abs(x24) ^ (Recip((x25 - x24)) + (x0 / x28)))) ^ (Recip(x23) - (Abs(x24) ^ x13)))) ^ (Abs(((-0.6747953883386267 + x30) + Recip(((x15 - x25) - (Abs(x22) ^ x18))))) ^ ((((x26 * x8) - Recip(x10)) * x28) - x30))) - (((Abs(((x3 / x9) + x23)) ^ x16) - (x13 * (Recip((x6 * x26)) / (Abs((Abs(x8) ^ 0.8852322083967007)) ^ x0)))) + ((Abs(x10) ^ (Abs((x17 * x18)) ^ x15)) / x24)))))) ^ x10),-3.795269428696166;-2.435707762955657e-2;-0.6747953883386267;0.8852322083967007,93,6.587159564520541e-2,6.587159564520541e-2,7.892243764237869e-2,0.7365136174191784,0.7365136174191784,-3.105545206156382,6.587159564520541e-2,6.587159564520541e-2,7.892243764237869e-2,257.57593758510126,257.57593758510126,257.58898842709846
