id,Expression,theta,size,MSE_train,MSE_val,MSE_test,R2_train,R2_val,R2_test,nll_train,nll_val,nll_test,mdl_train,mdl_val,mdl_test
0,Recip((Abs(((((Abs(x5) ^ x28) - (x0 - (Abs(Recip(x25)) ^ (Abs((Abs(x15) ^ x8)) ^ 0.1989994843252596)))) - (x0 - (Abs(x15) ^ (x15 * ((0.7295779313400013 * ((((x4 * x6) + x11) / (x20 / x24)) + x2)) + (Abs(x24) ^ -0.25985529102905397)))))) / (x9 * (-7.608990073660478e-2 / (Abs((x17 + x11)) ^ 2.130952752606028))))) ^ (((x4 * x6) + x11) / (Abs(x15) ^ ((x29 / (Abs(x15) ^ x20)) * ((Abs(x5) ^ x28) - (x4 - (Abs(Recip(x25)) ^ (Abs((Abs(((x11 * 0.13000296256468957) + (x4 / (Abs(x8) ^ x1)))) ^ x4)) ^ 0.14885275876420384))))))))),0.1989994843252596;0.7295779313400013;-0.25985529102905397;-7.608990073660478e-2;2.130952752606028;0.13000296256468957;0.14885275876420384,101,1.3977821114162008e-2,1.3977821114162008e-2,1.3538500565792834e164,0.9440887155433519,0.9440887155433519,-7.042727994325163e165,1.3977821114162008e-2,1.3977821114162008e-2,1.3538500565792834e164,269.666480391021,269.666480391021,1.3538500565792834e164
