id,Expression,theta,size,MSE_train,MSE_val,MSE_test,R2_train,R2_val,R2_test,nll_train,nll_val,nll_test,mdl_train,mdl_val,mdl_test
0,Recip(((x16 - (((((x23 * (x5 / x18)) + (x5 - x23)) + (x7 - (x14 * ((Abs((Abs((x11 * -93.99708242644913)) ^ (Abs(x23) ^ x1))) ^ Recip((x27 + x8))) - (x27 * ((Abs((Abs(((x0 + x21) * x22)) ^ (Abs(x11) ^ x5))) ^ (Abs((x8 / (x10 + (x21 * x23)))) ^ (x21 * x0))) - (Abs((Abs((x8 * (x14 - (x1 + x4)))) ^ Recip((Abs((x1 - (x14 - (x1 + x4)))) ^ Recip((x5 / x18)))))) ^ (Recip(x3) * x14)))))))) - x14) / (Recip((Abs(x12) ^ (x21 + 3.1456299009926285))) + (Abs(-23.39888555774787) ^ x16)))) + Recip((Abs(x18) ^ x21)))),-93.99708242644913;3.1456299009926285;-23.39888555774787,111,0.1406268262161974,0.1406268262161974,0.19881612968657214,0.4374926951352104,0.4374926951352104,-9.342415066295088,0.1406268262161974,0.1406268262161974,0.19881612968657214,311.5899022003149,311.5899022003149,311.6480915037853
