id,Expression,theta,size,MSE_train,MSE_val,MSE_test,R2_train,R2_val,R2_test,nll_train,nll_val,nll_test,mdl_train,mdl_val,mdl_test
0,(((((x15 * 13.659598661058679) - x28) + (Recip((Abs((((Recip(x11) * ((Recip(x11) * ((Recip(x11) * x24) / Recip(x26))) + (x30 / x26))) / ((Abs(((Abs(x18) ^ (x14 / x13)) * 7.975516192399361e-2)) ^ ((((x19 + ((1.9938562382879619 - (x19 + x26)) * 1.399450968596812)) * (x19 + (x7 / x24))) / (x6 / x28)) + (x6 / x24))) + x20)) + (Abs(x18) ^ x4))) ^ x24)) - x30)) * x29) + -0.12403640625109005),13.659598661058679;7.975516192399361e-2;1.9938562382879619;1.399450968596812;-0.12403640625109005,74,6.698307864003498e-2,6.698307864003498e-2,5.543224312960493e-2,0.73206768543986,0.73206768543986,-1.8835852876019383,6.698307864003498e-2,6.698307864003498e-2,5.543224312960493e-2,216.43995481372215,216.43995481372215,216.42840397821175
