id,Expression,theta,size,MSE_train,MSE_val,MSE_test,R2_train,R2_val,R2_test,nll_train,nll_val,nll_test,mdl_train,mdl_val,mdl_test
0,(Abs(((((2.4088247249505486 - x10) + (x11 * -2.5068246723176797)) * x24) + ((((((-4.145023283624103 * x3) + (x17 * (-1.526687726104946 + (Abs(((Abs(x3) ^ (Recip((Abs(x21) ^ x7)) + (x17 * x24))) - (Recip(x13) * x26))) ^ (x9 * x6))))) + (x4 + x9)) + x3) - (2.7531112154054345 * x26)) + (Abs((x13 / (Abs((Recip(Recip((x17 * x24))) - x1)) ^ -3.7719754648470123))) ^ x3)))) ^ Recip(Recip(((Abs((x13 / (Abs(x1) ^ 5.028951266605217))) ^ x3) - (-6.2041322538582335 * x26))))),2.4088247249505486;-2.5068246723176797;-4.145023283624103;-1.526687726104946;2.7531112154054345;-3.7719754648470123;5.028951266605217;-6.2041322538582335,83,6.799845724469857e-2,6.799845724469857e-2,2.5019871655171055e13,0.7280061710212058,0.7280061710212058,-1.3015337235019475e15,6.799845724469857e-2,6.799845724469857e-2,2.5019871655171055e13,224.74791897379401,224.74791897379401,2.5019871655395734e13
