id,Expression,theta,size,MSE_train,MSE_val,MSE_test,R2_train,R2_val,R2_test,nll_train,nll_val,nll_test,mdl_train,mdl_val,mdl_test
0,(Abs(Recip(((((-30485.629889051663 + (x1 / x9)) * (x8 - Recip(x25))) * (((Abs(x22) ^ -139.0887793534398) * ((x1 * x14) * x16)) * (Abs((Abs((x27 - (x10 / (Recip((Abs(x17) ^ (Abs(x30) ^ x8))) * (Recip(x20) / (x15 - x8)))))) ^ x27)) ^ (x19 * x28)))) - (Abs(Recip((Abs((Abs(x7) ^ (Abs(x6) ^ -86.7297032540349))) ^ (Abs((x10 * x30)) ^ x4)))) ^ (((x2 * x27) - (Abs((x7 + x12)) ^ x24)) - (Recip(Recip((Abs((Abs(x7) ^ (Abs(x6) ^ -0.9648625660363075))) ^ (Abs((x10 * x30)) ^ x21)))) / x5)))))) ^ (Abs(((81.72457345184066 + x9) * x9)) ^ x27)),-30485.629889051663;-139.0887793534398;-86.7297032540349;-0.9648625660363075;81.72457345184066,109,0.5,0.5,1.4581263478494243e134,-1.0,-1.0,-7.585173261512416e135,0.5,0.5,1.4581263478494243e134,313.4101591129183,313.4101591129183,1.4581263478494243e134
