id,Expression,theta,size,MSE_train,MSE_val,MSE_test,R2_train,R2_val,R2_test,nll_train,nll_val,nll_test,mdl_train,mdl_val,mdl_test
0,(Recip(((Abs(((x6 * -2.0551910283288946) * Recip(x7))) ^ (Abs(Recip(x30)) ^ ((Abs(x21) ^ ((Abs(x11) ^ 2.2509400298481603) + (Abs(-0.21771313290125324) ^ Recip(Recip(Recip((x7 * x14))))))) + (((x27 + (x19 - ((x3 + x23) / x6))) + x19) + (7.787389256396666 * x1))))) + (((-1.539848085212018 * (-1.1025081389015758 * x4)) / Recip((x2 * x19))) - Recip(((Recip((Abs((Recip(x1) / x14)) ^ ((x6 + (Recip((Abs(x5) ^ ((x3 + (x2 * x19)) + x22))) * x14)) * (Abs(2.0426751057092886e-2) ^ (x19 - x6))))) * (-29.318044971517434 + x23)) + x5))))) / Recip(x27)),-2.0551910283288946;2.2509400298481603;-0.21771313290125324;7.787389256396666;-1.539848085212018;-1.1025081389015758;2.0426751057092886e-2;-29.318044971517434,97,7.199662002067189e-2,7.199662002067189e-2,7.758381843677056e-2,0.7120135199173124,0.7120135199173124,-3.0359102350806504,7.199662002067189e-2,7.199662002067189e-2,7.758381843677056e-2,275.1747749689108,275.1747749689108,275.1803621673269
