id,Expression,theta,size,MSE_train,MSE_val,MSE_test,R2_train,R2_val,R2_test,nll_train,nll_val,nll_test,mdl_train,mdl_val,mdl_test
0,(((0.8218299142542813 * (x1 * Recip(((Abs(((((Abs(((Abs((x24 / x30)) ^ (Abs(Recip(x1)) ^ ((x13 * x9) - x13))) * x28)) ^ x6) + 1.5564869970353756) - (x16 + (((x15 * x25) / x7) * Recip(Recip((Recip((x26 - Recip(x22))) * Recip((((Abs(x5) ^ x23) + Recip(x23)) + (Recip(x10) / x18))))))))) - ((x1 + 7.694724836823227) * (x29 - x15)))) ^ 3.7654222766952175) + (((x20 + x1) + x16) - x18))))) + ((-0.2869241328994727 * (x1 * (((x28 + x7) * x14) + -0.3752148400784589))) + ((Recip((Recip(x20) * 2.7183354972425073)) + (x15 * x1)) * 0.38156668419073003))) + x29),0.8218299142542813;1.5564869970353756;7.694724836823227;3.7654222766952175;-0.2869241328994727;-0.3752148400784589;2.7183354972425073;0.38156668419073003,101,7.175939853760005e-2,7.175939853760005e-2,0.1348524135972527,0.7129624058495998,0.7129624058495998,-6.015022555328818,7.175939853760005e-2,7.175939853760005e-2,0.1348524135972527,316.4720985349532,316.4720985349532,316.5351915500128
