id,Expression,theta,size,MSE_train,MSE_val,MSE_test,R2_train,R2_val,R2_test,nll_train,nll_val,nll_test,mdl_train,mdl_val,mdl_test
0,(x21 + Recip((Recip((Abs(x2) ^ ((Abs(Recip(x10)) ^ 3.3045794757537665) / (Abs(((x26 - x29) / ((Abs(Recip(x10)) ^ 5.546912257746604) - x12))) ^ ((((x6 - x27) / x18) - x29) / (((Abs(Recip(x10)) ^ -0.23299086953450587) / (Abs((((x9 + x26) - x30) / ((Abs(x17) ^ -6.538579245676047) - x12))) ^ x5)) - x12)))))) - (x9 / (Abs((Recip(((x25 + (x29 - (Abs(x28) ^ 0.6353135590342395))) + (x29 * x2))) - ((Recip(x5) + x12) + Recip((Abs(x4) ^ (x6 - x4)))))) ^ (Abs(x9) ^ (Abs(Recip(x1)) ^ (Abs(x2) ^ x7)))))))),3.3045794757537665;5.546912257746604;-0.23299086953450587;-6.538579245676047;0.6353135590342395,99,5.508898954810506e-2,5.508898954810506e-2,8.769914422255333,0.7796440418075797,0.7796440418075797,-455.210948245705,5.508898954810506e-2,5.508898954810506e-2,8.769914422255333,276.87840992821333,276.87840992821333,285.5932353609206
