id,Expression,theta,size,MSE_train,MSE_val,MSE_test,R2_train,R2_val,R2_test,nll_train,nll_val,nll_test,mdl_train,mdl_val,mdl_test
0,Recip((((Abs(Recip(x21)) ^ (-0.21987898618668336 + x3)) + ((Abs((x14 + ((Recip(x0) * (-3.0968601575161438e-2 / x29)) / x11))) ^ (Recip((Abs(x0) ^ ((Abs(x25) ^ x16) + Recip(Recip(x23))))) + 0.8785073698894529)) * x6)) + x14)),-0.21987898618668336;-3.0968601575161438e-2;0.8785073698894529,39,1.2382650499913479e-2,1.2382650499913479e-2,3.76915607239185e-2,0.9504693980003461,0.9504693980003461,-0.9607149888581654,1.2382650499913479e-2,1.2382650499913479e-2,3.76915607239185e-2,97.05298792889225,97.05298792889225,97.07829683911625
