id,Expression,theta,size,MSE_train,MSE_val,MSE_test,R2_train,R2_val,R2_test,nll_train,nll_val,nll_test,mdl_train,mdl_val,mdl_test
0,((1.3872349540713889 * (Recip((((((x21 * Recip(((x22 + (Abs(Recip((6.553375013515128e-2 / ((x8 * 0.8410092454658786) - (Abs(x9) ^ 4.906095766520044e-2))))) ^ x18)) * x11))) + Recip((x28 - x1))) + ((Abs(x0) ^ (x8 / x20)) * x14)) + x27) - (Abs(x5) ^ x18))) - (((0.5236117300812676 * (x10 - (-0.3580340643047166 * (Abs(x30) ^ x10)))) * (x28 * 7.078058767541142)) * (Abs(((x22 + 0.43126456362422416) * ((((x8 / (x20 / x24)) * 0.6928628768313463) + (Recip(x29) * (Abs(x30) ^ ((x22 * x25) / x22)))) - x27))) ^ x18)))) + (x12 - (-2.451444676927724 * x10))),1.3872349540713889;6.553375013515128e-2;0.8410092454658786;4.906095766520044e-2;0.5236117300812676;-0.3580340643047166;7.078058767541142;0.43126456362422416;0.6928628768313463;-2.451444676927724,95,0.12494792022183565,0.12494792022183565,2.444439793056402,0.5002083191126574,0.5002083191126574,-126.15975803478916,0.12494792022183565,0.12494792022183565,2.444439793056402,286.83744326611225,286.83744326611225,289.15693513894684
