id,Expression,theta,size,MSE_train,MSE_val,MSE_test,R2_train,R2_val,R2_test,nll_train,nll_val,nll_test,mdl_train,mdl_val,mdl_test
0,(((((x23 * Recip(x14)) * ((-19.556063369222347 * x27) - x27)) * -28.08162882523294) * ((x24 * x21) / (Abs((x7 - x9)) ^ x18))) + Recip((((((((Abs(Recip((x8 + (((x23 - x11) - x11) + (Abs(x17) ^ Recip((Abs(x7) ^ x23))))))) ^ x2) * (18.539274370145634 - x14)) + x11) + (Abs((x15 - x29)) ^ ((Recip(x24) - Recip((x16 / x2))) * x25))) / (Recip((Abs(x10) ^ x23)) / x3)) - x8) + (Abs((Abs(((Abs((x15 - x29)) ^ ((Recip(x24) - Recip((x16 / x2))) * x25)) / ((x2 + Recip(x1)) / (x27 + -396.87691178391697)))) ^ x22)) ^ (x5 * -273.38494288737036))))),-19.556063369222347;-28.08162882523294;18.539274370145634;-396.87691178391697;-273.38494288737036,108,4.961822043564774e-2,4.961822043564774e-2,Infinity,0.8015271182574091,0.8015271182574091,-Infinity,4.961822043564774e-2,4.961822043564774e-2,Infinity,329.93786472778083,329.93786472778083,Infinity
