id,Expression,theta,size,MSE_train,MSE_val,MSE_test,R2_train,R2_val,R2_test,nll_train,nll_val,nll_test,mdl_train,mdl_val,mdl_test
0,(Abs(((-0.6861978130507906 + x11) * Recip(Recip((Recip(Recip(x28)) * x4))))) ^ (Abs(x23) ^ ((x1 - (Abs(x12) ^ x27)) - (((x17 * 2.527289175517823) + (x14 * -1.7429315808702135)) / (Abs(((Abs(((((x1 / (((x25 * (Abs(x3) ^ x20)) / ((Abs((x8 * x28)) ^ (Abs((Recip((x6 / x19)) * (Abs(x4) ^ (x8 / x24)))) ^ (x20 * x20))) * x1)) * ((x12 * x20) * (x23 * x20)))) / ((x27 / x25) / x14)) - (Abs(x2) ^ (x27 * x30))) - x5)) ^ -1.0523990643810905) * (x1 - (Abs(x12) ^ x27)))) ^ x18))))),-0.6861978130507906;2.527289175517823;-1.7429315808702135;-1.0523990643810905,99,3.264044299247775e-2,3.264044299247775e-2,0.1251974818036526,0.869438228030089,0.869438228030089,-5.5127730034257585,3.264044299247775e-2,3.264044299247775e-2,0.1251974818036526,290.06628465137345,290.06628465137345,290.1588416901846
