id,Expression,theta,size,MSE_train,MSE_val,MSE_test,R2_train,R2_val,R2_test,nll_train,nll_val,nll_test,mdl_train,mdl_val,mdl_test
0,(1.3181201997619785 / ((x3 * ((Recip(((Abs(Recip(((Abs(x13) ^ Recip((Recip((Recip((x26 + x8)) * x26)) * x20))) - (((x9 * x27) + -0.21914566860382237) - x17)))) ^ (Abs((x8 / (x9 / (x29 * x9)))) ^ x11)) - x18)) * ((Abs(x25) ^ Recip(Recip(((((x30 * x4) / x21) + x9) - (Recip((Abs(0.4708574385257113) ^ x6)) + x10))))) - (((x8 + x25) + Recip((Recip((x21 - x12)) - (x20 * x4)))) - x17))) / x15)) / (Abs((((Recip(x24) * x30) * (Abs((Recip(x8) / x7)) ^ ((x2 + x27) + x13))) - (x1 + x27))) ^ (x0 - x12)))),1.3181201997619785;-0.21914566860382237;0.4708574385257113,106,0.11268689651322605,0.11268689651322605,25.518603614813603,0.5492524139470958,0.5492524139470958,-1326.477760042553,0.11268689651322605,0.11268689651322605,25.518603614813603,340.07742014054276,340.07742014054276,365.48333685884313
