id,Expression,theta,size,MSE_train,MSE_val,MSE_test,R2_train,R2_val,R2_test,nll_train,nll_val,nll_test,mdl_train,mdl_val,mdl_test
0,(((((x30 + ((x8 + 2.8547137700153624) + x21)) + (x25 * x13)) * x21) * x19) + ((-9.701972795000163e-2 - x18) + (6.039477091411559 / (Recip(x3) - ((((Recip(x18) * x0) * (x18 - Recip((((x18 / x4) + x10) * ((x13 / (0.47506694700072455 - x21)) * x21))))) * ((x14 * Recip((x15 + x2))) * (x18 - Recip((((Recip(x21) / x4) + x10) * ((x13 / (x3 - x25)) * x21)))))) / x21))))),2.8547137700153624;-9.701972795000163e-2;6.039477091411559;0.47506694700072455,73,2.927861483465972e-2,2.927861483465972e-2,4.202089700356648e-2,0.8828855406613612,0.8828855406613612,-1.1859270621254452,2.927861483465972e-2,2.927861483465972e-2,4.202089700356648e-2,218.71773458427597,218.71773458427597,218.7304768664449
