id,Expression,theta,size,MSE_train,MSE_val,MSE_test,R2_train,R2_val,R2_test,nll_train,nll_val,nll_test,mdl_train,mdl_val,mdl_test
0,(((5.666274652869458 - (x25 + Recip(x13))) / (x15 + (Recip(Recip(x12)) + Recip(x26)))) / ((Abs((((x26 / x11) * ((x26 / x11) * 5.841153968437986)) * ((x5 + (Recip(Recip((Abs((Recip(x3) / x6)) ^ x15))) - (0.13516260011003306 - x25))) * x25))) ^ x26) - Recip((Recip(((x6 * 5.165487385813534e-2) * ((x5 + (Recip((x15 * x8)) - (0.44763822660200203 - x25))) * x25))) * ((x15 - x14) / Recip(x2)))))),5.666274652869458;5.841153968437986;0.13516260011003306;5.165487385813534e-2;0.44763822660200203,72,3.1507503078406794e-2,3.1507503078406794e-2,5.600818099316618e-2,0.8739699876863728,0.8739699876863728,-1.9135455752643935,3.1507503078406794e-2,3.1507503078406794e-2,5.600818099316618e-2,206.14223604472923,206.14223604472923,206.16673672264398
