id,Expression,theta,size,MSE_train,MSE_val,MSE_test,R2_train,R2_val,R2_test,nll_train,nll_val,nll_test,mdl_train,mdl_val,mdl_test
0,Recip(((Abs((x25 + (((x29 - x22) + x29) + (Abs(-0.1386482111064583) ^ Recip(x28))))) ^ (Abs(Recip((x20 - Recip(Recip(x3))))) ^ (x28 - x1))) + (Abs((Abs((x19 + -37.55742927609324)) ^ (Abs(Recip((x20 - ((Recip((Abs(((x15 - (Abs((x17 * x17)) ^ x13)) * Recip((x3 / (x15 - (Abs((x12 * x30)) ^ x13)))))) ^ (x1 + ((x6 / x22) + x11)))) + (x29 * (x16 - x4))) / (x29 - Recip((x6 / x22))))))) ^ (Abs(18.31813190464849) ^ x21)))) ^ ((Abs(Recip(((x25 - x22) - x22))) ^ (x28 - x1)) * (x21 + 49.872199644531854))))),-0.1386482111064583;-37.55742927609324;18.31813190464849;49.872199644531854,102,7.390297121620579e-2,7.390297121620579e-2,0.1278304012606448,0.7043881151351769,0.7043881151351769,-5.6497374735784875,7.390297121620579e-2,7.390297121620579e-2,0.1278304012606448,292.99160303422246,292.99160303422246,293.0455304642669
