id,Expression,theta,size,MSE_train,MSE_val,MSE_test,R2_train,R2_val,R2_test,nll_train,nll_val,nll_test,mdl_train,mdl_val,mdl_test
0,(((x10 - x19) + ((Recip(x3) * 2.8462131835292302e-2) - (x4 - ((x1 - (Abs((-0.3244856924330383 * (((Recip((x1 * x0)) - ((x4 - ((x16 + x9) * x0)) * 0.14557081048659337)) + (((Recip(x3) * -0.21548517892511745) - (x4 - ((Abs(x20) ^ x24) * Recip(x25)))) * ((Abs((x24 * (x1 - x11))) ^ (x27 - x12)) - ((x3 + (x7 / x18)) / (x2 * x17))))) + (x4 - x10)))) ^ (x10 - x19))) * x19)))) + (x10 - x19)),2.8462131835292302e-2;-0.3244856924330383;0.14557081048659337;-0.21548517892511745,80,7.22093073813068e-2,7.22093073813068e-2,1017043.2970210685,0.7111627704747727,0.7111627704747727,-5.2906591311033964e7,7.22093073813068e-2,7.22093073813068e-2,1017043.2970210685,247.92564782223275,247.92564782223275,1017291.1504595834
