id,Expression,theta,size,MSE_train,MSE_val,MSE_test,R2_train,R2_val,R2_test,nll_train,nll_val,nll_test,mdl_train,mdl_val,mdl_test
0,((x18 - (0.13125349578575646 - (Abs(x26) ^ ((2.1240486231226825 + Recip((Abs(Recip((Abs(((Recip(x15) - (x14 + x2)) * 7.867002908412878e-2)) ^ (((((x16 + x22) / x5) + (Abs(x9) ^ x11)) * x1) + x27)))) ^ (x16 + -3.4616880303636863)))) * (Abs(x16) ^ (((((x30 + x22) / x5) + (Abs(x9) ^ ((Abs((Abs(((Recip(x17) / (x16 / x0)) - Recip((x17 * x2)))) ^ x13)) ^ ((x1 + x22) / x16)) - x18))) * x1) + x6)))))) / (Abs((x30 + x28)) ^ Recip((Recip((x6 + (x25 * x3))) / x27)))),0.13125349578575646;2.1240486231226825;7.867002908412878e-2;-3.4616880303636863,95,9.838108423999727e-2,9.838108423999727e-2,Infinity,0.606475663040011,0.606475663040011,-Infinity,9.838108423999727e-2,9.838108423999727e-2,Infinity,283.5403515606123,283.5403515606123,Infinity
