id,Expression,theta,size,MSE_train,MSE_val,MSE_test,R2_train,R2_val,R2_test,nll_train,nll_val,nll_test,mdl_train,mdl_val,mdl_test
0,Recip(Recip((Abs((x18 * 0.6291217784905123)) ^ (Abs(Recip(Recip((Abs((x6 / x29)) ^ (Abs((x14 / (((((Abs(((x3 / (Abs((x5 * x10)) ^ (x27 + x0))) + (x24 - Recip((-0.1651119436481886 + (x18 + x23)))))) ^ (Abs((x23 * -0.15008149843395063)) ^ (x11 / x9))) * x9) + x27) - ((((Abs(((x27 / x10) + x8)) ^ (Abs(x9) ^ (x11 / (Abs((x5 * x10)) ^ (x27 + x0))))) * -0.4441767271486239) + x27) - x5)) / (((Recip((x30 / (x28 * 0.9358841789738491))) + (x8 + -0.8303630606214518)) + (0.29691995718380476 * x1)) + (x18 - x21))))) ^ -5.489089646931654))))) ^ x10)))),0.6291217784905123;-0.1651119436481886;-0.15008149843395063;-0.4441767271486239;0.9358841789738491;-0.8303630606214518;0.29691995718380476;-5.489089646931654,101,6.740604547631777e-2,6.740604547631777e-2,0.1152889158209047,0.7303758180947288,0.7303758180947288,-4.997329401003233,6.740604547631777e-2,6.740604547631777e-2,0.1152889158209047,292.98510610848257,292.98510610848257,293.0329889788271
