id,Expression,theta,size,MSE_train,MSE_val,MSE_test,R2_train,R2_val,R2_test,nll_train,nll_val,nll_test,mdl_train,mdl_val,mdl_test
0,(Abs((((((Abs(9.451783519586886) ^ x14) / Recip(x23)) / (x20 + ((((x28 * x30) / x15) + (Abs((x25 + x16)) ^ x18)) / (x15 * x29)))) * (Abs(Recip(x23)) ^ (Abs(x6) ^ (Abs(x4) ^ Recip(x6))))) * x28)) ^ ((Abs(((Abs((x18 * -14.879970329585827)) ^ x1) - (Abs((Abs(x14) ^ x0)) ^ x9))) ^ (((x4 / x6) - (Abs(x30) ^ x18)) * x22)) / (Abs((Abs((x23 * 12.130722643713934)) ^ x1)) ^ Recip(((Abs((Recip(Recip((x15 / (x8 - x18)))) * Recip(((Abs((Abs(Recip(x20)) ^ x17)) ^ x9) * (x20 / (x18 * x23)))))) ^ x14) + Recip(Recip(x28))))))),9.451783519586886;-14.879970329585827;12.130722643713934,109,3.596614078316528e-2,3.596614078316528e-2,0.1335007116349094,0.8561354368673388,0.8561354368673388,-5.944707019247721,3.596614078316528e-2,3.596614078316528e-2,0.1335007116349094,299.3914178535258,299.3914178535258,299.48895242437754
