id,Expression,theta,size,MSE_train,MSE_val,MSE_test,R2_train,R2_val,R2_test,nll_train,nll_val,nll_test,mdl_train,mdl_val,mdl_test
0,(((Abs(((Recip((x6 * -0.8933032644530013)) - (x20 * 0.745087912552524)) * ((x8 + x11) - Recip(x19)))) ^ (((x6 * x6) - x18) + ((x8 * x20) - (x19 / x12)))) / ((((x15 + x15) * x20) + (((x21 + ((x8 + x11) - Recip(x8))) / x25) * (Recip((x3 - x20)) - (x11 + (((x21 * x28) + Recip(x5)) - (x18 * 0.9031157781427513)))))) / x0)) + (0.38565778736980966 - ((x6 * -8.00152216261512) - (((x21 - (x8 * x20)) * ((-13.426582923674504 + (x21 - ((x8 + x23) * (-5.539151373113115 - x21)))) - x19)) - (5.733909422519957 / Recip((x5 - x4))))))),-0.8933032644530013;0.745087912552524;0.9031157781427513;0.38565778736980966;-8.00152216261512;-13.426582923674504;-5.539151373113115;5.733909422519957,100,9.334001521885597e-2,9.334001521885597e-2,0.21269089370195454,0.626639939124576,0.626639939124576,-10.064180290375253,9.334001521885597e-2,9.334001521885597e-2,0.21269089370195454,310.5072673922047,310.5072673922047,310.6266182706878
