id,Expression,theta,size,MSE_train,MSE_val,MSE_test,R2_train,R2_val,R2_test,nll_train,nll_val,nll_test,mdl_train,mdl_val,mdl_test
0,(Abs(0.9919635920287942) ^ (((Abs((x24 / (((Abs(x8) ^ x25) + ((((-0.3280268185650515 * x0) + x19) * ((x25 / x3) + x2)) + Recip(((Recip(x27) / (Recip(((x3 * x1) + x23)) / (Recip(x22) / (Recip(x25) / x27)))) - ((Recip(x12) / x10) / x18))))) / ((Recip(((x7 + x29) / (x0 + Recip(x16)))) / (Abs(-2.9189581781720035e-2) ^ (((x24 / x27) - x29) + x8))) / Recip((Recip((Abs(x29) ^ (x20 + x23))) + (((x10 * x2) * x30) / (x29 - (Abs(x6) ^ x24))))))))) ^ (x21 + (Recip(x16) - (Abs(x23) ^ x24)))) - x29) + x2)),0.9919635920287942;-0.3280268185650515;-2.9189581781720035e-2,105,5.4068948032404036e-2,5.4068948032404036e-2,0.126943619607569,0.7837242078703839,0.7837242078703839,-5.603607091985487,5.4068948032404036e-2,5.4068948032404036e-2,0.126943619607569,326.6101109452024,326.6101109452024,326.68298561677756
