id,Expression,theta,size,MSE_train,MSE_val,MSE_test,R2_train,R2_val,R2_test,nll_train,nll_val,nll_test,mdl_train,mdl_val,mdl_test
0,((((((Abs(x4) ^ x15) * 0.7499822828498588) - (x9 + x13)) * x26) * ((((Abs(((Abs(((x0 - (Abs(x17) ^ x5)) + x17)) ^ x26) * (x9 / x23))) ^ x20) * (3.359619871964876 + x0)) - x14) + (Abs(x4) ^ x15))) / x13),0.7499822828498588;3.359619871964876,44,4.686029622329345e-2,4.686029622329345e-2,0.11872297525316898,0.8125588151068261,0.8125588151068261,-5.175969172669615,4.686029622329345e-2,4.686029622329345e-2,0.11872297525316898,110.54218071441572,110.54218071441572,110.6140433934456
