id,Expression,theta,size,MSE_train,MSE_val,MSE_test,R2_train,R2_val,R2_test,nll_train,nll_val,nll_test,mdl_train,mdl_val,mdl_test
0,(Abs(((Abs((Abs((((Recip(((Abs(x10) ^ x24) - x1)) - Recip(x1)) * (x1 * ((x26 + -3.5045458796848212) * ((x6 - Recip(x1)) * (2.1202172850111616 * (x18 * x9)))))) - x0)) ^ (x24 + x30))) ^ ((((Abs(x24) ^ x11) - (x24 * x20)) * (Recip(x7) + ((Abs(((x18 * (x15 + (x2 * (Recip((x15 / x23)) - (x9 * x13))))) / (x15 + (x14 / x2)))) ^ x10) / (x15 * x24)))) * -3.9415304008091407)) / (x9 * 5.320279052972673))) ^ ((x2 * ((x28 - (x15 * x24)) * -2.5685729346540507)) / (x19 + x25))),-3.5045458796848212;2.1202172850111616;-3.9415304008091407;5.320279052972673;-2.5685729346540507,96,7.670296218741386e-2,7.670296218741386e-2,1.7318208442248753e73,0.6931881512503446,0.6931881512503446,-9.008932031657457e74,7.670296218741386e-2,7.670296218741386e-2,1.7318208442248753e73,296.70202090257703,296.70202090257703,1.7318208442248753e73
