id,Expression,theta,size,MSE_train,MSE_val,MSE_test,R2_train,R2_val,R2_test,nll_train,nll_val,nll_test,mdl_train,mdl_val,mdl_test
0,(Abs(2.1897922382703955e-3) ^ (Abs((((((Abs(Recip(x30)) ^ x25) - x10) * ((x21 + (x15 - x29)) + -0.10002490349580025)) / x4) - x4)) ^ ((((Abs(x17) ^ x25) - x10) + x2) + 2.7986210416872908))),2.1897922382703955e-3;-0.10002490349580025;2.7986210416872908,34,8.538415536002068e-2,8.538415536002068e-2,0.219425633234621,0.6584633785599172,0.6584633785599172,-10.414521440864549,8.538415536002068e-2,8.538415536002068e-2,0.219425633234621,83.26304582255345,83.26304582255345,83.39708730042805
