id,Expression,theta,size,MSE_train,MSE_val,MSE_test,R2_train,R2_val,R2_test,nll_train,nll_val,nll_test,mdl_train,mdl_val,mdl_test
0,(Abs((x26 + ((Abs(x23) ^ ((((x1 * x29) - (x0 * -38.87047154601145)) - (x0 * -37.74711045444234)) + x1)) + 0.46293195324768155))) ^ ((Abs(x23) ^ ((x3 - (x0 * 18.726496192032997)) + x5)) + -1.6793237926722284)),-38.87047154601145;-37.74711045444234;0.46293195324768155;18.726496192032997;-1.6793237926722284,34,1.1231561944571318e-3,1.1231561944571318e-3,Infinity,0.9955073752221715,0.9955073752221715,-Infinity,1.1231561944571318e-3,1.1231561944571318e-3,Infinity,77.03322929962246,77.03322929962246,Infinity
