id,Expression,theta,size,MSE_train,MSE_val,MSE_test,R2_train,R2_val,R2_test,nll_train,nll_val,nll_test,mdl_train,mdl_val,mdl_test
0,Recip(((Abs(((((x14 * x19) * (x7 - x0)) - Recip(Recip((x15 + x16)))) / (x16 - (Abs(x23) ^ (Abs(x22) ^ ((Abs((Abs(x23) ^ x26)) ^ x16) * x18)))))) ^ ((x20 * (x7 - (Abs(((Abs(x23) ^ x2) / (-25.040080765672666 - (Abs(x23) ^ x2)))) ^ (x18 - x20)))) - (x2 / (Abs(x20) ^ -147.70864483134062)))) + (((Abs(x23) ^ ((Abs((Abs(x2) ^ (Abs(x22) ^ (Abs(x20) ^ 41.38648007117571)))) ^ x16) * x20)) - (x19 - x20)) * (Abs(x22) ^ (-35.84159519662869 + ((264.4136056389453 - x3) * x18)))))),-25.040080765672666;-147.70864483134062;41.38648007117571;-35.84159519662869;264.4136056389453,95,1.9504182267139476e-2,1.9504182267139476e-2,1.528763600396638,0.9219832709314421,0.9219832709314421,-78.52628249263007,1.9504182267139476e-2,1.9504182267139476e-2,1.528763600396638,239.6780860665864,239.6780860665864,241.1873454847159
