id,Expression,theta,size,MSE_train,MSE_val,MSE_test,R2_train,R2_val,R2_test,nll_train,nll_val,nll_test,mdl_train,mdl_val,mdl_test
0,((x15 - (Abs(((Abs((-0.18587200654739405 / x21)) ^ -7.77870034838412) * (x15 - (Abs(((Abs(x15) ^ 8.292466983263169e-2) * (x4 * x0))) ^ x25)))) ^ x25)) * (8.600380561773314 * (((x6 * (x24 + x20)) / ((Abs((Abs(((Abs(x5) ^ x27) * ((((((Abs(x5) ^ x27) - x1) + x2) * (x26 - (x15 * x11))) * ((x8 / x5) + (x14 - (x28 * x11)))) - x1))) ^ ((((x16 + x15) + x6) - x1) + x9))) ^ (x26 - x14)) / x15)) - x21))),-0.18587200654739405;-7.77870034838412;8.292466983263169e-2;8.600380561773314,85,8.361790424594602e-2,8.361790424594602e-2,2.040746367586681,0.665528383016216,0.665528383016216,-105.15962604185509,8.361790424594602e-2,8.361790424594602e-2,2.040746367586681,247.9370564190974,247.9370564190974,249.8941848824381
