id,Expression,theta,size,MSE_train,MSE_val,MSE_test,R2_train,R2_val,R2_test,nll_train,nll_val,nll_test,mdl_train,mdl_val,mdl_test
0,(Abs((Abs(((Abs(x24) ^ (Abs(x8) ^ x22)) + (Recip(Recip((0.3737709736289395 - x3))) * (Recip(Recip(Recip(((Abs(x23) ^ x11) + ((x30 / (x9 + x15)) + x24))))) * x23)))) ^ (Abs((Abs((x14 + x21)) ^ (Abs((x29 + x5)) ^ x14))) ^ ((x20 * x23) + x14)))) ^ (Abs(28.645920215303804) ^ (((((x13 * x2) / (x2 - x17)) * (x23 * Recip((x2 - x13)))) - (x8 + 0.7353302736602182)) + ((0.6243333805061252 - x20) + (((x21 + x0) / (x2 + x15)) - ((x6 - x25) + (Abs(x6) ^ x21))))))),0.3737709736289395;28.645920215303804;0.7353302736602182;0.6243333805061252,95,0.10297709552452908,0.10297709552452908,0.23191945567146155,0.5880916179018837,0.5880916179018837,-11.064450084028968,0.10297709552452908,0.10297709552452908,0.23191945567146155,280.2491107058925,280.2491107058925,280.37805306603946
