id,Expression,theta,size,MSE_train,MSE_val,MSE_test,R2_train,R2_val,R2_test,nll_train,nll_val,nll_test,mdl_train,mdl_val,mdl_test
0,(Abs((Abs(((x26 * x23) - (Abs((x12 * x17)) ^ Recip((x13 * (x28 * (x18 + x8))))))) ^ Recip(Recip(x10)))) ^ (Abs(((((x5 * (x26 + x24)) + x2) - (x26 + ((-0.24983210854032045 - x17) + (Abs((x5 * x5)) ^ x17)))) * Recip((x26 + ((0.13526514477656923 - x17) + (Abs((x5 * x5)) ^ x17)))))) ^ ((((x22 + -1.172556725148598) + x5) + (x15 + x5)) / x24))),-0.24983210854032045;0.13526514477656923;-1.172556725148598,71,2.418932382790805e-2,2.418932382790805e-2,Infinity,0.9032427046883678,0.9032427046883678,-Infinity,2.418932382790805e-2,2.418932382790805e-2,Infinity,197.9181477758504,197.9181477758504,Infinity
