id,Expression,theta,size,MSE_train,MSE_val,MSE_test,R2_train,R2_val,R2_test,nll_train,nll_val,nll_test,mdl_train,mdl_val,mdl_test
0,(Abs((x24 * (x2 / Recip((x1 + x26))))) ^ (Abs(Recip(((x11 - ((0.1837626599617295 - (Recip(((x19 - x13) / Recip(Recip((x3 - x18))))) + ((-1.2119629775617682 + (x21 - (x16 + x7))) * (x14 - (Abs((Recip(((1.357455588493067 + x26) * 1.7198597541596063)) * x16)) ^ x14))))) + (x11 - x2))) + ((x13 - x17) - x17)))) ^ ((x1 + x12) * ((Abs(((x12 + (-2.2146405840263395 / (Recip(((-1.8800847186218097 + x26) * (x9 + x19))) * x16))) * ((Abs(x1) ^ -8.174018685245784e-3) * (x3 - x14)))) ^ 2.764950030581898) * (x3 - x14))))),0.1837626599617295;-1.2119629775617682;1.357455588493067;1.7198597541596063;-2.2146405840263395;-1.8800847186218097;-8.174018685245784e-3;2.764950030581898,93,3.0213982343472888e-3,3.0213982343472888e-3,3.2645721508276035e-2,0.9879144070626108,0.9879144070626108,-0.6982304328604545,3.0213982343472888e-3,3.0213982343472888e-3,3.2645721508276035e-2,275.9265123999995,275.9265123999995,275.95613672327346
