id,Expression,theta,size,MSE_train,MSE_val,MSE_test,R2_train,R2_val,R2_test,nll_train,nll_val,nll_test,mdl_train,mdl_val,mdl_test
0,(Abs(x6) ^ ((Abs(((-0.853108354908183 - ((Abs(((Abs(((x6 * 0.5424191522903796) * x4)) ^ ((Abs(((-0.5293967195726522 - x27) - ((x8 + x5) + (-0.6454435010143528 + (x18 * x14))))) ^ ((x6 / x27) + ((-0.4272706527302687 - x27) + -0.12692013682962938))) + -0.47534714360322733)) - (0.42924525874402397 + (x18 * x14)))) ^ (x30 + -0.5377855026941598)) + x24)) - x25)) ^ ((Abs(x6) ^ ((Abs(0.4087711557400569) ^ (x30 + (x17 + 0.21661054704070276))) + 0.44020112270346656)) + (x17 + 0.725577055544456))) + -1.3395231079151493)),-0.853108354908183;0.5424191522903796;-0.5293967195726522;-0.6454435010143528;-0.4272706527302687;-0.12692013682962938;-0.47534714360322733;0.42924525874402397;-0.5377855026941598;0.4087711557400569;0.21661054704070276;0.44020112270346656;0.725577055544456;-1.3395231079151493,74,6.608205131699622e-2,6.608205131699622e-2,8.393828881185647e-2,0.735671794732015,0.735671794732015,-3.366469783992607,6.608205131699622e-2,6.608205131699622e-2,8.393828881185647e-2,189.89137610308347,189.89137610308347,189.90923234057834
