id,Expression,theta,size,MSE_train,MSE_val,MSE_test,R2_train,R2_val,R2_test,nll_train,nll_val,nll_test,mdl_train,mdl_val,mdl_test
0,Recip((Abs(Recip(((Abs(x10) ^ 2.060895923092994) * x0))) ^ ((Abs(((x12 - Recip(x13)) / (((Abs(x24) ^ x10) + x23) + ((Abs((Abs(((Abs((Recip(((x9 * x17) - x15)) * (Abs(x5) ^ 3.9527363604990287))) ^ x0) - x9)) ^ ((x20 / x13) - (x5 * x0)))) ^ (Abs(x24) ^ x10)) * ((Abs((Recip(((Abs((Abs(((Abs(Recip((x12 / Recip(x27)))) ^ (1.5461083414884664 - x13)) * x0)) ^ x13)) ^ x10) + (x29 + x4))) * (x24 + x11))) ^ (x27 - x13)) / (Abs((Recip(x26) + (Abs(x5) ^ x13))) ^ (x12 * -6.53218413924311))))))) ^ (-3.512258412228325 * Recip(x27))) * ((x26 + x13) - (x8 * x15))))),2.060895923092994;3.9527363604990287;1.5461083414884664;-6.53218413924311;-3.512258412228325,113,3.0279240957766462e-2,3.0279240957766462e-2,Infinity,0.8788830361689342,0.8788830361689342,-Infinity,3.0279240957766462e-2,3.0279240957766462e-2,Infinity,311.4795546150565,311.4795546150565,Infinity
