id,Expression,theta,size,MSE_train,MSE_val,MSE_test,R2_train,R2_val,R2_test,nll_train,nll_val,nll_test,mdl_train,mdl_val,mdl_test
0,(Abs((x15 * x11)) ^ (Abs((Abs((x5 + (Abs((x5 + (Abs(x23) ^ x8))) ^ (Abs(x19) ^ ((x24 - x6) - x6))))) ^ x19)) ^ (-94.5415870981344 - ((x21 + x24) * -523.9536768994905)))),-94.5415870981344;-523.9536768994905,35,2.2847260863704086e-3,2.2847260863704086e-3,4.3781529353135874e-2,0.9908610956545184,0.9908610956545184,-1.2775151569500411,2.2847260863704086e-3,2.2847260863704086e-3,4.3781529353135874e-2,76.53494728492886,76.53494728492886,76.57644408819563
