id,Expression,theta,size,MSE_train,MSE_val,MSE_test,R2_train,R2_val,R2_test,nll_train,nll_val,nll_test,mdl_train,mdl_val,mdl_test
0,(Abs(Recip((Recip(x9) + (x15 / ((Abs(x26) ^ x13) * x1))))) ^ ((Abs((((x0 / x25) / Recip(((Abs(x10) ^ x12) / x12))) / ((x28 - x26) / (Recip(x13) / x8)))) ^ (Abs((Abs(-0.6714568987054605) ^ x12)) ^ x8)) / (Abs(((Abs((x29 / x0)) ^ x19) / Recip((Abs(x1) ^ x19)))) ^ (x21 - ((x20 * -185.7602980359138) * (Abs(x26) ^ x0)))))),-0.6714568987054605;-185.7602980359138,68,1.20985602907581e-15,1.20985602907581e-15,6.1571473852135204e-2,0.9999999999999951,0.9999999999999951,-2.202948069787951,1.20985602907581e-15,1.20985602907581e-15,6.1571473852135204e-2,179.28046229478232,179.28046229478232,179.34203376863445
