id,Expression,theta,size,MSE_train,MSE_val,MSE_test,R2_train,R2_val,R2_test,nll_train,nll_val,nll_test,mdl_train,mdl_val,mdl_test
0,((x18 + Recip((Recip((x5 + Recip(Recip(((-3.5041131734719664 * ((Abs(x22) ^ x9) * x30)) + x19))))) / ((Abs((Abs(x28) ^ x14)) ^ Recip((x22 + x24))) * (Abs(Recip((x29 + x24))) ^ (x3 / x11)))))) + ((Abs(((x12 * 2.1935797390909926) + (Abs(x24) ^ (Abs(x22) ^ x24)))) ^ Recip((((Abs(x11) ^ (x19 - ((-1.4980457408000152 + x7) + x19))) + (Abs(x8) ^ x5)) * ((Abs(x24) ^ (Abs(x22) ^ x9)) + (((Abs((Abs((x7 - ((Abs(((x24 * x30) / x13)) ^ (x11 * x28)) * x11))) ^ x9)) ^ ((x9 + ((-5.183520171187124 + x7) + x19)) + x7)) - x5) * x19))))) + x3)),-3.5041131734719664;2.1935797390909926;-1.4980457408000152;-5.183520171187124,112,7.167145413781903e-2,7.167145413781903e-2,5.0372177684790754e45,0.7133141834487239,0.7133141834487239,-2.620360683162715e47,7.167145413781903e-2,7.167145413781903e-2,5.0372177684790754e45,307.3501046151945,307.3501046151945,5.0372177684790754e45
