id,Expression,theta,size,MSE_train,MSE_val,MSE_test,R2_train,R2_val,R2_test,nll_train,nll_val,nll_test,mdl_train,mdl_val,mdl_test
0,((Abs(Recip((((((Abs(0.1308280288370497) ^ (((Abs((((x14 / x12) / x13) + 0.1098805124722655)) ^ x23) * 0.7760411254854811) + (Abs(x19) ^ x2))) - (x26 + x28)) + Recip((x12 / (Abs(((Recip((x8 / x9)) * (Abs(Recip(x24)) ^ (x15 + -1.3864569829457796e-2))) + (x15 / (Abs((x9 + 0.41130087834328344)) ^ (Recip(x19) - x29))))) ^ (Recip(x0) - x29))))) - x10) - (x26 / (Abs((x26 + (Abs((((x30 + ((x24 - x13) / (x15 / x3))) * ((x11 + (x7 * x21)) + (x28 * 4.1472339626460214e-2))) + (Recip(x24) * Recip((x17 + x29))))) ^ x25))) ^ (x16 - x29)))))) ^ x15) + -3.697051347751633e-2),0.1308280288370497;0.1098805124722655;0.7760411254854811;-1.3864569829457796e-2;0.41130087834328344;4.1472339626460214e-2;-3.697051347751633e-2,106,9.273391378295033e-3,9.273391378295033e-3,3.837016002127064e-2,0.9629064344868199,0.9629064344868199,-0.9960157243064225,9.273391378295033e-3,9.273391378295033e-3,3.837016002127064e-2,329.92541941260737,329.92541941260737,329.9545161812503
