id,Expression,theta,size,MSE_train,MSE_val,MSE_test,R2_train,R2_val,R2_test,nll_train,nll_val,nll_test,mdl_train,mdl_val,mdl_test
0,(((x27 + ((x27 * ((((Abs(x17) ^ ((x12 + x21) + (Abs(x5) ^ (((x24 - (x30 * x3)) / (x19 / x4)) + (x0 - x10))))) / x25) * -0.10263871559578464) + -1.031288493188767)) * ((Abs(((Abs((x24 - ((Abs(x20) ^ x10) * 0.31730742110367977))) ^ (x11 + (x20 * x15))) - (x27 * 0.8414214776302789))) ^ (x11 + (x16 + ((1.1366090532778137 * x24) * 1.2445971863865302)))) + x29))) * ((x27 * (x24 - ((0.3767836440625956 + (x27 * -0.10427340722663087)) * (x27 * -0.824507176559412)))) + 13.778835026367544)) * (((x12 * x24) + x5) + (Abs(x20) ^ x28))),-0.10263871559578464;-1.031288493188767;0.31730742110367977;0.8414214776302789;1.1366090532778137;1.2445971863865302;0.3767836440625956;-0.10427340722663087;-0.824507176559412;13.778835026367544,93,4.9396655344534315e-2,4.9396655344534315e-2,5.870782229507354e-2,0.8024133786218628,0.8024133786218628,-2.053980915789609,4.9396655344534315e-2,4.9396655344534315e-2,5.870782229507354e-2,280.091593418878,280.091593418878,280.1009045858285
