id,Expression,theta,size,MSE_train,MSE_val,MSE_test,R2_train,R2_val,R2_test,nll_train,nll_val,nll_test,mdl_train,mdl_val,mdl_test
0,(11.852134924219971 * ((Abs(Recip(((Abs((x18 - (x13 / x20))) ^ (1.0627343632249715 - (x6 - (x13 / x6)))) * Recip(((x13 * 1.2084766856295848) - ((x27 + ((Abs((x29 * (Abs(x18) ^ 8.52478586887703))) ^ x20) / x30)) / ((((x23 * (x15 * ((Recip((x27 + x15)) - (x5 + x1)) + ((x9 / x28) / (x9 * x30))))) / (((x13 * (x3 / x14)) / x30) + (Abs(x27) ^ x27))) * (x27 + x18)) * ((x30 + (x30 + Recip((x29 - x14)))) + ((x11 - x28) * (Abs(x22) ^ x29)))))))))) ^ (x28 * x11)) * x9)),11.852134924219971;1.0627343632249715;1.2084766856295848;8.52478586887703,99,0.1120658968320554,0.1120658968320554,6.959185938927621e9,0.5517364126717784,0.5517364126717784,-3.6201685254200104e11,0.1120658968320554,0.1120658968320554,6.959185938927621e9,295.671072119191,295.671072119191,6.959186234486628e9
