id,Expression,theta,size,MSE_train,MSE_val,MSE_test,R2_train,R2_val,R2_test,nll_train,nll_val,nll_test,mdl_train,mdl_val,mdl_test
0,(Abs(-9.966910483148108e-4) ^ (((Abs(((((((x11 + x29) * (x15 + 5.439992370557835)) / (((Abs((x23 / x24)) ^ x24) / x16) * x3)) * Recip(((Abs((x30 * ((Abs(x25) ^ x16) * (x11 / x13)))) ^ x7) * ((Abs(x25) ^ x16) * (x11 / x13))))) - ((Recip((x10 - Recip(x5))) - ((x20 * x3) * Recip(x7))) - Recip(x24))) * x12)) ^ (x3 * -14.745601949731526)) / x16) * (Recip(Recip(x0)) / (x12 / (Abs((((Abs((((Abs(x30) ^ (x1 - x13)) * x3) / Recip(Recip(x24)))) ^ x4) / x16) * x3)) ^ x4))))),-9.966910483148108e-4;5.439992370557835;-14.745601949731526,99,5.705569472548863e-2,5.705569472548863e-2,9.055948357730328e-2,0.7717772210980455,0.7717772210980455,-3.7109043356911373,5.705569472548863e-2,5.705569472548863e-2,9.055948357730328e-2,289.75587993286354,289.75587993286354,289.78938372171535
