id,Expression,theta,size,MSE_train,MSE_val,MSE_test,R2_train,R2_val,R2_test,nll_train,nll_val,nll_test,mdl_train,mdl_val,mdl_test
0,(((-2.4446861503286446 - (((-0.31049072597817734 / x14) * x30) / x13)) + (((1.6574702613371122 - x12) + (((x2 * 2.5102767515116255) + (-8.81844702175916 * x30)) / ((Abs((Abs(x1) ^ (Abs(x28) ^ (((x20 + (-1.0125526734008075 * x1)) / (x1 / (x13 - x18))) - x26)))) ^ ((x1 + x7) / (x25 / x12))) / ((x26 / (1.7868069148083079 * x24)) - x2)))) / x13)) / ((Abs((((Abs(x22) ^ Recip(x27)) + (Abs((-3.437204260346741e-2 - (((x26 - x12) - (-2.6641935470647495 - (x26 / x13))) / x13))) ^ (Abs(x27) ^ x23))) * (x6 * x16))) ^ (x21 - x8)) / x24)),-2.4446861503286446;-0.31049072597817734;1.6574702613371122;2.5102767515116255;-8.81844702175916;-1.0125526734008075;1.7868069148083079;-3.437204260346741e-2;-2.6641935470647495,97,5.4984592956021726e-2,5.4984592956021726e-2,4561.843298413844,0.7800616281759131,0.7800616281759131,-237306.08838347913,5.4984592956021726e-2,5.4984592956021726e-2,4561.843298413844,296.68030253334564,296.68030253334564,4858.468616354234
