id,Expression,theta,size,MSE_train,MSE_val,MSE_test,R2_train,R2_val,R2_test,nll_train,nll_val,nll_test,mdl_train,mdl_val,mdl_test
0,(((((((-1.7355072615581413 / x7) + (((x6 * (-1.847895524297366 - (Abs(x9) ^ Recip(x30)))) / x4) / (x30 * (Abs(x8) ^ x30)))) / (Abs((-0.6288614355433437 / (((x29 - x6) + x9) * (Abs(((-0.6571881272797161 / (Abs(x1) ^ x21)) + (-0.8264639483781934 / (Abs(x20) ^ (Abs((Abs(x9) ^ Recip(x29))) ^ x17))))) ^ x18)))) ^ (x17 - (Abs(0.9571038002833558) ^ Recip(x30))))) * (x21 + -8.162588368408835e-2)) + x24) * (x29 - x6)) + x28),-1.7355072615581413;-1.847895524297366;-0.6288614355433437;-0.6571881272797161;-0.8264639483781934;0.9571038002833558;-8.162588368408835e-2,75,9.419502292897329e-2,9.419502292897329e-2,0.33097562349920884,0.6232199082841068,0.6232199082841068,-16.217351934428187,9.419502292897329e-2,9.419502292897329e-2,0.33097562349920884,201.0326759126749,201.0326759126749,201.26945651324513
