id,Expression,theta,size,MSE_train,MSE_val,MSE_test,R2_train,R2_val,R2_test,nll_train,nll_val,nll_test,mdl_train,mdl_val,mdl_test
0,Recip(((x12 / x16) + ((Abs(((Abs(((Recip(Recip(((x11 + x16) * x13))) + ((Abs(x20) ^ (x6 * x0)) - (x0 + (0.29937879707077114 + ((x21 * -2.698734838361839) * (Abs((Recip(((x16 + (x12 + x20)) * x13)) / (((x16 + Recip(x0)) * x7) - x21))) ^ (x16 * x16))))))) + x9)) ^ (Abs(x16) ^ x0)) + x21)) ^ 22.052550966662235) + x28))),0.29937879707077114;-2.698734838361839;22.052550966662235,65,3.0191282452645324e-2,3.0191282452645324e-2,2.43521525948248e-2,0.8792348701894187,0.8792348701894187,-0.26679897798273755,3.0191282452645324e-2,3.0191282452645324e-2,2.43521525948248e-2,173.45249675622253,173.45249675622253,173.4466576263647
