id,Expression,theta,size,MSE_train,MSE_val,MSE_test,R2_train,R2_val,R2_test,nll_train,nll_val,nll_test,mdl_train,mdl_val,mdl_test
0,(-1.3852914994412017e-2 + Recip(((Recip(((Abs((Abs(x18) ^ (Recip(x14) + x22))) ^ (x21 * (Abs(x3) ^ Recip(x5)))) - x9)) + (Recip((Abs((35.91776128137375 + x4)) ^ (x14 + x10))) / (Abs((0.40939169730906805 - (x22 + x22))) ^ Recip((x19 + x8))))) - ((Abs((Abs(x26) ^ 1.3095869375705922)) ^ (x9 - x26)) / (Recip(x5) * Recip((Abs((((x17 - x8) - x8) / x22)) ^ x22))))))),-1.3852914994412017e-2;35.91776128137375;0.40939169730906805;1.3095869375705922,69,1.0920351457621102e-2,1.0920351457621102e-2,2.109003872252178,0.9563185941695156,0.9563185941695156,-108.7103814345541,1.0920351457621102e-2,1.0920351457621102e-2,2.109003872252178,182.75058903825106,182.75058903825106,184.8486725590456
