id,Expression,theta,size,MSE_train,MSE_val,MSE_test,R2_train,R2_val,R2_test,nll_train,nll_val,nll_test,mdl_train,mdl_val,mdl_test
0,((Abs((x29 - x28)) ^ (Abs((x1 + (x1 - Recip(x29)))) ^ (x4 * ((x6 / x16) + x24)))) / (Abs(Recip(((Abs((((((x14 * x12) - (x12 + 0.23831202795731476)) * x22) / x21) + x18)) ^ x18) * ((x26 + -0.21591364248234413) + ((((x26 / x12) / ((Abs(x26) ^ (x19 - x4)) + ((x25 + x9) + x1))) * (Abs((x25 + x9)) ^ -1.8544829620589598)) * (Abs(((x18 - x23) / (x14 + x4))) ^ x28)))))) ^ (Abs(((Recip(x17) + x24) - x4)) ^ (x9 - x6)))),0.23831202795731476;-0.21591364248234413;-1.8544829620589598,90,9.007673419688102e-2,9.007673419688102e-2,0.2599614300072782,0.639693063212476,0.639693063212476,-12.523193588978096,9.007673419688102e-2,9.007673419688102e-2,0.2599614300072782,264.03789437338935,264.03789437338935,264.2077790691997
