id,Expression,theta,size,MSE_train,MSE_val,MSE_test,R2_train,R2_val,R2_test,nll_train,nll_val,nll_test,mdl_train,mdl_val,mdl_test
0,(Abs(((x1 - x22) * (x4 / (Abs(x10) ^ x4)))) ^ (Abs((Abs(x4) ^ (x3 * x20))) ^ ((((x25 * x5) - ((Recip((x1 / x21)) - (((-197.67200341163007 - x11) - x24) + x11)) / x4)) + 1361.158340896095) / Recip((Abs(x17) ^ x4))))),-197.67200341163007;1361.158340896095,46,5.384153474558111e-2,5.384153474558111e-2,0.4177664742688514,0.7846338610176755,0.7846338610176755,-20.73221199146482,5.384153474558111e-2,5.384153474558111e-2,0.4177664742688514,120.77583968056963,120.77583968056963,121.13976462009289
