id,Expression,theta,size,MSE_train,MSE_val,MSE_test,R2_train,R2_val,R2_test,nll_train,nll_val,nll_test,mdl_train,mdl_val,mdl_test
0,Recip(Recip((Abs((x19 - x18)) ^ (x15 / Recip(Recip(Recip((Abs(Recip((Abs(((x4 / (x23 * x23)) * (x3 - (x6 + Recip(Recip(x28)))))) ^ ((x18 * 39.249998245582766) - x17)))) ^ ((Recip(((x16 / (x11 * x15)) * -5.913778792112074e-2)) - (Recip(Recip((((Abs((Abs(((Abs((x11 - x28)) ^ x9) / Recip(Recip((Recip(x9) * x14))))) ^ (x20 + x1))) ^ x14) * (-3.605079456350751 + ((0.42203471716490376 * x29) * x5))) - (x5 * 0.7043799173822721)))) * x23)) * (((x6 - x28) * Recip(x28)) + Recip((((Abs(x18) ^ x6) * x24) / x24)))))))))))),39.249998245582766;-5.913778792112074e-2;-3.605079456350751;0.42203471716490376;0.7043799173822721,98,6.439835834963445e-2,6.439835834963445e-2,0.11486889668913529,0.7424065666014622,0.7424065666014622,-4.975480005768589,6.439835834963445e-2,6.439835834963445e-2,0.11486889668913529,292.9820984213559,292.9820984213559,293.03256895969537
