id,Expression,theta,size,MSE_train,MSE_val,MSE_test,R2_train,R2_val,R2_test,nll_train,nll_val,nll_test,mdl_train,mdl_val,mdl_test
0,Recip((Abs(((1.6261792715610117 + x7) * x4)) ^ (((Recip((Abs((((Abs(Recip(x14)) ^ (x17 / x3)) / Recip(x10)) / ((x10 * x0) + (42.8584932105952 - (Abs((x23 * x17)) ^ ((x22 * x18) / x29)))))) ^ (Abs(Recip((x22 - x7))) ^ x9))) - Recip((Abs((((x13 / x9) / ((x22 + x8) / x6)) + ((Abs((Abs(Recip(x15)) ^ 1.3218955688167704)) ^ (x11 / x3)) * x4))) ^ x30))) * ((0.20361628844930846 * x27) - (x3 * Recip(x11)))) + (x17 * x19)))),1.6261792715610117;42.8584932105952;1.3218955688167704;0.20361628844930846,85,2.4612144304663883e-2,2.4612144304663883e-2,Infinity,0.9015514227813445,0.9015514227813445,-Infinity,2.4612144304663883e-2,2.4612144304663883e-2,Infinity,253.804050826638,253.804050826638,Infinity
