id,Expression,theta,size,MSE_train,MSE_val,MSE_test,R2_train,R2_val,R2_test,nll_train,nll_val,nll_test,mdl_train,mdl_val,mdl_test
0,(Abs(x18) ^ (((Abs(x29) ^ -1.8184428431521464) * (Abs((((Recip(((Abs(Recip((x22 * Recip(((Abs((Abs(x25) ^ -0.5519547500344525)) ^ (x29 + x10)) / Recip(x24)))))) ^ x21) / x14)) * (x6 * x21)) * x24) * ((x27 / x13) - ((x28 / x25) + (-2.3913826825838473 + x15))))) ^ (x15 * 7.717509873748034))) + ((Abs(Recip((((x27 / x13) / (Abs(x20) ^ -2.498437405932857)) * Recip(((Abs((Abs(x29) ^ 27.494497797945467)) ^ (x30 + x10)) / Recip((x3 / x13))))))) ^ x21) / x13))),-1.8184428431521464;-0.5519547500344525;-2.3913826825838473;7.717509873748034;-2.498437405932857;27.494497797945467,84,8.642874484608701e-2,8.642874484608701e-2,0.1275140351688807,0.654285020615652,0.654285020615652,-5.633280109484921,8.642874484608701e-2,8.642874484608701e-2,0.1275140351688807,232.11300072360316,232.11300072360316,232.15408601392596
