id,Expression,theta,size,MSE_train,MSE_val,MSE_test,R2_train,R2_val,R2_test,nll_train,nll_val,nll_test,mdl_train,mdl_val,mdl_test
0,(Abs((((x6 / (((-1.4125724863848779 + x6) + (Abs(x2) ^ (x23 - x15))) * x16)) * (Abs(((Abs((Abs(Recip(((Abs((x13 + x19)) ^ ((Abs(x6) ^ x10) * (Abs(x14) ^ (x7 * x9)))) * ((x10 / x26) / (x23 - x9))))) ^ (Abs(x30) ^ (x7 - (Abs(x10) ^ (x23 - x15)))))) ^ 3.7487203174239885) / (x16 + (Abs(((x14 / x4) * ((Abs((((x6 / (((-0.9545639937250383 + x6) + x30) * -0.8986267248238844)) * (Abs(x30) ^ x15)) / x15)) ^ x7) + x14))) ^ x14)))) ^ x15)) / x10)) ^ x7),-1.4125724863848779;3.7487203174239885;-0.9545639937250383;-0.8986267248238844,95,9.515924308469266e-2,9.515924308469266e-2,13.925257464260609,0.6193630276612294,0.6193630276612294,-723.3918932908092,9.515924308469266e-2,9.515924308469266e-2,13.925257464260609,249.74599913640537,249.74599913640537,263.5760973575813
