id,Expression,theta,size,MSE_train,MSE_val,MSE_test,R2_train,R2_val,R2_test,nll_train,nll_val,nll_test,mdl_train,mdl_val,mdl_test
0,((((-9.729949884724107e-2 - ((-0.6184862521555277 + Recip((Abs(x10) ^ (-0.9456154689046433 - x21)))) * (Abs((x23 / x8)) ^ x14))) - (Abs(((0.26550558125965285 - ((-0.3098851678779714 + Recip((Abs(x10) ^ ((x19 - x29) - x21)))) * (Abs((x23 / x8)) ^ x14))) - (Abs(((Abs((x22 + x18)) ^ x9) * 0.7818101434458001)) ^ (x9 / x0)))) ^ (x9 / x0))) + x20) + 0.7696039333750619),-9.729949884724107e-2;-0.6184862521555277;-0.9456154689046433;0.26550558125965285;-0.3098851678779714;0.7818101434458001;0.7696039333750619,62,6.418235415642534e-2,6.418235415642534e-2,3.491459650290348e8,0.7432705833742986,0.7432705833742986,-1.8162573099809696e10,6.418235415642534e-2,6.418235415642534e-2,3.491459650290348e8,162.00832620831065,162.00832620831065,3.491461269731786e8
