id,Expression,theta,size,MSE_train,MSE_val,MSE_test,R2_train,R2_val,R2_test,nll_train,nll_val,nll_test,mdl_train,mdl_val,mdl_test
0,(((Recip(Recip(x17)) - (x11 + x23)) - (Abs(x23) ^ ((6.602248391158247 * x17) * ((x26 / x15) * x17)))) + ((((0.6771236555394315 - x24) / (Recip(x26) + (x0 + Recip(Recip(((Abs(x16) ^ x20) / Recip(((x1 * x17) * (x10 / x11))))))))) * -1.8139138850404188) - (x17 - (1.797532343673402 + (x3 * ((Recip((Abs(((Recip(x12) + (((Abs(x16) ^ x15) / (Abs(x16) ^ x18)) * x12)) / (x6 + (-3.0647263802266966 / x27)))) ^ (Abs((x16 - (x20 * x22))) ^ (x26 + (Abs(x23) ^ x20))))) * -4.90721694348277) + ((((x10 * x25) / x9) - x9) - x28))))))),6.602248391158247;0.6771236555394315;-1.8139138850404188;1.797532343673402;-3.0647263802266966;-4.90721694348277,102,6.7855724306569e-2,6.7855724306569e-2,5.107700496844043e13,0.728577102773724,0.728577102773724,-2.6570257984581685e15,6.7855724306569e-2,6.7855724306569e-2,5.107700496844043e13,313.17235799471786,313.17235799471786,5.107700496875353e13
