id,Expression,theta,size,MSE_train,MSE_val,MSE_test,R2_train,R2_val,R2_test,nll_train,nll_val,nll_test,mdl_train,mdl_val,mdl_test
0,Recip(((x22 * ((x9 * (((x26 * ((x26 * ((((x22 / x17) * ((((x27 + (x29 - x25)) + ((Abs(x0) ^ -0.5172864405034635) / (Abs(Recip((Abs(Recip((((x15 * x25) - x7) + x6))) ^ x27))) ^ (x8 / (x17 + x14))))) - (x0 / x27)) * x9)) + (Abs((0.4942805715324913 / (x18 / (x26 + -0.9915639663222298)))) ^ Recip(Recip((x26 + Recip(x16)))))) - x24)) / x0)) + x18) - x0)) / x17)) + (Abs((x22 + (x29 - (x22 * (Abs(x30) ^ x15))))) ^ (x0 * x17)))),-0.5172864405034635;0.4942805715324913;-0.9915639663222298,91,5.078113018807409e-2,5.078113018807409e-2,1.3848441108163188,0.7968754792477036,0.7968754792477036,-71.03959064466216,5.078113018807409e-2,5.078113018807409e-2,1.3848441108163188,270.1853567097634,270.1853567097634,271.5194196903917
