id,Expression,theta,size,MSE_train,MSE_val,MSE_test,R2_train,R2_val,R2_test,nll_train,nll_val,nll_test,mdl_train,mdl_val,mdl_test
0,Recip((Abs(((((x14 + ((x10 + x26) - (x12 * x19))) / x13) * (Abs(x23) ^ ((x0 - x21) + x18))) - (((((Abs(x7) ^ x16) + x6) * x3) * -5.447051645063869) / ((Recip((Recip((((x12 * x19) * x27) + (x4 / (x28 / x4)))) + (Abs(x29) ^ ((x0 + (x27 - x2)) * x0)))) / x27) + x18)))) ^ ((((Abs(x0) ^ x20) - x12) + (Abs(((Abs((((x0 + (x26 - x23)) * x7) + x25)) ^ x23) * -1.4534037222330662)) ^ Recip(x24))) * Recip(Recip(((Abs(x28) ^ ((x0 - x21) + x18)) * ((x10 * x0) + (x29 * x13)))))))),-5.447051645063869;-1.4534037222330662,107,7.123565079289912e-2,7.123565079289912e-2,0.19051787740310155,0.7150573968284035,0.7150573968284035,-8.910739982508964,7.123565079289912e-2,7.123565079289912e-2,0.19051787740310155,333.43352281945386,333.43352281945386,333.55280504606407
