id,Expression,theta,size,MSE_train,MSE_val,MSE_test,R2_train,R2_val,R2_test,nll_train,nll_val,nll_test,mdl_train,mdl_val,mdl_test
0,(Abs(x1) ^ (x15 * (Abs((((Abs(Recip(((x1 / x15) / x17))) ^ (Recip((0.8549759682000777 - (x28 * (x24 * x5)))) / x5)) * x1) - Recip((Abs(Recip((((Abs(Recip((x1 - (x28 * (x24 * x5))))) ^ 2.972312064853884) / ((((x5 - x20) * (Abs((x27 + (x22 / x17))) ^ ((Recip(x30) + (x11 + x22)) * x20))) / ((x29 - x9) / (Recip(x10) / Recip(((x1 + x9) / x20))))) + 1.02088681194174)) / x5))) ^ ((x28 * ((2.0097935980790447 + (Abs(x28) ^ x5)) + x19)) / x28))))) ^ 0.7191143492995502))),0.8549759682000777;2.972312064853884;1.02088681194174;2.0097935980790447;0.7191143492995502,94,1.2761037325182124e-2,1.2761037325182124e-2,Infinity,0.9489558506992715,0.9489558506992715,-Infinity,1.2761037325182124e-2,1.2761037325182124e-2,Infinity,268.93345447949866,268.93345447949866,Infinity
