id,Expression,theta,size,MSE_train,MSE_val,MSE_test,R2_train,R2_val,R2_test,nll_train,nll_val,nll_test,mdl_train,mdl_val,mdl_test
0,(3.3333011253979334 * Recip((Abs((((-19.24955275678251 - (Abs((Abs(x22) ^ x12)) ^ (x13 / x6))) - ((Recip(x5) - (x14 - x23)) + (Abs((x26 * x21)) ^ x21))) * ((Abs(x28) ^ (x26 * -195.3688091355482)) + (Recip(x14) + ((Abs(x21) ^ (((Abs((x13 - (Abs(((x6 - x27) / Recip(((Abs((Abs((x17 + x25)) ^ x27)) ^ (x21 / (Abs(x28) ^ x5))) / Recip(x0))))) ^ Recip(x22)))) ^ -1.61960832826497) - x8) - (x8 * 13.953574265079538))) - (x27 + Recip((x19 / x27)))))))) ^ ((Recip(((x15 + x22) / x21)) * ((Abs(x28) ^ (-1.180478629413201 * x22)) - x8)) - x21)))),3.3333011253979334;-19.24955275678251;-195.3688091355482;-1.61960832826497;13.953574265079538;-1.180478629413201,105,2.0618643213501237e-2,2.0618643213501237e-2,1.2909617844977805e8,0.917525427145995,0.917525427145995,-6.715583201957197e9,2.0618643213501237e-2,2.0618643213501237e-2,1.2909617844977805e8,295.57962486557244,295.57962486557244,1.2909647400878428e8
