id,Expression,theta,size,MSE_train,MSE_val,MSE_test,R2_train,R2_val,R2_test,nll_train,nll_val,nll_test,mdl_train,mdl_val,mdl_test
0,(((Abs((Abs((x27 - x8)) ^ x7)) ^ ((((x28 - x27) + ((115.91746823643288 * (Abs(x8) ^ x1)) - x23)) / x28) / (((x8 + x8) + (Abs(Recip(x30)) ^ (Abs(((x28 - x27) + ((-6.079906062253355 * (Abs(x30) ^ x1)) - ((x30 + (Abs((x8 * x18)) ^ (Abs(x21) ^ (x0 / (x28 - x27))))) + (Abs(x11) ^ x19))))) ^ (x4 - ((Abs((Abs(x28) ^ x21)) ^ (Abs(x21) ^ x1)) - (((-2.5206911669904417 * x19) / (x28 / x19)) / (Abs(x20) ^ (Abs(x13) ^ x2)))))))) / x12))) + x19) - (x25 + (x27 * x18))),115.91746823643288;-6.079906062253355;-2.5206911669904417,102,1.0670540221103664e-2,1.0670540221103664e-2,0.14254792361549112,0.9573178391155853,0.9573178391155853,-6.415342986477564,1.0670540221103664e-2,1.0670540221103664e-2,0.14254792361549112,283.27174312862275,283.27174312862275,283.40362051201714
