id,Expression,theta,size,MSE_train,MSE_val,MSE_test,R2_train,R2_val,R2_test,nll_train,nll_val,nll_test,mdl_train,mdl_val,mdl_test
0,(((-2.1496504533040572 / ((Abs((((((x17 - x14) * ((x27 - x18) * ((0.6868965139348115 / Recip(x27)) + (x9 / Recip(x0))))) * x22) * x0) + ((((Recip((Recip((Abs(x14) ^ x14)) * x30)) / x6) / x22) * 29.022819375351837) * 45.81703680453282))) ^ x18) / (Abs(Recip(((x11 - x13) * -52.98247609752123))) ^ x24))) + x27) * ((x3 - ((Abs(((x17 - x14) + Recip(x27))) ^ x27) + ((x27 + (((-11.609652779345067 / Recip(x27)) + x18) + x11)) - x24))) + x12)),-2.1496504533040572;0.6868965139348115;29.022819375351837;45.81703680453282;-52.98247609752123;-11.609652779345067,82,4.824599308547833e-2,4.824599308547833e-2,8.302752433404172e-2,0.8070160276580867,0.8070160276580867,-3.3190918158566856,4.824599308547833e-2,4.824599308547833e-2,8.302752433404172e-2,237.5209961355125,237.5209961355125,237.55577766676103
