id,Expression,theta,size,MSE_train,MSE_val,MSE_test,R2_train,R2_val,R2_test,nll_train,nll_val,nll_test,mdl_train,mdl_val,mdl_test
0,((((0.45417508665567896 - x8) * x8) + (Abs((Recip(Recip(((x25 + (x21 * x27)) - x0))) * x25)) ^ x0)) - ((Abs((Abs(((x8 - x15) + (x21 * 0.19234223471838374))) ^ ((x6 * x2) + x1))) ^ (Abs(((-1.4137244123818475 / (Abs(x6) ^ (Abs(x11) ^ x25))) * (x9 / (x16 / x9)))) ^ ((Recip((Abs((Abs(x29) ^ (x29 * x24))) ^ (x1 * x17))) / ((Abs(x23) ^ (Abs(x26) ^ 0.9426006521634982)) - x6)) - x15))) - (Abs(((x6 * x6) / (x27 / (Abs(((x2 - x7) * ((x3 + x16) - x9))) ^ x26)))) ^ ((x16 - x18) + (x18 + x15))))),0.45417508665567896;0.19234223471838374;-1.4137244123818475;0.9426006521634982,106,5.5648777798718595e-2,5.5648777798718595e-2,0.10649994845814548,0.7774048888051256,0.7774048888051256,-4.540127318792516,5.5648777798718595e-2,5.5648777798718595e-2,0.10649994845814548,309.86431418220565,309.86431418220565,309.9151653528651
