id,Expression,theta,size,MSE_train,MSE_val,MSE_test,R2_train,R2_val,R2_test,nll_train,nll_val,nll_test,mdl_train,mdl_val,mdl_test
0,Recip((Abs(((((x24 - ((Recip(x23) + (x24 * x23)) * (Abs(((x23 * x16) / x17)) ^ x25))) - (x11 + x6)) * (Abs(x24) ^ x16)) / ((((x14 / x28) / x15) * ((x13 / x15) - x14)) * ((x10 / ((Abs(x7) ^ Recip(x15)) * -3156.4306830457563)) - ((-91.88576304976161 / x15) - x12))))) ^ (((Abs((x24 * x21)) ^ Recip((x28 + (Abs((Abs(((Recip((x28 + (Abs((Abs((x15 - (x17 - x14))) ^ (x15 * x15))) ^ x3))) * x22) - (x14 * x25))) ^ x16)) ^ ((Abs(x7) ^ Recip(x15)) * x6))))) / ((Recip(x15) - x13) / x17)) - x29))),-3156.4306830457563;-91.88576304976161,108,5.168370789858955e-2,5.168370789858955e-2,5.380774636950588e-2,0.7932651684056418,0.7932651684056418,-1.7990789661415891,5.168370789858955e-2,5.168370789858955e-2,5.380774636950588e-2,315.50151454498223,315.50151454498223,315.50363858345315
