id,Expression,theta,size,MSE_train,MSE_val,MSE_test,R2_train,R2_val,R2_test,nll_train,nll_val,nll_test,mdl_train,mdl_val,mdl_test
0,(-1.1487906258130671 + (Abs((Abs(x22) ^ Recip(((((((x24 * x8) + Recip((x18 + x22))) / ((Abs(x22) ^ ((Abs((x29 - x11)) ^ (Abs(x11) ^ x21)) * x9)) + 1.3400475687515652)) + ((Abs((x29 - (-1.1959209542434256e-2 - x16))) ^ ((Abs(x24) ^ (x24 * -0.656020196722153)) * (x2 * 0.3691797887210422))) * ((((x24 * x26) + Recip((x22 + x0))) + -1.5631623473827803) * (Abs(x11) ^ (x15 + x20))))) / ((-3.560982473040577 - x26) + (x21 - (3.4979319615546074 - x29)))) + ((Abs((x1 * (x20 - x26))) ^ (Abs(x11) ^ x21)) * ((((x25 * -0.3744844578846326) * x29) + x27) + -0.41137169909253596)))))) ^ x9)),-1.1487906258130671;1.3400475687515652;-1.1959209542434256e-2;-0.656020196722153;0.3691797887210422;-1.5631623473827803;-3.560982473040577;3.4979319615546074;-0.3744844578846326;-0.41137169909253596,102,6.42926516836781e-2,6.42926516836781e-2,32.29844768317235,0.7428293932652876,0.7428293932652876,-1679.1652484785614,6.42926516836781e-2,6.42926516836781e-2,32.29844768317235,292.4452450436947,292.4452450436947,324.67940007518337
