id,Expression,theta,size,MSE_train,MSE_val,MSE_test,R2_train,R2_val,R2_test,nll_train,nll_val,nll_test,mdl_train,mdl_val,mdl_test
0,((Abs(((Recip((((x4 * ((x22 - x4) * x14)) + (x4 + x6)) * x25)) / x4) / ((((x0 * x27) - x26) / (x29 + x28)) * Recip(((0.4036318353152086 * x17) * -0.6265130391520278))))) ^ ((Recip(Recip(x12)) - ((x20 - (Abs(x24) ^ x4)) * x3)) - (x14 + x6))) / (Abs((Abs(((x20 - (Abs(x27) ^ x13)) * x3)) ^ ((((Abs(Recip(x26)) ^ (1.5124253290626108 * (Abs(x4) ^ (Abs(x18) ^ (Abs(49.83009917898192) ^ (x11 - x12)))))) + ((x4 - ((Abs(x15) ^ x15) / x25)) - x27)) / ((Abs(x27) ^ x25) / ((x0 * x14) - x4))) - x3))) ^ x29)),0.4036318353152086;-0.6265130391520278;1.5124253290626108;49.83009917898192,107,2.1194644925458975e-2,2.1194644925458975e-2,Infinity,0.9152214202981641,0.9152214202981641,-Infinity,2.1194644925458975e-2,2.1194644925458975e-2,Infinity,312.79846229498776,312.79846229498776,Infinity
