id,Expression,theta,size,MSE_train,MSE_val,MSE_test,R2_train,R2_val,R2_test,nll_train,nll_val,nll_test,mdl_train,mdl_val,mdl_test
0,(Abs((Abs(0.9740461811825804) ^ ((Abs(x23) ^ (x21 + (-1.797269842233987 - x29))) + x23))) ^ (Abs(((Abs((x29 / Recip(x3))) ^ (Abs(x2) ^ x2)) + ((Abs((Abs(7.891857186431608e-2) ^ (Abs(x11) ^ (((x23 + x29) + x23) + x20)))) ^ (Abs(((Abs((Abs(0.4493614772120324) ^ (Abs(x23) ^ (x11 + x12)))) ^ (Abs(((Abs((x15 * (Abs(((Abs(x24) ^ x2) * x11)) ^ x11))) ^ x29) + ((x10 - x23) + (x29 - x9)))) ^ x2)) + (((Abs(x2) ^ -0.9763294427494446) - (Abs((x4 - (x23 + x23))) ^ x26)) + (x29 - x9)))) ^ x2)) + (x29 - x9)))) ^ (Abs(-9.814051215576798e-2) ^ x26))),0.9740461811825804;-1.797269842233987;7.891857186431608e-2;0.4493614772120324;-0.9763294427494446;-9.814051215576798e-2,108,7.71285870689095e-2,7.71285870689095e-2,9.9058603136037e-2,0.6914856517243619,0.6914856517243619,-4.153028535136447,7.71285870689095e-2,7.71285870689095e-2,9.9058603136037e-2,267.99510310673014,267.99510310673014,268.0170331227973
