id,Expression,theta,size,MSE_train,MSE_val,MSE_test,R2_train,R2_val,R2_test,nll_train,nll_val,nll_test,mdl_train,mdl_val,mdl_test
0,(Abs(x21) ^ (((Abs((((Abs(x3) ^ -0.2351570915783223) / ((((-4.2611955868541614e-2 / (Abs((Abs(((x13 - x25) / (x30 + x6))) ^ x6)) ^ x21)) - ((x1 - x30) / (x0 / ((((Abs((Recip((Abs(x18) ^ (x13 * x22))) + x25)) ^ x23) + x28) - x25) + x6)))) * (((Recip((x30 / x19)) / (x0 + x4)) / (x15 - x5)) / (x0 - Recip(x20)))) + 2.038603914966015)) * ((Recip(Recip(((Abs((x25 - x14)) ^ x24) - x27))) - (x29 * 0.37473205276410615)) + x9))) ^ (((Abs((Abs(x5) ^ x29)) ^ x10) * -0.34627743892999685) - ((x13 - x25) / x18))) + (x0 + x4)) * x17)),-0.2351570915783223;-4.2611955868541614e-2;2.038603914966015;0.37473205276410615;-0.34627743892999685,108,7.429515350853247e-2,7.429515350853247e-2,Infinity,0.7028193859658701,0.7028193859658701,-Infinity,7.429515350853247e-2,7.429515350853247e-2,Infinity,336.6050411930529,336.6050411930529,Infinity
