id,Expression,theta,size,MSE_train,MSE_val,MSE_test,R2_train,R2_val,R2_test,nll_train,nll_val,nll_test,mdl_train,mdl_val,mdl_test
0,(((((Abs(((x25 + ((Recip((Abs(((x3 + (x20 * (x22 - x15))) + x12)) ^ x13)) * 0.8403698387907659) - (Abs((Abs(x11) ^ x10)) ^ x30))) * Recip((Abs(((x13 * x23) + x19)) ^ x13)))) ^ 0.47248460456157154) * x23) + x19) + -0.18913312169387084) + (((((x1 - ((x25 + x25) - x8)) - x15) + (x25 + Recip((Recip(((Abs(x7) ^ x17) / (x21 + x15))) + Recip(((Abs(x17) ^ x29) + (x20 / (x17 + x25)))))))) * x0) * (x7 * 1.733882315145545))),0.8403698387907659;0.47248460456157154;-0.18913312169387084;1.733882315145545,85,3.488100476432366e-2,3.488100476432366e-2,285.86787331862246,0.8604759809427054,0.8604759809427054,-14869.846770034173,3.488100476432366e-2,3.488100476432366e-2,285.86787331862246,254.16641097043993,254.16641097043993,539.9994032842981
