id,Expression,theta,size,MSE_train,MSE_val,MSE_test,R2_train,R2_val,R2_test,nll_train,nll_val,nll_test,mdl_train,mdl_val,mdl_test
0,(Abs(x27) ^ Recip((((((x19 + x27) * (Abs(((x26 - (((Abs(Recip(x21)) ^ x19) + x5) * (x14 * x9))) + ((Abs((x19 + (x23 + (x9 / x18)))) ^ Recip((((x4 / x20) + Recip(x25)) - (0.7549740615918444 * (x14 * x9))))) * (Abs((((Abs(x21) ^ -0.8737585915622108) + x5) * (Abs(Recip((Recip((x22 + (Abs(x2) ^ (x24 + x6)))) - (((Abs(x6) ^ x18) * x17) + (Abs(x8) ^ x0))))) ^ Recip((x26 - ((x0 + x5) * (x14 * x9))))))) ^ (x9 + ((Abs(x6) ^ x11) * (6.795550857026728e-3 / x18))))))) ^ -2.529697794973179)) + x6) * (x22 + x20)) + x6))),0.7549740615918444;-0.8737585915622108;6.795550857026728e-3;-2.529697794973179,109,6.319467064200022e-4,6.319467064200022e-4,0.11197795694164564,0.99747221317432,0.99747221317432,-4.825093320104184,6.319467064200022e-4,6.319467064200022e-4,0.11197795694164564,322.99264481513063,322.99264481513063,323.1039908253659
