id,Expression,theta,size,MSE_train,MSE_val,MSE_test,R2_train,R2_val,R2_test,nll_train,nll_val,nll_test,mdl_train,mdl_val,mdl_test
0,(3.894486337082497 / (x4 / (x30 * (((3.23831772913366 / ((Abs((((-2.979696484272612 / (Abs((x30 * x25)) ^ (x26 * (3.9945700317016497 / (x4 / ((Abs((Recip(Recip(x30)) * x21)) ^ (((2.339188303765406 / (Abs(x25) ^ x9)) * x6) * (x14 / x27))) * x29)))))) * 2.997483767862178) * (-3.291933900703425 / x27))) ^ x1) + x14)) + x26) * x30)))),3.894486337082497;3.23831772913366;-2.979696484272612;3.9945700317016497;2.339188303765406;2.997483767862178;-3.291933900703425,57,7.882792806361252e-2,7.882792806361252e-2,8.803410327145614e-2,0.6846882877455499,0.6846882877455499,-3.579534052180973,7.882792806361252e-2,7.882792806361252e-2,8.803410327145614e-2,150.23913516304307,150.23913516304307,150.24834133825092
