id,Expression,theta,size,MSE_train,MSE_val,MSE_test,R2_train,R2_val,R2_test,nll_train,nll_val,nll_test,mdl_train,mdl_val,mdl_test
0,((3.755939140658147 * x0) + (-1.0437217013727225 - (((((-2.886078837739571 + (-3.3450245430616854 - x26)) - ((x27 + x27) + x20)) * x18) * (Abs(((Abs(Recip(Recip((x21 + (((x27 * x6) / x28) / (x12 + ((-0.5074132863942942 / x1) / x9))))))) ^ x1) + 0.39617224519480465)) ^ x22)) - ((x24 * (Abs(x19) ^ (x5 / Recip((((-0.5327466278635289 + (x14 * x11)) * (-0.7269657035245896 * x26)) * x17))))) + (((Abs(Recip(Recip((x21 + (((-1.6987838035679343 * x2) / x28) / ((x27 / x15) + Recip((x12 + x19)))))))) ^ x1) + -0.6212643378859901) - Recip(Recip((x15 * -2.702143608801174)))))))),3.755939140658147;-1.0437217013727225;-2.886078837739571;-3.3450245430616854;-0.5074132863942942;0.39617224519480465;-0.5327466278635289;-0.7269657035245896;-1.6987838035679343;-0.6212643378859901;-2.702143608801174,95,5.40670807073342e-2,5.40670807073342e-2,0.27103870058154356,0.7837316771706632,0.7837316771706632,-13.099433204251358,5.40670807073342e-2,5.40670807073342e-2,0.27103870058154356,299.97522188710127,299.97522188710127,300.19219350697546
