id,Expression,theta,size,MSE_train,MSE_val,MSE_test,R2_train,R2_val,R2_test,nll_train,nll_val,nll_test,mdl_train,mdl_val,mdl_test
0,((Abs((((x8 / (((Recip((x12 + (x15 - x30))) + (Abs((x27 - Recip(Recip((x13 - x27))))) ^ Recip((x3 + Recip((x17 - x6)))))) - (Abs(((Abs((x28 + Recip((x22 - x20)))) ^ (x30 / x16)) / ((x24 * (x24 + x15)) + (((x25 / x17) - (x13 * x1)) * ((x29 - x1) * (x0 - x19)))))) ^ 0.48714479318813614)) * (((x17 + (x30 - x18)) - x25) * 7.380528162612053e-3))) * (Abs(x5) ^ x30)) * x21)) ^ x24) - (-0.585420280384352 / (x18 - (Abs((x24 / x30)) ^ x2)))),0.48714479318813614;7.380528162612053e-3;-0.585420280384352,93,0.14477310551843048,0.14477310551843048,Infinity,0.4209075779262781,0.4209075779262781,-Infinity,0.14477310551843048,0.14477310551843048,Infinity,296.04894531012593,296.04894531012593,Infinity
