id,Expression,theta,size,MSE_train,MSE_val,MSE_test,R2_train,R2_val,R2_test,nll_train,nll_val,nll_test,mdl_train,mdl_val,mdl_test
0,(((x23 - (9.625998415820165 + x2)) * x8) * (x21 - (Abs(((x11 - (x1 + x18)) / (Abs(x3) ^ 15.236026313753719))) ^ ((x8 * x25) * (Recip((Recip((x5 - x20)) + 2.221458855846698)) - (Abs((Abs(((Abs(x21) ^ x22) + ((x22 * x25) * x23))) ^ (1.732670484258994 + Recip((((x12 + (((x12 + x20) * x25) * x23)) * (x5 - x3)) - ((x10 + x18) * Recip((x5 - x20)))))))) ^ ((Abs(0.24189654666276633) ^ x2) + ((x15 - (x10 * -0.3564177657027491)) + x25)))))))),9.625998415820165;15.236026313753719;2.221458855846698;1.732670484258994;0.24189654666276633;-0.3564177657027491,85,9.410077164943279e-2,9.410077164943279e-2,Infinity,0.6235969134022689,0.6235969134022689,-Infinity,9.410077164943279e-2,9.410077164943279e-2,Infinity,244.2864545869564,244.2864545869564,Infinity
