id,Expression,theta,size,MSE_train,MSE_val,MSE_test,R2_train,R2_val,R2_test,nll_train,nll_val,nll_test,mdl_train,mdl_val,mdl_test
0,(Abs(-1.1929907057014713e-6) ^ (Abs((Abs(-0.3266784289077265) ^ x13)) ^ Recip((x17 + ((Abs(((x24 / Recip((0.1555358328373199 - (Recip(x3) * Recip(x26))))) / Recip((Abs(0.3423746069576629) ^ x13)))) ^ ((x17 * 1.4976690130587044e-2) / Recip(Recip(Recip(x24))))) * (Abs(((Abs(Recip(x3)) ^ x24) / (Abs(x29) ^ (x2 - x25)))) ^ (x24 * (((Abs(((Abs((x3 - x17)) ^ ((x11 + x5) * x16)) + (Recip(x24) + x17))) ^ x24) + ((Abs(Recip(x3)) ^ x24) / (Abs(x17) ^ (x2 - x25)))) / x26)))))))),-1.1929907057014713e-6;-0.3266784289077265;0.1555358328373199;0.3423746069576629;1.4976690130587044e-2,88,7.291838748358568e-3,7.291838748358568e-3,5.216721183896589e-2,0.9708326450065657,0.9708326450065657,-1.713738359862902,7.291838748358568e-3,7.291838748358568e-3,5.216721183896589e-2,219.67554543885686,219.67554543885686,219.72042081194746
