id,Expression,theta,size,MSE_train,MSE_val,MSE_test,R2_train,R2_val,R2_test,nll_train,nll_val,nll_test,mdl_train,mdl_val,mdl_test
0,((x5 * ((x12 + (Abs(((((x28 / x16) / x12) * (x7 * x24)) - ((Abs(((x17 + x18) + x7)) ^ (Abs(-0.985259038874986) ^ x19)) * (Abs((Abs((x11 - x24)) ^ x7)) ^ x10)))) ^ x3)) - (x24 + x24))) - (((((x12 + (-0.289014367393189 / x7)) + (((x4 + (x19 * x9)) + (x24 + (x24 + (0.24818127333197876 / x30)))) - (x18 + 0.34056577387687254))) + (x24 + (x24 + (-0.3065285734803565 / x30)))) - (x18 + -0.7361591816754276)) + (x15 + (0.25892901510305627 / x7)))),-0.985259038874986;-0.289014367393189;0.24818127333197876;0.34056577387687254;-0.3065285734803565;-0.7361591816754276;0.25892901510305627,84,7.083478129019201e-2,7.083478129019201e-2,0.17467616441299805,0.716660874839232,0.716660874839232,-8.086654072763812,7.083478129019201e-2,7.083478129019201e-2,0.17467616441299805,244.26318859659716,244.26318859659716,244.36702997971997
