id,Expression,theta,size,MSE_train,MSE_val,MSE_test,R2_train,R2_val,R2_test,nll_train,nll_val,nll_test,mdl_train,mdl_val,mdl_test
0,(-0.8644295379913844 + Recip((x10 + (Abs(-2.7848441919868847) ^ (((x13 * x22) * (Abs((1.9897329663471155 - x15)) ^ (((x22 * -0.40521621539661373) * x4) - (Abs(x18) ^ (x4 - x15))))) - (Abs((x2 + (Abs(((x22 * -0.380283874170515) * x6)) ^ x18))) ^ (Abs((Abs(8.960474400472921e-7) ^ (Abs((x29 + x22)) ^ (x9 - (x14 - x16))))) ^ ((Abs((Abs((Abs((x28 + x5)) ^ (x22 + (x12 / x29)))) ^ ((x18 / x17) / (Abs(x4) ^ x30)))) ^ (Abs(((x28 / x19) * Recip((x3 / x8)))) ^ ((x25 - x4) * Recip((Abs(x30) ^ x24))))) - x13)))))))),-0.8644295379913844;-2.7848441919868847;1.9897329663471155;-0.40521621539661373;-0.380283874170515;8.960474400472921e-7,100,9.728621034851224e-2,9.728621034851224e-2,0.38257514673058185,0.610855158605951,0.610855158605951,-18.901559132924106,9.728621034851224e-2,9.728621034851224e-2,0.38257514673058185,289.6847275891853,289.6847275891853,289.97001652556736
