id,Expression,theta,size,MSE_train,MSE_val,MSE_test,R2_train,R2_val,R2_test,nll_train,nll_val,nll_test,mdl_train,mdl_val,mdl_test
0,(Abs((Abs((x6 / (Abs(x29) ^ -7.003136587106653))) ^ (x6 / (Abs((Recip((Abs(x12) ^ x12)) + (((x28 / x7) / Recip(((x5 + x2) * ((((x19 * x4) * x10) - (Abs(x23) ^ x3)) * (((x28 / (Abs(x18) ^ x18)) - ((((x10 / x29) + (((-1.235479838304055 / (Abs(x23) ^ (Abs(x3) ^ x3))) - (Abs(x23) ^ x19)) * ((x25 - x27) + ((x11 * -0.8841937208958738) * x29)))) + (((Recip((x14 / x3)) / (Abs(x18) ^ x18)) - x10) * x10)) + x23)) + ((Abs(x11) ^ x7) / x25)))))) / Recip(x9)))) ^ -11.054964792470585)))) ^ 1.794291505670946),-7.003136587106653;-1.235479838304055;-0.8841937208958738;-11.054964792470585;1.794291505670946,103,3.863732353277267e-2,3.863732353277267e-2,2.8053531773718425e50,0.8454507058689094,0.8454507058689094,-1.4593447228687767e52,3.863732353277267e-2,3.863732353277267e-2,2.8053531773718425e50,292.956337386539,292.956337386539,2.8053531773718425e50
