id,Expression,theta,size,MSE_train,MSE_val,MSE_test,R2_train,R2_val,R2_test,nll_train,nll_val,nll_test,mdl_train,mdl_val,mdl_test
0,Recip((Recip((x1 + x28)) + (Abs(x17) ^ ((Recip((Abs((Abs(x30) ^ Recip(Recip(((((-0.12570584585184652 * (Abs(x30) ^ (x3 - x21))) - ((x30 * x16) - Recip(x27))) / ((Abs(x10) ^ x21) / Recip(x4))) / x10))))) ^ (Recip((Abs(x27) ^ x7)) + -0.7251720810428599))) / Recip(Recip(((Abs(x4) ^ (x12 / Recip((x20 + x12)))) * Recip(((x20 / (Abs((((x12 * x16) - x5) / (Abs(x23) ^ (x16 - x15)))) ^ Recip((Abs(x30) ^ ((Abs((0.15642169837763675 * x9)) ^ x28) / Recip(x4)))))) * ((x13 / x8) * Recip(((x5 / x25) * (Abs(x7) ^ (Abs(x26) ^ x14))))))))))) / x7)))),-0.12570584585184652;-0.7251720810428599;0.15642169837763675,111,0.15910492119999997,0.15910492119999997,0.35402569114901977,0.3635803152000001,0.3635803152000001,-17.416416453571305,0.15910492119999997,0.15910492119999997,0.35402569114901977,330.1540962598745,330.1540962598745,330.34901702982353
