id,Expression,theta,size,MSE_train,MSE_val,MSE_test,R2_train,R2_val,R2_test,nll_train,nll_val,nll_test,mdl_train,mdl_val,mdl_test
0,((((x15 * x24) / (Abs((x18 - (x24 + ((x27 + x30) - x19)))) ^ (x8 * (x8 * x5)))) * Recip(x15)) + ((((x30 * 1.595329712481786) + (((x6 * -16.195608026111955) + x8) * ((x26 * (Abs(x13) ^ (Abs(Recip((0.31703068589497496 - x30))) ^ x24))) - x27))) * (Abs(((x15 * x24) - Recip(x26))) ^ x30)) + (((x15 * x24) / (Abs(Recip(Recip(x27))) ^ x1)) + ((Abs(x19) ^ (Abs((x27 + ((Abs(x8) ^ x17) - (x15 * x17)))) ^ (((x2 + x5) / x5) / ((x19 - x7) - (x20 - x19))))) * Recip((-1.2988359922284878 + (-1.3328613789452812 + (-1.3562571246422648 - x19)))))))),1.595329712481786;-16.195608026111955;0.31703068589497496;-1.2988359922284878;-1.3328613789452812;-1.3562571246422648,107,5.840963026272225e-2,5.840963026272225e-2,4.241172051275789e25,0.766361478949111,0.766361478949111,-2.2062577010735812e27,5.840963026272225e-2,5.840963026272225e-2,4.241172051275789e25,310.47233700724854,310.47233700724854,4.241172051275789e25
