id,Expression,theta,size,MSE_train,MSE_val,MSE_test,R2_train,R2_val,R2_test,nll_train,nll_val,nll_test,mdl_train,mdl_val,mdl_test
0,(Abs(Recip(((Abs(x28) ^ (0.8789781236750503 * x26)) + ((x14 / x23) - x9)))) ^ (Abs((Recip(((Abs((x30 * 1.7728226198287385)) ^ (x15 * -11.073870862746578)) + x28)) / x6)) ^ ((((15.23815958625802 - (x15 - ((x20 * x9) + ((((Abs(Recip(((x2 + Recip((Recip(x1) + (x19 / x1)))) + ((x8 * Recip(((x18 + x15) / x28))) / x1)))) ^ x1) * (x10 * x10)) * (x6 / (x30 + x4))) + ((x13 + x6) / x14))))) * Recip(((Abs((-7.9175309607992315 * x10)) ^ (x15 * -7.672483248973841)) + x28))) + x3) * (x10 + x30)))),0.8789781236750503;1.7728226198287385;-11.073870862746578;15.23815958625802;-7.9175309607992315;-7.672483248973841,96,7.982019199413182e-2,7.982019199413182e-2,Infinity,0.6807192320234727,0.6807192320234727,-Infinity,7.982019199413182e-2,7.982019199413182e-2,Infinity,289.7786444301322,289.7786444301322,Infinity
