id,Expression,theta,size,MSE_train,MSE_val,MSE_test,R2_train,R2_val,R2_test,nll_train,nll_val,nll_test,mdl_train,mdl_val,mdl_test
0,Recip(((Abs((x25 - ((((((((Abs(x11) ^ (x12 * x30)) * (Abs((2.268795510247623 + ((x18 + x26) / x9))) ^ (x3 + 0.8490784608881471))) * (x21 / (x18 - x26))) + (x21 * (x26 + ((Abs(x20) ^ x5) / (x12 * x14))))) / (((x11 + x11) - x29) + (Abs(((x18 + x26) / x9)) ^ (Abs(x26) ^ x27)))) / x14) / (((x21 / (x18 - x25)) * 0.11279286037987786) - (Recip(x8) * x11))) / (x27 + -0.18662226059213363)))) ^ 13.061921975382258) + Recip(((Abs(x27) ^ x20) - (x0 + (x20 * (Abs((-5.1085649294433544e-2 + x12)) ^ (x10 + x3)))))))),2.268795510247623;0.8490784608881471;0.11279286037987786;-0.18662226059213363;13.061921975382258;-5.1085649294433544e-2,100,4.211275039006841e-2,4.211275039006841e-2,4.333085255290254e-2,0.8315489984397264,0.8315489984397264,-1.2540709498019043,4.211275039006841e-2,4.211275039006841e-2,4.333085255290254e-2,292.4230651424011,292.4230651424011,292.4242832445639
