id,Expression,theta,size,MSE_train,MSE_val,MSE_test,R2_train,R2_val,R2_test,nll_train,nll_val,nll_test,mdl_train,mdl_val,mdl_test
0,(((Abs((x19 + (Recip(x11) * (Abs(((Abs((Abs(x20) ^ x25)) ^ Recip(x3)) + x23)) ^ ((Abs((((Recip((x15 + x29)) * (x5 / (x3 * 1.344173772463384))) + ((x26 + x19) + (x29 + x28))) - (x2 + x19))) ^ (((x2 + x19) - ((Recip((x26 + x0)) * (x5 / x26)) + ((x5 + x26) + (x29 + x28)))) + x3)) + x6))))) ^ (x9 + -0.17055938781744642)) * (Abs(x25) ^ x20)) - (x3 * 8.590470598483202)),1.344173772463384;-0.17055938781744642;8.590470598483202,79,7.086831266234764e-2,7.086831266234764e-2,9.648887537198167e-2,0.7165267493506094,0.7165267493506094,-4.019351296850295,7.086831266234764e-2,7.086831266234764e-2,9.648887537198167e-2,225.71696740781942,225.71696740781942,225.74258797052906
