id,Expression,theta,size,MSE_train,MSE_val,MSE_test,R2_train,R2_val,R2_test,nll_train,nll_val,nll_test,mdl_train,mdl_val,mdl_test
0,(Abs(x15) ^ (Abs((Recip(((Abs(((Abs((x9 / x15)) ^ (Recip((x0 * Recip(x15))) * (Recip((x0 * -2.1703161247514022)) + x17))) + ((x21 / Recip((x4 + (Recip(((Abs(((1.143101301651739 * x4) + x18)) ^ ((x0 * 0.3373731944416455) / x20)) + x15)) + x24)))) / (x24 - (x12 * x12))))) ^ ((x0 * -2.6354225105736777) / x20)) + x15)) + x0)) ^ Recip((x12 / x18)))),-2.1703161247514022;1.143101301651739;0.3373731944416455;-2.6354225105736777,67,3.1469065452528734e-2,3.1469065452528734e-2,4.7858657517873195e-2,0.8741237381898851,0.8741237381898851,-1.4896073640796685,3.1469065452528734e-2,3.1469065452528734e-2,4.7858657517873195e-2,175.69069639693794,175.69069639693794,175.70708598900328
