id,Expression,theta,size,MSE_train,MSE_val,MSE_test,R2_train,R2_val,R2_test,nll_train,nll_val,nll_test,mdl_train,mdl_val,mdl_test
0,(((Abs((x20 * (1.5427709596754937 * (Recip((((Recip(x12) / ((x23 + x0) / (x0 + x5))) * 6.0774507039135166e-2) / (x2 / ((6.331133676233757 * (x21 / x12)) + (Abs(((Recip(((x6 - x25) / x16)) * Recip(((x17 - x19) - (x17 - x13)))) - Recip(Recip(((x1 + x26) * ((-2.056834577704449 / x0) - x25)))))) ^ (Recip((Recip(((Abs(x5) ^ x27) - x6)) * ((x13 * x11) / (Abs(x14) ^ x26)))) + (((x16 - x28) + Recip((x0 + x20))) / ((x28 * x0) - (x1 / x2))))))))) * x26)))) ^ x5) - x16) + x18),1.5427709596754937;6.0774507039135166e-2;6.331133676233757;-2.056834577704449,98,9.484483366460865e-2,9.484483366460865e-2,Infinity,0.6206206653415653,0.6206206653415653,-Infinity,9.484483366460865e-2,9.484483366460865e-2,Infinity,309.90351023807153,309.90351023807153,Infinity
