id,Expression,theta,size,MSE_train,MSE_val,MSE_test,R2_train,R2_val,R2_test,nll_train,nll_val,nll_test,mdl_train,mdl_val,mdl_test
0,(Abs((Abs(((Abs((((Abs(((((Abs(x19) ^ (Abs(x19) ^ (x10 * (((x6 * (x19 * x22)) * x12) + 26.429558222435617)))) / (((x12 / x22) * x12) * x18)) / Recip(x1)) + x28)) ^ x22) + x1) + x28)) ^ (Abs(x22) ^ (Abs(x19) ^ (x1 - (x10 * (x19 * x24)))))) + (x6 * (x19 * x24)))) ^ -0.15442916069209012)) ^ ((Abs((Abs(((Abs((((x24 / ((x12 * x12) * (Abs((x18 / x26)) ^ (Abs(x19) ^ x24)))) / x6) + ((x11 * x19) / x16))) ^ x22) + x1)) ^ 78.74925045415486)) ^ x12) / x10)),26.429558222435617;-0.15442916069209012;78.74925045415486,99,9.950872250512133e-2,9.950872250512133e-2,8.56945077665746e-2,0.6019651099795147,0.6019651099795147,-3.45782829401704,9.950872250512133e-2,9.950872250512133e-2,8.56945077665746e-2,253.321260930819,253.321260930819,253.30744671608042
