id,Expression,theta,size,MSE_train,MSE_val,MSE_test,R2_train,R2_val,R2_test,nll_train,nll_val,nll_test,mdl_train,mdl_val,mdl_test
0,Recip((Abs(((Abs(((Abs((Abs(((Abs(((x29 * -4.321568306151629) + x10)) ^ -5.6699605716265085) + Recip((x10 + (-6.287551425686721 + x15))))) ^ (((x25 / x16) - x26) / x6))) ^ ((x10 + (x16 / x11)) - (x26 / x6))) + x10)) ^ (Abs(x28) ^ x22)) * Recip((Abs((x16 / ((x16 / ((x16 / x11) + x5)) / Recip(x10)))) ^ (x16 / ((Recip((Recip((Recip(x23) / (Abs(x27) ^ x4))) + -7.903166254841449)) + (x9 * x15)) / Recip(x10))))))) ^ Recip(((Abs((Abs(x27) ^ x4)) ^ x26) + ((x15 + x10) / x24))))),-4.321568306151629;-5.6699605716265085;-6.287551425686721;-7.903166254841449,96,7.9015663779632e-2,7.9015663779632e-2,0.16905612924890426,0.6839373448814721,0.6839373448814721,-7.794299843527664,7.9015663779632e-2,7.9015663779632e-2,0.16905612924890426,269.7315182336865,269.7315182336865,269.8215586991558
