id,Expression,theta,size,MSE_train,MSE_val,MSE_test,R2_train,R2_val,R2_test,nll_train,nll_val,nll_test,mdl_train,mdl_val,mdl_test
0,((x1 - (Recip((x21 / x24)) + (x12 + -1.4147213710813997))) * ((Abs(3.609619656358034e-2) ^ Recip((Abs((Abs((((x24 + -8.868805347689463) - ((x4 / x2) + (Abs((((x21 * (x4 / x2)) / ((x6 + ((x27 + x1) * x7)) * (x20 * x16))) - ((x13 / (x3 + x20)) / ((Recip((x6 + (x7 / x5))) * Recip((Abs(x9) ^ (Abs(x19) ^ x19)))) + ((Abs(Recip(x24)) ^ (-0.1700490128912657 * x6)) - ((4.729816017657876e-2 + x10) / x22)))))) ^ (Recip((x10 / x1)) * Recip((Abs(x18) ^ (Abs((x8 * x13)) ^ (x11 * x10)))))))) * x11)) ^ x14)) ^ x10))) - x3)),-1.4147213710813997;3.609619656358034e-2;-8.868805347689463;-0.1700490128912657;4.729816017657876e-2,105,0.12711445385305387,0.12711445385305387,0.20538659019523983,0.49154218458778454,0.49154218458778454,-9.684210421955967,0.12711445385305387,0.12711445385305387,0.20538659019523983,323.38751413255454,323.38751413255454,323.46578626889675
