id,Expression,theta,size,MSE_train,MSE_val,MSE_test,R2_train,R2_val,R2_test,nll_train,nll_val,nll_test,mdl_train,mdl_val,mdl_test
0,(((x30 + (-0.5044142821971679 * (Abs(x26) ^ (x11 * (x8 * x23))))) - (x27 / x1)) - ((Recip((Abs(((Abs(x19) ^ ((Recip(x3) * Recip(x2)) - x23)) + (x8 - x26))) ^ (((Abs((x1 * ((Recip((Abs(x2) ^ (-9.994006659495687 * x11))) * x11) * x23))) ^ x30) / Recip(x11)) - (Abs((Recip(((Recip(x25) - (x16 * x26)) * x8)) + (x0 + x0))) ^ (x0 - (Abs(((x8 * x23) * (3.374066727601602 + x8))) ^ x3)))))) * x11) + (-0.7316842199648387 + (x0 - (Abs(((-0.3379919807825393 + (0.32460575454990326 - x26)) * x3)) ^ x0))))),-0.5044142821971679;-9.994006659495687;3.374066727601602;-0.7316842199648387;-0.3379919807825393;0.32460575454990326,98,9.836954571632832e-2,9.836954571632832e-2,Infinity,0.6065218171346867,0.6065218171346867,-Infinity,9.836954571632832e-2,9.836954571632832e-2,Infinity,269.7142741655755,269.7142741655755,Infinity
