id,Expression,theta,size,MSE_train,MSE_val,MSE_test,R2_train,R2_val,R2_test,nll_train,nll_val,nll_test,mdl_train,mdl_val,mdl_test
0,((Recip((Abs((((x1 + x30) - (x10 * x4)) * (x26 - ((((-1.5855105621566172 - x1) * (x1 * (x13 * -2.294972935113835))) - x16) * x0)))) ^ ((((((-2.9973798079419613 - x16) * (x1 * (x13 * 4.51184467883432))) - (x20 - x4)) * x0) * x26) - (x26 * x20)))) / Recip(((x1 * (x13 + x0)) - (x1 * (x13 * -21.926459934526548))))) / Recip(((Abs(x2) ^ ((x13 * 2.9897378714126326) + x4)) - (x1 * (x2 * 0.9522167680291771))))),-1.5855105621566172;-2.294972935113835;-2.9973798079419613;4.51184467883432;-21.926459934526548;2.9897378714126326;0.9522167680291771,76,2.37935008500778e-2,2.37935008500778e-2,13.974914152910918,0.9048259965996888,0.9048259965996888,-725.9750342343982,2.37935008500778e-2,2.37935008500778e-2,13.974914152910918,209.68158096101007,209.68158096101007,223.6327016130709
