id,Expression,theta,size,MSE_train,MSE_val,MSE_test,R2_train,R2_val,R2_test,nll_train,nll_val,nll_test,mdl_train,mdl_val,mdl_test
0,(Abs((((x30 / Recip(((Abs(x21) ^ (Abs(((((Abs(x26) ^ x15) * (Recip(((((((Abs((x25 + (Abs((x26 - Recip((x28 * 0.24058512751665126)))) ^ x29))) ^ x29) + (x28 - Recip((x28 * 0.2457716207297379)))) / x28) - Recip(x27)) + x9) * x19)) * x15)) + 0.7238362467233606) + (Abs(x17) ^ x3))) ^ (Recip((((Abs((x1 - x21)) ^ x4) + x21) * x19)) * (x29 * x25)))) - (-9.977340474342035e-2 + (x5 * x20))))) + (((x24 + x22) + x29) * x26)) / Recip(((x5 * x20) - (x26 * x13))))) ^ ((Abs(-9.694407495311476e-4) ^ x9) - (x29 * ((Abs(0.7478786472720703) ^ x29) - (x29 * 0.3269992346992196))))),0.24058512751665126;0.2457716207297379;0.7238362467233606;-9.977340474342035e-2;-9.694407495311476e-4;0.7478786472720703;0.3269992346992196,108,2.906511341281095e-2,2.906511341281095e-2,6.606418334673583e-2,0.8837395463487562,0.8837395463487562,-2.436658817697067,2.906511341281095e-2,2.906511341281095e-2,6.606418334673583e-2,319.32252583951805,319.32252583951805,319.359524909452
