id,Expression,theta,size,MSE_train,MSE_val,MSE_test,R2_train,R2_val,R2_test,nll_train,nll_val,nll_test,mdl_train,mdl_val,mdl_test
0,(Abs((x18 * 6.275454112972862)) ^ Recip(((x18 * (Recip((Abs((x9 / x1)) ^ (x21 + -9.610072309960376))) * Recip(x9))) + ((Abs((x9 / x1)) ^ (x21 + 1.0587614260642666)) * ((Abs(x28) ^ (x3 * (-18.40980045381973 + (Abs((x0 * x0)) ^ x18)))) * x7))))),6.275454112972862;-9.610072309960376;1.0587614260642666;-18.40980045381973,45,7.334825891411895e-2,7.334825891411895e-2,1.3486195528882934,0.7066069643435242,0.7066069643435242,-69.15518914124634,7.334825891411895e-2,7.334825891411895e-2,1.3486195528882934,105.63564144352446,105.63564144352446,106.91091273749863
