id,Expression,theta,size,MSE_train,MSE_val,MSE_test,R2_train,R2_val,R2_test,nll_train,nll_val,nll_test,mdl_train,mdl_val,mdl_test
0,(((x13 + (x23 * ((Recip(((Abs(x7) ^ 0.9243920206393832) + x13)) * x10) + (x30 + x11)))) * (x30 / (x4 / (x20 * -2.2289768577164)))) + (Recip(((Abs(x15) ^ 0.6574416369685383) + ((Abs(Recip((x17 * x10))) ^ ((x14 - Recip((Abs(x2) ^ (x23 / x17)))) + (x21 + (Abs(x6) ^ x6)))) + (Abs((x13 * (x23 * x11))) ^ x17)))) * (Abs((x23 * x23)) ^ x25))),0.9243920206393832;-2.2289768577164;0.6574416369685383,70,7.08338928448919e-2,7.08338928448919e-2,0.10900027309800318,0.7166644286204324,0.7166644286204324,-4.670194206557909,7.08338928448919e-2,7.08338928448919e-2,0.10900027309800318,194.8065084544188,194.8065084544188,194.8446748346719
