id,Expression,theta,size,MSE_train,MSE_val,MSE_test,R2_train,R2_val,R2_test,nll_train,nll_val,nll_test,mdl_train,mdl_val,mdl_test
0,(Abs((-3.673807928861647e-6 * (((x7 / (Abs(x2) ^ x2)) - x18) - ((x25 - (((x19 * (x25 * x9)) - (x29 - x26)) * x9)) + (x10 - x26))))) ^ (Abs(x4) ^ ((Abs((Abs((Abs(-1.1059181454674138) ^ (Abs((Abs((Abs((Abs(-9.253684446684894e-2) ^ x29)) ^ x29)) ^ (x5 - ((Recip(((x22 + x27) / (x29 / (Abs(x13) ^ x19)))) / ((x22 * 0.9319371327887582) - (x22 - Recip(x26)))) + (Abs((Abs((x6 - (x25 * x17))) ^ (x23 / ((-0.7088879644629915 + x4) - x17)))) ^ ((x13 / (x4 * x17)) / Recip((x29 + x20)))))))) ^ Recip(x6)))) ^ (x5 - x7))) ^ Recip(x6)) * x10))),-3.673807928861647e-6;-1.1059181454674138;-9.253684446684894e-2;0.9319371327887582;-0.7088879644629915,109,1.690139273073321e-4,1.690139273073321e-4,4.0897728461347135e-2,0.9993239442907706,0.9993239442907706,-1.1274998345591967,1.690139273073321e-4,1.690139273073321e-4,4.0897728461347135e-2,309.01224820127453,309.01224820127453,309.0529769158086
