id,Expression,theta,size,MSE_train,MSE_val,MSE_test,R2_train,R2_val,R2_test,nll_train,nll_val,nll_test,mdl_train,mdl_val,mdl_test
0,((Recip(((x10 + x9) + x13)) - Recip((Abs(((x11 / (Abs(x28) ^ (x3 - x22))) * x14)) ^ -0.3089343806385195))) * (Abs(Recip(((Abs((x28 + Recip((((x26 + (3.2691016364477057 * x4)) - ((Abs(x0) ^ x3) - (x6 * x6))) * (Abs(x30) ^ (x3 - x9)))))) ^ (x22 + 15.90786012917387)) / (x25 + x23)))) ^ x27)),-0.3089343806385195;3.2691016364477057;15.90786012917387,59,9.296138755561788e-2,9.296138755561788e-2,9.796282352162862e-2,0.6281544497775284,0.6281544497775284,-4.096026079594926,9.296138755561788e-2,9.296138755561788e-2,9.796282352162862e-2,166.27415483180056,166.27415483180056,166.27915626776658
