id,Expression,theta,size,MSE_train,MSE_val,MSE_test,R2_train,R2_val,R2_test,nll_train,nll_val,nll_test,mdl_train,mdl_val,mdl_test
0,Recip(((Abs((x17 - ((Recip(x17) * Recip(x14)) - Recip(Recip(((x0 * ((x23 - Recip(x28)) - x27)) / Recip(((x29 * (Abs(x9) ^ (((Recip(x27) - (((Abs((x29 - x28)) ^ ((x21 * x14) * ((x15 * -38.5962920104478) + 11.577873204565899))) * (Recip(x17) - (x9 / x16))) / x1)) - (((((Recip(x17) / Recip(((x27 - (x18 * x26)) - (x2 - x8)))) + (Abs(x13) ^ x30)) / x24) + x4) * x1)) + x17))) + (x4 / x22))))))))) ^ (((x21 * x14) * ((x15 * 246.0993642233527) + -14.369481180621609)) + x29)) + x20)),-38.5962920104478;11.577873204565899;246.0993642233527;-14.369481180621609,98,6.2053641157758535e-2,6.2053641157758535e-2,0.5365596087949206,0.7517854353689659,0.7517854353689659,-26.9118308495107,6.2053641157758535e-2,6.2053641157758535e-2,0.5365596087949206,316.58786165988636,316.58786165988636,317.0623676275235
