id,Expression,theta,size,MSE_train,MSE_val,MSE_test,R2_train,R2_val,R2_test,nll_train,nll_val,nll_test,mdl_train,mdl_val,mdl_test
0,(((-1.4271499352091825 + (Abs(Recip(((Abs((Abs((((((x9 - (x8 / x16)) - x17) + (x1 * x15)) - ((x4 + x11) * x28)) * x18)) ^ x26)) ^ x11) - (x17 / x7)))) ^ -7.754459881479242e-2)) + (Abs(Recip(((Abs(((x13 + (x26 + x29)) + x29)) ^ x26) - (x28 / x7)))) ^ -0.15480493967390097)) + (-1.3597697937643771 + (Abs(Recip(((Abs(x1) ^ x26) - (x4 / x24)))) ^ -0.26547490804449686))),-1.4271499352091825;-7.754459881479242e-2;-0.15480493967390097;-1.3597697937643771;-0.26547490804449686,69,7.903562375010516e-2,7.903562375010516e-2,9.469419241433613e-2,0.6838575049995794,0.6838575049995794,-3.9259918893935772,7.903562375010516e-2,7.903562375010516e-2,9.469419241433613e-2,191.72366773196572,191.72366773196572,191.73932630062993
