id,Expression,theta,size,MSE_train,MSE_val,MSE_test,R2_train,R2_val,R2_test,nll_train,nll_val,nll_test,mdl_train,mdl_val,mdl_test
0,(((((x2 * (Abs(x28) ^ x18)) - x10) / (x12 - ((x14 / (Abs(x15) ^ (x15 - ((Abs(x6) ^ x16) - x2)))) + ((Abs(x7) ^ -0.93254039227993) / (Abs(x28) ^ x18))))) + ((-1.6262961150080277 - x19) * (x30 / x27))) / (((x2 - (x3 / x12)) / Recip(Recip((Abs((x2 - ((x17 / (0.8746008115814505 + (0.11927971348533077 - (Abs(x9) ^ (-0.328234294468752 * x22))))) - x2))) ^ (-5.313043501731009 - x24))))) - (x17 + (((Abs(x7) ^ (-1.68947319406587 * x17)) + (Abs(x28) ^ x18)) / (Abs(x10) ^ 0.23159724395668743))))),-0.93254039227993;-1.6262961150080277;0.8746008115814505;0.11927971348533077;-0.328234294468752;-5.313043501731009;-1.68947319406587;0.23159724395668743,91,0.11140907072778708,0.11140907072778708,0.15387354614305843,0.5543637170888517,0.5543637170888517,-7.004501870361594,0.11140907072778708,0.11140907072778708,0.15387354614305843,260.84035088505203,260.84035088505203,260.8828153604673
