id,Expression,theta,size,MSE_train,MSE_val,MSE_test,R2_train,R2_val,R2_test,nll_train,nll_val,nll_test,mdl_train,mdl_val,mdl_test
0,Recip((((x5 + (x21 * ((Abs((x17 * ((x7 + x7) * -0.7405839382016853))) ^ Recip((((x11 * 0.19966176167576286) - (((x11 * 0.6720467696768313) + ((Abs(x13) ^ x16) + x23)) + x21)) + ((x7 * -0.7756085689732297) - (Recip(((Abs(x12) ^ x6) + x6)) * 0.3861245903944845))))) + (Abs(Recip((x25 - (0.3736061401456354 - x22)))) ^ Recip(((x16 * x4) + (((Recip(x17) * ((x22 + x22) / Recip(x17))) / (Recip(Recip(Recip(((Abs(x15) ^ x6) + x6)))) + x21)) - x12))))))) + 0.5472369455019767) + x3)),-0.7405839382016853;0.19966176167576286;0.6720467696768313;-0.7756085689732297;0.3861245903944845;0.3736061401456354;0.5472369455019767,86,3.733625075331894e-3,3.733625075331894e-3,9.584378731020686e-3,0.9850654996986724,0.9850654996986724,0.501420618412323,3.733625075331894e-3,3.733625075331894e-3,9.584378731020686e-3,250.37817234709894,250.37817234709894,250.38402310075463
