id,Expression,theta,size,MSE_train,MSE_val,MSE_test,R2_train,R2_val,R2_test,nll_train,nll_val,nll_test,mdl_train,mdl_val,mdl_test
0,(Abs((Abs(((((x3 + (x20 + (Abs(x0) ^ (x16 + x9)))) + 3.043946605564449) / (x21 - Recip(x9))) + ((x6 / ((x6 + x9) + (x27 + (x20 + (Abs(x0) ^ (x16 + x9)))))) * Recip(x16)))) ^ ((x6 + ((x3 - x15) - (x11 * -53.06189727834787))) * (x9 + x4)))) ^ (x27 - (x2 * -2.09378902455388))),3.043946605564449;-53.06189727834787;-2.09378902455388,59,7.875077575258312e-2,7.875077575258312e-2,0.1580580902362038,0.6849968969896676,0.6849968969896676,-7.222181854087006,7.875077575258312e-2,7.875077575258312e-2,0.1580580902362038,162.0228946299068,162.0228946299068,162.10220194439043
