id,Expression,theta,size,MSE_train,MSE_val,MSE_test,R2_train,R2_val,R2_test,nll_train,nll_val,nll_test,mdl_train,mdl_val,mdl_test
0,(Abs(((x26 + (x24 * Recip((Abs(x28) ^ (x20 + -1.700396228614717))))) - (Abs((Abs((((x24 * Recip((Abs(((x7 / Recip((x17 - x24))) * Recip((Abs((Abs(x30) ^ x25)) ^ (x26 + 0.7937848793134934))))) ^ (x3 * 0.23665542307698614)))) / (Abs(x25) ^ (x3 + x29))) / x26)) ^ x26)) ^ (7.596578331873647 * x24)))) ^ ((x24 * Recip((Abs(x28) ^ (-1.9287118515572783 + x1)))) + (Recip(x19) * (20.229721236878536 * x10)))),-1.700396228614717;0.7937848793134934;0.23665542307698614;7.596578331873647;-1.9287118515572783;20.229721236878536,72,5.7947499431874216e-2,5.7947499431874216e-2,Infinity,0.7682100022725031,0.7682100022725031,-Infinity,5.7947499431874216e-2,5.7947499431874216e-2,Infinity,188.7890807333333,188.7890807333333,Infinity
