id,Expression,theta,size,MSE_train,MSE_val,MSE_test,R2_train,R2_val,R2_test,nll_train,nll_val,nll_test,mdl_train,mdl_val,mdl_test
0,Recip((Abs(Recip((x13 * x28))) ^ (Abs(((-0.7148859051498127 / (x19 / (x27 - ((x9 + x28) * x0)))) * x1)) ^ (Recip((Recip((((Abs((Abs((x19 + x21)) ^ 0.5057430846815969)) ^ (x11 + (x2 + x21))) * -0.18126378574716442) + x0)) * 1.2079007012559435e-2)) + 0.6751641704477257)))),-0.7148859051498127;0.5057430846815969;-0.18126378574716442;1.2079007012559435e-2;0.6751641704477257,45,2.5665446757298538e-2,2.5665446757298538e-2,Infinity,0.8973382129708058,0.8973382129708058,-Infinity,2.5665446757298538e-2,2.5665446757298538e-2,Infinity,116.18741255306216,116.18741255306216,Infinity
