id,Expression,theta,size,MSE_train,MSE_val,MSE_test,R2_train,R2_val,R2_test,nll_train,nll_val,nll_test,mdl_train,mdl_val,mdl_test
0,((Abs((x14 * ((Abs((x14 * x7)) ^ (Abs((x12 * 0.3854432265757352)) ^ x4)) - ((x0 - (Abs((x9 * x29)) ^ x12)) * (x0 + x20))))) ^ (Abs((0.5852578520004013 * Recip(x13))) ^ (Abs(-3.038419314617422) ^ (Abs((((Recip((x8 * (x13 - ((Abs(0.6510064250708403) ^ (Abs((x5 - x11)) ^ x4)) + ((x18 * x1) + x11))))) / (x27 + (x4 * -0.989777292607423))) * (Abs((x1 * (x15 + x18))) ^ (Abs(x2) ^ (x11 * x20)))) - (Abs((Recip((x13 + x29)) + Recip((x24 + (x28 - x8))))) ^ ((x13 / (Abs(x25) ^ 0.25797489917993016)) * (x28 + (x7 * x5)))))) ^ (x2 + x11))))) - (x0 * x19)),0.3854432265757352;0.5852578520004013;-3.038419314617422;0.6510064250708403;-0.989777292607423;0.25797489917993016,112,2.1322443269808526e-2,2.1322443269808526e-2,5.9566640613228646e-2,0.9147102269207659,0.9147102269207659,-2.0986566447000357,2.1322443269808526e-2,2.1322443269808526e-2,5.9566640613228646e-2,329.909568950615,329.909568950615,329.9478131479584
