id,Expression,theta,size,MSE_train,MSE_val,MSE_test,R2_train,R2_val,R2_test,nll_train,nll_val,nll_test,mdl_train,mdl_val,mdl_test
0,(((Abs((x16 / x23)) ^ (Recip(((0.6312974315606699 - (Abs(x27) ^ x25)) + ((x6 - (Abs(Recip((x3 * x30))) ^ x28)) - (x19 * x3)))) / (Abs((((Abs(-8.588260766744002e-2) ^ ((x6 - (Abs(x7) ^ x19)) + ((x19 - x22) * x16))) + (x10 + (x28 / (-0.5145458788367421 / x28)))) * x16)) ^ -12.557773551081624))) + (((1.379444280110909 * (Abs((x7 - x8)) ^ (Abs(x24) ^ x24))) + x18) / ((x15 + (x0 + x5)) / x28))) * x2),0.6312974315606699;-8.588260766744002e-2;-0.5145458788367421;-12.557773551081624;1.379444280110909,79,1.6393425534313565e-2,1.6393425534313565e-2,Infinity,0.9344262978627458,0.9344262978627458,-Infinity,1.6393425534313565e-2,1.6393425534313565e-2,Infinity,231.34124762505954,231.34124762505954,Infinity
