id,Expression,theta,size,MSE_train,MSE_val,MSE_test,R2_train,R2_val,R2_test,nll_train,nll_val,nll_test,mdl_train,mdl_val,mdl_test
0,(Recip((((Abs(x1) ^ x3) / (x18 + x18)) + (((((x30 * Recip(x6)) * ((Abs(((x30 * Recip(x6)) * ((Abs(((x0 - x23) / x3)) ^ (-0.731131320749602 - x17)) - x7))) ^ (129.0761680009537 - x17)) - x7)) + x17) - ((x9 + ((x11 + -0.5789598324028656) * (x17 - x26))) + (Abs((Recip(((x11 - x17) * x2)) * x24)) ^ x2))) + (x23 / ((((Abs(x18) ^ (1.956065462309369 / x3)) / (x24 + (x21 + 0.2693378216707826))) - x26) - (x13 - x14)))))) + (1.3035095692058187 * (Abs(((Abs((x0 / x14)) ^ (x3 * x24)) / Recip(x6))) ^ (Abs((x17 - x26)) ^ x0)))),-0.731131320749602;129.0761680009537;-0.5789598324028656;1.956065462309369;0.2693378216707826;1.3035095692058187,106,8.26528071974537e-2,8.26528071974537e-2,0.9938023665725157,0.6693887712101851,0.6693887712101851,-50.697599109100295,8.26528071974537e-2,8.26528071974537e-2,0.9938023665725157,311.53192818129617,311.53192818129617,312.44307774067124
