id,Expression,theta,size,MSE_train,MSE_val,MSE_test,R2_train,R2_val,R2_test,nll_train,nll_val,nll_test,mdl_train,mdl_val,mdl_test
0,(Abs(-0.9241294523664486) ^ ((Abs(x23) ^ (x26 * -18.379912700281007)) + Recip((Abs(x20) ^ (x0 * Recip(((((x3 * (x3 - x25)) * (x3 - x19)) - ((x10 - (x4 - x22)) - Recip((x28 * x19)))) / (Abs((Recip(Recip((x2 / x27))) + (x5 / x4))) ^ ((x27 + 3.4693700181140583) + (x16 - (x25 - x18))))))))))),-0.9241294523664486;-18.379912700281007;3.4693700181140583,58,4.836262042429991e-2,4.836262042429991e-2,0.14173657596420508,0.8065495183028004,0.8065495183028004,-6.373136681657667,4.836262042429991e-2,4.836262042429991e-2,0.14173657596420508,169.36505028059838,169.36505028059838,169.45842423613828
