id,Expression,theta,size,MSE_train,MSE_val,MSE_test,R2_train,R2_val,R2_test,nll_train,nll_val,nll_test,mdl_train,mdl_val,mdl_test
0,((Abs((x11 - (Abs(x8) ^ (Abs(((Abs((Abs((x19 / x3)) ^ x27)) ^ x9) / ((((x6 * x9) / ((x25 + x13) * (x3 - (Abs(x24) ^ x9)))) * 258.43808571489086) + (x19 * (x6 * x5))))) ^ (Abs(x24) ^ x9))))) ^ ((x24 * (x19 * -10.98049513507993)) - (x15 * (Recip((x19 / x3)) * (((x6 * x9) / ((x25 + (x25 + (x8 * x19))) * (x3 - (Abs(x24) ^ x9)))) * 1567.8558726158608))))) - x3),258.43808571489086;-10.98049513507993;1567.8558726158608,80,3.7600135003409904e-2,3.7600135003409904e-2,8.629684640292375,0.8495994599863603,0.8495994599863603,-447.9161949879922,3.7600135003409904e-2,3.7600135003409904e-2,8.629684640292375,212.03720663498711,212.03720663498711,220.62929114027608
