id,Expression,theta,size,MSE_train,MSE_val,MSE_test,R2_train,R2_val,R2_test,nll_train,nll_val,nll_test,mdl_train,mdl_val,mdl_test
0,(Abs((x1 * x7)) ^ (Abs((x1 * 1.532997110609323)) ^ Recip((Abs(x7) ^ ((((x20 - (((Abs(Recip(((Abs(Recip((((Abs(x21) ^ (x2 * x5)) - x24) + x27))) ^ ((x22 / x4) + x30)) - x13))) ^ (x16 - Recip((x4 / x11)))) + (Abs((((x28 / (Recip((x13 / x6)) - (x4 / x8))) - (((0.8332526722231673 * x28) / ((x17 * x28) * (x17 - x2))) + x21)) + -0.17468456353295136)) ^ x3)) + 0.2737168649182915)) + (Abs(((-0.6855783521127178 / x8) * (Abs(((1.7650185058170915e-4 * Recip(x28)) * (x26 / x16))) ^ (x26 + x0)))) ^ (x26 + x0))) - x6) + 0.4767796890231968))))),1.532997110609323;0.8332526722231673;-0.17468456353295136;0.2737168649182915;-0.6855783521127178;1.7650185058170915e-4;0.4767796890231968,104,4.915790372256144e-2,4.915790372256144e-2,2.7183495095837897e78,0.8033683851097543,0.8033683851097543,-1.4140854148854334e80,4.915790372256144e-2,4.915790372256144e-2,2.7183495095837897e78,316.60858637036694,316.60858637036694,2.7183495095837897e78
