id,Expression,theta,size,MSE_train,MSE_val,MSE_test,R2_train,R2_val,R2_test,nll_train,nll_val,nll_test,mdl_train,mdl_val,mdl_test
0,Recip((Abs((Abs((((Abs((Abs(((x20 + x19) + ((x15 - x18) * 14.500806524985242))) ^ (x15 + -57.66180127911102))) ^ x17) / (Abs(((Abs(-0.7658394542636966) ^ x15) + 0.8698667565026672)) ^ ((x15 + x23) + 3.1715357462332885))) + (((x18 / (Recip((Abs(x20) ^ ((Abs(x7) ^ -0.8360765635710314) * 0.5017185028936196))) / (((x3 + x10) * (x17 + x28)) * ((Abs(x0) ^ x11) - x23)))) * 0.9877171901853556) + (Abs(((x16 - (x22 / Recip(x27))) + (Abs((((x19 - x6) / ((Abs((Abs((x23 * x13)) ^ Recip(Recip(x26)))) ^ (x15 - x20)) * x12)) + x23)) ^ x22))) ^ (x22 + -0.2757625918299098))))) ^ ((Abs(x7) ^ x14) * 25.653061355066416))) ^ x22)),14.500806524985242;-57.66180127911102;-0.7658394542636966;0.8698667565026672;3.1715357462332885;-0.8360765635710314;0.5017185028936196;0.9877171901853556;-0.2757625918299098;25.653061355066416,110,8.251583176709752e-2,8.251583176709752e-2,0.18755179468989722,0.6699366729316099,0.6699366729316099,-8.75644435976808,8.251583176709752e-2,8.251583176709752e-2,0.18755179468989722,316.4828549681827,316.4828549681827,316.5878909311055
