id,Expression,theta,size,MSE_train,MSE_val,MSE_test,R2_train,R2_val,R2_test,nll_train,nll_val,nll_test,mdl_train,mdl_val,mdl_test
0,((((((2.5738906617446373 * x24) + (x30 + x13)) + (x21 + -0.9337407740950993)) * x30) + (x4 + (((x24 + (((x30 * x5) + x13) * -6.059637712206013)) * x24) + x11))) + ((((-1.566862448163123 + (-0.35320034823485835 * x11)) + (((x13 + (x30 * x0)) + (x21 + 17.078218888802684)) * x30)) + (4.7023409753695855 / (((Abs(x10) ^ (((-1.4899261643202895 * x5) - Recip(x14)) * ((x21 + x3) / ((x11 + (x6 * (x3 * (-0.8782401397431512 + x30)))) * x13)))) + (((x9 * (Recip(x29) / x22)) / (Abs((Abs(((Abs(Recip(x18)) ^ x10) - x27)) ^ -5.962305078462249)) ^ x17)) - x0)) - x5))) * x10)),2.5738906617446373;-0.9337407740950993;-6.059637712206013;-1.566862448163123;-0.35320034823485835;17.078218888802684;4.7023409753695855;-1.4899261643202895;-0.8782401397431512;-5.962305078462249,102,5.689922995903483e-2,5.689922995903483e-2,9.426110280546729e-2,0.7724030801638606,0.7724030801638606,-3.9034625679402213,5.689922995903483e-2,5.689922995903483e-2,9.426110280546729e-2,315.50673006704267,315.50673006704267,315.54409193988914
