id,Expression,theta,size,MSE_train,MSE_val,MSE_test,R2_train,R2_val,R2_test,nll_train,nll_val,nll_test,mdl_train,mdl_val,mdl_test
0,(Abs(((Abs(((Abs(((-3.0077235804560752e-2 - Recip((((x28 * 0.654684526697804) - x1) / x21))) * ((Abs(x26) ^ x30) * x26))) ^ (Abs(((x14 * (Abs(Recip(((x12 + (x4 + x15)) - Recip((((x28 * -0.3197745922266841) - x1) / x21))))) ^ (Abs((((Recip((x17 + x1)) + ((x6 * x17) * x21)) + ((x4 - (((x27 + (Abs(x15) ^ x24)) / (-0.3573321277793772 / x3)) / (x22 * (Abs(x22) ^ (x22 * x2))))) + Recip((x19 + x21)))) / (x5 - x29))) ^ x3))) * -6.124970729108727e-4)) ^ x12)) / (0.3391915033472996 * x26))) ^ x28) * x4)) ^ (Abs((Abs(x13) ^ x28)) ^ x24)),-3.0077235804560752e-2;0.654684526697804;-0.3197745922266841;-0.3573321277793772;-6.124970729108727e-4;0.3391915033472996,105,9.486737291357043e-2,9.486737291357043e-2,4.313205476126697,0.6205305083457182,0.6205305083457182,-223.3729488681022,9.486737291357043e-2,9.486737291357043e-2,4.313205476126697,309.90353277732055,309.90353277732055,314.12187088053366
