id,Expression,theta,size,MSE_train,MSE_val,MSE_test,R2_train,R2_val,R2_test,nll_train,nll_val,nll_test,mdl_train,mdl_val,mdl_test
0,Recip((((Abs(((Abs(x1) ^ (Abs((Abs(x3) ^ x17)) ^ -0.9129093152912113)) * 5.528576361785805)) ^ -15.97164946255087) + (Abs((Abs(Recip((Abs(Recip((Abs(((x22 + x24) / x16)) ^ x26))) ^ x26))) ^ x18)) ^ (x8 + x19))) + (Abs(((x27 + (Abs(x22) ^ (x28 - ((x24 + (Abs((x8 * x24)) ^ (x1 + x3))) / x16)))) * Recip(((-5.332144377540705 + (Abs(x13) ^ (x1 + x3))) / (x14 * (x28 + -6.058739815099218)))))) ^ -5.364146736618106))),-0.9129093152912113;5.528576361785805;-15.97164946255087;-5.332144377540705;-6.058739815099218;-5.364146736618106,77,4.138799068214521e-2,4.138799068214521e-2,0.12904807742404345,0.8344480372714191,0.8344480372714191,-5.713080987598484,4.138799068214521e-2,4.138799068214521e-2,0.12904807742404345,197.93534644270466,197.93534644270466,198.02300652944655
