id,Expression,theta,size,MSE_train,MSE_val,MSE_test,R2_train,R2_val,R2_test,nll_train,nll_val,nll_test,mdl_train,mdl_val,mdl_test
0,((Abs(((((x27 - Recip((Recip((Abs(((x11 / x4) + -1.2284405383414472)) ^ (-3.6593180588252907 * x28))) * (Abs(x25) ^ 31.32512465954149)))) - x0) * x18) / (Abs((Abs(x27) ^ (x12 - x13))) ^ ((((Abs(((x6 + x13) - (x13 - x22))) ^ x22) + Recip(((Abs(((x12 - x18) - Recip((((Abs(x4) ^ x21) + x12) * ((x12 - (Recip((Abs(x25) ^ (x12 - x30))) + x30)) - Recip(x18)))))) ^ x13) * ((x12 - (x30 + x28)) - Recip(x18))))) - (-32.85171374328699 + (1.111290168367264 / Recip(x1)))) / x14)))) ^ x26) - ((Abs(x1) ^ x23) * x24)),-1.2284405383414472;-3.6593180588252907;31.32512465954149;-32.85171374328699;1.111290168367264,101,7.016517355827434e-2,7.016517355827434e-2,1.48481313750901e41,0.7193393057669026,0.7193393057669026,-7.723997941321575e42,7.016517355827434e-2,7.016517355827434e-2,1.48481313750901e41,292.9878652365645,292.9878652365645,1.48481313750901e41
