id,Expression,theta,size,MSE_train,MSE_val,MSE_test,R2_train,R2_val,R2_test,nll_train,nll_val,nll_test,mdl_train,mdl_val,mdl_test
0,Recip((Recip(x12) * Recip(((x0 - (((-43.99151096614305 * ((0.22422552975909293 * x17) + Recip((Abs((Recip(((x13 + x30) * x20)) + x1)) ^ ((Recip(x16) - (x27 / (Abs(((x14 - ((x1 / x6) * (-2.854819760976307 - (x13 * x5)))) + (-0.3214925515933794 / Recip(x30)))) ^ ((x27 + x26) - (x15 + ((x13 + ((x14 - ((x1 / x6) * (-0.3389606090101908 - (x13 * x5)))) + (-0.18456276436512295 / Recip(x30)))) - (x27 - x17))))))) * ((-1.827120537625914 * x17) * x0)))))) - x27) * x30)) - ((-9.86706300218044e-2 * x17) / Recip(((-14.805397747190076 - x6) + x20))))))),-43.99151096614305;0.22422552975909293;-2.854819760976307;-0.3214925515933794;-0.3389606090101908;-0.18456276436512295;-1.827120537625914;-9.86706300218044e-2;-14.805397747190076,96,7.36192734293751e-2,7.36192734293751e-2,0.17711194947566472,0.7055229062824996,0.7055229062824996,-8.213363611723727,7.36192734293751e-2,7.36192734293751e-2,0.17711194947566472,286.2587284194311,286.2587284194311,286.3622210954774
