id,Expression,theta,size,MSE_train,MSE_val,MSE_test,R2_train,R2_val,R2_test,nll_train,nll_val,nll_test,mdl_train,mdl_val,mdl_test
0,(Abs(Recip((((Recip((((Abs(x30) ^ ((x16 + x4) - x30)) - x21) - x2)) * Recip((Abs(x13) ^ (((0.9066979003825442 / (Abs(x25) ^ x19)) * (x5 / x16)) - (Abs(1.4641282247420773) ^ (Abs(x2) ^ x4)))))) / x0) + (x17 + -1.105042033210436)))) ^ Recip((Abs((((2.3141441605112183 / x2) * (x5 / x8)) * x20)) ^ ((x9 * 0.48033867365781174) - (((Abs((-0.20974818698061687 / (Abs(x25) ^ x19))) ^ (x28 - x22)) * (Recip(((x16 + x4) - x30)) + x16)) / ((((x21 * (x28 / x22)) + (x22 + x6)) + (x8 / x24)) / (Abs(Recip(x15)) ^ -0.2339805593267364))))))),0.9066979003825442;1.4641282247420773;-1.105042033210436;2.3141441605112183;0.48033867365781174;-0.20974818698061687;-0.2339805593267364,101,4.423109806908049e-2,4.423109806908049e-2,Infinity,0.823075607723678,0.823075607723678,-Infinity,4.423109806908049e-2,4.423109806908049e-2,Infinity,296.53101605802397,296.53101605802397,Infinity
