id,Expression,theta,size,MSE_train,MSE_val,MSE_test,R2_train,R2_val,R2_test,nll_train,nll_val,nll_test,mdl_train,mdl_val,mdl_test
0,Recip((Recip((-3.508146659623886 - Recip((Recip((-162.96808265918793 - Recip((Recip(((x8 * 122.54182190272289) + -684.0195855650669)) / (x30 * (x2 + (x30 + x26))))))) / (x30 * (x2 + (x15 + x25))))))) / x6)),-3.508146659623886;-162.96808265918793;122.54182190272289;-684.0195855650669,33,4.033425278105995e-2,4.033425278105995e-2,6.178250548478831e-2,0.8386629888757602,0.8386629888757602,-2.213925935318565,4.033425278105995e-2,4.033425278105995e-2,6.178250548478831e-2,84.68366304901178,84.68366304901178,84.7051113017155
