id,Expression,theta,size,MSE_train,MSE_val,MSE_test,R2_train,R2_val,R2_test,nll_train,nll_val,nll_test,mdl_train,mdl_val,mdl_test
0,(((Abs(((x17 * (Abs(x18) ^ x30)) / (x28 / x0))) ^ ((x26 + (x16 * (Abs(x23) ^ x9))) * x18)) - (((1.8396935714660265 + x18) - (x27 - ((x9 + x19) * 1.380439803539511))) - x13)) - ((Recip((((x27 - (Abs((x8 + x19)) ^ x24)) + x19) + Recip(x24))) * ((x3 - Recip(x24)) * (x15 * (Abs(x23) ^ x24)))) / Recip(((24.074948943304342 + x18) * Recip((x13 + (Abs(((x18 - (Recip(x12) + Recip(x20))) / (((x8 + 1.3004050561916367) - (x7 / x24)) - (Abs((x13 + x9)) ^ x24)))) ^ x21))))))),1.8396935714660265;1.380439803539511;24.074948943304342;1.3004050561916367,97,4.2091545245478174e-2,4.2091545245478174e-2,9.823119664469596e-2,0.8316338190180873,0.8316338190180873,-4.109986849456889,4.2091545245478174e-2,4.2091545245478174e-2,9.823119664469596e-2,296.66740948563506,296.66740948563506,296.7235491370343
