id,Expression,theta,size,MSE_train,MSE_val,MSE_test,R2_train,R2_val,R2_test,nll_train,nll_val,nll_test,mdl_train,mdl_val,mdl_test
0,(Abs(x30) ^ ((x16 - x24) * ((((x22 / Recip(x5)) - (((x11 * (x12 * x24)) * -673.4959412321531) + (Abs((x27 * ((x22 + 117.30283932086095) - (x27 - (x4 * x30))))) ^ x11))) * (((((x30 - (Abs((x4 * (((x1 + x16) - x0) / Recip(x7)))) ^ x3)) * (x28 * x29)) / x11) - (Abs(Recip(x7)) ^ x20)) * x16)) * 58.64681084963984))),-673.4959412321531;117.30283932086095;58.64681084963984,66,6.422465964314569e-2,6.422465964314569e-2,4.7246763708058525e127,0.7431013614274172,0.7431013614274172,-2.4577766480931108e129,6.422465964314569e-2,6.422465964314569e-2,4.7246763708058525e127,194.4648660472504,194.4648660472504,4.7246763708058525e127
