id,Expression,theta,size,MSE_train,MSE_val,MSE_test,R2_train,R2_val,R2_test,nll_train,nll_val,nll_test,mdl_train,mdl_val,mdl_test
0,Recip((Abs(((Abs(((x30 - ((x9 * x13) + (x20 + (x13 + -1.3935847264096046)))) + Recip(Recip(((x20 * x1) - x2))))) ^ (((x30 - x21) - Recip(x7)) / (x17 * x19))) + Recip(((x10 * (x12 + x27)) / (x29 + (x27 * x7)))))) ^ Recip((Abs((((x15 + x21) * (x28 - x23)) - ((Abs((x24 + x26)) ^ x11) - x19))) ^ x8)))),-1.3935847264096046,67,0.12737981695612977,0.12737981695612977,26.259850799601978,0.49048073217548094,0.49048073217548094,-1365.0374385952427,0.12737981695612977,0.12737981695612977,26.259850799601978,210.05626395799396,210.05626395799396,236.1887349406398
