id,Expression,theta,size,MSE_train,MSE_val,MSE_test,R2_train,R2_val,R2_test,nll_train,nll_val,nll_test,mdl_train,mdl_val,mdl_test
0,(Abs(((x9 * -0.9164966080957315) - x27)) ^ (Abs(((((x21 - (((Abs(x15) ^ (x28 - x9)) + ((Abs(x1) ^ x26) + Recip((x15 * x28)))) * ((Abs(Recip((x6 * x7))) ^ (Abs((x27 * x27)) ^ x21)) / ((Abs(x28) ^ x23) - (x12 - x1))))) * (Abs(-3.234761137362474e-2) ^ (x2 - x4))) * (Abs((x15 * x1)) ^ Recip((Abs(x2) ^ x2)))) - x1)) ^ ((Recip((Abs(x12) ^ x2)) / ((Abs(Recip(x27)) ^ x24) + Recip(Recip(x10)))) + Recip((Abs(((Abs(x1) ^ x26) + Recip((x15 * x28)))) ^ -0.5415813951356168))))),-0.9164966080957315;-3.234761137362474e-2;-0.5415813951356168,98,0.27265494176193256,0.27265494176193256,2.3159262785725408e-2,-9.061976704773023e-2,-9.061976704773023e-2,-0.20474485011338972,0.27265494176193256,0.27265494176193256,2.3159262785725408e-2,259.92022102386045,259.92022102386045,259.67072534488426
