id,Expression,theta,size,MSE_train,MSE_val,MSE_test,R2_train,R2_val,R2_test,nll_train,nll_val,nll_test,mdl_train,mdl_val,mdl_test
0,(Abs((((Recip((Abs(x26) ^ x21)) * ((x23 * (Abs((x30 - x16)) ^ x22)) * x4)) + (x30 + (x8 + x23))) * ((((Recip((Abs((((-0.7377100080684109 * x2) * ((x30 + (x23 + x26)) + (Abs(x29) ^ x18))) * x19)) ^ -8.876589262209169)) * (x0 * x4)) - x1) * (Abs(x13) ^ x14)) * x5))) ^ (Recip((Abs((((-5.463113158354464 * x2) * ((x30 + (x8 + x21)) + (x21 + (x13 + (((x25 * 53.496998125814734) * (x18 + x4)) * x19))))) * x19)) ^ 55.21758425592356)) * (x0 * x4))),-0.7377100080684109;-8.876589262209169;-5.463113158354464;53.496998125814734;55.21758425592356,91,3.096273174807267e-17,3.096273174807267e-17,6.76004106517584e-2,0.9999999999999999,0.9999999999999999,-2.5165733621043374,3.096273174807267e-17,3.096273174807267e-17,6.76004106517584e-2,266.9565217492274,266.9565217492274,267.0241221598792
