id,Expression,theta,size,MSE_train,MSE_val,MSE_test,R2_train,R2_val,R2_test,nll_train,nll_val,nll_test,mdl_train,mdl_val,mdl_test
0,((((Abs((Abs(x25) ^ (x4 / x21))) ^ x27) * (1.4875540920785126 / (((0.4687412312719635 * x2) + (Recip((Abs(((Abs(((x3 * x2) + x15)) ^ (x7 * x3)) * x11)) ^ (x1 * (Abs((Abs(x29) ^ ((-3.1458593011470217 * (Abs(x14) ^ ((x28 - x15) * x13))) + ((-0.383072861527004 * x28) * ((x30 * ((((x21 - x30) / x30) - Recip(((x21 - x30) / x30))) * x25)) - (Abs(x4) ^ -1.3240586296000834)))))) ^ (Abs(Recip((x18 / ((Abs(x21) ^ (x28 - x15)) - x30)))) ^ x21))))) / x3)) * x21))) - x0) + (x21 - x30)),1.4875540920785126;0.4687412312719635;-3.1458593011470217;-0.383072861527004;-1.3240586296000834,98,5.200513777618884e-2,5.200513777618884e-2,186.80002980244095,0.7919794488952446,0.7919794488952446,-9716.337550322607,5.200513777618884e-2,5.200513777618884e-2,186.80002980244095,279.7207422083954,279.7207422083954,466.4687668730602
