id,Expression,theta,size,MSE_train,MSE_val,MSE_test,R2_train,R2_val,R2_test,nll_train,nll_val,nll_test,mdl_train,mdl_val,mdl_test
0,Recip(((Abs((Abs((0.6924938603236354 / x27)) ^ x24)) ^ (x19 * x29)) + (Abs((Recip((x1 * (x23 / (x15 + -0.11489252594349371)))) + ((((Abs(x3) ^ x25) / (Abs(x15) ^ x4)) * (Abs((Abs(x6) ^ x1)) ^ x21)) - (((Abs(x27) ^ x5) + x21) - (Abs(x19) ^ ((Recip(((x13 / x15) * x23)) + Recip((x25 * (Abs((x7 / x27)) ^ x4)))) / (Recip((Recip(x28) * (Abs(x20) ^ (Abs((Abs((x26 / Recip(x20))) ^ x4)) ^ Recip(Recip(x13)))))) / (Recip(x5) + (x25 - (x13 + (x15 + 4.6326105132488984e-2))))))))))) ^ ((x29 + (x13 / x15)) - (x29 * (x25 * x6)))))),0.6924938603236354;-0.11489252594349371;4.6326105132488984e-2,110,3.571423192659572e-2,3.571423192659572e-2,0.12714999459305198,0.8571430722936171,0.8571430722936171,-5.614342718730311,3.571423192659572e-2,3.571423192659572e-2,0.12714999459305198,312.26666924414207,312.26666924414207,312.3581050068085
