id,Expression,theta,size,MSE_train,MSE_val,MSE_test,R2_train,R2_val,R2_test,nll_train,nll_val,nll_test,mdl_train,mdl_val,mdl_test
0,Recip((x18 + (((((x25 + (((x15 / x16) + ((Abs(x3) ^ ((((Abs(Recip(((x16 / x14) * (Abs(x24) ^ 0.49773940168899417)))) ^ ((x16 + x25) / (x10 * x18))) / (Abs((Abs((x22 * x11)) ^ (x23 * x11))) ^ (Abs((x10 + x22)) ^ -0.23359384196066046))) + x29) / x26)) * x25)) + x21)) * x16) + (Abs(((x14 / x7) + (12.296695106237314 + x14))) ^ ((x16 * -21.11806632831971) + (x9 - (x15 * -45.01497166860504))))) * x16) + (Abs(((x16 + 2.416767129103562) / ((x7 + (x16 / x0)) / (Abs(x25) ^ x21)))) ^ ((x16 * -9.165944246523722) + x30))))),0.49773940168899417;-0.23359384196066046;12.296695106237314;-21.11806632831971;-45.01497166860504;2.416767129103562;-9.165944246523722,100,9.6438366983665e-2,9.6438366983665e-2,0.23182875758283983,0.6142465320653401,0.6142465320653401,-11.059731969458868,9.6438366983665e-2,9.6438366983665e-2,0.23182875758283983,293.0141384299899,293.0141384299899,293.14952882058907
