id,Expression,theta,size,MSE_train,MSE_val,MSE_test,R2_train,R2_val,R2_test,nll_train,nll_val,nll_test,mdl_train,mdl_val,mdl_test
0,Recip(((Recip(((Abs(((-0.7422449741675263 * ((Abs(((x15 * 1.8302401314515968) + (x21 - ((x30 * x23) - (x18 / x19))))) ^ 4.786661683445203) + ((x30 * -0.8896294352245129) + (x24 * x20)))) / x0)) ^ -2.6830243320990386) + ((-9.230563514769255e-2 + x30) + x19))) * ((Abs(((x19 * x2) + Recip((1.0299693736447495 - x26)))) ^ Recip(Recip(Recip((Abs((x19 * x30)) ^ x27))))) + (((Recip(Recip(x20)) * -9.052789717488512e-2) + 0.7694859501632919) + x4))) + Recip(((((x24 * x27) + x30) - (x22 - (x4 * x2))) - (((x15 * x23) * (Abs(x1) ^ x23)) - (Abs((x21 / x3)) ^ x29)))))),-0.7422449741675263;1.8302401314515968;4.786661683445203;-0.8896294352245129;-2.6830243320990386;-9.230563514769255e-2;1.0299693736447495;-9.052789717488512e-2;0.7694859501632919,98,4.631953599835472e-2,4.631953599835472e-2,0.12415759397040387,0.8147218560065811,0.8147218560065811,-5.458678038340163,4.631953599835472e-2,4.631953599835472e-2,0.12415759397040387,292.42727192800936,292.42727192800936,292.5051099859814
