id,Expression,theta,size,MSE_train,MSE_val,MSE_test,R2_train,R2_val,R2_test,nll_train,nll_val,nll_test,mdl_train,mdl_val,mdl_test
0,((Abs((Abs(((x21 - ((x12 + (Abs((x24 + ((x14 * x22) + Recip(x24)))) ^ x21)) * x30)) * 9.235312432367362)) ^ x10)) ^ (Abs((Abs(x27) ^ x10)) ^ (((Abs(((Abs((x18 / x2)) ^ (Abs(x6) ^ x23)) / x18)) ^ x6) * x16) * (x24 - (((((x13 + 34.23746613454669) - ((x4 + Recip(x1)) - x30)) * (x16 * x4)) / x29) + (Abs((x24 + -52.23459762976664)) ^ x24)))))) - ((Abs(x24) ^ Recip(((x28 * x10) * (x28 / x12)))) * (x27 * x23))),9.235312432367362;34.23746613454669;-52.23459762976664,88,7.126209549101041e-2,7.126209549101041e-2,Infinity,0.7149516180359583,0.7149516180359583,-Infinity,7.126209549101041e-2,7.126209549101041e-2,Infinity,251.14357643521066,251.14357643521066,Infinity
