id,Expression,theta,size,MSE_train,MSE_val,MSE_test,R2_train,R2_val,R2_test,nll_train,nll_val,nll_test,mdl_train,mdl_val,mdl_test
0,((((x24 + x6) * 0.8047908052681003) + ((x3 * (-7.659890471981079e-2 / x3)) * ((x14 + (Abs((((((((x24 + x6) * 0.9828427123410112) - x6) * (Abs(((Abs((x27 * (x28 + x25))) ^ (x6 * x3)) - Recip((Recip((x3 * x16)) - (Abs(x10) ^ (x23 / x29)))))) ^ Recip((Recip((Abs((x28 - x3)) ^ (x14 - x3))) - (Abs((Abs(x1) ^ (x3 * x1))) ^ (x15 / x9)))))) - x15) - x6) - x24)) ^ x26)) - (-0.867363753957268 + x29)))) * (Recip((((Recip(Recip(x28)) * x30) * (x1 + (x7 / (-0.1266993160096982 + x9)))) - x15)) + 0.13899046979453364)),0.8047908052681003;-7.659890471981079e-2;0.9828427123410112;-0.867363753957268;-0.1266993160096982;0.13899046979453364,101,4.0008091864419934e-2,4.0008091864419934e-2,447.4034880368353,0.8399676325423202,0.8399676325423202,-23272.929447675284,4.0008091864419934e-2,4.0008091864419934e-2,447.4034880368353,298.77706814457133,298.77706814457133,746.1405480895422
