id,Expression,theta,size,MSE_train,MSE_val,MSE_test,R2_train,R2_val,R2_test,nll_train,nll_val,nll_test,mdl_train,mdl_val,mdl_test
0,((((((x22 - (x3 * -1.0761761294309997)) + x11) + x11) - (Recip(x16) + (x12 + Recip(x13)))) / Recip(Recip(((((x26 / x27) + x17) + (Recip(x26) + (x3 / ((((Abs(x12) ^ x24) + (0.6693992690534205 + x19)) + (Abs((6.241844485789111e-2 + (0.31157827678721933 + (x18 * x14)))) ^ x25)) - x0)))) - ((x22 - x26) + ((0.34114081234588495 + (Abs(x1) ^ ((Abs((x12 + x25)) ^ x28) / (x23 / (x18 + x18))))) + (-0.8865772548519733 + (Abs(0.20589534191534634) ^ ((((x12 + x11) + x26) / x18) * x21))))))))) * (x10 + (-1.2372425954791062 + ((x22 - (0.5118645715751206 * x10)) + (0.7063468040083234 * x14))))),-1.0761761294309997;0.6693992690534205;6.241844485789111e-2;0.31157827678721933;0.34114081234588495;-0.8865772548519733;0.20589534191534634;-1.2372425954791062;0.5118645715751206;0.7063468040083234,103,9.520691454245638e-2,9.520691454245638e-2,0.22754168182363205,0.6191723418301744,0.6191723418301744,-10.836718288464887,9.520691454245638e-2,9.520691454245638e-2,0.22754168182363205,323.0872197829667,323.0872197829667,323.2195545502479
