id,Expression,theta,size,MSE_train,MSE_val,MSE_test,R2_train,R2_val,R2_test,nll_train,nll_val,nll_test,mdl_train,mdl_val,mdl_test
0,(((x3 + -19.871965219672344) / (((3.8030009064526693 * x6) + ((x12 + x26) + 38.69202704084961)) + Recip((Abs(x18) ^ ((((x25 + (x23 + (x13 + x2))) + x26) + x17) + Recip(Recip((x10 + ((Abs((x3 - x11)) ^ x25) + x16))))))))) * ((((x21 - x8) / (Abs((Abs(x18) ^ ((Abs(x18) ^ (x13 + x2)) + x2))) ^ Recip(((Abs((Recip(x1) - ((x27 / x18) / x12))) ^ (x28 - (x9 * (x10 + -1.923292283629385)))) + x10)))) - Recip(((Abs((x12 - Recip(x18))) ^ x13) * x25))) / (Recip(((Abs(x1) ^ (x25 * x2)) / (x10 / x0))) + x19))),-19.871965219672344;3.8030009064526693;38.69202704084961;-1.923292283629385,105,4.383234869205767e-2,4.383234869205767e-2,0.23881042876633723,0.8246706052317694,0.8246706052317694,-11.422918504424388,4.383234869205767e-2,4.383234869205767e-2,0.23881042876633723,323.26766983568683,323.26766983568683,323.4626479157611
