id,Expression,theta,size,MSE_train,MSE_val,MSE_test,R2_train,R2_val,R2_test,nll_train,nll_val,nll_test,mdl_train,mdl_val,mdl_test
0,Recip(((Abs((x24 - x3)) ^ ((x20 / Recip((Recip(x3) / (((Abs(x0) ^ x3) + x21) - (x12 + (Abs(x12) ^ x0)))))) + x7)) + ((Abs(x30) ^ (x21 * (Abs(x26) ^ x29))) + ((Abs(2.391775914837894) ^ ((((x25 * x2) / x22) * ((Abs((x21 + x26)) ^ x16) + -1.3872744392459184)) - (Recip(((((Abs(x9) ^ x20) / (x22 * x2)) / Recip((x20 / ((x6 + Recip((x1 / (x12 + x9)))) - (-0.7984990654407321 / x26))))) / x29)) - (Abs(x0) ^ (x12 * x7))))) - x26)))),2.391775914837894;-1.3872744392459184;-0.7984990654407321,92,0.12892626292900197,0.12892626292900197,0.4065817752791445,0.4842949482839921,0.4842949482839921,-20.15038395002029,0.12892626292900197,0.12892626292900197,0.4065817752791445,263.90739418180846,263.90739418180846,264.18504969415864
