id,Expression,theta,size,MSE_train,MSE_val,MSE_test,R2_train,R2_val,R2_test,nll_train,nll_val,nll_test,mdl_train,mdl_val,mdl_test
0,((((Abs(x22) ^ (Abs(((((((Abs(x22) ^ (Abs(((Recip((Recip(((Abs(-0.27689583054068045) ^ x24) - x5)) - x5)) + ((((x30 - x18) + (x0 / Recip(((x29 / x23) + (Abs(x2) ^ x16))))) + x26) + x2)) / Recip((x29 + x13)))) ^ x29)) / (x27 + Recip((x13 * 2.9882320294858045)))) - (x15 * -1.2179306453904688)) + (Abs(x2) ^ x24)) + ((x13 + 18.76168673169278) + 19.212612419924323)) / (x13 / x19))) ^ x29)) / (x24 + (((Abs(x2) ^ ((x15 + 5.6133570491059555) + ((x29 / x26) + x19))) + x29) + x21))) - (x15 * 2.532060929791852)) + (Abs((Abs(x2) ^ (Recip((x29 + x13)) * 3.3784925643811046))) ^ x24)),-0.27689583054068045;2.9882320294858045;-1.2179306453904688;18.76168673169278;19.212612419924323;5.6133570491059555;2.532060929791852;3.3784925643811046,109,8.952178551798781e-2,8.952178551798781e-2,0.15199043326780964,0.6419128579280488,0.6419128579280488,-6.906542338591156,8.952178551798781e-2,8.952178551798781e-2,0.15199043326780964,310.50344916250384,310.50344916250384,310.56591781025367
