id,Expression,theta,size,MSE_train,MSE_val,MSE_test,R2_train,R2_val,R2_test,nll_train,nll_val,nll_test,mdl_train,mdl_val,mdl_test
0,(Abs(x22) ^ (Abs((x8 + x15)) ^ (((Abs(x23) ^ (x6 / x27)) * (((((Abs(x22) ^ (Abs((1.1220720070393269 * x3)) ^ x19)) + (Abs(x14) ^ (x8 * x23))) * (((Abs(x23) ^ (x6 / x27)) * ((x16 * x8) * (8.638579682273122 / x19))) - (x16 * (Abs(x22) ^ (Abs((x19 * (1.7353190741084668 + x23))) ^ (x15 - (x21 * x23))))))) * (0.48220826122700927 / x19)) * (0.47556898896529737 / x19))) - (x16 * (Abs(x22) ^ (Abs((-0.6876072782588776 * ((Abs(x23) ^ (x6 / x27)) * 0.6887978189938773))) ^ (((x16 * (Abs(x0) ^ (Abs(x8) ^ x16))) * ((Abs(x23) ^ -1.5246119465824135) * x20)) - ((x11 - x29) * x21)))))))),1.1220720070393269;8.638579682273122;1.7353190741084668;0.48220826122700927;0.47556898896529737;-0.6876072782588776;0.6887978189938773;-1.5246119465824135,112,2.7234576956865673e-2,2.7234576956865673e-2,7.51859330801919e-2,0.8910616921725373,0.8910616921725373,-2.9111722388314334,2.7234576956865673e-2,2.7234576956865673e-2,7.51859330801919e-2,295.3459110361289,295.3459110361289,295.39386239225223
