id,Expression,theta,size,MSE_train,MSE_val,MSE_test,R2_train,R2_val,R2_test,nll_train,nll_val,nll_test,mdl_train,mdl_val,mdl_test
0,(((Abs((x1 - (x4 * x20))) ^ (3.775456908295112 * (Abs(x1) ^ (Abs(x17) ^ x19)))) / (((x30 + x18) / (2.7883913559017746 * x26)) + ((Abs(x1) ^ (Abs(x17) ^ x19)) * x17))) + Recip(Recip(Recip(((Abs(((0.44740809463190073 * x20) * (x1 * (x27 * x19)))) ^ (Abs((x19 - x0)) ^ (x13 / (Abs(x9) ^ x18)))) / (x26 / ((((Recip((((x4 * x14) - ((Abs((0.16653522992849024 - (x4 * x20))) ^ (x18 + x27)) - x4)) + 0.6057797701748996)) - x26) + x27) / ((-2.6760891420277333 - x13) * x26)) + (0.7894320124789563 * (x1 * (x27 / x1)))))))))),3.775456908295112;2.7883913559017746;0.44740809463190073;0.16653522992849024;0.6057797701748996;-2.6760891420277333;0.7894320124789563,100,6.2106669330009835e-2,6.2106669330009835e-2,8920.512723665717,0.7515733226799607,0.7515733226799607,-464044.07188507286,6.2106669330009835e-2,6.2106669330009835e-2,8920.512723665717,272.6737435627432,272.6737435627432,9193.12436055913
