id,Expression,theta,size,MSE_train,MSE_val,MSE_test,R2_train,R2_val,R2_test,nll_train,nll_val,nll_test,mdl_train,mdl_val,mdl_test
0,((((((x13 + (-96.05079441234669 * (Recip(x16) * (x15 * x5)))) - ((((Abs(x29) ^ x6) + x7) / (Abs((Abs(x8) ^ x4)) ^ x25)) / Recip(Recip(x16)))) - x1) / Recip((-1.1217759257210462 * (Abs((Abs(x8) ^ x4)) ^ (((x13 + x9) - (x9 + x15)) / x28))))) * x18) * 0.7354216198106962),-96.05079441234669;-1.1217759257210462;0.7354216198106962,54,0.10493176599617486,0.10493176599617486,0.18671930743733317,0.5802729360153005,0.5802729360153005,-8.7131383728897,0.10493176599617486,0.10493176599617486,0.18671930743733317,149.28653121444393,149.28653121444393,149.36831875588507
