id,Expression,theta,size,MSE_train,MSE_val,MSE_test,R2_train,R2_val,R2_test,nll_train,nll_val,nll_test,mdl_train,mdl_val,mdl_test
0,(((x30 * Recip(x3)) - ((((x7 - ((x29 + x27) / Recip(x28))) * 7.013173391840087) * x28) + ((x2 - ((x29 + x27) * -1.7892166275640984)) - x23))) * Recip((Abs(x5) ^ (x29 + ((x22 * -13.626147778619403) * x28))))),7.013173391840087;-1.7892166275640984;-13.626147778619403,39,9.918569963014141e-2,9.918569963014141e-2,0.2935843274754754,0.6032572014794344,0.6032572014794344,-14.272256715273647,9.918569963014141e-2,9.918569963014141e-2,0.2935843274754754,107.76129277376636,107.76129277376636,107.95569140161169
