id,Expression,theta,size,MSE_train,MSE_val,MSE_test,R2_train,R2_val,R2_test,nll_train,nll_val,nll_test,mdl_train,mdl_val,mdl_test
0,(((Abs(((Abs(-0.3520254288627335) ^ x6) + ((x4 - x6) * Recip((Abs(-2.395868636414779) ^ x2))))) ^ 0.9548239316188097) - ((x17 / (((Abs((x4 + (x29 + ((Abs((x5 - x3)) ^ x6) - ((x26 / x21) + (x22 * x2)))))) ^ x11) + ((((x17 / (x7 + x16)) + Recip(Recip((x7 * -1.3211769750401778)))) + ((x7 / x14) * x22)) + x27)) + x16)) + Recip((Abs(((x17 / (x7 + x16)) + (Abs((x13 - ((x17 / (x7 + x17)) + (Abs(x17) ^ x2)))) ^ -9.02685450080046))) ^ x2)))) + 8.811851858610666e-2),-0.3520254288627335;-2.395868636414779;0.9548239316188097;-1.3211769750401778;-9.02685450080046;8.811851858610666e-2,91,4.505373138188951e-2,4.505373138188951e-2,0.16560588813107788,0.819785074472442,0.819785074472442,-7.614818300578342,4.505373138188951e-2,4.505373138188951e-2,0.16560588813107788,260.2910736535013,260.2910736535013,260.41162581025054
