id,Expression,theta,size,MSE_train,MSE_val,MSE_test,R2_train,R2_val,R2_test,nll_train,nll_val,nll_test,mdl_train,mdl_val,mdl_test
0,(Abs((Abs(Recip(((((Abs((Abs(x7) ^ (-268.8803354967784 + (x29 + ((-193.06367443802208 * x10) - x10))))) ^ x26) * (Abs(x19) ^ x10)) - (((x16 * x10) / Recip((x25 + x10))) - (228.67709681458825 / Recip((Abs(x25) ^ x3))))) - ((-191.25434780092255 - ((((x9 - x16) + ((x29 + (x6 + x10)) / (Abs(x19) ^ x0))) / x13) + (((Abs(x13) ^ 34.814329751181546) - x29) + (x16 - x10)))) * x10)))) ^ x4)) ^ x25),-268.8803354967784;-193.06367443802208;228.67709681458825;-191.25434780092255;34.814329751181546,76,8.61388858450522e-2,8.61388858450522e-2,0.17591224986629236,0.6554444566197912,0.6554444566197912,-8.15095523804418,8.61388858450522e-2,8.61388858450522e-2,0.17591224986629236,203.79593348751644,203.79593348751644,203.88570685153766
