id,Expression,theta,size,MSE_train,MSE_val,MSE_test,R2_train,R2_val,R2_test,nll_train,nll_val,nll_test,mdl_train,mdl_val,mdl_test
0,Recip((((Abs(-0.6602368519131749) ^ (x13 * ((Abs((Abs(0.6257838461545563) ^ ((Abs(-0.5461011718965851) ^ ((Abs((x1 + x9)) ^ (x2 * x0)) * -0.3221135062707511)) * 0.29119253352243374))) ^ -0.5636485812857438) + (((Abs(((Abs((Abs(x21) ^ x8)) ^ (x15 + 0.14161597412353996)) - x26)) ^ (x29 + ((x13 + x11) - x22))) + 1.961407761689502) * x13)))) + ((((x21 + (x5 * x13)) * x15) + (Abs(x17) ^ x15)) * x13)) + (Abs((Recip((x22 * (x6 - x15))) + (x12 * x20))) ^ (((((-8.428403784514794 * (x14 + ((x11 + x19) + x2))) + (Abs((x14 + x0)) ^ (((x21 + x11) * x15) + -2.510351919839933))) * x21) + x14) + x14)))),-0.6602368519131749;0.6257838461545563;-0.5461011718965851;-0.3221135062707511;0.29119253352243374;-0.5636485812857438;0.14161597412353996;1.961407761689502;-8.428403784514794;-2.510351919839933,108,1.7280515867659885e-2,1.7280515867659885e-2,4.558800742373949e-2,0.9308779365293605,0.9308779365293605,-1.3714881461828377,1.7280515867659885e-2,1.7280515867659885e-2,4.558800742373949e-2,312.2482355280831,312.2482355280831,312.27654301963923
