id,Expression,theta,size,MSE_train,MSE_val,MSE_test,R2_train,R2_val,R2_test,nll_train,nll_val,nll_test,mdl_train,mdl_val,mdl_test
0,Recip((((Abs(x21) ^ ((x13 + (x24 - x9)) * x18)) * Recip(Recip((((((Abs(((Abs(x18) ^ x10) * -0.11850472780898014)) ^ -0.1245067883478444) + ((Abs((Abs(x26) ^ (x20 / (x4 + (Abs((Abs(x26) ^ (x20 / x3))) ^ x11))))) ^ ((x2 + x16) / (x25 * x18))) * (((x25 * x18) - x28) - x19))) * x25) * -0.3346244193055505) * x16)))) + ((Abs(((Abs(x25) ^ x10) * 0.42533201471330745)) ^ x25) + Recip((Abs(4.0390358483849463e-4) ^ (((Abs(((Abs(x26) ^ x10) * -0.7000761676865291)) ^ x24) * -1.4127831275585736) + ((Abs((x13 - x3)) ^ 0.9132431274467507) + (Abs(x30) ^ (x9 + ((x4 + -1.2298889104856572) * x16)))))))))),-0.11850472780898014;-0.1245067883478444;-0.3346244193055505;0.42533201471330745;4.0390358483849463e-4;-0.7000761676865291;-1.4127831275585736;0.9132431274467507;-1.2298889104856572,107,2.344318024084202e-2,2.344318024084202e-2,3.9008025392505564e-2,0.9062272790366319,0.9062272790366319,-1.0291974809180622,2.344318024084202e-2,2.344318024084202e-2,3.9008025392505564e-2,295.5824494025998,295.5824494025998,295.59801424775145
