id,Expression,theta,size,MSE_train,MSE_val,MSE_test,R2_train,R2_val,R2_test,nll_train,nll_val,nll_test,mdl_train,mdl_val,mdl_test
0,(Abs(x15) ^ (Recip((Abs(((Abs((Recip((x3 * x4)) * (x14 + x9))) ^ x18) + x27)) ^ ((Abs((Recip((-1.2993677240987129e-5 * x3)) * (x1 + Recip(x6)))) ^ x18) / ((Recip(Recip(Recip((Abs((x15 / x29)) ^ (Abs(x26) ^ x6))))) + (Abs((Recip(((x28 + x6) / (x3 - x20))) * (Abs((x15 / x16)) ^ (0.8493844606552753 + (x9 / x2))))) ^ ((Abs(Recip(Recip(x11))) ^ (x15 + x27)) / (x23 / x19)))) + x7)))) * Recip((Abs(((Recip((-3.200244861133655 + (x9 / (x28 + (Abs((x16 + x14)) ^ ((Abs((0.3400471111626827 / x9)) ^ x12) + x29)))))) / x7) + x7)) ^ (x7 + x7))))),-1.2993677240987129e-5;0.8493844606552753;-3.200244861133655;0.3400471111626827,111,9.33750840155629e-2,9.33750840155629e-2,0.15676829213438268,0.6264996639377485,0.6264996639377485,-7.155086556830275,9.33750840155629e-2,9.33750840155629e-2,0.15676829213438268,326.38122481844414,326.38122481844414,326.4446180265629
