id,Expression,theta,size,MSE_train,MSE_val,MSE_test,R2_train,R2_val,R2_test,nll_train,nll_val,nll_test,mdl_train,mdl_val,mdl_test
0,Recip((((x18 * (x19 + 8.100008513804305)) - ((x24 * x16) * x16)) + (Abs(x7) ^ (((x18 * (87.64862777521593 + x8)) + x23) + ((((x8 + (((81.58126583261877 - Recip(((Abs((x7 - (x20 * x16))) ^ (Abs(x26) ^ (x23 * x8))) * x0))) * x13) + (Abs(x16) ^ x20))) + -103.21941881541916) + x16) * x21))))),8.100008513804305;87.64862777521593;81.58126583261877;-103.21941881541916,57,1.6091279051084952e-2,1.6091279051084952e-2,0.14633620071986148,0.9356348837956602,0.9356348837956602,-6.612409161446904,1.6091279051084952e-2,1.6091279051084952e-2,0.14633620071986148,153.20579444754782,153.20579444754782,153.3360393692166
