id,Expression,theta,size,MSE_train,MSE_val,MSE_test,R2_train,R2_val,R2_test,nll_train,nll_val,nll_test,mdl_train,mdl_val,mdl_test
0,((((x6 + (Abs(Recip(x4)) ^ x24)) * ((Abs(x3) ^ x25) * -0.15013001061041303)) * (((Abs(x18) ^ (Abs(x6) ^ x19)) * -0.5900457544817858) - (((Recip((((Abs(x30) ^ x28) - x2) * Recip((((Abs((x29 + x23)) ^ x14) * x4) - ((x20 * ((Abs(x24) ^ (Abs(x19) ^ x4)) * 0.8155410199183777)) + x9))))) * -1.8823375122285655) + x8) + x9))) / (x4 / (Abs((x20 - x15)) ^ (x12 * (x29 + ((x2 * ((x8 / (Abs((((x20 * x9) / x29) + x15)) ^ x13)) / (Abs((((x20 * x2) / x29) + x15)) ^ x13))) / x29)))))),-0.15013001061041303;-0.5900457544817858;0.8155410199183777;-1.8823375122285655,101,7.721890086039108e-2,7.721890086039108e-2,0.8212933093366405,0.6911243965584357,0.6911243965584357,-41.723677951690405,7.721890086039108e-2,7.721890086039108e-2,0.8212933093366405,293.30590732279376,293.30590732279376,294.04998173127
