id,Expression,theta,size,MSE_train,MSE_val,MSE_test,R2_train,R2_val,R2_test,nll_train,nll_val,nll_test,mdl_train,mdl_val,mdl_test
0,((x28 + (((x30 * -88.51239464219138) - x25) - (-14.81893876067217 + ((((Abs(x27) ^ x21) - (x21 * 0.5803540300101199)) * (Abs(x23) ^ x26)) * ((Abs(x0) ^ -0.8647809913417035) - (((Abs((Abs(Recip((Abs(x29) ^ x23))) ^ x1)) ^ (x21 * ((-1.270061140798285 + x30) + ((x1 - (Abs(x23) ^ (x27 * x26))) - (x5 * x21))))) - x13) * x3)))))) * x21),-88.51239464219138;-14.81893876067217;0.5803540300101199;-0.8647809913417035;-1.270061140798285,63,0.1314471401263924,0.1314471401263924,0.6216534930214178,0.47421143949443045,0.47421143949443045,-31.33841470697292,0.1314471401263924,0.1314471401263924,0.6216534930214178,165.02002997344704,165.02002997344704,165.51023632634207
