id,Expression,theta,size,MSE_train,MSE_val,MSE_test,R2_train,R2_val,R2_test,nll_train,nll_val,nll_test,mdl_train,mdl_val,mdl_test
0,Recip(((Recip(((x25 - Recip(x16)) - ((x7 + x7) - (x7 * x16)))) - ((Abs(x3) ^ x5) - ((Abs(x9) ^ x9) / (x16 - x17)))) * (Abs((Abs(((Abs((Abs((Abs((Abs(x8) ^ x1)) ^ x7)) ^ x9)) ^ 0.5202487443163821) * (x3 + (Abs(x12) ^ -9.570686578677456)))) ^ x3)) ^ Recip(((((x21 * 1.134078879716942) - (x1 + 1.3065750694194742)) - x17) - (((Abs(x30) ^ x17) + (Abs((x1 / (((x8 + (x8 * x27)) * x17) - ((x1 + (Abs(x16) ^ -2.6320628728034285)) + x6)))) ^ x9)) - x1)))))),0.5202487443163821;-9.570686578677456;1.134078879716942;1.3065750694194742;-2.6320628728034285,93,8.675440257539885e-2,8.675440257539885e-2,0.14022963588284806,0.6529823896984046,0.6529823896984046,-6.2947456586254775,8.675440257539885e-2,8.675440257539885e-2,0.14022963588284806,246.69307185817266,246.69307185817266,246.74654709148012
