id,Expression,theta,size,MSE_train,MSE_val,MSE_test,R2_train,R2_val,R2_test,nll_train,nll_val,nll_test,mdl_train,mdl_val,mdl_test
0,(Abs(3.8568177736318075e-5) ^ (Abs((Abs(((Abs((x23 + (Abs((Abs(x26) ^ (x3 / x11))) ^ (0.9719650273949528 + (((Abs(x26) ^ (x3 / x11)) * ((x30 - x10) - (x21 + x24))) - ((Recip(x20) * (-5.654196053498813e-2 - x9)) + (Recip((Abs(((Abs((((x1 + x18) / x7) + (Abs(x4) ^ x5))) ^ x19) * Recip((Abs(Recip((x19 / x30))) ^ (0.6880848582718554 + x22))))) ^ 0.7345561390323303)) - (x27 - (Recip(x6) + x14))))))))) ^ x12) * Recip((Abs(Recip((x28 / (x3 + x18)))) ^ (-1.0127770710364186 + x30))))) ^ Recip((Abs(Recip((x28 / x27))) ^ 1.098425030257506)))) ^ x22)),3.8568177736318075e-5;0.9719650273949528;-5.654196053498813e-2;0.6880848582718554;0.7345561390323303;-1.0127770710364186;1.098425030257506,101,1.7829346110318487e-5,1.7829346110318487e-5,2.5095040848272576e-2,0.9999286826155587,0.9999286826155587,-0.30544402492708955,1.7829346110318487e-5,1.7829346110318487e-5,2.5095040848272576e-2,296.3220508681558,296.3220508681558,296.347128079658
