id,Expression,theta,size,MSE_train,MSE_val,MSE_test,R2_train,R2_val,R2_test,nll_train,nll_val,nll_test,mdl_train,mdl_val,mdl_test
0,(Abs(Recip((Abs((Abs(x19) ^ (x7 * -39.83316951380803))) ^ ((((x11 / ((Abs((x10 + (Abs(x21) ^ (Abs(x27) ^ ((x7 * x13) - (x21 * (Abs((Abs((5.019631880725955e-2 / x30)) ^ x29)) ^ (x7 * x3)))))))) ^ x19) * x30)) - x8) * ((Abs((((Recip(x17) + (x25 + (x9 + (x5 + x1)))) + (x26 / x14)) * (Recip((x5 + x1)) - (Abs((x17 * -1.1356281440923952)) ^ 2.466274696147217)))) ^ (2.309373836476407 * x1)) + (x18 - x19))) * x13)))) ^ ((((x24 / (Abs(x17) ^ 1.7030566224636863)) * (Abs(x7) ^ (x7 * 5.390116024763346))) + x10) * (x7 * x13))),-39.83316951380803;5.019631880725955e-2;-1.1356281440923952;2.466274696147217;2.309373836476407;1.7030566224636863;5.390116024763346,102,4.062404727082718e-2,4.062404727082718e-2,Infinity,0.8375038109166912,0.8375038109166912,-Infinity,4.062404727082718e-2,4.062404727082718e-2,Infinity,296.66594198766046,296.66594198766046,Infinity
