id,Expression,theta,size,MSE_train,MSE_val,MSE_test,R2_train,R2_val,R2_test,nll_train,nll_val,nll_test,mdl_train,mdl_val,mdl_test
0,(((Abs((x21 - x30)) ^ (Abs(-1.2449399916620636) ^ (((((Abs((x6 - x30)) ^ (Abs(x20) ^ ((1.0189832242394146 * ((((x30 - x19) - x14) * x5) / x0)) + x30))) / Recip((x7 + -25.36055426862865))) + x30) * (x7 * -32.01006841257681)) + x30))) / Recip((((x30 * ((((x7 * 2.132054082961721) * (((x25 + x15) - Recip(x27)) / ((x30 + x30) - x25))) * x11) / (((((Abs(x30) ^ Recip((((x1 + x26) + x23) * Recip((Abs((Abs(x28) ^ x18)) ^ x15))))) + x16) * ((Abs((Recip(x30) + x25)) ^ -0.2893154192945553) / x19)) + x25) - x7))) * x27) + 8.737452640843033))) - (x12 - x0)),-1.2449399916620636;1.0189832242394146;-25.36055426862865;-32.01006841257681;2.132054082961721;-0.2893154192945553;8.737452640843033,107,9.919095022520126e-2,9.919095022520126e-2,Infinity,0.603236199099195,0.603236199099195,-Infinity,9.919095022520126e-2,9.919095022520126e-2,Infinity,326.38704068465375,326.38704068465375,Infinity
