id,Expression,theta,size,MSE_train,MSE_val,MSE_test,R2_train,R2_val,R2_test,nll_train,nll_val,nll_test,mdl_train,mdl_val,mdl_test
0,(Abs(((x7 * (Abs((x0 * x25)) ^ ((x21 / x7) * x14))) * -1.0020203964999407e-2)) ^ (Recip((Abs(Recip(Recip((Abs(((((Abs(((0.4341539322855483 - (x2 * x30)) / x21)) ^ x13) / (x12 + (x7 - (((x12 * 1.595534522874849e-2) - x2) * x30)))) / (Abs((x7 * (Abs((x0 * x25)) ^ (2.9158579573564493e-3 * x14)))) ^ x6)) - (Recip((Abs(x30) ^ (-0.176035231471008 + (x21 + (Abs(x28) ^ x19))))) - (Recip((x16 + Recip((Abs((0.734542414614003 * x1)) ^ x19)))) / x4)))) ^ (x21 + ((x24 * x0) - x12)))))) ^ (0.5190769309738299 + (Abs((Recip((x24 * x12)) + x2)) ^ x11)))) / (x0 + (x2 / x6)))),-1.0020203964999407e-2;0.4341539322855483;1.595534522874849e-2;2.9158579573564493e-3;-0.176035231471008;0.734542414614003;0.5190769309738299,109,4.6753647013632466e-2,4.6753647013632466e-2,Infinity,0.8129854119454701,0.8129854119454701,-Infinity,4.6753647013632466e-2,4.6753647013632466e-2,Infinity,311.49602902111235,311.49602902111235,Infinity
