id,Expression,theta,size,MSE_train,MSE_val,MSE_test,R2_train,R2_val,R2_test,nll_train,nll_val,nll_test,mdl_train,mdl_val,mdl_test
0,((x26 * ((-1.4298637334846331 - x0) * ((Abs((x17 * (((17.790737132324896 - x13) * (x21 * x0)) * x0))) ^ x7) * (Abs((x17 * (((Abs(x0) ^ x4) / (x13 * x14)) - x8))) ^ x30)))) - (((-200.98173347859 - x16) * (x30 * x21)) * x0)),-1.4298637334846331;17.790737132324896;-200.98173347859,46,3.65310520691971e-2,3.65310520691971e-2,5.353244936420765e-2,0.8538757917232116,0.8538757917232116,-1.7847580159259757,3.65310520691971e-2,3.65310520691971e-2,5.353244936420765e-2,119.25784610837978,119.25784610837978,119.2748475056748
