id,Expression,theta,size,MSE_train,MSE_val,MSE_test,R2_train,R2_val,R2_test,nll_train,nll_val,nll_test,mdl_train,mdl_val,mdl_test
0,((((Abs(x25) ^ (x1 + (x27 * (x13 + 2.7441021408834088)))) / ((Abs(x16) ^ (Abs((((x16 * x2) - x27) * Recip(x22))) ^ ((x15 * (x25 * -31.566551450029706)) / (Abs(Recip(x12)) ^ (x9 * x6))))) + x7)) / Recip((x27 * (x2 / x3)))) + (Recip(((6.474738099587545 + ((x2 * x11) - (x3 * x2))) + Recip((x15 / Recip((x27 * (((x27 * (x7 + Recip(((6.100531072171803 + (Abs(Recip(x23)) ^ x23)) / Recip((x15 - x5)))))) * x6) / x3))))))) - x24)),2.7441021408834088;-31.566551450029706;6.474738099587545;6.100531072171803,87,5.158165281388663e-2,5.158165281388663e-2,0.17584964502108943,0.7936733887444535,0.7936733887444535,-8.147698533996723,5.158165281388663e-2,5.158165281388663e-2,0.17584964502108943,260.65199574134544,260.65199574134544,260.7762637335527
