id,Expression,theta,size,MSE_train,MSE_val,MSE_test,R2_train,R2_val,R2_test,nll_train,nll_val,nll_test,mdl_train,mdl_val,mdl_test
0,((0.9578297374916132 - Recip(((((x4 * x6) - Recip((x6 / x18))) * ((Abs((Recip(x4) * x29)) ^ x24) / x2)) - (x25 * (Recip((0.6087773352258076 + x5)) + (x30 + Recip(x0))))))) - (Abs(((((((x3 / x22) + x18) + x29) * x18) + (((((x18 / (x25 - x29)) / (x21 - (x29 + (x6 + (Abs(x23) ^ x14))))) * (Abs((x19 - (x18 * x29))) ^ (((Abs(x23) ^ x26) * 3.780730229976102) * (x4 + x0)))) * (x6 + (x29 - (Abs(x20) ^ x18)))) / x4)) * (-0.5019741441630222 + x29))) ^ x4)),0.9578297374916132;0.6087773352258076;3.780730229976102;-0.5019741441630222,96,6.118724423014656e-2,6.118724423014656e-2,Infinity,0.7552510230794137,0.7552510230794137,-Infinity,6.118724423014656e-2,6.118724423014656e-2,Infinity,289.7600114823682,289.7600114823682,Infinity
