id,Expression,theta,size,MSE_train,MSE_val,MSE_test,R2_train,R2_val,R2_test,nll_train,nll_val,nll_test,mdl_train,mdl_val,mdl_test
0,Recip(((Abs((x12 / (x12 * x18))) ^ ((x17 * x12) * x12)) + ((Abs(x27) ^ x5) * Recip(((((x14 + -2.163070573276201) - x11) - (((x16 - x0) - ((x30 / (Recip((((Abs(Recip(x21)) ^ (((x5 * -0.747965188670121) + (x14 + 2.9743456143085347)) - x15)) / Recip((Abs(x12) ^ (Abs(x28) ^ x17)))) + (Recip(x1) / (Abs(x4) ^ x12)))) + x5)) / (x5 + (x18 * x16)))) + (x11 - x17))) / (((x10 + x30) + (Abs((-0.5442332703396099 + (((x7 / (x16 * x17)) + (Abs(x5) ^ x10)) - x23))) ^ Recip(x27))) + (Abs(x12) ^ (Abs(x7) ^ x10)))))))),-2.163070573276201;-0.747965188670121;2.9743456143085347;-0.5442332703396099,106,4.2385594142183125e-2,4.2385594142183125e-2,1.2226697483363977,0.8304576234312675,0.8304576234312675,-62.60328030845698,4.2385594142183125e-2,4.2385594142183125e-2,1.2226697483363977,309.0544647814894,309.0544647814894,310.2347489356836
