id,Expression,theta,size,MSE_train,MSE_val,MSE_test,R2_train,R2_val,R2_test,nll_train,nll_val,nll_test,mdl_train,mdl_val,mdl_test
0,((((x21 + 2.211531813298495) - (-1.3241300898067059 + x16)) / (Recip(x10) - Recip(((((x11 * (x6 / (x0 + -0.7424206538503578))) * x30) + (x11 * x23)) - x26)))) + ((Abs(-8.973247368564201e-2) ^ (Recip((Abs((Recip((Abs(x28) ^ x21)) + (Abs(x0) ^ x1))) ^ ((((Abs(x21) ^ (x22 + ((x20 + x16) + x7))) / ((Abs(((((((Abs(x20) ^ x4) - (Abs(x20) ^ x0)) - ((x24 - x9) - (x30 / x20))) * Recip((Abs(x28) ^ x21))) * x16) * -0.7369151655981108)) ^ x14) - x20)) / x24) * x10))) + x19)) + (-0.9684891206215165 * x1))),2.211531813298495;-1.3241300898067059;-0.7424206538503578;-8.973247368564201e-2;-0.7369151655981108;-0.9684891206215165,97,0.10999510480282719,0.10999510480282719,0.20379432588565324,0.5600195807886912,0.5600195807886912,-9.601380832571277,0.10999510480282719,0.10999510480282719,0.20379432588565324,286.82249045069324,286.82249045069324,286.9162896717761
