id,Expression,theta,size,MSE_train,MSE_val,MSE_test,R2_train,R2_val,R2_test,nll_train,nll_val,nll_test,mdl_train,mdl_val,mdl_test
0,(Abs((Abs(((x29 * x29) - (Recip(x9) / (Abs(Recip((((((-1.060825826689799 - Recip(x4)) / (Abs(x3) ^ 11.670593153101398)) + ((Abs((Abs((x0 * ((x21 - Recip(x29)) + x8))) ^ x16)) ^ x28) * x27)) + (x12 * x9)) / ((x1 - x14) - x2)))) ^ x29)))) ^ ((x29 * x29) * (Abs(((Abs(((x9 / x24) * Recip(x24))) ^ 20.44351073460096) * x16)) ^ x25)))) ^ -2.0371221371717714),-1.060825826689799;11.670593153101398;20.44351073460096;-2.0371221371717714,70,1.7255601816933794e-2,1.7255601816933794e-2,2.3323343777870684e-2,0.9309775927322648,0.9309775927322648,-0.21328034332478674,1.7255601816933794e-2,1.7255601816933794e-2,2.3323343777870684e-2,194.4178969894242,194.4178969894242,194.42396473138513
