id,Expression,theta,size,MSE_train,MSE_val,MSE_test,R2_train,R2_val,R2_test,nll_train,nll_val,nll_test,mdl_train,mdl_val,mdl_test
0,(Abs((x12 - x2)) ^ (Abs((Abs(95.45406061945513) ^ x20)) ^ (x18 * (Abs(Recip(Recip(Recip((x7 / (Abs(((((x1 / ((x20 / x21) - x17)) * x13) * x4) * (((x27 - x19) + x8) * ((((x2 * 6.732738320205064e-3) * (x22 + ((x30 + x8) * -8.419484851673253))) / ((x22 / x11) * x26)) * (Abs(Recip((((x22 / (x8 / Recip(x26))) + x2) * 0.49558550991645856))) ^ ((x2 + x10) / (Abs((Recip((Abs((x2 * 6.440442846747066)) ^ x26)) * x26)) ^ (Recip((Abs((Recip(x12) * x22)) ^ x27)) * (x13 * (Abs(x5) ^ x13)))))))))) ^ Recip(Recip(((x28 * -22.50727995237509) + x18))))))))) ^ x5)))),95.45406061945513;6.732738320205064e-3;-8.419484851673253;0.49558550991645856;6.440442846747066;-22.50727995237509,109,2.2450167709764223e-2,2.2450167709764223e-2,Infinity,0.9101993291609431,0.9101993291609431,-Infinity,2.2450167709764223e-2,2.2450167709764223e-2,Infinity,326.31029990213835,326.31029990213835,Infinity
