id,Expression,theta,size,MSE_train,MSE_val,MSE_test,R2_train,R2_val,R2_test,nll_train,nll_val,nll_test,mdl_train,mdl_val,mdl_test
0,((Abs(((((((Abs(((x30 - x29) - x26)) ^ x16) * x9) - x1) * x27) * 1.834793928980906) + x27)) ^ (((-3.542435729138287 + ((Abs(x26) ^ x14) - ((x14 + 32.08505675429041) * x26))) - x27) * (x15 - x25))) * (((2.963823411837385 + (((Abs((x22 + (Abs(0.7086407527479661) ^ x30))) ^ x3) * (-54.09146251034322 + (((Abs((x22 + (Abs(0.5442149760167786) ^ x30))) ^ x3) * x27) * x26))) * x26)) - x27) * x27)),1.834793928980906;-3.542435729138287;32.08505675429041;2.963823411837385;0.7086407527479661;-54.09146251034322;0.5442149760167786,72,4.2936016369216734e-2,4.2936016369216734e-2,8.98345231711514e-2,0.8282559345231331,0.8282559345231331,-3.673191895363117,4.2936016369216734e-2,4.2936016369216734e-2,8.98345231711514e-2,184.20180338002328,184.20180338002328,184.24870188682522
