id,Expression,theta,size,MSE_train,MSE_val,MSE_test,R2_train,R2_val,R2_test,nll_train,nll_val,nll_test,mdl_train,mdl_val,mdl_test
0,(Abs(((Abs((((((Abs((x22 - x23)) ^ x30) + (x12 * x6)) / (Abs((x14 * x28)) ^ x24)) + x8) / (((((Abs((Abs(x17) ^ ((x4 * -44.12136975475386) + x21))) ^ Recip((x0 + x1))) * Recip((Abs(x4) ^ Recip((x12 / x10))))) / (((((((Abs((x6 - x23)) ^ x30) + (x12 * x17)) / (Abs((x14 * x28)) ^ x30)) + x8) - x30) + 5.796910898921108) - x12)) / (Abs((((((Abs((x22 - x23)) ^ x6) + (x12 * x6)) / (Abs((x14 * x28)) ^ x24)) + x8) - x30)) ^ ((42.18090864973311 - x17) / x6))) - x11))) ^ x16) * x24)) ^ x16),-44.12136975475386;5.796910898921108;42.18090864973311,108,7.135984477124765e-2,7.135984477124765e-2,0.1417090906163301,0.7145606209150094,0.7145606209150094,-6.3717068938612105,7.135984477124765e-2,7.135984477124765e-2,0.1417090906163301,305.16452755817403,305.16452755817403,305.2348768040191
