id,Expression,theta,size,MSE_train,MSE_val,MSE_test,R2_train,R2_val,R2_test,nll_train,nll_val,nll_test,mdl_train,mdl_val,mdl_test
0,((Abs(((x19 * ((Recip((x13 + x21)) * 1.5710215335243776) * (((Abs(x29) ^ ((Abs(x15) ^ x11) * -0.3609274616520309)) * ((Recip(x26) * -1.7263761051946196) * x26)) * (((Abs((((Abs(((x13 * (((x5 - x18) * x4) * x26)) * -0.9196041041889595)) ^ x28) - x29) * ((Abs(((x13 * (x26 * x29)) * (x18 - x4))) ^ x28) - x29))) ^ x28) - x29) - x29)))) * ((Abs(((x13 * ((0.10005964803675127 * x4) * x26)) * x11)) ^ x28) - x29))) ^ x28) - x29),1.5710215335243776;-0.3609274616520309;-1.7263761051946196;-0.9196041041889595;0.10005964803675127,84,3.313852553726533e-2,3.313852553726533e-2,2.4712972570100357e11,0.8674458978509387,0.8674458978509387,-1.2855688330964715e13,3.313852553726533e-2,3.313852553726533e-2,2.4712972570100357e11,218.1905660178659,218.1905660178659,2.47129725919161e11
