id,Expression,theta,size,MSE_train,MSE_val,MSE_test,R2_train,R2_val,R2_test,nll_train,nll_val,nll_test,mdl_train,mdl_val,mdl_test
0,Recip((((Abs((((Abs((x5 + (Abs((x9 * (Abs((Abs(x20) ^ x9)) ^ x24))) ^ x22))) ^ -43.09091138490564) / x3) + (x28 + x22))) ^ ((Abs(x23) ^ (x5 + x13)) * x24)) - x18) - (((Recip(x17) - x27) / (36.20636939673383 / (Recip(x15) - x27))) * ((((x12 * (x24 * (Abs(x18) ^ x15))) + ((Abs(x20) ^ x9) / (-545.3743754220615 / (Recip(x15) - x11)))) * (((Abs(x22) ^ x10) + (Abs(x28) ^ x24)) / x19)) * (((Abs(x22) ^ x10) + (Abs(((x13 + x18) / x12)) ^ x18)) / x19))))),-43.09091138490564;36.20636939673383;-545.3743754220615,97,6.287554337878397e-2,6.287554337878397e-2,2.2938982054572596,0.7484978264848641,0.7484978264848641,-118.3285846478821,6.287554337878397e-2,6.287554337878397e-2,2.2938982054572596,270.19745112295413,270.19745112295413,272.4284737850326
