id,Expression,theta,size,MSE_train,MSE_val,MSE_test,R2_train,R2_val,R2_test,nll_train,nll_val,nll_test,mdl_train,mdl_val,mdl_test
0,Recip(((Recip((Abs(((x11 * x3) * ((x30 + (((x30 + Recip((x30 + 0.150439031084227))) * Recip((x1 - x26))) * ((Abs(x20) ^ x11) + (x3 + -5.488407419260779e-2)))) * Recip((0.16380638115742394 - x26))))) ^ -6.773826663500745)) / ((x6 / x9) + x14)) + (Abs(((x1 / x12) + x12)) ^ (x7 + x7)))),0.150439031084227;-5.488407419260779e-2;0.16380638115742394;-6.773826663500745,53,3.8083081538309416e-2,3.8083081538309416e-2,0.14187497947812583,0.8476676738467623,0.8476676738467623,-6.380336432451824,3.8083081538309416e-2,3.8083081538309416e-2,0.14187497947812583,144.55667097634654,144.55667097634654,144.66046287428637
