id,Expression,theta,size,MSE_train,MSE_val,MSE_test,R2_train,R2_val,R2_test,nll_train,nll_val,nll_test,mdl_train,mdl_val,mdl_test
0,(Abs(x0) ^ (Abs(((Abs((Abs(x18) ^ 25.251536780642027)) ^ x4) * (Abs((Abs((Abs(x18) ^ (x13 / x3))) ^ x4)) ^ ((((Abs((Abs(x17) ^ (Abs(x1) ^ (x2 * x13)))) ^ x27) + ((-11.875325171673877 + ((7.617550729050447 + (36.91176145792117 * x12)) * (Abs(x16) ^ x30))) * (Abs(x2) ^ x30))) - (x24 / (Recip(x26) / x20))) / x7)))) ^ x16)),25.251536780642027;-11.875325171673877;7.617550729050447;36.91176145792117,64,4.378178373736074e-2,4.378178373736074e-2,8.306491468105184e-2,0.824872865050557,0.824872865050557,-3.3210368617081514,4.378178373736074e-2,4.378178373736074e-2,8.306491468105184e-2,163.08948101205314,163.08948101205314,163.12876414299683
