id,Expression,theta,size,MSE_train,MSE_val,MSE_test,R2_train,R2_val,R2_test,nll_train,nll_val,nll_test,mdl_train,mdl_val,mdl_test
0,(((Abs(x18) ^ x19) - x15) - ((Abs(x7) ^ x19) + (-0.22500082802262825 - (Abs((Abs(x6) ^ x15)) ^ ((Recip(x3) * x23) + (x19 + (Abs(((Abs(x25) ^ x21) / (Abs(Recip(((Abs(Recip((((((((x8 + (x18 + x16)) + Recip((x20 + x22))) + ((x1 - (x29 * x5)) * (x29 - (x2 - x21)))) + ((Recip((x15 * x18)) - Recip((x6 * x1))) / ((x23 / (x19 / x11)) - x6))) + x19) + x6) * (x21 / Recip(x3))))) ^ 0.2871981035386337) / x11))) ^ (((2.0567709623982204 / x6) - x28) + ((-0.11426760379152334 * x14) + x8))))) ^ x19))))))),-0.22500082802262825;0.2871981035386337;2.0567709623982204;-0.11426760379152334,104,5.114237763512633e-2,5.114237763512633e-2,0.10571527385435803,0.7954304894594947,0.7954304894594947,-4.499308545903495,5.114237763512633e-2,5.114237763512633e-2,0.10571527385435803,316.4514815140507,316.4514815140507,316.50605441026994
