id,Expression,theta,size,MSE_train,MSE_val,MSE_test,R2_train,R2_val,R2_test,nll_train,nll_val,nll_test,mdl_train,mdl_val,mdl_test
0,(Abs(x6) ^ (Abs((((Abs(x7) ^ (((((Abs(x16) ^ x27) * (x1 * (x22 / x17))) + (x9 + -0.3141021788191935)) + x23) * x13)) + ((Recip((Abs((1.0771765029736895 * x13)) ^ Recip(x15))) - (Abs((Abs(((x16 * x9) + (x15 + x11))) ^ x6)) ^ (x22 * x7))) / (((x11 + 0.9710469963514667) * (Abs((Abs(x28) ^ (x7 * x28))) ^ ((x16 * x30) / Recip(Recip(((Abs(x11) ^ -0.49255251507981057) * (Abs(x29) ^ x27))))))) + -0.3417655210294198))) * (x23 * (x29 * x7)))) ^ (x23 * (((x11 + -0.3596945247218436) * (Abs(Recip((x16 + x16))) ^ 3.363635885372546)) + (x16 + x16))))),-0.3141021788191935;1.0771765029736895;0.9710469963514667;-0.49255251507981057;-0.3417655210294198;-0.3596945247218436;3.363635885372546,104,4.345498588763827e-2,4.345498588763827e-2,0.12015573489397656,0.8261800564494469,0.8261800564494469,-5.250501329184422,4.345498588763827e-2,4.345498588763827e-2,0.12015573489397656,284.41936069485274,284.41936069485274,284.49606144385905
