id,Expression,theta,size,MSE_train,MSE_val,MSE_test,R2_train,R2_val,R2_test,nll_train,nll_val,nll_test,mdl_train,mdl_val,mdl_test
0,((Abs(Recip(Recip(Recip(((x22 + (Recip(((Abs((x8 * (((x29 * -0.6372956237162277) / (x9 + x9)) + x16))) ^ Recip((x13 * x6))) / (((((Recip(x26) + Recip(((x12 - x14) * x25))) / (Abs((x8 * Recip(x16))) ^ (((Abs((x11 / x9)) ^ x18) / (Abs((x4 * x14)) ^ (Recip((Recip(x22) + x25)) - x12))) - x12))) / (Abs((x16 + x15)) ^ x22)) - ((x17 * ((x19 * x20) + (x15 / ((x28 * Recip(x26)) / x24)))) / (Abs(x20) ^ (Recip(x4) - x12)))) + -0.27540782585285806))) + x26)) / x25))))) ^ (Recip(x25) / Recip(x24))) + x0),-0.6372956237162277;-0.27540782585285806,106,1.0900067976376816e-2,1.0900067976376816e-2,1.7603883003581518e-2,0.9563997280944927,0.9563997280944927,8.424600615372435e-2,1.0900067976376816e-2,1.0900067976376816e-2,1.7603883003581518e-2,329.89914657532154,329.89914657532154,329.90585039034875
