id,Expression,theta,size,MSE_train,MSE_val,MSE_test,R2_train,R2_val,R2_test,nll_train,nll_val,nll_test,mdl_train,mdl_val,mdl_test
0,(((Abs((x17 + (Abs((x24 * (((((2.268960861144645 * x15) * ((x28 + (x24 + 1.4928650189216728)) * 1.90144869530244)) - Recip(x7)) / x24) - x27))) ^ (x28 + (x24 + 7.353603927763374))))) ^ x8) * (x6 * x0)) * 14.703488946292728),2.268960861144645;1.4928650189216728;1.90144869530244;7.353603927763374;14.703488946292728,38,3.9004166573574126e-2,3.9004166573574126e-2,5.8890880003614414e-2,0.8439833337057034,0.8439833337057034,-2.063503577787905,3.9004166573574126e-2,3.9004166573574126e-2,5.8890880003614414e-2,99.8521981672057,99.8521981672057,99.87208488063574
