id,Expression,theta,size,MSE_train,MSE_val,MSE_test,R2_train,R2_val,R2_test,nll_train,nll_val,nll_test,mdl_train,mdl_val,mdl_test
0,((Recip(((Abs(((((x15 + x7) + x30) + (((Abs(x18) ^ (Recip((((Abs(((Abs(-0.6852422129541978) ^ x13) * x26)) ^ x28) + (Abs(x18) ^ x12)) * Recip(x18))) * x3)) + (Abs(x12) ^ (x0 - x10))) * Recip(Recip((((Abs(x18) ^ -0.9633415747057104) + (Abs(x12) ^ (Recip((x21 + ((x23 * Recip((Recip(x24) - (x1 + x2)))) - x2))) - x10))) * Recip(((x15 + x7) + x30))))))) + -0.46908296507176916)) ^ x3) * x24)) + -0.5778043879563319) * 6.0691138051050975e-2),-0.6852422129541978;-0.9633415747057104;-0.46908296507176916;-0.5778043879563319;6.0691138051050975e-2,82,0.10423150763468055,0.10423150763468055,0.1425460887020894,0.5830739694612779,0.5830739694612779,-6.415247534282408,0.10423150763468055,0.10423150763468055,0.1425460887020894,228.84137305615008,228.84137305615008,228.87968763721747
