id,Expression,theta,size,MSE_train,MSE_val,MSE_test,R2_train,R2_val,R2_test,nll_train,nll_val,nll_test,mdl_train,mdl_val,mdl_test
0,((((-221.50876218570608 * x12) * x6) * x2) * (Recip((((Recip(((x6 + Recip(((-31.741331658745978 * x12) * x7))) + x7)) + ((((x25 - x0) * ((Abs(x11) ^ x30) * x21)) / (x14 + (Abs(x7) ^ x0))) / (x6 / ((((x2 * (((x29 * 0.14563210491041884) - x16) - x1)) * (2.3741833609646537 + x10)) * x17) / ((x25 + (Abs(x11) ^ x12)) + x22))))) * (((Abs((Abs(x25) ^ 6.8596900111263155)) ^ x30) * x29) + Recip((Abs(x11) ^ x13)))) - x10)) + (((x15 * (x13 - x7)) * ((Abs(x25) ^ x14) / x6)) + (Abs((Abs(x12) ^ 9.283362340402944)) ^ x20)))),-221.50876218570608;-31.741331658745978;0.14563210491041884;2.3741833609646537;6.8596900111263155;9.283362340402944,104,1.3659469602111755e-2,1.3659469602111755e-2,0.13120500857639208,0.945362121591553,0.945362121591553,-5.8252845461436555,1.3659469602111755e-2,1.3659469602111755e-2,0.13120500857639208,309.5328305816429,309.5328305816429,309.6503761206172
