id,Expression,theta,size,MSE_train,MSE_val,MSE_test,R2_train,R2_val,R2_test,nll_train,nll_val,nll_test,mdl_train,mdl_val,mdl_test
0,((Recip((x21 * (Abs((x4 + (x25 / (Abs(((Abs(x27) ^ x21) - (Abs((x24 / ((Recip((Abs((Recip(x30) - (x27 * x25))) ^ (Abs((x3 / x9)) ^ (x27 - x22)))) / (((x30 * x2) - (x24 * -0.6354086369745806)) - (Recip(x7) / (Abs(x13) ^ x12)))) * ((((x12 / x8) - (Abs(x5) ^ x16)) * (Recip(x28) / (x9 - x22))) * Recip((((x23 - x20) - (x30 * x5)) + ((x8 * x29) + x6))))))) ^ x11))) ^ (-0.8781695971363128 * x25))))) ^ (Abs(x25) ^ (x17 * ((Recip((x6 - (x5 - x1))) * x21) + x7)))))) * 1.607071541588846e-2) + -0.30297607484810885),-0.6354086369745806;-0.8781695971363128;1.607071541588846e-2;-0.30297607484810885,107,8.159361257330432e-2,8.159361257330432e-2,2.929720205280178e70,0.6736255497067827,0.6736255497067827,-1.5240404507866905e72,8.159361257330432e-2,8.159361257330432e-2,2.929720205280178e70,336.61233965211767,336.61233965211767,2.929720205280178e70
