id,Expression,theta,size,MSE_train,MSE_val,MSE_test,R2_train,R2_val,R2_test,nll_train,nll_val,nll_test,mdl_train,mdl_val,mdl_test
0,(Recip(((x3 - ((Recip(x3) - (x8 - x24)) * (Recip(x26) + x6))) * Recip(((x3 - (Abs((Abs(x26) ^ 0.6474581475267595)) ^ -1.4962395428183866)) * 7.3008706752109775)))) * (Abs(x7) ^ (Abs(((x26 / (x22 / x13)) - ((Recip(x3) - (Recip(x3) - (x8 - x24))) / (x19 * x14)))) ^ (((x19 + x21) * (x27 - ((Recip(x3) - (x8 - (x14 + x0))) * (Recip(x26) + (Abs(x8) ^ x9))))) - ((x29 / (((x20 - x6) + x24) / x2)) * (Abs(x23) ^ x3)))))),0.6474581475267595;-1.4962395428183866;7.3008706752109775,89,9.13403271467172e-2,9.13403271467172e-2,Infinity,0.6346386914131312,0.6346386914131312,-Infinity,9.13403271467172e-2,9.13403271467172e-2,Infinity,267.25803379120737,267.25803379120737,Infinity
