id,Expression,theta,size,MSE_train,MSE_val,MSE_test,R2_train,R2_val,R2_test,nll_train,nll_val,nll_test,mdl_train,mdl_val,mdl_test
0,((Abs(((x6 * (-1.999435608926659 - (x21 / ((x9 + Recip((x0 * x20))) - ((x27 - x2) * ((x27 * -0.18613566452712935) / (x21 * (Abs(x15) ^ x11)))))))) + x20)) ^ (Abs(((Abs(Recip((Abs((Abs((x30 / x19)) ^ 5.905819595248918)) ^ x0))) ^ ((x20 + ((((((Abs((((x10 / (x21 * (x15 / x12))) + x25) - x17)) ^ x18) * x10) * 2.1951029720372306) / x10) - Recip((Abs(x21) ^ x14))) * (Recip(x3) - x30))) - x30)) * (Abs((Abs(x21) ^ ((Abs(Recip((Abs((Abs((Recip((Recip(x3) - x8)) / x28)) ^ 0.5663252342197155)) ^ x0))) ^ (Abs(-0.7730608208766374) ^ x26)) * x1))) ^ x0))) ^ x20)) - x3),-1.999435608926659;-0.18613566452712935;5.905819595248918;2.1951029720372306;0.5663252342197155;-0.7730608208766374,112,1.7989393830701986e-2,1.7989393830701986e-2,4.937414307639955e-2,0.9280424246771921,0.9280424246771921,-1.5684429228342065,1.7989393830701986e-2,1.7989393830701986e-2,4.937414307639955e-2,330.0129807325052,330.0129807325052,330.0443654817509
