id,Expression,theta,size,MSE_train,MSE_val,MSE_test,R2_train,R2_val,R2_test,nll_train,nll_val,nll_test,mdl_train,mdl_val,mdl_test
0,Recip((x28 + (((Abs(((x10 * (Recip(((Abs(x1) ^ x25) + ((x9 * (6.417027111053576 + (x7 + (x17 / x16)))) * x9))) / ((x28 - x11) + ((x17 / x16) + x4)))) / (Abs((x28 - (Abs(x1) ^ x25))) ^ x22))) ^ (-3.2604118336329297 - x21)) - ((-24.04096841165086 * x11) * x3)) + x16))),6.417027111053576;-3.2604118336329297;-24.04096841165086,55,9.708570409308702e-2,9.708570409308702e-2,1.661692716535846,0.6116571836276519,0.6116571836276519,-85.4412551141914,9.708570409308702e-2,9.708570409308702e-2,1.661692716535846,152.87943165534662,152.87943165534662,154.44403866778939
