id,Expression,theta,size,MSE_train,MSE_val,MSE_test,R2_train,R2_val,R2_test,nll_train,nll_val,nll_test,mdl_train,mdl_val,mdl_test
0,((((Recip(Recip((x5 - x3))) + ((x10 * (x25 * x10)) * (Abs(x14) ^ x12))) + x19) / (Recip(((Abs((x19 - x28)) ^ x15) + 3.1242967312124863)) * (x10 + (x28 + Recip(x2))))) * ((Recip((Abs((Abs(x19) ^ x19)) ^ Recip((Abs((Abs(-3.9912226251801113) ^ x19)) ^ x10)))) - (Recip((-2.5749748666755603 + x8)) - (-0.10752217713324101 - ((Recip(x2) * (Abs(((Abs((x19 - x28)) ^ x15) + 0.9028943800617762)) ^ x12)) * x1)))) + (Abs((Abs(((Recip(x3) / (x2 * x9)) + Recip(x2))) ^ -0.22319270311130918)) ^ ((x2 + (Abs(x14) ^ x16)) * (x10 * (x2 * (((x25 * x10) * (Abs(x14) ^ x12)) + x5))))))),3.1242967312124863;-3.9912226251801113;-2.5749748666755603;-0.10752217713324101;0.9028943800617762;-0.22319270311130918,111,2.5101189096334995e-2,2.5101189096334995e-2,1.4075549973566015,0.89959524361466,0.89959524361466,-72.22101096248761,2.5101189096334995e-2,2.5101189096334995e-2,1.4075549973566015,301.43282252371523,301.43282252371523,302.8152763319755
