id,Expression,theta,size,MSE_train,MSE_val,MSE_test,R2_train,R2_val,R2_test,nll_train,nll_val,nll_test,mdl_train,mdl_val,mdl_test
0,(((x5 / (((x18 / x0) + x2) * -5.509550476782465)) * Recip((Recip((Abs((Abs(x13) ^ (Abs(x8) ^ x2))) ^ ((x30 - x0) / x15))) - x15))) + (Abs((x21 - x10)) ^ (Abs((((Abs((Abs((Abs(x23) ^ -22.880222063778216)) ^ (-11.21588341289692 * x21))) ^ (x17 + (x13 + (x21 * ((x30 + x27) + x21))))) / (Abs(x23) ^ 24.824967404341805)) * (x2 - x13))) ^ ((x21 * x21) * Recip((x18 / x16)))))),-5.509550476782465;-22.880222063778216;-11.21588341289692;24.824967404341805,75,2.8595507480238952e-2,2.8595507480238952e-2,9.157048172514115e-2,0.8856179700790442,0.8856179700790442,-3.7634964593416607,2.8595507480238952e-2,2.8595507480238952e-2,9.157048172514115e-2,200.96707639722618,200.96707639722618,201.03005137147107
