id,Expression,theta,size,MSE_train,MSE_val,MSE_test,R2_train,R2_val,R2_test,nll_train,nll_val,nll_test,mdl_train,mdl_val,mdl_test
0,Recip((Recip((Abs(-0.9990678955006385) ^ (x1 + (Abs((Abs(Recip((x22 - x30))) ^ x27)) ^ 39.349529582694295)))) - Recip(((Abs(((Abs((Abs(x29) ^ (x9 * (x19 / x18)))) ^ (x9 * (x19 / x18))) / Recip(Recip(((Abs(x10) ^ x23) + 0.4613006924053653))))) ^ ((Abs(Recip((x17 - ((Abs((Abs(x29) ^ x28)) ^ 0.32278030884705894) / x1)))) ^ (((Abs((x7 + -0.48646110468478926)) ^ 0.4844423102418973) / x2) * x29)) + (x6 + x9))) + Recip((Abs(x6) ^ ((Abs(((x29 / x2) / x20)) ^ (Abs((Recip(Recip((Recip((x22 - x30)) + Recip(Recip(x20))))) * 0.2655587462638626)) ^ (x27 + x6))) + (Abs(x6) ^ -0.32743539425439877)))))))),-0.9990678955006385;39.349529582694295;0.4613006924053653;0.32278030884705894;-0.48646110468478926;0.4844423102418973;0.2655587462638626;-0.32743539425439877,107,6.418933382681402e-2,6.418933382681402e-2,0.13366637917484006,0.7432426646927439,0.7432426646927439,-5.953325044674915,6.418933382681402e-2,6.418933382681402e-2,0.13366637917484006,288.52965719930853,288.52965719930853,288.59913424465657
