id,Expression,theta,size,MSE_train,MSE_val,MSE_test,R2_train,R2_val,R2_test,nll_train,nll_val,nll_test,mdl_train,mdl_val,mdl_test
0,(x7 / ((((x13 + (x2 - (((Abs(x12) ^ x8) - (x12 + x12)) / ((x10 - x9) - Recip(x8))))) + (x18 * x3)) * x18) - (((x6 / (((x6 / x3) + x11) / (Recip(x26) * (x9 + 0.563976835152554)))) + (((x9 + 1.0764154464906106) / (Abs((Abs(x12) ^ x9)) ^ (x13 + x14))) * x8)) / (Recip(x12) * (x9 + -0.11988888473019789))))),0.563976835152554;1.0764154464906106;-0.11988888473019789,65,0.10931399743729457,0.10931399743729457,8.284611688924567e-2,0.5627440102508217,0.5627440102508217,-3.3096550005783953,0.10931399743729457,0.10931399743729457,8.284611688924567e-2,185.8447149577847,185.8447149577847,185.81824707723666
