id,Expression,theta,size,MSE_train,MSE_val,MSE_test,R2_train,R2_val,R2_test,nll_train,nll_val,nll_test,mdl_train,mdl_val,mdl_test
0,(Abs((x9 / (Abs(x21) ^ x4))) ^ (x11 * (Abs((x29 - (Abs((Abs(((Abs(x16) ^ x18) - x23)) ^ x6)) ^ (((Abs((Recip((x9 / (Abs(x21) ^ x4))) + x21)) ^ x20) / (((x19 * x18) + -0.40734139362337796) * x4)) + 19.378956230323222)))) ^ (((-0.36761712872309144 + x4) * x0) - (Recip((x9 / (Abs(x21) ^ x4))) + Recip(x4)))))),-0.40734139362337796;19.378956230323222;-0.36761712872309144,63,4.137645841975589e-2,4.137645841975589e-2,Infinity,0.8344941663209764,0.8344941663209764,-Infinity,4.137645841975589e-2,4.137645841975589e-2,Infinity,159.04108133340753,159.04108133340753,Infinity
