id,Expression,theta,size,MSE_train,MSE_val,MSE_test,R2_train,R2_val,R2_test,nll_train,nll_val,nll_test,mdl_train,mdl_val,mdl_test
0,Recip((Abs((x16 - x0)) ^ ((Abs((x15 * (Abs(x13) ^ ((Abs(x4) ^ (Abs((x29 + x20)) ^ ((Abs(x4) ^ (Abs(((-3.9791023367380403 - ((((x27 * x7) * (x3 * x26)) / (Abs(((((Abs(((Abs(x0) ^ x12) * 0.7377879722909702)) ^ x28) / x28) / x2) + -0.2737563202838703)) ^ (x12 / x28))) * (((x23 * -8.520652958685563e-3) / (0.391236156241491 + ((Abs((x17 + ((x17 - x26) - x15))) ^ x0) * 0.8574814274210557))) * (x15 * 0.2542331532310434)))) + x20)) ^ (x12 / x28))) * 11.801684417743184))) * -115.20927495243936)))) ^ x13) * -0.6765099842416601))),-3.9791023367380403;0.7377879722909702;-0.2737563202838703;-8.520652958685563e-3;0.391236156241491;0.8574814274210557;0.2542331532310434;11.801684417743184;-115.20927495243936;-0.6765099842416601,91,5.5986654391895166e-5,5.5986654391895166e-5,Infinity,0.9997760533824325,0.9997760533824325,-Infinity,5.5986654391895166e-5,5.5986654391895166e-5,Infinity,250.83959326098636,250.83959326098636,Infinity
