id,Expression,theta,size,MSE_train,MSE_val,MSE_test,R2_train,R2_val,R2_test,nll_train,nll_val,nll_test,mdl_train,mdl_val,mdl_test
0,(Abs(x21) ^ (Recip(Recip((Abs((((Abs(x19) ^ x6) * x23) / (Abs(x30) ^ Recip((Abs((((Abs(x21) ^ (Abs(((((((x2 / (x17 / x3)) - (x2 * x3)) + -1.442504526044071) - ((x3 - (x20 * x9)) + ((x6 + ((x13 + Recip(((x13 / (x7 / x23)) + (x12 * (x30 - x2))))) + (x23 / x24))) * 8.729719155158964))) - (x11 - x9)) / (Abs(x16) ^ (((((Abs(x19) ^ x18) * x23) / x13) / x13) - (Abs(x28) ^ x25))))) ^ x16)) / (Abs(x20) ^ x30)) / (Abs(x30) ^ -18.116964219681392))) ^ x6))))) ^ x6))) * (Abs(x21) ^ 1.786786656219523))),-1.442504526044071;8.729719155158964;-18.116964219681392;1.786786656219523,106,7.755235025561143e-2,7.755235025561143e-2,0.11028980900812978,0.6897905989775543,0.6897905989775543,-4.737275864602692,7.755235025561143e-2,7.755235025561143e-2,0.11028980900812978,303.08053038625343,303.08053038625343,303.11326784500596
