id,Expression,theta,size,MSE_train,MSE_val,MSE_test,R2_train,R2_val,R2_test,nll_train,nll_val,nll_test,mdl_train,mdl_val,mdl_test
0,(((Abs(x17) ^ (Abs(((Abs(-9.950253240484942) ^ x0) + (x15 + ((((x14 + x17) - Recip(Recip((Abs(((x0 + (Abs((x22 * -7.382487321104396)) ^ x18)) - (x20 + 0.2181455759309961))) ^ (Abs(((x1 / x19) + x8)) ^ x1))))) * (Abs(x18) ^ x21)) + ((Abs(Recip(Recip((Recip(Recip(x16)) - (x29 + 1.1240617995701434))))) ^ x14) / Recip((x3 * -3.6557328439859353))))))) ^ -33.22500575360025)) * 0.9183483779622633) + x3),-9.950253240484942;-7.382487321104396;0.2181455759309961;1.1240617995701434;-3.6557328439859353;-33.22500575360025;0.9183483779622633,68,1.480357444531788e-2,1.480357444531788e-2,0.1078359967078596,0.9407857022187285,0.9407857022187285,-4.609628548742641,1.480357444531788e-2,1.480357444531788e-2,0.1078359967078596,182.6861498378507,182.6861498378507,182.77918226011323
