id,Expression,theta,size,MSE_train,MSE_val,MSE_test,R2_train,R2_val,R2_test,nll_train,nll_val,nll_test,mdl_train,mdl_val,mdl_test
0,(Abs((Abs(Recip((Abs(Recip(x11)) ^ x23))) ^ ((x25 / x23) - (((((Abs(x21) ^ 0.9825169259599856) * (Abs(x13) ^ x8)) + ((x7 * x15) / (x14 * (((x25 / x23) - (((x14 - x4) - x22) - ((x9 * -0.12861298071008756) / x0))) / (Abs(x6) ^ x23))))) - (Abs(Recip((Abs(Recip(Recip((Abs(x12) ^ x30)))) ^ x23))) ^ ((x25 / x23) - (x13 / Recip(x10))))) - x17)))) ^ (Abs((Abs((Abs(Recip(x2)) ^ (Abs(Recip((Abs((x24 * (x23 / x11))) ^ x28))) ^ 1.1974184743537817))) ^ ((((x9 / x6) * x15) / x0) + (x23 * (Abs(x2) ^ x13))))) ^ ((Abs(x23) ^ x23) * 0.326041057946443))),0.9825169259599856;-0.12861298071008756;1.1974184743537817;0.326041057946443,113,4.955279062478663e-2,4.955279062478663e-2,Infinity,0.8017888375008535,0.8017888375008535,-Infinity,4.955279062478663e-2,4.955279062478663e-2,Infinity,323.27339027761957,323.27339027761957,Infinity
