id,Expression,theta,size,MSE_train,MSE_val,MSE_test,R2_train,R2_val,R2_test,nll_train,nll_val,nll_test,mdl_train,mdl_val,mdl_test
0,((((x22 / x19) - x22) / (((Abs((Abs(((Abs((x9 / x18)) ^ x20) - ((Abs((Abs(Recip(x19)) ^ (x14 - (x6 + x16)))) ^ x12) / (x4 - ((x14 + -0.22774279136067022) - (x0 - (x25 * Recip(x0)))))))) ^ Recip(((x2 * (Abs(x1) ^ (x6 - (Abs((x6 + 0.8463478346208151)) ^ Recip(x19))))) + x4)))) ^ (x16 + x26)) + (Abs(x18) ^ (x25 - x22))) - ((x22 / x25) - (x6 + (Abs((Abs(((((Abs((x0 / x17)) ^ x18) / x6) * x17) - x29)) ^ 4.050960210005057)) ^ (Abs(x1) ^ x2)))))) + 3.3701913271795024e-2),-0.22774279136067022;0.8463478346208151;4.050960210005057;3.3701913271795024e-2,99,0.13791965881105503,0.13791965881105503,0.7810182963373673,0.4483213647557799,0.4483213647557799,-39.628571775468295,0.13791965881105503,0.13791965881105503,0.7810182963373673,276.6286028990823,276.6286028990823,277.27170153660865
