id,Expression,theta,size,MSE_train,MSE_val,MSE_test,R2_train,R2_val,R2_test,nll_train,nll_val,nll_test,mdl_train,mdl_val,mdl_test
0,(Abs(x12) ^ (Abs(((x18 * ((Abs(Recip((x27 + -0.6681432837039754))) ^ (Abs(x21) ^ Recip(x12))) + (x27 + -28.340078333501133))) + (2.463643306316746 + x14))) ^ ((x8 / x12) * (x27 + 2.0333602007359355)))),-0.6681432837039754;-28.340078333501133;2.463643306316746;2.0333602007359355,33,9.422339627577012e-2,9.422339627577012e-2,0.23165200590754173,0.6231064148969195,0.6231064148969195,-11.05053734730986,9.422339627577012e-2,9.422339627577012e-2,0.23165200590754173,72.15651624012777,72.15651624012777,72.29394484975955
