id,Expression,theta,size,MSE_train,MSE_val,MSE_test,R2_train,R2_val,R2_test,nll_train,nll_val,nll_test,mdl_train,mdl_val,mdl_test
0,Recip(Recip(((x30 * x4) * (((x10 / x4) * Recip(Recip(((x30 * x4) * ((x4 * (((x24 * (x30 * x4)) + x18) + (-309.4606490133852 * x10))) + (((x30 * ((x30 * x4) / x19)) * -20.097737585710828) + (Recip(Recip((x24 * (((Recip((Recip(((x30 * x4) * (x26 / x18))) * Recip(x2))) + (x10 * (x26 / x18))) * x30) + ((Abs(x0) ^ (x5 * x3)) * (x11 / x29)))))) + (x10 * 10.027062698051461)))))))) + (x10 * 37.153865216736094))))),-309.4606490133852;-20.097737585710828;10.027062698051461;37.153865216736094,83,6.944870380395883e-2,6.944870380395883e-2,0.15601670534436823,0.7222051847841646,0.7222051847841646,-7.115989012013726,6.944870380395883e-2,6.944870380395883e-2,0.15601670534436823,241.51344499545206,241.51344499545206,241.60001299699246
