id,Expression,theta,size,MSE_train,MSE_val,MSE_test,R2_train,R2_val,R2_test,nll_train,nll_val,nll_test,mdl_train,mdl_val,mdl_test
0,(Abs(x0) ^ (Abs((x23 + (Abs(x11) ^ (((x14 * (Abs((Abs(((Recip(x18) / (x26 * x16)) / x2)) ^ x17)) ^ (x24 + x5))) / x21) - (Abs(x14) ^ -0.4906755734697137))))) ^ ((Abs(x25) ^ (x13 + -0.4973137882044501)) / ((Abs((x17 / (((x29 * x0) + ((x0 + x15) + (x30 - x4))) * x11))) ^ ((x13 / x7) * ((Abs(x10) ^ ((Abs(x25) ^ (x3 + -0.6417229556039628)) / ((Abs((x13 / (((x29 * x0) + x26) * (x27 + -7.651401721871416e-2)))) ^ ((x0 / x7) * (x10 - x6))) - x27))) - x6))) - x27)))),-0.4906755734697137;-0.4973137882044501;-0.6417229556039628;-7.651401721871416e-2,99,9.871964189674914e-2,9.871964189674914e-2,0.27785954299356097,0.6051214324130034,0.6051214324130034,-13.45425342652449,9.871964189674914e-2,9.871964189674914e-2,0.27785954299356097,299.40408922816647,299.40408922816647,299.58322912926326
