id,Expression,theta,size,MSE_train,MSE_val,MSE_test,R2_train,R2_val,R2_test,nll_train,nll_val,nll_test,mdl_train,mdl_val,mdl_test
0,(((((x24 - ((x4 / x8) * ((Abs(((Abs((((Abs(x29) ^ x21) - (Abs(x17) ^ Recip(x3))) + Recip((x1 + x26)))) ^ x14) - x0)) ^ x4) - x0))) / x17) / (((Recip(x12) / (x0 * (Abs(x30) ^ (0.592196940096471 + x17)))) - (Abs(x29) ^ x21)) / (x9 + ((x21 * x5) + x10)))) - Recip(((((x24 / x13) + x13) / (Abs((Abs(x14) ^ x24)) ^ 6.374262868939832)) + (x9 + (Abs((Abs(x14) ^ x13)) ^ 9.353814828698876))))) + (Abs(Recip(((((x24 / x2) + x13) / (Abs((Abs(x14) ^ x24)) ^ 5.711054209603107)) + (x9 + x9)))) ^ x26)),0.592196940096471;6.374262868939832;9.353814828698876;5.711054209603107,105,5.6710939903780865e-2,5.6710939903780865e-2,2.7770817190373998,0.7731562403848765,0.7731562403848765,-143.46379102432002,5.6710939903780865e-2,5.6710939903780865e-2,2.7770817190373998,296.19328682777825,296.19328682777825,298.9136576069119
