id,Expression,theta,size,MSE_train,MSE_val,MSE_test,R2_train,R2_val,R2_test,nll_train,nll_val,nll_test,mdl_train,mdl_val,mdl_test
0,((((Abs((Abs(x22) ^ (x11 / x29))) ^ Recip((x10 - x27))) + ((-0.389963110749121 - x29) + ((Abs(x2) ^ x6) + (8.747025544798401e-2 / x27)))) - ((Abs((x16 / x13)) ^ x16) / (((x18 / (x3 / x7)) / x9) + x16))) - Recip((((((Abs(((Abs(Recip((((((Recip(x21) * x27) / x23) - (x2 / (6.115031266977512e-3 * (x16 / x21)))) + x13) - x20))) ^ x4) + x23)) ^ x4) - (x17 + x3)) - (x9 * x29)) + (Abs((Abs(x13) ^ x14)) ^ (Abs((x16 + x6)) ^ x30))) / (x14 / x13)))),-0.389963110749121;8.747025544798401e-2;6.115031266977512e-3,96,9.316815885251144e-2,9.316815885251144e-2,Infinity,0.6273273645899542,0.6273273645899542,-Infinity,9.316815885251144e-2,9.316815885251144e-2,Infinity,286.83097550122915,286.83097550122915,Infinity
