id,Expression,theta,size,MSE_train,MSE_val,MSE_test,R2_train,R2_val,R2_test,nll_train,nll_val,nll_test,mdl_train,mdl_val,mdl_test
0,(Abs((Abs((((x1 - x4) + x9) / (((Abs((x17 / (x1 * (x15 * (x1 + (x19 + (x11 + x7))))))) ^ ((Abs(x20) ^ x20) / x29)) + (x5 / x29)) + ((Abs(-0.26376079416894055) ^ (x16 * x25)) / x1)))) ^ ((Abs((x13 / x29)) ^ x5) + (x17 / x16)))) ^ (Abs(-0.2727726032020563) ^ (Recip(((Abs(x20) ^ x20) / ((10.010691161131264 * x3) + x7))) + x25))),-0.26376079416894055;-0.2727726032020563;10.010691161131264,70,4.163330002401769e-2,4.163330002401769e-2,9.952632184590098e-2,0.8334667999039292,0.8334667999039292,-4.177359262423571,4.163330002401769e-2,4.163330002401769e-2,9.952632184590098e-2,191.68626540823962,191.68626540823962,191.7441584300615
