id,Expression,theta,size,MSE_train,MSE_val,MSE_test,R2_train,R2_val,R2_test,nll_train,nll_val,nll_test,mdl_train,mdl_val,mdl_test
0,(((Abs(-3.852244052444371) ^ (Abs((-8.945460883938789e-3 + ((Abs((Abs(x6) ^ x6)) ^ -0.5631414177379112) * x18))) ^ x25)) * ((Abs(Recip(Recip(x5))) ^ x18) - ((Abs((Abs((Abs((x27 - Recip((x17 - (Abs(-0.16571528885224263) ^ x30))))) ^ x0)) ^ x6)) ^ (Abs((-0.6480913793677628 + ((x18 * x23) * x23))) ^ x25)) * x18))) * (Abs((x22 - (Abs((x26 * x0)) ^ x6))) ^ (Abs((Recip((Abs((x27 - Recip((x18 + x30)))) ^ x0)) + (Recip((x17 * (x1 * ((((x28 / (Abs(Recip(x14)) ^ x15)) + x20) * (x0 + x22)) + (x7 * -0.9204479907820526))))) - (Abs((x17 - Recip((x17 - x6)))) ^ x0)))) ^ (x18 + x30)))),-3.852244052444371;-8.945460883938789e-3;-0.5631414177379112;-0.16571528885224263;-0.6480913793677628;-0.9204479907820526,113,7.420450604710423e-2,7.420450604710423e-2,0.12648374134824483,0.7031819758115831,0.7031819758115831,-5.579684224935445,7.420450604710423e-2,7.420450604710423e-2,0.12648374134824483,308.3454260497979,308.3454260497979,308.397705285099
