id,Expression,theta,size,MSE_train,MSE_val,MSE_test,R2_train,R2_val,R2_test,nll_train,nll_val,nll_test,mdl_train,mdl_val,mdl_test
0,(Abs(((x1 * ((Abs((Abs(x1) ^ x15)) ^ 1.1929141202574918) * Recip(x2))) + ((Abs((x27 * x3)) ^ ((((Abs((x27 * -3.244981443202757)) ^ ((x17 * Recip((((Recip(x25) - x4) * x4) * x7))) * x25)) / x29) / x9) * x11)) * x15))) ^ (x24 + (x27 * -130.21308722476664))),1.1929141202574918;-3.244981443202757;-130.21308722476664,51,4.81897758181459e-2,4.81897758181459e-2,0.8788016276210683,0.8072408967274164,0.8072408967274164,-44.71526066884623,4.81897758181459e-2,4.81897758181459e-2,0.8788016276210683,137.85187435930172,137.85187435930172,138.68248621110465
