id,Expression,theta,size,MSE_train,MSE_val,MSE_test,R2_train,R2_val,R2_test,nll_train,nll_val,nll_test,mdl_train,mdl_val,mdl_test
0,(Abs(((Recip(x29) / ((x10 + (Abs(Recip((x13 * x8))) ^ (x29 - x11))) * Recip(x15))) / ((x10 + (Abs(Recip((Abs(Recip((((Abs(x15) ^ (Recip(((x25 - x6) - x5)) * x16)) * (x10 - (x18 / x16))) - x27))) ^ 44.793914911408905))) ^ (x29 - ((((x14 * x20) / (((Abs(x5) ^ x9) / ((Recip(x5) / (Recip(x1) * Recip(x15))) / x13)) / (x8 - x5))) - ((x13 * ((-34.688299039888825 * x27) * x4)) - x19)) * x15)))) * Recip(x15)))) ^ Recip((Abs(Recip((x8 - x29))) ^ ((11.280828723217772 * x6) * x4)))),44.793914911408905;-34.688299039888825;11.280828723217772,100,5.7120364622080436e-2,5.7120364622080436e-2,0.8078505654784469,0.7715185415116783,0.7715185415116783,-41.024386416187205,5.7120364622080436e-2,5.7120364622080436e-2,0.8078505654784469,299.41257207736476,299.41257207736476,300.1633022782211
