id,Expression,theta,size,MSE_train,MSE_val,MSE_test,R2_train,R2_val,R2_test,nll_train,nll_val,nll_test,mdl_train,mdl_val,mdl_test
0,(Abs((((Abs((x22 * (x24 * x15))) ^ x13) * x10) / (Recip(((Abs((Abs((Abs((x21 + x10)) ^ x12)) ^ (Abs(x7) ^ Recip((Abs(x20) ^ x1))))) ^ ((x29 - x10) + Recip(x2))) - ((Recip(x6) * (Abs(x20) ^ (x25 * x22))) / (x21 + 2.4990444737958315)))) + (((Recip((Abs(x20) ^ x1)) * (x22 + x9)) / (-2.319647546656656 + Recip(x28))) + ((Abs((x0 - x10)) ^ Recip(Recip(((((x7 - Recip(x19)) - x30) / x26) / (Abs(x21) ^ (Abs(Recip(((x4 * x8) * (x27 * x12)))) ^ Recip((x16 + 0.9288342009551402)))))))) * (Abs((x15 * x6)) ^ (x7 - Recip(x24)))))))) ^ x22),2.4990444737958315;-2.319647546656656;0.9288342009551402,112,7.466543492342588e-2,7.466543492342588e-2,0.16333165951151138,0.7013382603062965,0.7013382603062965,-7.496512927788496,7.466543492342588e-2,7.466543492342588e-2,0.16333165951151138,340.0393986789529,340.0393986789529,340.12806490354103
