id,Expression,theta,size,MSE_train,MSE_val,MSE_test,R2_train,R2_val,R2_test,nll_train,nll_val,nll_test,mdl_train,mdl_val,mdl_test
0,(Recip((((((Abs(x2) ^ (Abs(x11) ^ x20)) + ((Abs(-0.5962588180770136) ^ ((((x21 + x26) + x18) / (Abs(x3) ^ Recip((Abs(x25) ^ x23)))) + (x18 / (((-0.730168831683477 - ((-0.3063166913128038 - ((x30 + x0) + (x5 * -0.6219842549749779))) + (Abs((Abs(((x25 - x11) / (Abs(x3) ^ x2))) ^ (Abs(x3) ^ -0.720974124482068))) ^ x14))) - (x1 - x7)) + Recip(x3))))) * (Abs((x0 + 0.4874713241291574)) ^ (x11 / x1)))) / x0) + -1.0360992849678292) - Recip(((0.3819484050512135 - x19) - Recip(Recip((Abs(x0) ^ x6))))))) + -8.734416798031798e-2),-0.5962588180770136;-0.730168831683477;-0.3063166913128038;-0.6219842549749779;-0.720974124482068;0.4874713241291574;-1.0360992849678292;0.3819484050512135;-8.734416798031798e-2,92,0.10116033621098511,0.10116033621098511,0.10988977780388785,0.5953586551560596,0.5953586551560596,-4.716466241358027,0.10116033621098511,0.10116033621098511,0.10988977780388785,257.5235205943946,257.5235205943946,257.53225003598754
