id,Expression,theta,size,MSE_train,MSE_val,MSE_test,R2_train,R2_val,R2_test,nll_train,nll_val,nll_test,mdl_train,mdl_val,mdl_test
0,(Recip(((Recip((x4 - (x19 / x16))) / (Abs((Recip(((-42.942028036441585 * (22.683267618079928 * ((x13 + (((2.549722566499506 * ((x9 / (x17 / x26)) * ((x6 + x20) - (Abs(x7) ^ (x20 / x18))))) / (x13 / x8)) * x20)) - (Abs(x7) ^ (x20 / x18))))) / x2)) * (Recip(Recip(x8)) + x18))) ^ (x21 * (84.14669613496562 * x5)))) + -5.723944592220919)) * (((Abs((x2 + x5)) ^ x28) + ((x2 + x5) * ((x17 / x13) * ((Abs(x21) ^ x18) + (x17 - x3))))) - ((Abs(x14) ^ x18) + (6.102569393831704 + (x17 - x3))))),-42.942028036441585;22.683267618079928;2.549722566499506;84.14669613496562;-5.723944592220919;6.102569393831704,98,5.259566160347593e-2,5.259566160347593e-2,2.466639317754752,0.7896173535860963,0.7896173535860963,-127.31457730959733,5.259566160347593e-2,5.259566160347593e-2,2.466639317754752,296.1891715494779,296.1891715494779,298.6032152056292
