id,Expression,theta,size,MSE_train,MSE_val,MSE_test,R2_train,R2_val,R2_test,nll_train,nll_val,nll_test,mdl_train,mdl_val,mdl_test
0,(((((1.799063641008384 - (Abs(x18) ^ x11)) - x4) + x11) * (Recip((Abs((Abs((0.7686030590304112 - x2)) ^ x29)) ^ ((x6 - ((Abs(((Recip(x15) * (Abs(x18) ^ 0.6723467266338496)) + ((Abs(x24) ^ x6) * x18))) ^ x15) + x8)) - ((x15 * (Abs(x18) ^ x11)) * x3)))) / Recip((((4.157345812486241 * (Recip((Abs(x2) ^ x3)) * x15)) + x12) * (Abs(x17) ^ x15))))) + -0.3635980990732466),1.799063641008384;0.7686030590304112;0.6723467266338496;4.157345812486241;-0.3635980990732466,70,0.10060510776902067,0.10060510776902067,9.007477968125085e-2,0.5975795689239174,0.5975795689239174,-3.68569003901849,0.10060510776902067,0.10060510776902067,9.007477968125085e-2,179.71138283692187,179.71138283692187,179.70085250883412
