id,Expression,theta,size,MSE_train,MSE_val,MSE_test,R2_train,R2_val,R2_test,nll_train,nll_val,nll_test,mdl_train,mdl_val,mdl_test
0,((((x18 - x29) - x21) * 1.3385869054550974) + ((((Abs((x4 * 9.384644049514845e-3)) ^ (x24 + -0.36663842101372285)) - (((x14 * -0.703592886779285) + ((((Abs(x5) ^ (x13 - x10)) - (x2 * (x8 + -0.4772146619091589))) * -1.4492123292731582) + (x5 * -0.33702090965393205))) * (Abs(((x18 - x29) * (x13 - (Abs(x4) ^ x14)))) ^ x14))) + x15) * ((Abs(x26) ^ x8) * x12))),1.3385869054550974;9.384644049514845e-3;-0.36663842101372285;-0.703592886779285;-0.4772146619091589;-1.4492123292731582;-0.33702090965393205,62,6.98150341407516e-2,6.98150341407516e-2,0.3257560626674595,0.7207398634369936,0.7207398634369936,-15.945830379960594,6.98150341407516e-2,6.98150341407516e-2,0.3257560626674595,167.90283684662785,167.90283684662785,168.15877787515456
