id,Expression,theta,size,MSE_train,MSE_val,MSE_test,R2_train,R2_val,R2_test,nll_train,nll_val,nll_test,mdl_train,mdl_val,mdl_test
0,(((Abs(x24) ^ x14) + ((x30 + (484.22117531390154 + ((((-8105.401072458153 + (Recip((x24 + x22)) * (x5 + 2135.545858552969))) + x30) * (x23 * x24)) * Recip(((x27 + x0) + x22))))) * ((x23 * (Abs(x24) ^ x0)) * x24))) * x24),484.22117531390154;-8105.401072458153;2135.545858552969,43,2.4913560481540854e-2,2.4913560481540854e-2,8.784180131158521e-2,0.9003457580738365,0.9003457580738365,-3.5695305042284877,2.4913560481540854e-2,2.4913560481540854e-2,8.784180131158521e-2,105.18783721640455,105.18783721640455,105.25076545723459
