id,Expression,theta,size,MSE_train,MSE_val,MSE_test,R2_train,R2_val,R2_test,nll_train,nll_val,nll_test,mdl_train,mdl_val,mdl_test
0,(Abs(x30) ^ (Abs(((Abs((Abs(((-8.439985222783868 - (Abs(x16) ^ x22)) - ((Abs(x21) ^ ((x24 / x30) * -1.8455272710303408)) - x22))) ^ (x16 + (Recip(Recip(Recip(x10))) - x25)))) ^ (x18 * (Abs(x6) ^ (x21 * 1.6418399188334694)))) * (Abs((x5 / (((x15 - x26) - Recip(x22)) / ((x22 * x15) - (Abs(x4) ^ -1.9697901489285952))))) ^ ((x21 * (Abs((Abs((x10 + ((Recip(x6) + (x24 / x30)) + x18))) ^ (Recip((Abs(x11) ^ x9)) + (x24 / x30)))) ^ (x21 - x30))) + x21)))) ^ ((Abs(x6) ^ (x21 * -13.64121394902432)) - (Abs(x18) ^ x6)))),-8.439985222783868;-1.8455272710303408;1.6418399188334694;-1.9697901489285952;-13.64121394902432,103,5.127346747977056e-4,5.127346747977056e-4,5.5426151411221015e-2,0.9979490613008092,0.9979490613008092,-1.8832683964116073,5.127346747977056e-4,5.127346747977056e-4,5.5426151411221015e-2,275.1032910835649,275.1032910835649,275.15820450030134
