id,Expression,theta,size,MSE_train,MSE_val,MSE_test,R2_train,R2_val,R2_test,nll_train,nll_val,nll_test,mdl_train,mdl_val,mdl_test
0,(x8 + ((Abs((x19 / x18)) ^ ((x8 - Recip(x6)) * x27)) + ((Abs((x11 * ((((0.91659035416687 / x27) + x22) - (((x12 * (Abs((Abs(((Abs(((x16 - x0) / x16)) ^ x24) + (x19 / x18))) ^ x19)) ^ ((-0.7009784090951218 * x8) + (Recip(x21) / Recip(((Abs(0.9547034033426608) ^ x6) * x9)))))) / Recip(x20)) * x3)) / ((x15 - x8) - ((((x22 / (x8 - ((2.9668251958715444 / x15) + x22))) / Recip(x6)) / x15) * Recip(x6)))))) ^ ((-3.43801394153862 / Recip(x19)) + -9.052207825571587e-2)) * (x14 * -7.756790714012005)))),0.91659035416687;-0.7009784090951218;0.9547034033426608;2.9668251958715444;-3.43801394153862;-9.052207825571587e-2;-7.756790714012005,94,9.254028989927168e-2,9.254028989927168e-2,0.47171342973620156,0.6298388404029133,0.6298388404029133,-23.538532614876267,9.254028989927168e-2,9.254028989927168e-2,0.47171342973620156,279.7612773605185,279.7612773605185,280.1404505003554
