id,Expression,theta,size,MSE_train,MSE_val,MSE_test,R2_train,R2_val,R2_test,nll_train,nll_val,nll_test,mdl_train,mdl_val,mdl_test
0,((((x8 + (((x26 - x20) + x0) / Recip(x4))) * (x16 * ((((1.8468139605626266e-2 / x12) - x20) - x20) + x0))) + (7.500551913678731e-2 * (Recip(x4) - Recip(((x8 * x26) + x1))))) + (-6.537727206242007e-2 * (Recip(x28) - (0.29533282680776474 / x12)))),1.8468139605626266e-2;7.500551913678731e-2;-6.537727206242007e-2;0.29533282680776474,43,0.10117909154037634,0.10117909154037634,0.31975605104398963,0.5952836338384946,0.5952836338384946,-15.633709775307707,0.10117909154037634,0.10117909154037634,0.31975605104398963,116.54733773893541,116.54733773893541,116.76591469843903
