id,Expression,theta,size,MSE_train,MSE_val,MSE_test,R2_train,R2_val,R2_test,nll_train,nll_val,nll_test,mdl_train,mdl_val,mdl_test
0,(Abs(x16) ^ (((x14 * Recip(x9)) - (((x16 + -0.6832771455682023) * 0.6446060233644926) - (x12 / x4))) * (Abs((((((x4 * (-0.1319024379198777 * (x27 - x15))) - (x30 - (0.6099515228431398 / (x10 - x17)))) + Recip(Recip(((((x14 / x21) * -0.12801484208900452) - x0) / x30)))) * x22) * Recip(((x25 / ((x22 - x26) + (x19 * -0.22039486729189814))) - ((x15 * Recip((x14 / x30))) * x2))))) ^ ((x27 / x29) - (x18 - (x18 * 0.30014539272699986)))))),-0.6832771455682023;0.6446060233644926;-0.1319024379198777;0.6099515228431398;-0.12801484208900452;-0.22039486729189814;0.30014539272699986,78,7.53158419628178e-2,7.53158419628178e-2,1.2677404104173937,0.6987366321487287,0.6987366321487287,-64.94785614991031,7.53158419628178e-2,7.53158419628178e-2,1.2677404104173937,247.69065273159543,247.69065273159543,248.88307730005002
