id,Expression,theta,size,MSE_train,MSE_val,MSE_test,R2_train,R2_val,R2_test,nll_train,nll_val,nll_test,mdl_train,mdl_val,mdl_test
0,(((((x18 * Recip(((x9 - x22) - x27))) - ((Recip((Abs((x0 + x26)) ^ x30)) * 28187.77727813932) + (x14 + -1588.5213741949628))) / ((Abs(Recip(x6)) ^ (x30 * ((x30 + x11) - x4))) - (x0 * x12))) + ((Abs(x17) ^ x30) / x30)) / (x30 - ((68055.32771937706 * x28) + (Recip(((x6 * x15) / Recip(x6))) / (x30 * x0))))),28187.77727813932;-1588.5213741949628;68055.32771937706,63,4.388148267646402e-2,4.388148267646402e-2,9.513297567856051e-2,0.8244740692941439,0.8244740692941439,-3.948817394798528,4.388148267646402e-2,4.388148267646402e-2,9.513297567856051e-2,185.50642868417543,185.50642868417543,185.55768017717753
