id,Expression,theta,size,MSE_train,MSE_val,MSE_test,R2_train,R2_val,R2_test,nll_train,nll_val,nll_test,mdl_train,mdl_val,mdl_test
0,Recip((Abs((Recip((((x8 * x19) + 1.105117692934515) * (x5 + x24))) + (Abs((0.6392334264902241 - (x21 / (Abs(x24) ^ x15)))) ^ ((x17 * (x11 * x1)) / (x12 - x30))))) ^ ((Abs(Recip((x12 + (Abs(x4) ^ ((((x25 - x13) / (((x25 + x16) - Recip((Abs(x11) ^ x27))) + x6)) - (((x23 + x6) + x26) - x29)) / x10))))) ^ 2.793563680220108) - (Recip(((x8 * x9) + (Abs(x10) ^ x8))) * (((x25 + x21) / Recip(x8)) * (x18 / x4)))))),1.105117692934515;0.6392334264902241;2.793563680220108,88,3.834258685207584e-2,3.834258685207584e-2,98.15999213649592,0.8466296525916966,0.8466296525916966,-5105.282790940322,3.834258685207584e-2,3.834258685207584e-2,98.15999213649592,275.53533050148667,275.53533050148667,373.6569800511305
