id,Expression,theta,size,MSE_train,MSE_val,MSE_test,R2_train,R2_val,R2_test,nll_train,nll_val,nll_test,mdl_train,mdl_val,mdl_test
0,(4.8414709265599525 / (((Abs((x2 * 4.04108679851645)) ^ x16) + ((Abs((Recip((x10 / x4)) * (((((Abs(x18) ^ (2.8849875624940036 * (x23 - x15))) / x21) - x15) / x2) + (x3 + 1.5033319559468101)))) ^ (Abs((x16 + (x4 - (-0.7118193623071722 - x5)))) ^ -6.225964920379721)) + x13)) + (Abs(((x21 + x0) * -3.3575009624260392)) ^ (-5.162800533921036 - Recip((Abs(x15) ^ x23)))))),4.8414709265599525;4.04108679851645;2.8849875624940036;1.5033319559468101;-0.7118193623071722;-6.225964920379721;-3.3575009624260392;-5.162800533921036,61,6.616330250181827e-2,6.616330250181827e-2,0.11709543322601801,0.7353467899927268,0.7353467899927268,-5.091304436417224,6.616330250181827e-2,6.616330250181827e-2,0.11709543322601801,162.01030715665604,162.01030715665604,162.06123928738023
