id,Expression,theta,size,MSE_train,MSE_val,MSE_test,R2_train,R2_val,R2_test,nll_train,nll_val,nll_test,mdl_train,mdl_val,mdl_test
0,Recip((Recip((7.446384945784531 * x6)) + ((x22 / (Abs(((((x12 + ((Abs((Recip(((x12 - x25) * x25)) * -573.6054097140973)) ^ x3) * x1)) + x6) / (Abs(Recip(x17)) ^ x27)) + x22)) ^ (x6 * ((Recip((Recip(Recip(x12)) * x10)) * ((Abs((Abs((Abs(x26) ^ x20)) ^ (x28 * x27))) ^ (x25 + (1.9982513454523663 * x6))) + x8)) + (x0 + 516.1383949277342))))) * ((((x17 + ((Abs((Recip((x22 * (x9 - (x23 * x10)))) * 5.523898067541657)) ^ x3) * x1)) + x21) / (Abs(Recip(x17)) ^ x27)) + x12)))),7.446384945784531;-573.6054097140973;1.9982513454523663;516.1383949277342;5.523898067541657,94,6.0738028398702175e-2,6.0738028398702175e-2,0.10300967967304861,0.7570478864051913,0.7570478864051913,-4.358563536591784,6.0738028398702175e-2,6.0738028398702175e-2,0.10300967967304861,273.373367438322,273.373367438322,273.41563908959637
