id,Expression,theta,size,MSE_train,MSE_val,MSE_test,R2_train,R2_val,R2_test,nll_train,nll_val,nll_test,mdl_train,mdl_val,mdl_test
0,Recip((Abs((((((((Recip((x5 / (3.6312525476516058 - (x12 / x22)))) - x4) + x18) / (Abs((((((x23 + -28.630906266232138) - x6) / ((((((Abs(x4) ^ x11) - (Abs(x1) ^ x10)) - x12) * 17.24466681503408) * (16.570353994125735 + x24)) * Recip(x10))) + x7) / (Abs(Recip((Abs((x22 / x7)) ^ (x4 * x18)))) ^ (0.5309596065668156 * (x26 / x17))))) ^ x18)) * 192.31386648938457) / ((x5 * (((x12 * x17) + ((x8 / x21) + x29)) + x12)) * (Abs(((0.4442627052175798 * (x15 + x6)) * Recip(x3))) ^ (76.48422792487034 * (x26 / x10))))) + x19) / x3)) ^ x9)),3.6312525476516058;-28.630906266232138;17.24466681503408;16.570353994125735;0.5309596065668156;192.31386648938457;0.4442627052175798;76.48422792487034,101,9.188052909724727e-2,9.188052909724727e-2,8.321536137520763e-2,0.632477883611011,0.632477883611011,-3.328863098738136,9.188052909724727e-2,9.188052909724727e-2,8.321536137520763e-2,313.3191044855664,313.3191044855664,313.3104393178444
