id,Expression,theta,size,MSE_train,MSE_val,MSE_test,R2_train,R2_val,R2_test,nll_train,nll_val,nll_test,mdl_train,mdl_val,mdl_test
0,(Abs((x21 * ((((x30 * x15) / (Abs(((x15 * x29) * x26)) ^ (Recip((Abs(x28) ^ x21)) * x5))) - x4) + (x23 * Recip((x19 * (x20 + ((x27 + x27) + ((Recip(((x16 * x14) / Recip(x5))) + ((Recip(x17) / Recip(x30)) * ((x23 / (x1 / x30)) - (x22 - (Abs(((x8 - x6) + x5)) ^ x26))))) * 3.4965605524575915e-3))))))))) ^ ((Abs((x27 + x27)) ^ Recip(Recip((x1 + x22)))) + x15)),3.4965605524575915e-3,80,4.860489815182139e-2,4.860489815182139e-2,7.72925719994454,0.8055804073927144,0.8055804073927144,-401.0759595410996,4.860489815182139e-2,4.860489815182139e-2,7.72925719994454,244.40584524976296,244.40584524976296,252.08649755155568
