id,Expression,theta,size,MSE_train,MSE_val,MSE_test,R2_train,R2_val,R2_test,nll_train,nll_val,nll_test,mdl_train,mdl_val,mdl_test
0,(((Abs(((((((((x29 - x28) + ((x16 / x27) * x22)) * x5) + x30) * x20) - x5) * x30) * (Abs(((x17 * x30) * x15)) ^ x24))) ^ x28) * (Abs(((x17 * (x21 + ((x2 * x4) * x4))) * x15)) ^ x15)) * ((Abs(x14) ^ ((x21 + (x29 * x7)) * x14)) - ((-7.810282264601027 + ((x6 * 80.66945291170514) - x19)) - (x21 * (x1 * (x28 + (((((Abs(x8) ^ x25) + x22) + x3) * -45.78259275626704) + -15.995641695482917))))))),-7.810282264601027;80.66945291170514;-45.78259275626704;-15.995641695482917,84,6.781223656664509e-2,6.781223656664509e-2,0.1039281651450138,0.7287510537334196,0.7287510537334196,-4.406343150843411,6.781223656664509e-2,6.781223656664509e-2,0.1039281651450138,263.31196854040775,263.31196854040775,263.34808446898614
