id,Expression,theta,size,MSE_train,MSE_val,MSE_test,R2_train,R2_val,R2_test,nll_train,nll_val,nll_test,mdl_train,mdl_val,mdl_test
0,(Abs(((Recip(x15) * ((Abs(((Abs(x8) ^ -0.18429649737335518) + x20)) ^ (((x18 + 1.5891751360749473) * ((Recip(x15) * ((((x18 + 6.621444397593453) * x0) - x0) + x24)) + (x11 / (Abs((Abs(x21) ^ -0.2592289311944827)) ^ x13)))) - (7.7212723954050535 + x28))) + x24)) * (((((x21 * x27) - x21) - x17) - x22) - x0))) ^ (((x11 + 7.797747352341214e-2) * x0) - ((x21 / (Abs((x14 * (Abs((x7 + x20)) ^ (1.1033738263863468 / x14)))) ^ x16)) + x28))),-0.18429649737335518;1.5891751360749473;6.621444397593453;-0.2592289311944827;7.7212723954050535;7.797747352341214e-2;1.1033738263863468,80,4.977418354675229e-2,4.977418354675229e-2,0.25410780704207914,0.8009032658129909,0.8009032658129909,-12.218688122328453,4.977418354675229e-2,4.977418354675229e-2,0.25410780704207914,228.9408519463747,228.9408519463747,229.14518556987002
