id,Expression,theta,size,MSE_train,MSE_val,MSE_test,R2_train,R2_val,R2_test,nll_train,nll_val,nll_test,mdl_train,mdl_val,mdl_test
0,(Abs((((Abs(Recip((((x14 + x13) + x26) - (x29 + -42.67611253623704)))) ^ ((x22 / x10) + x7)) / Recip(x17)) * Recip((x18 - ((x21 * 1.4562888700920043) - x28))))) ^ ((1254.075843320912 * (x14 * x28)) * (x6 * x12))),-42.67611253623704;1.4562888700920043;1254.075843320912,40,9.166303041608781e-2,9.166303041608781e-2,0.1371841921228812,0.6333478783356488,0.6333478783356488,-6.136321674232007,9.166303041608781e-2,9.166303041608781e-2,0.1371841921228812,113.92948942546774,113.92948942546774,113.97501058717454
