id,Expression,theta,size,MSE_train,MSE_val,MSE_test,R2_train,R2_val,R2_test,nll_train,nll_val,nll_test,mdl_train,mdl_val,mdl_test
0,Recip(Recip((Recip((((Abs(-1.4583572749196857e-2) ^ (Recip(x5) * (0.7754766733728435 - (Abs(((x23 - (-0.3271370659248939 + (x12 * 7.290008414908875e-2))) * x21)) ^ x30)))) / (x27 / (Abs(-1.2696980837916154) ^ ((Abs(-6.152600580790507e-2) ^ x3) / (x27 / ((x26 - x17) * (x5 - (0.12770700310864297 + x14)))))))) + (((Abs(0.5433818145130425) ^ ((Abs(0.3039868019148054) ^ x3) / (x27 / ((x26 - x17) * (x5 - (-0.6365951845892531 + x14)))))) / (x4 / x1)) + x21))) + (x11 * ((-0.17091870134167467 - x15) - (x24 + ((-0.32545146431964056 - (x15 * x1)) + x28))))))),-1.4583572749196857e-2;0.7754766733728435;-0.3271370659248939;7.290008414908875e-2;-1.2696980837916154;-6.152600580790507e-2;0.12770700310864297;0.5433818145130425;0.3039868019148054;-0.6365951845892531;-0.17091870134167467;-0.32545146431964056,87,8.935137331795802e-2,8.935137331795802e-2,0.2335336081261037,0.642594506728168,0.642594506728168,-11.14841829471945,8.935137331795802e-2,8.935137331795802e-2,0.2335336081261037,254.06438286357908,254.06438286357908,254.20856509838723
