id,Expression,theta,size,MSE_train,MSE_val,MSE_test,R2_train,R2_val,R2_test,nll_train,nll_val,nll_test,mdl_train,mdl_val,mdl_test
0,((-5.303158152407169 * x27) + Recip(((Abs(((Abs(x24) ^ ((Abs((x23 + x1)) ^ (Abs(256.73676103108386) ^ x1)) / (Abs((Recip(((Abs(x29) ^ (x12 + x22)) + ((x8 + x3) + 20.7854963508869))) / (((x6 * x4) - x18) + 988.0562136033207))) ^ ((x6 * x4) - x18)))) + x1)) ^ (Abs(x1) ^ ((x4 / x1) * x6))) * (Recip(x6) / (((((Abs(x23) ^ (x1 - (x10 + -6865.776157295791))) + (x15 + -0.13458433704908818)) * (Recip(x21) / x1)) + 14.80918488745434) + x3))))),-5.303158152407169;256.73676103108386;20.7854963508869;988.0562136033207;-6865.776157295791;-0.13458433704908818;14.80918488745434,83,0.1241049027461021,0.1241049027461021,Infinity,0.5035803890155917,0.5035803890155917,-Infinity,0.1241049027461021,0.1241049027461021,Infinity,231.9522889046198,231.9522889046198,Infinity
