id,Expression,theta,size,MSE_train,MSE_val,MSE_test,R2_train,R2_val,R2_test,nll_train,nll_val,nll_test,mdl_train,mdl_val,mdl_test
0,Recip(((Abs((x10 / x15)) ^ x1) + (Abs(((Abs((x9 / x6)) ^ ((((x10 / x6) / x10) * (Abs(x6) ^ (Abs((Abs((Abs(((9.531996760218911 + Recip((x5 / x21))) * ((Abs(x30) ^ (x18 * x9)) / x11))) ^ (x6 / (x23 + x9)))) ^ ((x25 - x20) / (x4 + x11)))) ^ -38.2680234005503))) + ((((Abs(((x9 + x16) + (x23 - (Abs(x11) ^ (x13 - x14))))) ^ x18) * x1) * x16) / (x30 / x8)))) - x1)) ^ (Abs(((Abs((Abs((x10 / x6)) ^ x18)) ^ x30) + (x26 + (x27 * (Abs(x0) ^ (x17 * x27)))))) ^ x24)))),9.531996760218911;-38.2680234005503,107,7.49939466182708e-2,7.49939466182708e-2,0.1883862566480073,0.7000242135269168,0.7000242135269168,-8.799853070828965,7.49939466182708e-2,7.49939466182708e-2,0.1883862566480073,316.3863504411988,316.3863504411988,316.4997427512285
