id,Expression,theta,size,MSE_train,MSE_val,MSE_test,R2_train,R2_val,R2_test,nll_train,nll_val,nll_test,mdl_train,mdl_val,mdl_test
0,((12.06399059820967 + x9) / (Recip((Abs(x9) ^ (x29 + (Abs(x10) ^ x9)))) - ((x2 + (Abs(x22) ^ x11)) - (Abs((x1 - Recip(((((x3 * x21) / x1) / ((Abs(x2) ^ Recip(x28)) + ((x21 - (x22 - x5)) + 2.470774984435691))) - (x22 - x5))))) ^ (((Recip(Recip(((65.32379123884016 * x1) * x30))) + x29) + x12) + x8))))),12.06399059820967;2.470774984435691;65.32379123884016,63,9.632559958554725e-2,9.632559958554725e-2,0.10563273302653155,0.614697601657811,0.614697601657811,-4.495014772039961,9.632559958554725e-2,9.632559958554725e-2,0.10563273302653155,176.67862698754408,176.67862698754408,176.68793412098506
