id,Expression,theta,size,MSE_train,MSE_val,MSE_test,R2_train,R2_val,R2_test,nll_train,nll_val,nll_test,mdl_train,mdl_val,mdl_test
0,(Abs(((((x11 + -0.9390582635374252) - x1) / (x13 / x20)) - ((x8 * 0.5074255777901376) * (x8 * 0.8300375743869589)))) ^ (x11 + ((Abs(((x20 + (Abs(x16) ^ x15)) * 0.561019346392624)) ^ Recip(x12)) / ((Abs(x20) ^ (Recip(x12) + (x7 / x12))) + (Abs(((Abs(((x18 + -0.1500993080008705) * (((x11 + -0.28939096506614354) - x1) / (x13 / x20)))) ^ Recip(x3)) / (x24 + (Abs(x3) ^ x13)))) ^ x24))))),-0.9390582635374252;0.5074255777901376;0.8300375743869589;0.561019346392624;-0.1500993080008705;-0.28939096506614354,71,0.12221456465193362,0.12221456465193362,2261618.2266496574,0.5111417413922655,0.5111417413922655,-1.1764937915031068e8,0.12221456465193362,0.12221456465193362,2261618.2266496574,188.5663092313041,188.5663092313041,2261806.670744324
