id,Expression,theta,size,MSE_train,MSE_val,MSE_test,R2_train,R2_val,R2_test,nll_train,nll_val,nll_test,mdl_train,mdl_val,mdl_test
0,(Abs((x24 * (-6.989100777522975 + x17))) ^ (Abs((-7.395837907742964 * ((((Recip((Abs(x15) ^ x20)) / (x23 / x25)) + (x30 - (x18 - x8))) + ((Abs((x6 - (Abs(x0) ^ x17))) ^ (x22 - x12)) - ((x30 * (x2 * x13)) * -0.19596353181107495))) + (Abs(((x4 / x1) * (Recip((x15 - x24)) * (x29 * x14)))) ^ Recip(((((x13 * x12) / (x29 + x26)) - (Abs((x1 + x7)) ^ x20)) + (Abs(Recip(((x21 / x10) + (2.7355968924399217 + x9)))) ^ ((x16 * x11) * x19)))))))) ^ x15)),-6.989100777522975;-7.395837907742964;-0.19596353181107495;2.7355968924399217,93,0.11700278867203656,0.11700278867203656,Infinity,0.5319888453118538,0.5319888453118538,-Infinity,0.11700278867203656,0.11700278867203656,Infinity,299.85764738104575,299.85764738104575,Infinity
