id,Expression,theta,size,MSE_train,MSE_val,MSE_test,R2_train,R2_val,R2_test,nll_train,nll_val,nll_test,mdl_train,mdl_val,mdl_test
0,((Recip(((Abs(Recip(x2)) ^ (x16 * -13.196261227849218)) + (x1 * x4))) + x22) * Recip(((Abs(Recip(x2)) ^ (11.137110839518007 * x16)) + (x1 * x4)))),-13.196261227849218;11.137110839518007,27,8.072569505493542e-2,8.072569505493542e-2,0.21898054873312855,0.6770972197802583,0.6770972197802583,-10.391368145096912,8.072569505493542e-2,8.072569505493542e-2,0.21898054873312855,57.64535301990608,57.64535301990608,57.78360787358427
