id,Expression,theta,size,MSE_train,MSE_val,MSE_test,R2_train,R2_val,R2_test,nll_train,nll_val,nll_test,mdl_train,mdl_val,mdl_test
0,((Recip(x3) * ((Recip(x25) * (x3 - x15)) - (Abs(((x0 - (Abs(x0) ^ ((0.38723303660682207 + x16) - x7))) + (Abs(x19) ^ x23))) ^ (x27 - x3)))) / (Recip((x26 + ((x0 - (Recip((x22 / (x15 / x0))) * (x3 - x15))) + (Abs(x19) ^ x12)))) * ((((x5 + ((x29 * x0) + x15)) + ((x12 / x5) / x21)) + ((x16 / x21) / x0)) / (0.4664140412133753 - (Abs((Abs(x6) ^ x29)) ^ (-0.23431023107194376 + (x20 + x27))))))),0.38723303660682207;0.4664140412133753;-0.23431023107194376,85,0.10244120712673307,0.10244120712673307,17.466881113777987,0.5902351714930677,0.5902351714930677,-907.6271555386961,0.10244120712673307,0.10244120712673307,17.466881113777987,251.16869380461443,251.16869380461443,268.5331337112657
