id,Expression,theta,size,MSE_train,MSE_val,MSE_test,R2_train,R2_val,R2_test,nll_train,nll_val,nll_test,mdl_train,mdl_val,mdl_test
0,((((Abs(((1.1294231710589582e-2 / x3) - x30)) ^ x19) * x24) / (Recip((Abs(x30) ^ x4)) / (5.227942701498987 / x3))) / ((Abs(((Abs((Recip(x30) - (x21 * (((x19 / x3) * x25) - x3)))) ^ Recip((Abs((Abs(Recip(x26)) ^ x11)) ^ 0.5581861821196512))) * (((Abs((x7 - x27)) ^ x21) - (Abs((Abs(x4) ^ x9)) ^ x25)) * (Abs(((x15 * Recip((x10 + x22))) / x14)) ^ ((Abs(x20) ^ (x8 - x13)) * x27))))) ^ x0) / x21)),1.1294231710589582e-2;5.227942701498987;0.5581861821196512,83,7.097793113087573e-2,7.097793113087573e-2,110571.86851709217,0.716088275476497,0.716088275476497,-5751947.600258915,7.097793113087573e-2,7.097793113087573e-2,110571.86851709217,237.37123228344257,237.37123228344257,110809.16877144449
