id,Expression,theta,size,MSE_train,MSE_val,MSE_test,R2_train,R2_val,R2_test,nll_train,nll_val,nll_test,mdl_train,mdl_val,mdl_test
0,(((Abs((-0.379129657089014 + x26)) ^ (Abs((Abs((Recip(x24) * Recip(x16))) ^ x24)) ^ ((0.7786862786089794 - Recip((Abs((x15 + x13)) ^ x11))) - x20))) / Recip((x6 / x12))) * ((-0.2413167887802247 / (((Recip((Abs((Recip((x16 * 0.7578065348302225)) * x22)) ^ x0)) + ((Recip((Abs(x1) ^ (Abs((Abs(x0) ^ x1)) ^ (x22 * x0)))) + x4) + x26)) * (Abs((x30 * x30)) ^ ((x18 - (x6 * x24)) - x20))) / x27)) - ((((x26 - ((x14 + x26) * (x6 * x24))) * x19) + Recip(Recip(((x24 + x9) / (-4.2697100302620423e-2 / x21))))) - ((x20 + x27) + x21)))),-0.379129657089014;0.7786862786089794;-0.2413167887802247;0.7578065348302225;-4.2697100302620423e-2,105,7.09720861440433e-2,7.09720861440433e-2,0.1904096362770543,0.7161116554238268,0.7161116554238268,-8.905109279131986,7.09720861440433e-2,7.09720861440433e-2,0.1904096362770543,316.4713112225596,316.4713112225596,316.5907487726927
