id,Expression,theta,size,MSE_train,MSE_val,MSE_test,R2_train,R2_val,R2_test,nll_train,nll_val,nll_test,mdl_train,mdl_val,mdl_test
0,(Abs((((-0.13276631878737613 / Recip(((-0.613014289077936 / Recip(x6)) - (x11 * x9)))) * (x23 / ((x11 * x9) * (x27 + x4)))) * ((4.646066834822416e-3 / Recip((((x11 * x9) + Recip(Recip(Recip(x27)))) - ((x23 / ((x19 - (((x13 / ((((Abs(x19) ^ Recip(x14)) / x14) / x29) + x19)) - ((x11 * x9) - x11)) + ((-6.874325329632883e-2 + (x5 * x9)) * (-0.20236674453767417 * x17)))) * x26)) * x11)))) * (x23 / (x26 * x11))))) ^ x28),-0.13276631878737613;-0.613014289077936;4.646066834822416e-3;-6.874325329632883e-2;-0.20236674453767417,80,8.710263789234818e-2,8.710263789234818e-2,0.1476317282484834,0.6515894484306073,0.6515894484306073,-6.6798025034858135,8.710263789234818e-2,8.710263789234818e-2,0.1476317282484834,237.55985278031935,237.55985278031935,237.6203818706755
