id,Expression,theta,size,MSE_train,MSE_val,MSE_test,R2_train,R2_val,R2_test,nll_train,nll_val,nll_test,mdl_train,mdl_val,mdl_test
0,(x18 / (((Abs(((Abs((x7 / (x19 - x22))) ^ (Abs(12.770403079600964) ^ x13)) + Recip(x25))) ^ (x29 * (Abs(Recip(((x0 * x30) - x18))) ^ ((Abs(x1) ^ x5) - (Abs(x1) ^ x7))))) / (x12 * ((Abs((((x27 + x25) + x11) / x29)) ^ x28) * 66.5414948763521))) + (((Abs((((x4 * (((Recip(((Abs(x1) ^ x12) / x6)) / ((x22 + x6) * x20)) + x29) * x16)) / x26) - x8)) ^ x9) * Recip(x27)) * ((x3 / ((x28 - (x4 + x10)) + Recip(x25))) * (x19 - ((x23 * x3) / Recip(x28))))))),12.770403079600964;66.5414948763521,102,8.554425087725746e-2,8.554425087725746e-2,0.10617975052995415,0.6578229964909701,0.6578229964909701,-4.523470622568004,8.554425087725746e-2,8.554425087725746e-2,0.10617975052995415,322.39898321125185,322.39898321125185,322.41961871090456
