id,Expression,theta,size,MSE_train,MSE_val,MSE_test,R2_train,R2_val,R2_test,nll_train,nll_val,nll_test,mdl_train,mdl_val,mdl_test
0,(((((x15 * x21) / x18) * (((x22 * 5.053906898087813e-2) * x21) * (x12 + x4))) + (Abs(x3) ^ (((Abs(((x30 - x9) * -1.0399419318047487)) ^ ((Abs((((x22 * 0.8384982482606689) * x29) * (x12 + (Abs((x19 - x2)) ^ x12)))) ^ -0.47948610974321365) * -0.14468057116399916)) * x6) * (Abs(x12) ^ x0)))) * 1.4506286165170494),5.053906898087813e-2;-1.0399419318047487;0.8384982482606689;-0.47948610974321365;-0.14468057116399916;1.4506286165170494,54,2.6320553303981274e-2,2.6320553303981274e-2,4.4144667709073264e-2,0.8947177867840749,0.8947177867840749,-1.2964056142259035,2.6320553303981274e-2,2.6320553303981274e-2,4.4144667709073264e-2,146.81720195744953,146.81720195744953,146.83502607185463
