id,Expression,theta,size,MSE_train,MSE_val,MSE_test,R2_train,R2_val,R2_test,nll_train,nll_val,nll_test,mdl_train,mdl_val,mdl_test
0,((((((((((x27 * (((-6.647938061512791e-2 * (x5 - ((Recip(Recip(x8)) + (x7 - x29)) - x29))) * Recip(x13)) / (x30 - x29))) + -1.094066069413081) * ((((-0.46478126593785163 + ((Abs(x12) ^ x27) / (Abs(x11) ^ (((x23 + x0) * x4) * x15)))) * (x4 - ((((Abs(x14) ^ x16) * (x20 * x19)) + x19) - x17))) * x15) + x20)) * x2) * -0.9680530555936253) + -0.6305049615629428) * (((((x4 + (x27 / (Abs(x7) ^ (x14 + x22)))) * x27) * (0.17993240138265074 / ((x13 + 1.204347284208054) - x6))) * x5) + x20)) * x1) * -11.421498979901637) + -6.62134076718644e-2),-6.647938061512791e-2;-1.094066069413081;-0.46478126593785163;-0.9680530555936253;-0.6305049615629428;0.17993240138265074;1.204347284208054;-11.421498979901637;-6.62134076718644e-2,98,2.8510260695771082e-2,2.8510260695771082e-2,9.078930421181658e-2,0.8859589572169156,0.8859589572169156,-3.7228596050985185,2.8510260695771082e-2,2.8510260695771082e-2,9.078930421181658e-2,316.55431827942436,316.55431827942436,316.6165973229404
