id,Expression,theta,size,MSE_train,MSE_val,MSE_test,R2_train,R2_val,R2_test,nll_train,nll_val,nll_test,mdl_train,mdl_val,mdl_test
0,(Abs((Abs(((x23 + x9) / ((Abs(x13) ^ x1) * Recip((-3.830247591025557e-2 - x8))))) ^ (((Abs(x30) ^ (-1.5597253643862459 + x7)) * x4) + (x14 * x21)))) ^ ((x7 / Recip(((x14 + (x4 * 0.3383785407545286)) * ((((x22 + x28) - ((((Abs(x9) ^ (x1 + 0.5645389988127704)) + (x23 + (Abs(x13) ^ x1))) + x28) + x20)) + x24) + (Abs(Recip((x18 + x23))) ^ ((Abs(x12) ^ x1) * x2)))))) + x5)),-3.830247591025557e-2;-1.5597253643862459;0.3383785407545286;0.5645389988127704,76,0.10412874910250157,0.10412874910250157,3.0224668768707875e19,0.5834850035899937,0.5834850035899937,-1.5722872693481236e21,0.10412874910250157,0.10412874910250157,3.0224668768707875e19,218.98768484014013,218.98768484014013,3.0224668768707875e19
