id,Expression,theta,size,MSE_train,MSE_val,MSE_test,R2_train,R2_val,R2_test,nll_train,nll_val,nll_test,mdl_train,mdl_val,mdl_test
0,(((x29 + 0.2348675691749181) / (((x10 + x11) / ((Abs(x28) ^ ((Recip((Abs(x17) ^ ((-1.9319169447718274 * x14) + -7.189618987480891))) / ((x11 + x13) / ((Abs((x20 + -3.0826557245742654)) ^ x10) - x17))) * ((x23 * x1) * (Abs(((x28 * 0.8071625016257143) + 6.797496725491953e-2)) ^ x10)))) - x17)) + ((Abs(x0) ^ ((Recip((Abs(x23) ^ ((-6.134603629100079 * (x23 * (x29 + -5.210282660545286))) + -0.7691871541126682))) / (x13 * x5)) * ((x23 * x1) * (Abs((Abs(x14) ^ x2)) ^ x10)))) / (Abs(x30) ^ (x19 + 0.8005326369512034))))) - x26),0.2348675691749181;-1.9319169447718274;-7.189618987480891;-3.0826557245742654;0.8071625016257143;6.797496725491953e-2;-6.134603629100079;-5.210282660545286;-0.7691871541126682;0.8005326369512034,90,5.616569642991274e-2,5.616569642991274e-2,0.7735703873647787,0.7753372142803491,0.7753372142803491,-39.24113155071425,5.616569642991274e-2,5.616569642991274e-2,0.7735703873647787,254.03119718669103,254.03119718669103,254.7486018776259
