id,Expression,theta,size,MSE_train,MSE_val,MSE_test,R2_train,R2_val,R2_test,nll_train,nll_val,nll_test,mdl_train,mdl_val,mdl_test
0,((x25 - (((((-1.1385506922117594 - (x26 + (0.25209120670517626 / (x16 / (((x2 - (0.10975390607485405 + (0.1281216383033966 / ((((x12 / x26) / (x12 - (x18 + 0.629594695334778))) + (Recip((x30 * x5)) + x25)) / ((Abs(x5) ^ (x22 * -0.8423143967649647)) * (Abs(x7) ^ (Abs(x17) ^ x1))))))) - (-0.6833008560081721 + (((((Abs(x2) ^ ((Abs((Abs(x17) ^ x20)) ^ x2) + x2)) - x2) - (-0.30261092422127583 + (x10 + (x12 / x7)))) * -0.41200477509348943) + x26))) * -2.8281949015643626))))) * x30) - x2) + x25) * ((-0.9757257965535956 - x9) / x14))) / ((Abs((Recip((x30 * x5)) + (Abs(x23) ^ x1))) ^ x30) + x25)),-1.1385506922117594;0.25209120670517626;0.10975390607485405;0.1281216383033966;0.629594695334778;-0.8423143967649647;-0.6833008560081721;-0.30261092422127583;-0.41200477509348943;-2.8281949015643626;-0.9757257965535956,105,5.9900725013577426e-2,5.9900725013577426e-2,0.14145289528821622,0.7603970999456903,0.7603970999456903,-6.358379612892727,5.9900725013577426e-2,5.9900725013577426e-2,0.14145289528821622,308.3311222687643,308.3311222687643,308.412674439039
