id,Expression,theta,size,MSE_train,MSE_val,MSE_test,R2_train,R2_val,R2_test,nll_train,nll_val,nll_test,mdl_train,mdl_val,mdl_test
0,(Abs((((Abs(x6) ^ x29) * x22) * x22)) ^ (Abs((Abs(((Abs(x3) ^ (x30 * x8)) - (x0 - x7))) ^ ((x14 - (x16 / x6)) / (x16 / (Abs(4.476808098663087) ^ x16))))) ^ (Recip((Abs(Recip(x29)) ^ ((x18 * -4.194092130703688) / x17))) / (((Abs(((Recip(x13) + x15) * (Abs(x11) ^ x19))) ^ Recip((x0 * 0.8477993357106254))) + (Recip((Recip(x10) - (x17 / x16))) / (x18 / (x25 / x8)))) * x26)))),4.476808098663087;-4.194092130703688;0.8477993357106254,78,4.953798245213787e-2,4.953798245213787e-2,0.19816791002680925,0.8018480701914485,0.8018480701914485,-9.308694679594224,4.953798245213787e-2,4.953798245213787e-2,0.19816791002680925,224.8581991059344,224.8581991059344,225.00682903350906
