id,Expression,theta,size,MSE_train,MSE_val,MSE_test,R2_train,R2_val,R2_test,nll_train,nll_val,nll_test,mdl_train,mdl_val,mdl_test
0,((((x14 + 0.6428327482578724) - ((Abs(x21) ^ x20) * (Abs(x10) ^ (Abs(Recip(x8)) ^ ((-2.061183199240962 + x20) * (x21 + x21)))))) / (((x13 + x9) / (Abs(x23) ^ x13)) / x6)) * (Recip(((x21 * Recip(((x8 + x13) * x21))) + ((Recip((((x8 + x9) + x13) * x21)) + x13) + x6))) + (((x12 / (((x22 * (x23 * x17)) * (x1 / x13)) - Recip(((x8 + x13) * x21)))) + 14.273275182192059) + ((Abs(2.3163665475799022) ^ (x16 - x17)) - x10)))),0.6428327482578724;-2.061183199240962;14.273275182192059;2.3163665475799022,87,6.1103796842884625e-2,6.1103796842884625e-2,9.022493841583412e-2,0.7555848126284614,0.7555848126284614,-3.6935012963915117,6.1103796842884625e-2,6.1103796842884625e-2,9.022493841583412e-2,249.71194369016357,249.71194369016357,249.74106483173654
