id,Expression,theta,size,MSE_train,MSE_val,MSE_test,R2_train,R2_val,R2_test,nll_train,nll_val,nll_test,mdl_train,mdl_val,mdl_test
0,(Recip((((((Abs((((((x24 - x20) + x1) + Recip((Abs(((0.3180604066419043 - x7) - (-0.7629498713493349 - x4))) ^ x13))) - ((x29 + Recip(x7)) / x2)) * ((((((x24 - x20) - x23) * (x23 / x1)) + (Abs(0.5662298986983668) ^ x4)) + x10) - (x1 * -0.5273887973089788)))) ^ (x23 / x1)) * ((((x1 * x14) + x14) + Recip(Recip(((5.64976651423246 - x4) * x1)))) * Recip((Abs((Recip(Recip((Abs((x19 / x27)) ^ x6))) - (((x23 * x10) + 1.0762341265957067) - x15))) ^ x13)))) / x27) * x14) + Recip(x1))) / Recip((10.95493629237776 * ((x1 * 2.308627904342315) + x14)))),0.3180604066419043;-0.7629498713493349;0.5662298986983668;-0.5273887973089788;5.64976651423246;1.0762341265957067;10.95493629237776;2.308627904342315,102,0.15860494880296241,0.15860494880296241,0.24949805731460878,0.36558020478815034,0.36558020478815034,-11.978888941505453,0.15860494880296241,0.15860494880296241,0.24949805731460878,299.98972292455966,299.98972292455966,300.0806160330713
