id,Expression,theta,size,MSE_train,MSE_val,MSE_test,R2_train,R2_val,R2_test,nll_train,nll_val,nll_test,mdl_train,mdl_val,mdl_test
0,(Abs((((x6 / (Recip((((0.8864419686283834 / x0) - Recip(Recip((((x20 + Recip(x26)) * (x23 + Recip(x26))) - x9)))) / ((-5.384025687106641 / x22) * (x14 / (x8 + x28))))) / (x23 / (Recip((x22 / (x23 + (((x6 + ((x19 - x7) + x14)) * x6) - (Recip(x20) / x24))))) + ((Abs(Recip(x11)) ^ x23) + x6))))) * (x28 / (x1 * 4.401923807351158))) * ((Abs(x0) ^ -3.2420008945898977) - x30))) ^ x25),0.8864419686283834;-5.384025687106641;4.401923807351158;-3.2420008945898977,76,0.1277273032876869,0.1277273032876869,0.991376657830493,0.48909078684925245,0.48909078684925245,-50.571413740340276,0.1277273032876869,0.1277273032876869,0.991376657830493,232.12565691868772,232.12565691868772,232.98930627323054
