id,Expression,theta,size,MSE_train,MSE_val,MSE_test,R2_train,R2_val,R2_test,nll_train,nll_val,nll_test,mdl_train,mdl_val,mdl_test
0,Recip(((Abs((((x16 + (Abs(x22) ^ x5)) + (Abs(x19) ^ x21)) / (x18 + x24))) ^ ((x6 * 29.006217428328142) + (x14 * ((x7 - x29) * (x1 / ((Abs(x12) ^ ((((x18 + x1) / ((Abs((Abs((Abs(x9) ^ x24)) ^ x17)) ^ (x15 + (x14 * 10.034443859932775))) * x13)) - (x6 * -22.78328180953574)) / (Abs(x17) ^ (((((x6 * (x9 * x21)) + (x5 * 0.6664340334886256)) * (x9 * x21)) + (x5 * -13.247487736132515)) * x14)))) * ((Abs(x25) ^ x1) + x1))))))) + Recip((Abs(x17) ^ (((x6 * 1.7219395448256702) + (x5 * 8.549937632976418)) * (x7 + ((x11 - x6) * x14))))))),29.006217428328142;10.034443859932775;-22.78328180953574;0.6664340334886256;-13.247487736132515;1.7219395448256702;8.549937632976418,107,9.695378580739582e-3,9.695378580739582e-3,9.109094882893631e-2,0.9612184856770417,0.9612184856770417,-3.738551158081086,9.695378580739582e-3,9.695378580739582e-3,9.109094882893631e-2,316.04505956666446,316.04505956666446,316.1264551369127
