id,Expression,theta,size,MSE_train,MSE_val,MSE_test,R2_train,R2_val,R2_test,nll_train,nll_val,nll_test,mdl_train,mdl_val,mdl_test
0,Recip((Abs((-7.445105634911976 - Recip(x24))) ^ (((Abs((x11 * x1)) ^ (x23 * 18.24076287819384)) / (Recip(x14) / (Abs((x8 / x21)) ^ (((Abs(x3) ^ (x30 / x15)) * x1) + -3.244621765293296)))) * (Abs((x3 + Recip((Abs(x2) ^ (Abs((x6 / x21)) ^ (x14 + -18.9462361419518)))))) ^ ((Abs(x20) ^ (((Abs(-0.2663080096281768) ^ (x8 + x17)) / (x0 - x24)) / ((x5 * ((x1 - x25) + x24)) + (Abs(x25) ^ (x28 - x20))))) + (Abs(x2) ^ (Abs((((x30 - x25) / x30) + Recip(x20))) ^ ((x23 + x0) + Recip(((x6 / x20) / ((x8 / x21) * Recip(Recip((Abs(x2) ^ x28)))))))))))))),-7.445105634911976;18.24076287819384;-3.244621765293296;-18.9462361419518;-0.2663080096281768,112,5.107162653532442e-2,5.107162653532442e-2,0.11301784846452462,0.7957134938587023,0.7957134938587023,-4.8791884771243454,5.107162653532442e-2,5.107162653532442e-2,0.11301784846452462,318.71977828848713,318.71977828848713,318.7817245104164
