id,Expression,theta,size,MSE_train,MSE_val,MSE_test,R2_train,R2_val,R2_test,nll_train,nll_val,nll_test,mdl_train,mdl_val,mdl_test
0,Recip(Recip((Abs(Recip((Recip(x11) + (Abs(x18) ^ ((Abs(x15) ^ (((x27 + ((0.8939398689934998 * (((((x27 + (x5 - (0.29928632914880954 - x26))) - (1.579282110417872e-2 - x26)) - ((-0.25812147719625234 / (Abs(x8) ^ x25)) - x25)) / (x11 + (x28 * x14))) + ((Abs(x16) ^ x9) * (Recip(Recip(Recip(x28))) * x9)))) - x13)) - (1.2928028065436832 - x26)) - ((0.16955938451935462 / (Abs(x8) ^ x25)) - x25))) + (((x14 + x5) * (((Abs(x17) ^ x24) / x15) + ((Abs(x16) ^ x14) * -0.1983074425344965))) * -3.6779448086021214)))))) ^ x1))),0.8939398689934998;0.29928632914880954;1.579282110417872e-2;-0.25812147719625234;1.2928028065436832;0.16955938451935462;-0.1983074425344965;-3.6779448086021214,92,5.7196619632439216e-2,5.7196619632439216e-2,7.28520065881998e-2,0.7712135214702431,0.7712135214702431,-2.789761382718009,5.7196619632439216e-2,5.7196619632439216e-2,7.28520065881998e-2,263.43871075768106,263.43871075768106,263.4543661446368
