id,Expression,theta,size,MSE_train,MSE_val,MSE_test,R2_train,R2_val,R2_test,nll_train,nll_val,nll_test,mdl_train,mdl_val,mdl_test
0,((Abs((x0 / (Abs(((((Abs(((x8 - x18) / x1)) ^ -65.28214290467565) * (Recip(x27) - (Abs(((((x4 + x2) * x21) / Recip(Recip(x25))) * ((Abs((-3.6490588403626183 * (Abs((x21 - x4)) ^ -9.395662258992695))) ^ (Abs(x15) ^ x23)) * x16))) ^ (Recip(Recip((x26 - (x16 / x22)))) - ((Abs(((x7 / ((Abs(x27) ^ x23) + x30)) + x0)) ^ x18) + (x30 * x24)))))) / ((x9 / x3) * (x30 * x24))) + (x11 + x23))) ^ x24))) ^ x17) - Recip(((Abs((x0 / (Abs(x21) ^ 15.513197533511423))) ^ x17) / (x9 / x28)))),-65.28214290467565;-3.6490588403626183;-9.395662258992695;15.513197533511423,100,0.11034180252990632,0.11034180252990632,0.14300617237992802,0.5586327898803747,0.5586327898803747,-6.439181087203571,0.11034180252990632,0.11034180252990632,0.14300617237992802,299.7996706713261,299.7996706713261,299.8323350411762
