id,Expression,theta,size,MSE_train,MSE_val,MSE_test,R2_train,R2_val,R2_test,nll_train,nll_val,nll_test,mdl_train,mdl_val,mdl_test
0,(Abs(x1) ^ (Abs(((((0.8402877676166182 - Recip((-0.5034125911220316 * ((Abs(x2) ^ x30) - ((Abs(x3) ^ 0.23457739702089048) + (((0.26972059369451856 * x21) / x25) - x16)))))) - (Recip(x5) - x7)) / Recip((x13 * ((x0 / x2) + x7)))) / (x1 + 0.957604040250272))) ^ (Recip(((Abs(x14) ^ x29) / (x29 - (x29 * x20)))) / x1))),0.8402877676166182;-0.5034125911220316;0.23457739702089048;0.26972059369451856;0.957604040250272,58,1.1957754776382746e-2,1.1957754776382746e-2,2.0053181921651386e10,0.952168980894469,0.952168980894469,-1.0431665235632651e12,1.1957754776382746e-2,1.1957754776382746e-2,2.0053181921651386e10,161.3716469541178,161.3716469541178,2.0053182083011074e10
