id,Expression,theta,size,MSE_train,MSE_val,MSE_test,R2_train,R2_val,R2_test,nll_train,nll_val,nll_test,mdl_train,mdl_val,mdl_test
0,(Abs(((Abs(x13) ^ 9.553427973852322) * ((x28 - (x15 + x30)) - (x30 + x13)))) ^ ((6.8515180486380185 - (Abs(x4) ^ x8)) * (Abs((-1.4395135466327365 * Recip((x27 / x5)))) ^ (-15.824158629074379 * x8)))),9.553427973852322;6.8515180486380185;-1.4395135466327365;-15.824158629074379,34,8.479905495634875e-4,8.479905495634875e-4,Infinity,0.996608037801746,0.996608037801746,-Infinity,8.479905495634875e-4,8.479905495634875e-4,Infinity,81.24235402361586,81.24235402361586,Infinity
