id,Expression,theta,size,MSE_train,MSE_val,MSE_test,R2_train,R2_val,R2_test,nll_train,nll_val,nll_test,mdl_train,mdl_val,mdl_test
0,Recip((((Abs((Recip(x9) / (Recip((x14 * 168.02883598766124)) / ((x28 * Recip(x20)) / Recip(x26))))) ^ x25) + x19) - ((0.45341074665701137 - (Recip(((((x16 + x3) + (((x18 + (x27 / x8)) - Recip(x24)) + x23)) - x6) - (x3 - x10))) * ((Abs((x16 - x7)) ^ (x27 * x27)) * x23))) + ((Recip(x13) * ((((Abs(x3) ^ Recip(Recip((x27 / x8)))) + (x22 + x25)) * x5) * ((x17 * x14) - (Abs(x7) ^ x3)))) - (Abs((x19 - x16)) ^ Recip((x27 * (x23 * Recip(x21))))))))),168.02883598766124;0.45341074665701137,96,9.503456829157779e-2,9.503456829157779e-2,0.10962406427452577,0.6198617268336888,0.6198617268336888,-4.702643823560613,9.503456829157779e-2,9.503456829157779e-2,0.10962406427452577,306.5189550970607,306.5189550970607,306.53354459304364
