id,Expression,theta,size,MSE_train,MSE_val,MSE_test,R2_train,R2_val,R2_test,nll_train,nll_val,nll_test,mdl_train,mdl_val,mdl_test
0,(Abs((Abs(0.9947860247398502) ^ x11)) ^ (Abs((x28 * x28)) ^ ((((Abs(((((x28 * x28) * 1.5440203340729708e-3) - x24) / (Abs((-1.7274539363847458e-2 * (x15 * (((Abs((x17 + x4)) ^ x17) / x5) / x5)))) ^ (Recip(((((x28 + x28) * x15) / x21) / x27)) - x27)))) ^ ((((((Abs(x27) ^ (x27 - x0)) * x28) * 0.44012852974702243) - x24) / (Abs((0.6731745712791781 / x1)) ^ (Abs(x28) ^ x5))) + (Abs((((x27 - x0) * (x26 + x15)) * Recip(x1))) ^ x22))) * x6) - (1.5716445550622498 / x1)) + (-0.5258937605373416 * (Recip((0.6667251794260178 - x0)) * x2))))),0.9947860247398502;1.5440203340729708e-3;-1.7274539363847458e-2;0.44012852974702243;0.6731745712791781;1.5716445550622498;-0.5258937605373416;0.6667251794260178,100,1.5294666076367402e-2,1.5294666076367402e-2,Infinity,0.9388213356945304,0.9388213356945304,-Infinity,1.5294666076367402e-2,1.5294666076367402e-2,Infinity,278.20911546832485,278.20911546832485,Infinity
