id,Expression,theta,size,MSE_train,MSE_val,MSE_test,R2_train,R2_val,R2_test,nll_train,nll_val,nll_test,mdl_train,mdl_val,mdl_test
0,(Abs((Abs(x21) ^ x0)) ^ ((x6 / (Abs((Recip((x27 - x17)) * (Abs(((Abs(x25) ^ ((Abs(((x26 - x28) / x5)) ^ x20) + 1.9381695507575574)) * Recip(x22))) ^ (Abs(Recip((Recip((Abs(x0) ^ (x18 * (x22 * -1.1065291813798004)))) - x20))) ^ (x22 - Recip(x18)))))) ^ (x10 / x28))) / (Abs(((Abs(x0) ^ 2.022319135170112) * x0)) ^ (Abs(Recip((Abs(-1.7301091534092665) ^ x27))) ^ (x22 - x23))))),1.9381695507575574;-1.1065291813798004;2.022319135170112;-1.7301091534092665,73,5.879975678759026e-2,5.879975678759026e-2,0.12733361187909195,0.764800972849639,0.764800972849639,-5.62389448995011,5.879975678759026e-2,5.879975678759026e-2,0.12733361187909195,185.7746684579164,185.7746684579164,185.8432023130079
