id,Expression,theta,size,MSE_train,MSE_val,MSE_test,R2_train,R2_val,R2_test,nll_train,nll_val,nll_test,mdl_train,mdl_val,mdl_test
0,(((Abs(((x24 / x16) + (x30 - (x18 + -42.29407055031184)))) ^ (((x12 - (x16 - x26)) - (x16 - x26)) * (Abs((x11 - x9)) ^ x10))) + Recip((Recip(((x16 - x26) * x27)) / (Abs(Recip(x17)) ^ (x24 * x19))))) / ((Abs(((x10 + x22) / (x7 / x24))) ^ ((((Abs(x10) ^ (x27 - x22)) / x10) + x24) / ((x26 * x2) - (x15 * Recip((x29 - x9)))))) + (Recip(((x14 * x12) + 0.6728864105793045)) + (((x29 + x0) / Recip(x17)) - ((x19 + x13) * (x16 - x26)))))),-42.29407055031184;0.6728864105793045,96,3.3775420343149995e-2,3.3775420343149995e-2,0.3723136396474802,0.8648983186274,0.8648983186274,-18.36775553446118,3.3775420343149995e-2,3.3775420343149995e-2,0.3723136396474802,299.9549302267371,299.9549302267371,300.2934684460414
