id,Expression,theta,size,MSE_train,MSE_val,MSE_test,R2_train,R2_val,R2_test,nll_train,nll_val,nll_test,mdl_train,mdl_val,mdl_test
0,((((x27 / (x3 + x0)) / x4) / ((x0 / (Abs(((Recip((x1 + (x27 * (x6 / x9)))) * (Abs((((x20 - x10) - (x21 / x22)) + x12)) ^ (Abs(((x4 * x26) * x29)) ^ (Abs(x4) ^ (x3 * x23))))) - ((x12 - (x14 + (Abs(x15) ^ (Abs(x15) ^ x4)))) * ((x26 - x1) + (x20 - x28))))) ^ ((((((x29 / x14) * x12) * -1.11684267497051) / x24) + (x4 - ((x10 - x27) + x4))) / x2))) + (Abs(((0.5138792487547873 + x27) - x18)) ^ ((Abs(x27) ^ x29) * x26)))) * x3),-1.11684267497051;0.5138792487547873,100,3.465056773937031e-2,3.465056773937031e-2,2.4425176039553395e-2,0.8613977290425188,0.8613977290425188,-0.2705976575775191,3.465056773937031e-2,3.465056773937031e-2,2.4425176039553395e-2,306.59746550385813,306.59746550385813,306.58724011215827
