id,Expression,theta,size,MSE_train,MSE_val,MSE_test,R2_train,R2_val,R2_test,nll_train,nll_val,nll_test,mdl_train,mdl_val,mdl_test
0,((((Abs(x18) ^ x3) * x25) * Recip(x14)) / ((x16 + (Abs((Abs((x18 + 5056.660534523302)) ^ x29)) ^ x11)) + (Abs(((x0 * ((Abs(x17) ^ x5) / x1)) - (((Abs((Abs(((Abs(((x20 / x23) / x30)) ^ x25) * x30)) ^ x20)) ^ x1) + x17) * (x0 + x9)))) ^ ((((Recip((Recip(Recip((x28 * x22))) + ((-1526.5483405965397 / (x10 / ((x26 + (Abs(x15) ^ (x18 - x15))) + x13))) / (x28 * Recip((Abs(x25) ^ x2)))))) + x13) + x29) * 2451.2466005295255) / Recip((x18 - x15)))))),5056.660534523302;-1526.5483405965397;2451.2466005295255,95,3.550497237436066e-2,3.550497237436066e-2,5.448165702170249e-2,0.8579801105025573,0.8579801105025573,-1.8341357982688553,3.550497237436066e-2,3.550497237436066e-2,5.448165702170249e-2,286.2556505212247,286.2556505212247,286.27462720587204
