id,Expression,theta,size,MSE_train,MSE_val,MSE_test,R2_train,R2_val,R2_test,nll_train,nll_val,nll_test,mdl_train,mdl_val,mdl_test
0,((x1 + 0.1848697357399852) / (((Abs(x23) ^ (((x6 + (-11.944390378726737 * x7)) / ((((x9 - (x17 - x25)) * x13) + x9) - x3)) * (((x3 * x25) + (Abs((Abs(x30) ^ (x17 * (x19 - x17)))) ^ x21)) * x15))) / ((Abs(((Abs(x13) ^ (x15 - x25)) * (x5 * ((x25 + x20) - x17)))) ^ x5) * ((Abs(((Abs((x22 - (x20 + Recip(x28)))) ^ (x18 + x7)) * (x5 * (x19 - x17)))) ^ x5) * x16))) + (Abs((((x6 + (x1 * x1)) / ((x9 - x17) - x3)) * (x5 * x15))) ^ x18))),0.1848697357399852;-11.944390378726737,102,2.6933220802252487e-2,2.6933220802252487e-2,7.91292349922331e-2,0.89226711679099,0.89226711679099,-3.1163028042958087,2.6933220802252487e-2,2.6933220802252487e-2,7.91292349922331e-2,306.2880077948216,306.2880077948216,306.3402038090116
