id,Expression,theta,size,MSE_train,MSE_val,MSE_test,R2_train,R2_val,R2_test,nll_train,nll_val,nll_test,mdl_train,mdl_val,mdl_test
0,(((((((x23 + x3) + x3) / (-3.188795210450216e12 - ((1.2370559054357312e11 - (x16 / x20)) * x6))) * (Abs((((Abs(x8) ^ x26) * (Abs((x20 + -5.9823154502798395e9)) ^ (x28 * x6))) * x9)) ^ x16)) * Recip(((((Abs((Abs(x22) ^ (x2 - x6))) ^ Recip((x0 + x11))) * ((-8.93007449677284e11 - (Abs(x16) ^ x23)) * x6)) / Recip(x26)) * ((x24 - (Abs(x23) ^ x23)) * x6)))) / (Abs((Abs((Abs(x22) ^ (x28 * x20))) ^ Recip(x6))) ^ (x23 + x3))) - (x0 * ((Abs((Abs(((Abs((x3 / x21)) ^ x18) - x21)) ^ (x8 * x28))) ^ 87.29685123862984) * ((-59.46456295170126 - (Abs(x16) ^ x23)) * x6)))),-3.188795210450216e12;1.2370559054357312e11;-5.9823154502798395e9;-8.93007449677284e11;87.29685123862984;-59.46456295170126,113,0.1424042400189919,0.1424042400189919,1.3768543263006594e20,0.4303830399240324,0.4303830399240324,-7.162396205415756e21,0.1424042400189919,0.1424042400189919,1.3768543263006594e20,310.55633161700484,310.55633161700484,1.3768543263006594e20
