id,Expression,theta,size,MSE_train,MSE_val,MSE_test,R2_train,R2_val,R2_test,nll_train,nll_val,nll_test,mdl_train,mdl_val,mdl_test
0,(x29 / ((((Abs((x7 / Recip(((((x5 / x25) - (((x17 * (Abs(x25) ^ x14)) / x25) - ((x10 - (x21 + x22)) - (Abs((-0.20439643544796385 + x9)) ^ x22)))) - (x6 - x19)) / (Recip((x3 - (Abs(x29) ^ x11))) - x17))))) ^ x3) + (x29 + ((x15 / x7) - ((x12 - x15) - x22)))) / ((((x15 * 29.37480764196453) - (Abs(x8) ^ (x15 * x15))) / (x29 + Recip((x25 + x15)))) - ((x9 - (x8 + x17)) / (Recip(Recip(x7)) + (x29 / x27))))) * x10)),-0.20439643544796385;29.37480764196453,93,7.051131819221254e-2,7.051131819221254e-2,8.153503225872583e-2,0.7179547272311498,0.7179547272311498,-3.2414523780987556,7.051131819221254e-2,7.051131819221254e-2,8.153503225872583e-2,283.33158390659383,283.33158390659383,283.3426076206604
