id,Expression,theta,size,MSE_train,MSE_val,MSE_test,R2_train,R2_val,R2_test,nll_train,nll_val,nll_test,mdl_train,mdl_val,mdl_test
0,(Abs(((((x29 + 1.23600664489747) / Recip(x25)) + (((Recip((x0 - x10)) * (Recip((Abs(Recip((x17 - (x4 / ((x17 / x15) - x24))))) ^ (Abs(Recip(x11)) ^ (x4 - (Abs((-0.5794529605143023 * ((x25 + x6) / (x6 + (x27 / (Abs((Abs((x27 / (x5 * (((x14 / (Abs(x13) ^ x11)) / x1) + x1)))) ^ x0)) ^ -0.1626191467919594)))))) ^ (Recip((x0 - x10)) * ((x29 + -6.19883274147296) / Recip(Recip(Recip(x11)))))))))) / Recip(Recip(Recip(x27))))) * 7.447491216134445) - (x27 / (Abs(x29) ^ -3.331386049000391)))) * x19)) ^ x10),1.23600664489747;-0.5794529605143023;-0.1626191467919594;-6.19883274147296;7.447491216134445;-3.331386049000391,95,0.11802396576618154,0.11802396576618154,0.5506887184538507,0.5279041369352738,0.5279041369352738,-27.64682713396822,0.11802396576618154,0.11802396576618154,0.5506887184538507,272.90602075160217,272.90602075160217,273.33868550428986
