id,Expression,theta,size,MSE_train,MSE_val,MSE_test,R2_train,R2_val,R2_test,nll_train,nll_val,nll_test,mdl_train,mdl_val,mdl_test
0,(Abs(x10) ^ (Abs((Recip(Recip(Recip((x25 + ((x2 + (((x10 + x4) * ((x15 / x26) + ((x15 / x6) + x29))) * ((Abs(x10) ^ x13) + (x14 + 5.9274449894033396e-2)))) * x11))))) - (x15 + (x15 * x20)))) ^ Recip(x22))),5.9274449894033396e-2,44,5.590254488285165e-2,5.590254488285165e-2,0.12239905476264597,0.7763898204685934,0.7763898204685934,-5.3671988287526,5.590254488285165e-2,5.590254488285165e-2,0.12239905476264597,122.88092576059648,122.88092576059648,122.94742227047628
