id,Expression,theta,size,MSE_train,MSE_val,MSE_test,R2_train,R2_val,R2_test,nll_train,nll_val,nll_test,mdl_train,mdl_val,mdl_test
0,((((x19 * (x13 * ((x21 * (x19 - x27)) + x11))) + (x19 / (Abs(x24) ^ (-24.59711716303103 * x19)))) + (Abs((Abs(x27) ^ x28)) ^ (x16 + x28))) * ((Abs((Recip(((-50.9442695292606 * x4) / (x26 + x11))) / (Recip((x0 / x17)) * x19))) ^ (x19 / (Abs(((Abs((Recip((((x20 + -9.354935223108656) * -11.532636584071872) / (x26 + x11))) / (Recip((x0 / x17)) * x19))) ^ (((-15.74874553659263 / x10) / Recip(x12)) / (Abs(x24) ^ ((x12 * (x13 * 14.560946501279963)) * x10)))) - x27)) ^ ((x12 * (x13 * -16.410536346835514)) * x10)))) - x27)),-24.59711716303103;-50.9442695292606;-9.354935223108656;-11.532636584071872;-15.74874553659263;14.560946501279963;-16.410536346835514,99,6.795727787810878e-2,6.795727787810878e-2,Infinity,0.7281708884875648,0.7281708884875648,-Infinity,6.795727787810878e-2,6.795727787810878e-2,Infinity,284.4438629868432,284.4438629868432,Infinity
