id,Expression,theta,size,MSE_train,MSE_val,MSE_test,R2_train,R2_val,R2_test,nll_train,nll_val,nll_test,mdl_train,mdl_val,mdl_test
0,(Abs(((x22 + x7) * (((Abs(Recip(x8)) ^ ((x27 * (x21 + (x16 - (x6 + x4)))) * x29)) * (x12 / Recip(x9))) * Recip((Recip(x2) * (Abs(x17) ^ x19)))))) ^ (Abs((Abs((((Abs((x21 + x12)) ^ ((x16 + ((Recip(Recip(Recip((Recip(Recip(x10)) * 0.16635932907276166)))) * x8) + x8)) * Recip(((x26 + x3) * x13)))) * x30) + x7)) ^ (Abs(x6) ^ (x25 * Recip(x10))))) ^ Recip((Abs((Abs((Recip(Recip(((x26 + x3) * x13))) * x22)) ^ (x27 / (x30 + x21)))) ^ (Abs((x10 * 4.769885418599649e-3)) ^ (1.9624231710717341 * x30)))))),0.16635932907276166;4.769885418599649e-3;1.9624231710717341,103,5.606157830643972e-2,5.606157830643972e-2,0.12155444209393565,0.7757536867742412,0.7757536867742412,-5.323262077726291,5.606157830643972e-2,5.606157830643972e-2,0.12155444209393565,306.56889011670904,306.56889011670904,306.6343829804966
