id,Expression,theta,size,MSE_train,MSE_val,MSE_test,R2_train,R2_val,R2_test,nll_train,nll_val,nll_test,mdl_train,mdl_val,mdl_test
0,((Abs((Abs(Recip(x26)) ^ (-1.8026805161153678 * (Abs((x26 + Recip((Recip(((((x5 * (x8 + x15)) + (((x26 * (Abs((Abs((x1 + (x8 + x15))) ^ ((x23 + Recip((x9 + x12))) * ((x30 + Recip(x26)) + (x15 - x3))))) ^ x9)) - (x28 + x22)) - x26)) - x9) * Recip(((x26 * x28) - (Abs(x1) ^ x14))))) / (x1 + Recip((x9 + x12))))))) ^ ((x12 * 0.1576021672215917) * (x18 + Recip((x9 + ((x28 * ((x16 + x8) + (x0 - (x29 * x28)))) / x1))))))))) ^ x26) + -0.655368938022196),-1.8026805161153678;0.1576021672215917;-0.655368938022196,97,7.027666318556477e-2,7.027666318556477e-2,Infinity,0.7188933472577409,0.7188933472577409,-Infinity,7.027666318556477e-2,7.027666318556477e-2,Infinity,289.2731752248486,289.2731752248486,Infinity
