id,Expression,theta,size,MSE_train,MSE_val,MSE_test,R2_train,R2_val,R2_test,nll_train,nll_val,nll_test,mdl_train,mdl_val,mdl_test
0,(x10 / (Abs((Abs(((Abs((((((Abs(x10) ^ 4.622772611534741e-2) - Recip((x19 * (Abs((Abs(x11) ^ x21)) ^ 5.551312101186095)))) + Recip((x28 - x26))) + x24) / ((x4 / x14) / x20))) ^ (Abs(x10) ^ x21)) - (Recip(x28) + ((((((x2 / (x13 + x21)) + (x28 + (Abs((Abs(x10) ^ x19)) ^ -258.5999904657231))) - (Abs(x6) ^ ((Abs(x10) ^ x21) + (Abs((x12 - Recip((x2 / x22)))) ^ (Abs(x13) ^ x25))))) + Recip(((x20 + Recip(x7)) * (Abs((Abs(x10) ^ x4)) ^ 49.70578831498359)))) / x3) + (x19 * (Abs((Abs(x10) ^ x21)) ^ -2.7982472250240167)))))) ^ x20)) ^ (x29 + (Abs((Abs(x29) ^ x21)) ^ x16)))),4.622772611534741e-2;5.551312101186095;-258.5999904657231;49.70578831498359;-2.7982472250240167,116,4.321843984658215e-2,4.321843984658215e-2,0.19227316782069054,0.8271262406136715,0.8271262406136715,-9.00205019003194,4.321843984658215e-2,4.321843984658215e-2,0.19227316782069054,319.7393944422665,319.7393944422665,319.8884491702406
