id,Expression,theta,size,MSE_train,MSE_val,MSE_test,R2_train,R2_val,R2_test,nll_train,nll_val,nll_test,mdl_train,mdl_val,mdl_test
0,((Recip((-22986.38594623014 * x2)) - ((x18 * -10.594855625324003) - Recip((33.266237011879504 * (((x10 + x17) + x12) / ((x13 + 42.99802506896452) / Recip((x12 - x10)))))))) + ((((((x22 / x14) + 10.568920148862619) - (((28.841356191486472 * x18) / x28) + x28)) * x18) + x7) - x25)),-22986.38594623014;-10.594855625324003;33.266237011879504;42.99802506896452;10.568920148862619;28.841356191486472,46,0.1011753984102815,0.1011753984102815,0.37871115507089353,0.595298406358874,0.595298406358874,-18.700554286787128,0.1011753984102815,0.1011753984102815,0.37871115507089353,130.42898922499623,130.42898922499623,130.70652498165686
