id,Expression,theta,size,MSE_train,MSE_val,MSE_test,R2_train,R2_val,R2_test,nll_train,nll_val,nll_test,mdl_train,mdl_val,mdl_test
0,Recip(((((x13 + Recip((Abs((x19 * ((((x28 - x22) + (x15 - Recip(x30))) * Recip((((x12 / (Abs(0.8689776174934163) ^ x5)) / x19) - x0))) + ((x27 / x9) / x11)))) ^ (x0 / (((x5 + (Abs(x14) ^ x4)) / x0) * -9.916355854128965e-2))))) - (x29 * x5)) + (Abs(((0.33065379270552925 * ((((x14 + (Abs(x14) ^ x4)) / x0) * 0.3213520055906514) + x26)) - x28)) ^ Recip((x0 + x19)))) - ((Abs((x19 * (Recip((x22 + x25)) - (x3 / Recip(x15))))) ^ (x0 / x12)) * x29))),0.8689776174934163;-9.916355854128965e-2;0.33065379270552925;0.3213520055906514,92,0.1152464286087659,0.1152464286087659,0.19967068865058116,0.5390142855649365,0.5390142855649365,-9.386869223602835,0.1152464286087659,0.1152464286087659,0.19967068865058116,276.938567367274,276.938567367274,277.02299162731583
