id,Expression,theta,size,MSE_train,MSE_val,MSE_test,R2_train,R2_val,R2_test,nll_train,nll_val,nll_test,mdl_train,mdl_val,mdl_test
0,((((1.1205304451476321 - x22) * (x10 + (x5 + ((Abs(Recip((((-0.6349124945655142 - x22) * (x24 + Recip((x4 / (x10 * x9))))) - (x30 - (((x13 / x27) + x13) - (((x10 * ((x25 - x4) * x1)) * (x24 + Recip((x4 / (x9 * ((x22 - x10) + (((Abs(x25) ^ (x0 - x8)) * x30) - (Abs(x10) ^ x22)))))))) * ((x25 - x4) * x30))))))) ^ 1.0803670738481626) - (Abs(x21) ^ x15))))) * ((Abs(((((x19 * 1.4971828356404135) - x30) - (x22 * x10)) + x0)) ^ x24) * (Abs(Recip(((x19 / x15) - x18))) ^ x9))) + x10),1.1205304451476321;-0.6349124945655142;1.0803670738481626;1.4971828356404135,103,5.254233874525147e-2,5.254233874525147e-2,0.1273752541535307,0.7898306450189941,0.7898306450189941,-5.626060721066415,5.254233874525147e-2,5.254233874525147e-2,0.1273752541535307,308.323763882496,308.323763882496,308.3985967979043
