id,Expression,theta,size,MSE_train,MSE_val,MSE_test,R2_train,R2_val,R2_test,nll_train,nll_val,nll_test,mdl_train,mdl_val,mdl_test
0,(Abs((x12 * (x19 - (x19 - (x29 * (x12 * (x14 - x6))))))) ^ Recip((Abs((Abs(x12) ^ ((x16 + ((Recip(((Abs((Abs(x0) ^ (x19 - (93.66745788627529 * x18)))) ^ x26) / (((Abs((x19 + x10)) ^ x0) * x27) - ((Abs((x2 / x3)) ^ (x27 / x16)) - (x6 * -46.11701268660573))))) * x10) * 110.00031697507521)) * (x2 - x26)))) ^ x23))),93.66745788627529;-46.11701268660573;110.00031697507521,66,1.8277187380847602e-5,1.8277187380847602e-5,3.991096279468353e-2,0.9999268912504766,0.9999268912504766,-1.0761682845793579,1.8277187380847602e-5,1.8277187380847602e-5,3.991096279468353e-2,179.62684210286935,179.62684210286935,179.66673478847665
