id,Expression,theta,size,MSE_train,MSE_val,MSE_test,R2_train,R2_val,R2_test,nll_train,nll_val,nll_test,mdl_train,mdl_val,mdl_test
0,(Abs(Recip(Recip((((((x6 - x19) - x18) + (Recip((x12 * ((Recip((-5.3905877991924644e-2 * x12)) / x2) * ((-0.41688923419949936 * x27) * (Abs(Recip((x2 * 0.2391131463392625))) ^ x23))))) - ((Recip((0.2337531353113473 * x12)) - (Abs(x5) ^ x10)) / (x27 * (x21 * 0.2357795916038493))))) * (Abs(((Recip((2.1359686465993112e-5 * x12)) - (Abs(x5) ^ x15)) / (x5 - (x13 - ((x2 / x1) - (Abs((x15 * x30)) ^ x26)))))) ^ x10)) + x21)))) ^ (x27 - ((x15 + x1) * (Abs(((x10 - x0) + (-0.43243013281662435 * x12))) ^ x1)))),-5.3905877991924644e-2;-0.41688923419949936;0.2391131463392625;0.2337531353113473;0.2357795916038493;2.1359686465993112e-5;-0.43243013281662435,93,9.723546849992527e-2,9.723546849992527e-2,0.13627069145248652,0.611058126000299,0.611058126000299,-6.0888013693580785,9.723546849992527e-2,9.723546849992527e-2,0.13627069145248652,269.7497380384068,269.7497380384068,269.7887732613593
