id,Expression,theta,size,MSE_train,MSE_val,MSE_test,R2_train,R2_val,R2_test,nll_train,nll_val,nll_test,mdl_train,mdl_val,mdl_test
0,(((((Abs((x14 + -3.1971462886771063)) ^ (x21 / x14)) + ((Recip((x1 * (x17 * x22))) * ((x2 * x23) * x18)) * -9.03061830020668e-2)) + (x8 + x9)) + ((((Abs(x2) ^ (x21 / (Abs(x9) ^ (((Recip(x14) / Recip(x27)) + ((x24 / x23) / x17)) / x28)))) + x9) + -1.4989318397324112) + (x8 + (x16 * Recip(Recip((x5 * x3))))))) * Recip(((((Abs(x13) ^ x5) + x9) + 0.6556016366562908) + (x6 + x9)))),-3.1971462886771063;-9.03061830020668e-2;-1.4989318397324112;0.6556016366562908,77,5.8611805627567494e-2,5.8611805627567494e-2,Infinity,0.76555277748973,0.76555277748973,-Infinity,5.8611805627567494e-2,5.8611805627567494e-2,Infinity,232.05654142102762,232.05654142102762,Infinity
