id,Expression,theta,size,MSE_train,MSE_val,MSE_test,R2_train,R2_val,R2_test,nll_train,nll_val,nll_test,mdl_train,mdl_val,mdl_test
0,Recip(((Abs((-0.47893308150588626 + (Recip((x5 * Recip(x23))) - (Abs(Recip((Recip(x10) / (x13 / x10)))) ^ x2)))) ^ Recip(((2.1776778764727163 / x24) - ((x8 - x12) * x29)))) + (Recip(x29) / (Abs((Abs(Recip(((Abs(x13) ^ (x5 * Recip(x23))) - Recip(((-0.24749987609253135 / (Abs((Abs(Recip(x23)) ^ x22)) ^ (2.1543652339215944 - Recip(((Abs(x24) ^ Recip((x12 / x3))) + (x30 / x14)))))) + (Abs((Recip(x23) + -0.7399458293992283)) ^ Recip((x29 / x23)))))))) ^ x16)) ^ (11.651160980351857 - x4))))),-0.47893308150588626;2.1776778764727163;-0.24749987609253135;2.1543652339215944;-0.7399458293992283;11.651160980351857,87,7.336899503697585e-2,7.336899503697585e-2,0.20584210294354602,0.7065240198520966,0.7065240198520966,-9.707906195122854,7.336899503697585e-2,7.336899503697585e-2,0.20584210294354602,241.17468035698565,241.17468035698565,241.3071534648922
