id,Expression,theta,size,MSE_train,MSE_val,MSE_test,R2_train,R2_val,R2_test,nll_train,nll_val,nll_test,mdl_train,mdl_val,mdl_test
0,(Abs(((Recip((Abs(x27) ^ (((x6 + (x16 * x12)) + x8) * ((x29 / x12) / Recip(((x12 * (x11 - x17)) + x8)))))) * 0.2123688804606237) / (Abs((x23 * (Abs(x18) ^ (Recip(x12) - x19)))) ^ ((Abs(x11) ^ x24) * x18)))) ^ ((Abs((Recip(Recip(((Recip(x12) / x29) * x25))) - x11)) ^ (((x26 + x24) * x24) - (x10 + -2.497851514882557))) * (((x26 + x24) + x26) / ((x12 * x27) - Recip(x27))))),0.2123688804606237;-2.497851514882557,80,0.10040573172511456,0.10040573172511456,Infinity,0.5983770730995417,0.5983770730995417,-Infinity,0.10040573172511456,0.10040573172511456,Infinity,228.8375472802405,228.8375472802405,Infinity
