id,Expression,theta,size,MSE_train,MSE_val,MSE_test,R2_train,R2_val,R2_test,nll_train,nll_val,nll_test,mdl_train,mdl_val,mdl_test
0,(Abs((Abs(x17) ^ x21)) ^ ((x17 + x13) - ((x12 / x10) * (-2.9980414622509714e-2 * (Recip((Abs((x22 + (Recip(((Abs(-0.6783044196113887) ^ x17) + Recip(x25))) - (2.1298307032709256 * x22)))) ^ (Abs((Recip(((Recip(((Abs(x29) ^ x17) + (Abs(x15) ^ (x13 + x13)))) - (0.22232791924178216 * x22)) - ((x25 + x17) - (-0.46419512291403814 * x22)))) / (x17 * (((Abs(x29) ^ x17) * x11) * x20)))) ^ x19))) - (x28 + 0.3708735644905982)))))),-2.9980414622509714e-2;-0.6783044196113887;2.1298307032709256;0.22232791924178216;-0.46419512291403814;0.3708735644905982,76,4.385280740818622e-2,4.385280740818622e-2,Infinity,0.8245887703672551,0.8245887703672551,-Infinity,4.385280740818622e-2,4.385280740818622e-2,Infinity,203.75364740907958,203.75364740907958,Infinity
