id,Expression,theta,size,MSE_train,MSE_val,MSE_test,R2_train,R2_val,R2_test,nll_train,nll_val,nll_test,mdl_train,mdl_val,mdl_test
0,((Abs((((x26 / x1) - x24) * (((x10 + x29) - x27) * x0))) ^ (Abs((Abs(x23) ^ x20)) ^ (15.973488068597035 + (Abs(x1) ^ (x4 + x9))))) / ((((Abs(((Abs((x7 - x3)) ^ (x0 * x12)) + ((x14 * x23) * x10))) ^ -381.57996812424994) * x10) + (Abs((x4 + x13)) ^ x21)) + Recip(((198.27097855495822 + x22) * x2)))),15.973488068597035;-381.57996812424994;198.27097855495822,63,1.6806701526308265e-2,1.6806701526308265e-2,0.11242255738691084,0.932773193894767,0.932773193894767,-4.848221435266878,1.6806701526308265e-2,1.6806701526308265e-2,0.11242255738691084,182.4702128307293,182.4702128307293,182.5658286865899
