id,Expression,theta,size,MSE_train,MSE_val,MSE_test,R2_train,R2_val,R2_test,nll_train,nll_val,nll_test,mdl_train,mdl_val,mdl_test
0,((Abs((2.6036097430620415e-2 * (x1 * x5))) ^ (Abs((x28 / x7)) ^ (((((x11 + x28) - ((((Recip(((Recip((Abs(((x24 - x8) - x1)) ^ Recip(Recip(x3)))) * (x29 * x22)) + (x3 + x14))) * (Abs((x29 - x2)) ^ x19)) + -2.0657986125821126) / x28) * Recip(Recip((x27 + -113.8435755518453))))) / ((x19 / x1) * Recip(x15))) + (Recip((Abs(Recip(((Abs(x11) ^ (x25 * x27)) * x11))) ^ (Abs(x2) ^ x3))) * ((x19 / x1) - (x4 - x7)))) / Recip(x27)))) - Recip((((316318.4264571861 + x8) - x11) + (Abs((x14 / x16)) ^ (Abs(x16) ^ (x19 + x6)))))),2.6036097430620415e-2;-2.0657986125821126;-113.8435755518453;316318.4264571861,107,7.595335889451828e-2,7.595335889451828e-2,0.18825341123044248,0.696186564421927,0.696186564421927,-8.792942452207244,7.595335889451828e-2,7.595335889451828e-2,0.18825341123044248,319.3694140849998,319.3694140849998,319.4817141373357
