id,Expression,theta,size,MSE_train,MSE_val,MSE_test,R2_train,R2_val,R2_test,nll_train,nll_val,nll_test,mdl_train,mdl_val,mdl_test
0,Recip(Recip(((Abs(Recip((x1 + (((Recip((Recip((x28 + (x19 - x26))) - ((x30 - (x17 / x26)) + (Abs(x7) ^ x16)))) - (((((x16 * ((((4.508795102365228 - x11) / x30) * (Abs(((Abs((Abs(x6) ^ ((x10 / x16) + x0))) ^ x16) / x20)) ^ (0.990175224712521 * x6))) * x6)) / x7) + -23.177163478777192) * x25) - x29)) / (((Recip(x9) - (Abs((x4 + x23)) ^ x23)) + 2.272375012737466) - x24)) + x6)))) ^ ((((Abs(x10) ^ x15) * (x30 / x1)) * (-0.6545774554290712 + x8)) - (Abs(x19) ^ x6))) * ((5.177361263396869 + x16) * x6)))),4.508795102365228;0.990175224712521;-23.177163478777192;2.272375012737466;-0.6545774554290712;5.177361263396869,101,5.303562622925486e-2,5.303562622925486e-2,0.2625817535228395,0.7878574950829805,0.7878574950829805,-12.659502818257591,5.303562622925486e-2,5.303562622925486e-2,0.2625817535228395,309.9480550725232,309.9480550725232,310.1576011998168
