id,Expression,theta,size,MSE_train,MSE_val,MSE_test,R2_train,R2_val,R2_test,nll_train,nll_val,nll_test,mdl_train,mdl_val,mdl_test
0,Recip(((Abs((Abs((((x15 - x25) * (((Recip(x1) / x28) * x9) - (x7 + (x18 + x14)))) + ((Abs(((-2.799610811487392 * (x16 / x18)) + (x9 + x8))) ^ ((4.095887629041803 * Recip(x28)) + (-1.1282439631940684 + x7))) + x20))) ^ ((Recip(x10) * x0) + (((x16 + x3) / x1) + x7)))) ^ ((x10 + x24) - Recip(((Recip(x15) / ((Abs((x16 / ((Abs(x24) ^ (x26 * 2.253951975746578)) / (x10 + (-2.004683526604346 * x26))))) ^ x28) / x24)) / ((x18 + x28) / (Recip(x7) - x4)))))) + (Abs((x16 - x12)) ^ ((x20 * Recip((1.8384062928023064 + x2))) * x18)))),-2.799610811487392;4.095887629041803;-1.1282439631940684;2.253951975746578;-2.004683526604346;1.8384062928023064,105,1.1135124634989147e-6,1.1135124634989147e-6,1.772882892642352e-2,0.9999955459501461,0.9999955459501461,7.774631924748376e-2,1.1135124634989147e-6,1.1135124634989147e-6,1.772882892642352e-2,322.5515583776392,322.5515583776392,322.56928609305317
