id,Expression,theta,size,MSE_train,MSE_val,MSE_test,R2_train,R2_val,R2_test,nll_train,nll_val,nll_test,mdl_train,mdl_val,mdl_test
0,(Abs(((Abs(((Abs(Recip((x25 / x4))) ^ (Recip((x15 + x0)) - x24)) * x2)) ^ (x15 / Recip(x5))) * ((x9 + (x28 * x25)) - (x28 * x0)))) ^ (Abs((((Abs((Recip(x23) + 0.9004555498472475)) ^ (((((x2 - x9) - x1) * ((Abs(x18) ^ x13) + -4.310379125461902)) + -1.7417861824872922) - (x4 * x29))) * -6.7310834100531824) + ((x12 * x5) + x16))) ^ ((Abs((x10 * (x18 / x15))) ^ (Abs(x26) ^ (Abs(x10) ^ x13))) * ((Abs(x29) ^ x30) / Recip((((x5 - x22) - Recip((Abs(-4.605872061313797e-4) ^ ((x11 * 0.663602317887216) + x7)))) + ((Abs(x4) ^ x22) * Recip(Recip((x30 * x10)))))))))),0.9004555498472475;-4.310379125461902;-1.7417861824872922;-6.7310834100531824;-4.605872061313797e-4;0.663602317887216,111,1.481631612075292e-3,1.481631612075292e-3,Infinity,0.9940734735516988,0.9940734735516988,-Infinity,1.481631612075292e-3,1.481631612075292e-3,Infinity,333.363768800273,333.363768800273,Infinity
