id,Expression,theta,size,MSE_train,MSE_val,MSE_test,R2_train,R2_val,R2_test,nll_train,nll_val,nll_test,mdl_train,mdl_val,mdl_test
0,Recip(((Abs((((x12 + x5) * (Recip(x1) / (x3 + x24))) + -0.7966599258668107)) ^ (x5 + (Recip(x1) + (Abs(((Abs((((x28 + x21) * Recip(((Abs(0.69459223275579) ^ x11) * ((Abs(x12) ^ (x3 + x18)) + ((Abs((Abs(((Abs(x12) ^ x5) * Recip(x21))) ^ ((x12 + x5) * (Recip(x1) / (x3 + x12))))) ^ (x7 / x28)) * x26))))) + x12)) ^ ((Abs(x12) ^ (x18 + x2)) + x12)) + Recip((Recip(x25) / (Abs((x5 + -0.2658404965629679)) ^ (x3 * x12)))))) ^ x11)))) + (Abs((Abs(((((x25 + x14) / x12) / x0) * -1.140650160560811e-2)) ^ x8)) ^ (x23 + x28)))),-0.7966599258668107;0.69459223275579;-0.2658404965629679;-1.140650160560811e-2,109,5.201162355096081e-2,5.201162355096081e-2,9.809173693364816e-2,0.7919535057961568,0.7919535057961568,-4.102732155288182,5.201162355096081e-2,5.201162355096081e-2,9.809173693364816e-2,304.1949505686785,304.1949505686785,304.2410306820612
