id,Expression,theta,size,MSE_train,MSE_val,MSE_test,R2_train,R2_val,R2_test,nll_train,nll_val,nll_test,mdl_train,mdl_val,mdl_test
0,(Abs((Recip(((x9 - Recip((Recip(Recip(((Abs(Recip(x18)) ^ x25) / x29))) / (1.2094221209920297 / x0)))) - Recip((x16 / (Abs(x30) ^ x0))))) * (Recip((x16 - Recip(Recip((0.8412739265656459 - Recip((x16 / x10))))))) * x24))) ^ (Recip(((Abs((((x18 * Recip(x18)) + x27) * (x19 + (x24 * (Abs(Recip(Recip((x18 - Recip((x16 / x10)))))) ^ x23))))) ^ 1.0762732160703918) / x29)) - (Recip((-0.8625973381976126 - Recip(x18))) * 2.0347920674235294))),1.2094221209920297;0.8412739265656459;1.0762732160703918;-0.8625973381976126;2.0347920674235294,77,3.589089375607337e-2,3.589089375607337e-2,0.7703646355971415,0.8564364249757065,0.8564364249757065,-39.07436834376177,3.589089375607337e-2,3.589089375607337e-2,0.7703646355971415,212.03549739373977,212.03549739373977,212.76997113558085
