id,Expression,theta,size,MSE_train,MSE_val,MSE_test,R2_train,R2_val,R2_test,nll_train,nll_val,nll_test,mdl_train,mdl_val,mdl_test
0,((Abs(-2.1392091718940884e-2) ^ ((Abs(x18) ^ ((((Abs(x25) ^ (x26 + (x17 / (Abs(x7) ^ (x18 + 0.10128104641884243))))) * (x13 + (0.36383005882875585 - x7))) * x18) / (x21 / (Abs((Abs((x8 * ((x23 - x1) / x3))) ^ (x23 * x8))) ^ (x0 / x1))))) * (1.081431352198402 * (x5 + (0.8404547669420245 - (x1 * x17)))))) * ((x13 + (0.2775750171347455 + (x5 + (1.3324523807260196 - (x1 * x17))))) * (Abs(((x4 * (Abs(x6) ^ x4)) * Recip((x20 + x14)))) ^ (x26 + (x17 / x1))))),-2.1392091718940884e-2;0.10128104641884243;0.36383005882875585;1.081431352198402;0.8404547669420245;0.2775750171347455;1.3324523807260196,88,8.817149522864268e-2,8.817149522864268e-2,0.10718184992296127,0.6473140190854293,0.6473140190854293,-4.575599832992232,8.817149522864268e-2,8.817149522864268e-2,0.10718184992296127,254.3324779230643,254.3324779230643,254.35148827775862
