id,Expression,theta,size,MSE_train,MSE_val,MSE_test,R2_train,R2_val,R2_test,nll_train,nll_val,nll_test,mdl_train,mdl_val,mdl_test
0,((((((Abs(x8) ^ (x21 * 1.1659432129119405)) / (x0 * (Abs(((Abs(x21) ^ ((x7 - (x30 * 5.753285938924787e-2)) - (x21 * -0.6070918324071285))) + x22)) ^ (-4.4244467020116 * (x17 + x25))))) + ((Abs(((Abs((x3 / x9)) ^ (x21 * 0.9322217689751102)) * (Abs(((Abs(Recip((x26 - (Abs(x30) ^ x30)))) ^ (x7 - (x21 * 0.8803675989904552))) + x22)) ^ (0.8013438148702368 * (x17 + x25))))) ^ x21) - (Abs(x3) ^ x9))) * ((x19 - x16) + -0.9454835160929067)) + (2.509406129041383 - (((Abs((x19 - x0)) ^ x21) - (Abs(((0.2882306526274245 + (Abs(x9) ^ -3.5583281014464245)) * ((x19 - (x27 / x13)) + 2.8139852477993315))) ^ x9)) + -2.49687022923908))) * x21),1.1659432129119405;5.753285938924787e-2;-0.6070918324071285;-4.4244467020116;0.9322217689751102;0.8803675989904552;0.8013438148702368;-0.9454835160929067;2.509406129041383;0.2882306526274245;-3.5583281014464245;2.8139852477993315;-2.49687022923908,108,3.6260279455145594e-2,3.6260279455145594e-2,0.1125412793152812,0.8549588821794176,0.8549588821794176,-4.8543973499807045,3.6260279455145594e-2,3.6260279455145594e-2,0.1125412793152812,296.77633580185346,296.77633580185346,296.8526168017136
