id,Expression,theta,size,MSE_train,MSE_val,MSE_test,R2_train,R2_val,R2_test,nll_train,nll_val,nll_test,mdl_train,mdl_val,mdl_test
0,(Abs(Recip((Recip(x0) + -1.212828263874251))) ^ ((Abs((Recip(x0) + 0.6017839706415894)) ^ ((x21 - (x8 + 6.875776652333618)) - x22)) * Recip((Abs(Recip((Recip(x0) + -0.3173445024410551))) ^ ((Abs((Recip(x0) + -2.0964531484834206)) ^ ((x21 - (x8 + -2.1588959646375434)) - x22)) * Recip((Recip(x11) - ((Recip(x11) * 0.12680294734097072) * (x0 * Recip((Recip(Recip((Recip(x0) + 7.878961646174146e-2))) * Recip((Recip(x6) + ((x12 * x20) / (x0 * Recip(x24)))))))))))))))),-1.212828263874251;0.6017839706415894;6.875776652333618;-0.3173445024410551;-2.0964531484834206;-2.1588959646375434;0.12680294734097072;7.878961646174146e-2,74,4.1815220070875805e-3,4.1815220070875805e-3,0.17214238372066995,0.9832739119716497,0.9832739119716497,-7.954846801148909,4.1815220070875805e-3,4.1815220070875805e-3,0.17214238372066995,194.08539207879176,194.08539207879176,194.25335294050535
