id,Expression,theta,size,MSE_train,MSE_val,MSE_test,R2_train,R2_val,R2_test,nll_train,nll_val,nll_test,mdl_train,mdl_val,mdl_test
0,(Abs((((Abs((x9 - x29)) ^ x29) - Recip(((Recip(x28) / (x13 - ((Abs(((Abs(((x10 * (x9 - Recip((Recip((Abs(x30) ^ (x16 * x25))) * -13.003556528143127)))) - ((x7 + ((x18 + x29) * Recip(x30))) / x14))) ^ x30) - ((x28 * x18) + 1.1716586682835526))) ^ Recip(((Abs(((-21.2086484449959 - Recip(x6)) + (Abs((x19 - x4)) ^ x28))) ^ Recip(((Abs(x7) ^ (x8 / x12)) * (Abs((Abs(((Abs(x8) ^ x29) + x29)) ^ x1)) ^ x18)))) + ((Abs(x27) ^ x3) - ((x18 / x28) + x3))))) + x26))) / (Abs(x21) ^ (x26 / x24))))) - x10)) ^ Recip((x3 + x16))),-13.003556528143127;1.1716586682835526;-21.2086484449959,111,5.667272880100988e-2,5.667272880100988e-2,3.2259257463150824e11,0.7733090847959605,0.7733090847959605,-1.6781265732329418e13,5.667272880100988e-2,5.667272880100988e-2,3.2259257463150824e11,330.0516640674755,330.0516640674755,3.2259257496150323e11
