id,Expression,theta,size,MSE_train,MSE_val,MSE_test,R2_train,R2_val,R2_test,nll_train,nll_val,nll_test,mdl_train,mdl_val,mdl_test
0,(Abs(((Abs((Recip(((Abs(x7) ^ Recip(x12)) - (Abs((x4 * x24)) ^ x28))) / (((Abs(x19) ^ ((Abs((Abs(x0) ^ x20)) ^ (x2 / x1)) / (Recip((x12 - ((x0 / x30) * (x13 - (Abs(x7) ^ x23))))) - (x0 + x21)))) + x27) + ((x26 * -2.655418264708813) + (x4 + x20))))) ^ ((x0 * -0.39557747239484364) - (Abs(x26) ^ (Abs(x4) ^ (6.794579372141618 * x5))))) + (x26 * -2.17309753276329))) ^ (x14 * (x3 + 12.905266344315736))),-2.655418264708813;-0.39557747239484364;6.794579372141618;-2.17309753276329;12.905266344315736,80,4.542503864780509e-2,4.542503864780509e-2,8.238472502913052e65,0.8182998454087796,0.8182998454087796,-4.285653396015206e67,4.542503864780509e-2,4.542503864780509e-2,8.238472502913052e65,228.11218270015155,228.11218270015155,8.238472502913052e65
