id,Expression,theta,size,MSE_train,MSE_val,MSE_test,R2_train,R2_val,R2_test,nll_train,nll_val,nll_test,mdl_train,mdl_val,mdl_test
0,(Abs(((x9 + 1.1657696520608738) * x2)) ^ (x22 + (Recip(Recip((Abs((Recip((0.8527468109524083 + x16)) / (x30 * -8.005388147478847))) ^ ((x6 - x17) / ((x27 * x17) + (Abs(x10) ^ 4.470326852778897)))))) * ((x3 * 37.77235987059854) - x2)))),1.1657696520608738;0.8527468109524083;-8.005388147478847;4.470326852778897;37.77235987059854,39,4.668321440496539e-2,4.668321440496539e-2,8.305446460839642e13,0.8132671423801384,0.8132671423801384,-4.320493248928616e15,4.668321440496539e-2,4.668321440496539e-2,8.305446460839642e13,102.04236360042874,102.04236360042874,8.305446460849842e13
