id,Expression,theta,size,MSE_train,MSE_val,MSE_test,R2_train,R2_val,R2_test,nll_train,nll_val,nll_test,mdl_train,mdl_val,mdl_test
0,((Abs((((Recip(((x19 * (1.181297523667253 * x17)) - x13)) - (Abs(x12) ^ x10)) * (Recip(((x19 * x11) - x23)) - (x6 - (Abs(x22) ^ x10)))) * (Recip(x23) * (x2 + x26)))) ^ (((-20.538112728339485 - ((Abs(x1) ^ x7) + x1)) * ((Abs(x2) ^ (Abs(Recip((x29 * x17))) ^ ((x11 - (Abs(((x7 * (x12 * 5.514864306291907)) * x21)) ^ x26)) / x11))) * (x22 / (x14 - x24)))) * x12)) + ((-2.3479168781880224 * ((x6 + x24) + x30)) * (-0.18539963998387338 + ((x10 * x14) + x22)))),1.181297523667253;-20.538112728339485;5.514864306291907;-2.3479168781880224;-0.18539963998387338,92,5.926139795015264e-2,5.926139795015264e-2,9.35205675071334e37,0.7629544081993894,0.7629544081993894,-4.864939921720893e39,5.926139795015264e-2,5.926139795015264e-2,9.35205675071334e37,273.6637065117472,273.6637065117472,9.35205675071334e37
