id,Expression,theta,size,MSE_train,MSE_val,MSE_test,R2_train,R2_val,R2_test,nll_train,nll_val,nll_test,mdl_train,mdl_val,mdl_test
0,(Abs(((((-0.20834881661744883 + x10) + (x18 * x24)) * (((x29 * x19) - x30) / (-4.117637841137313e-2 + (x10 / Recip(x18))))) / ((0.5437579517974498 + ((x28 * Recip((x17 * (x15 / ((x9 - x1) - x7))))) / (x11 * (0.6585207106212388 - (Abs(x23) ^ x11))))) - Recip(Recip((((Recip(x16) - (x18 - x13)) + 0.944195697678081) * ((x1 + (x16 / x27)) / (x21 + 0.8972767554105449)))))))) ^ x16),-0.20834881661744883;-4.117637841137313e-2;0.5437579517974498;0.6585207106212388;0.944195697678081;0.8972767554105449,68,9.232532090066706e-2,9.232532090066706e-2,0.10577667109683718,0.6306987163973318,0.6306987163973318,-4.50250243045726,9.232532090066706e-2,9.232532090066706e-2,0.10577667109683718,212.53812976220192,212.53812976220192,212.55158111239808
