id,Expression,theta,size,MSE_train,MSE_val,MSE_test,R2_train,R2_val,R2_test,nll_train,nll_val,nll_test,mdl_train,mdl_val,mdl_test
0,(Abs(((Abs((x28 * x15)) ^ Recip(x4)) * x9)) ^ ((Abs((x28 * (x14 * -5.913186309485333))) ^ Recip((x16 + x16))) / Recip(Recip((Recip((x10 / x30)) * (Abs(x15) ^ ((Abs(x29) ^ (Abs((((x23 * x9) + (x3 * x29)) / (((Abs((1.4696388747091855 / x30)) ^ ((x0 * x16) - ((Recip(x5) + x12) / x13))) - x14) - Recip(x27)))) ^ ((Abs(((Recip((x16 * x5)) + x8) - (x6 + (x3 + (x13 - x14))))) ^ (x9 + x20)) - (x25 + x15)))) - (((x16 + x23) * (Abs(x29) ^ x20)) * x25)))))))),-5.913186309485333;1.4696388747091855,100,4.542998757980182e-3,4.542998757980182e-3,3.7981031118325834e-2,0.9818280049680793,0.9818280049680793,-0.9757732387752345,4.542998757980182e-3,4.542998757980182e-3,3.7981031118325834e-2,299.9256978051519,299.9256978051519,299.95913583751224
