id,Expression,theta,size,MSE_train,MSE_val,MSE_test,R2_train,R2_val,R2_test,nll_train,nll_val,nll_test,mdl_train,mdl_val,mdl_test
0,(Abs((x21 * 6.6722433188680235)) ^ ((x23 + x12) / (Abs(x14) ^ ((((x23 - x14) / x7) / (Abs(Recip(x30)) ^ (x21 + ((Abs((Recip(x8) - ((Abs(x23) ^ (x7 - x28)) + -0.3949931753588195))) ^ ((x12 + x24) / x9)) / x7)))) + (x25 + ((Abs(x27) ^ (Recip(((((Abs(x25) ^ x23) + -0.957119926958221) - (Abs(((x19 + (Abs(x15) ^ x18)) * (x2 - x0))) ^ x23)) * x21)) * (x24 + x9))) * x30)))))),6.6722433188680235;-0.3949931753588195;-0.957119926958221,79,9.892907340509616e-2,9.892907340509616e-2,Infinity,0.6042837063796154,0.6042837063796154,-Infinity,9.892907340509616e-2,9.892907340509616e-2,Infinity,222.56269719776128,222.56269719776128,Infinity
