id,Expression,theta,size,MSE_train,MSE_val,MSE_test,R2_train,R2_val,R2_test,nll_train,nll_val,nll_test,mdl_train,mdl_val,mdl_test
0,((((-0.6187650498831216 / x24) * (x30 / Recip(((Abs((x30 * x1)) ^ (x10 * (x17 * x3))) - x15)))) + ((Abs(x3) ^ -5.519880979260834e-2) * x23)) + (((0.18194029438333084 - x21) * (x10 + Recip(x10))) - (-0.6575565682544862 - ((x29 * (0.8620268598291224 - ((((x15 * x4) - (0.5700448736576017 + ((Abs(((x29 - x11) + -0.24564880367232733)) ^ ((Abs((((x15 * x4) - (Abs((x3 * -3.273192233288431e-2)) ^ 0.9058210636025326)) - (x22 + x15))) ^ x18) - (x10 * x23))) - (((Abs(x17) ^ x17) + (Abs((Abs(Recip(x21)) ^ 0.583133371623135)) ^ x19)) - ((x23 - x21) + -0.5445266427401874))))) - (x22 + x15)) / x9))) * 6.534632358750284e-2)))),-0.6187650498831216;-5.519880979260834e-2;0.18194029438333084;-0.6575565682544862;0.8620268598291224;0.5700448736576017;-0.24564880367232733;-3.273192233288431e-2;0.9058210636025326;0.583133371623135;-0.5445266427401874;6.534632358750284e-2,104,6.201011273010513e-2,6.201011273010513e-2,0.22608235705021423,0.7519595490795795,0.7519595490795795,-10.760804213751696,6.201011273010513e-2,6.201011273010513e-2,0.22608235705021423,301.06945484192846,301.06945484192846,301.23352708624856
