id,Expression,theta,size,MSE_train,MSE_val,MSE_test,R2_train,R2_val,R2_test,nll_train,nll_val,nll_test,mdl_train,mdl_val,mdl_test
0,Recip(((Abs((x17 / (Abs(x16) ^ (5.752172363048878 - (Abs(Recip(((Abs((x17 / (Abs((x30 + (x5 * x10))) ^ x29))) ^ 6.038027374392628) - (x5 * (((x3 * x27) + -8.845928199388849e-3) - (Recip((-0.2255962614471148 - (((Abs(x1) ^ x12) - x16) + 0.5068657819829175))) / (Abs(6.806747094925207) ^ Recip((x27 / (6.746914180320363 * x11)))))))))) ^ (Abs(((x23 * -4.313264249152713) * x25)) ^ x30)))))) ^ Recip(((x13 / x12) / (-0.450571825292972 * x11)))) - (x5 * (x28 + -3.7046671174365775)))),5.752172363048878;6.038027374392628;-8.845928199388849e-3;-0.2255962614471148;0.5068657819829175;6.806747094925207;6.746914180320363;-4.313264249152713;-0.450571825292972;-3.7046671174365775,78,4.3962596011512485e-2,4.3962596011512485e-2,0.10162579070852952,0.8241496159539501,0.8241496159539501,-4.286573632657503,4.3962596011512485e-2,4.3962596011512485e-2,0.10162579070852952,216.41693433109364,216.41693433109364,216.47459752579067
