id,Expression,theta,size,MSE_train,MSE_val,MSE_test,R2_train,R2_val,R2_test,nll_train,nll_val,nll_test,mdl_train,mdl_val,mdl_test
0,(Abs((Abs(((Abs((x10 * x7)) ^ (((Abs(x18) ^ (x4 + x4)) - ((x6 * x4) / x4)) * x21)) * ((Abs(x25) ^ x18) * (x0 * ((Abs(0.5700431813401758) ^ (((Abs(((x10 / x9) - x4)) ^ x20) / x3) * ((x24 * x21) * (x27 * -0.4206465465024868)))) - x9))))) ^ ((Abs((Abs(0.5178807901962944) ^ (x22 / x18))) ^ (x2 + x4)) - ((x18 * x29) * 3.474448016511931)))) ^ (Abs(Recip(((Abs(15.455799553642297) ^ (x20 / x18)) * (x4 * (x20 * (x20 * x5)))))) ^ ((Abs(x7) ^ (x15 * x29)) - ((x9 * x6) / (x7 / x16))))),0.5700431813401758;-0.4206465465024868;0.5178807901962944;3.474448016511931;15.455799553642297,102,2.812926479962526e-7,2.812926479962526e-7,Infinity,0.999998874829408,0.999998874829408,-Infinity,2.812926479962526e-7,2.812926479962526e-7,Infinity,293.22868870322606,293.22868870322606,Infinity
