id,Expression,theta,size,MSE_train,MSE_val,MSE_test,R2_train,R2_val,R2_test,nll_train,nll_val,nll_test,mdl_train,mdl_val,mdl_test
0,(Abs((((x24 * x14) / ((x30 - (x8 * (((x1 + -469.277266207331) / (Abs((x13 / (x26 + x0))) ^ (Abs(x21) ^ x0))) / x7))) * -30.215547552332563)) - (Abs((Abs(x24) ^ x14)) ^ (((Abs(x21) ^ (((Abs(x16) ^ x30) - (x27 * x21)) * ((x2 + x18) - (x16 - x4)))) + x21) + 10.211281862945032)))) ^ (Abs(Recip((((x4 * (Abs(Recip((((Abs(x21) ^ x7) + x12) * x24))) ^ (x5 * (x22 * -38.771412080564374)))) + x26) / ((Abs(x28) ^ (x1 * x24)) - Recip(Recip((Abs(x18) ^ x8))))))) ^ (x24 * ((x1 * x24) * -757.732564632253)))),-469.277266207331;-30.215547552332563;10.211281862945032;-38.771412080564374;-757.732564632253,103,1.970975367170882e-2,1.970975367170882e-2,5.702882656725695e-2,0.9211609853131647,0.9211609853131647,-1.966639558028593,1.970975367170882e-2,1.970975367170882e-2,5.702882656725695e-2,296.5064947136266,296.5064947136266,296.54381378652215
