id,Expression,theta,size,MSE_train,MSE_val,MSE_test,R2_train,R2_val,R2_test,nll_train,nll_val,nll_test,mdl_train,mdl_val,mdl_test
0,(Recip((Abs((Recip(Recip(x2)) * Recip((Abs(x11) ^ (1.3890479464239989 + (-3.942818625175439e-3 - (Abs(x21) ^ x4))))))) ^ ((Abs(x2) ^ -1.4749221679877098) * (x11 - x10)))) - (((x9 + x3) + Recip((Abs(((x11 / ((Abs(x7) ^ (Abs(x13) ^ x16)) + (-0.9083088427332388 / Recip((Abs(x7) ^ -0.6037499581434878))))) - Recip((((Abs(((Abs(x23) ^ x25) * 0.5354086139948651)) ^ (((Abs(x7) ^ (Abs((x6 - x29)) ^ x21)) * x6) / x20)) + x17) / (((x29 * x26) / x11) / (Abs(x7) ^ (x9 / (x11 - x2)))))))) ^ (x11 - x6)))) * (((x29 - x30) * x22) * (2.7398131791562617 + x2)))),1.3890479464239989;-3.942818625175439e-3;-1.4749221679877098;-0.9083088427332388;-0.6037499581434878;0.5354086139948651;2.7398131791562617,105,9.362296094599369e-2,9.362296094599369e-2,Infinity,0.6255081562160252,0.6255081562160252,-Infinity,9.362296094599369e-2,9.362296094599369e-2,Infinity,299.83850445892233,299.83850445892233,Infinity
