id,Expression,theta,size,MSE_train,MSE_val,MSE_test,R2_train,R2_val,R2_test,nll_train,nll_val,nll_test,mdl_train,mdl_val,mdl_test
0,(Recip(((Abs(x29) ^ (x4 - x29)) + ((Abs((Recip((Abs((x22 - Recip(((x1 - x5) + x15)))) ^ (x17 * x25))) + x10)) ^ -104.67604945091229) / (Abs((x21 / ((((Abs(x21) ^ x0) + x28) * (Recip((x0 + (x26 * x21))) / (x17 + x20))) * (Abs(x11) ^ 2.0921903626181466)))) ^ (((x25 * 63.6210103575842) + x21) - (Recip(((x1 - x5) / x20)) * (-5.504047852056661 - x24))))))) / Recip((Abs(((x17 * x25) - Recip(((x1 - x5) + x15)))) ^ x25))),-104.67604945091229;2.0921903626181466;63.6210103575842;-5.504047852056661,85,4.3572185217320605e-2,4.3572185217320605e-2,6.613998634867449,0.8257112591307176,0.8257112591307176,-343.0602089857916,4.3572185217320605e-2,4.3572185217320605e-2,6.613998634867449,244.612121027691,244.612121027691,251.1825474773411
