id,Expression,theta,size,MSE_train,MSE_val,MSE_test,R2_train,R2_val,R2_test,nll_train,nll_val,nll_test,mdl_train,mdl_val,mdl_test
0,Recip((Abs((((Abs((x29 / x28)) ^ ((Abs(x21) ^ ((x10 + -4.284520347837058) * x22)) - x13)) / ((0.803354958970364 / Recip(x27)) + (Abs(x23) ^ ((x18 * (((x24 - x4) * ((x9 + x10) + -33.436602368509895)) * (Abs((-16.146266700518243 + (Abs(((x18 * x1) * (Abs(Recip((x14 / x9))) ^ x16))) ^ 20.155127086399975))) ^ x28))) / x14)))) + (Abs(x9) ^ ((x24 * x24) * x9)))) ^ ((Abs(((Abs(x21) ^ x9) + -7.664527581813707)) ^ (Abs((Abs((x12 + x25)) ^ x3)) ^ 12.34132296370398)) + (((x24 - x4) * ((Abs(x21) ^ (Abs(x24) ^ x8)) + -31.02236891920954)) * (Abs((Abs((x12 + x25)) ^ x3)) ^ (x8 + x16)))))),-4.284520347837058;0.803354958970364;-33.436602368509895;-16.146266700518243;20.155127086399975;-7.664527581813707;12.34132296370398;-31.02236891920954,112,4.337642869707843e-2,4.337642869707843e-2,0.1884788026291862,0.8264942852116863,0.8264942852116863,-8.804667312769892,4.337642869707843e-2,4.337642869707843e-2,0.1884788026291862,312.82064407875936,312.82064407875936,312.96574645269146
