id,Expression,theta,size,MSE_train,MSE_val,MSE_test,R2_train,R2_val,R2_test,nll_train,nll_val,nll_test,mdl_train,mdl_val,mdl_test
0,(((x28 / ((Abs(((((x28 * ((x21 * Recip(Recip(((Recip((x22 * x8)) + (x26 + x25)) / ((x18 + x19) + (x20 + -0.45684607257232046)))))) * (x12 + (x30 * Recip(Recip((Abs((x16 / x11)) ^ (x2 / x19)))))))) + ((x20 + -0.5328813533830794) / x11)) * x2) * (Abs(x2) ^ x20))) ^ x13) + (x17 + Recip(Recip((Recip(((x6 + (Abs(x2) ^ x8)) + x28)) + (Abs(x28) ^ x8))))))) * 5.546338773697856) + -0.43565928023930584),-0.45684607257232046;-0.5328813533830794;5.546338773697856;-0.43565928023930584,78,4.712784682681509e-2,4.712784682681509e-2,0.1384705007432113,0.8114886126927396,0.8114886126927396,-6.203235448661576,4.712784682681509e-2,4.712784682681509e-2,0.1384705007432113,228.93820560965474,228.93820560965474,229.02954826357114
