id,Expression,theta,size,MSE_train,MSE_val,MSE_test,R2_train,R2_val,R2_test,nll_train,nll_val,nll_test,mdl_train,mdl_val,mdl_test
0,(Abs(x28) ^ (Recip(x1) / (Abs((((x2 + -0.25130028230301427) + (Abs((((x9 * x2) * x29) / (((Recip(x18) * x2) * (x8 * ((x22 - x23) - x8))) / Recip((x29 - x2))))) ^ (15.20531727772913 * (x29 + x6)))) + ((x21 / Recip((((((x6 + x27) * x27) + x4) / x10) - x2))) - x25))) ^ (((x2 + -0.3332452507138324) + (Abs((x4 / (x24 / Recip(x21)))) ^ (-5.941652646731992 * ((((x8 * ((x22 - x23) - x8)) * x4) * x29) + x6)))) + (((((x6 / x0) * x4) * x29) / Recip(x21)) - x25))))),-0.25130028230301427;15.20531727772913;-0.3332452507138324;-5.941652646731992,99,8.51528577265075e-3,8.51528577265075e-3,Infinity,0.965938856909397,0.965938856909397,-Infinity,8.51528577265075e-3,8.51528577265075e-3,Infinity,301.9236291688275,301.9236291688275,Infinity
