id,Expression,theta,size,MSE_train,MSE_val,MSE_test,R2_train,R2_val,R2_test,nll_train,nll_val,nll_test,mdl_train,mdl_val,mdl_test
0,Recip(((Recip((Recip(x0) + x11)) / (Abs(((Abs((Abs(x19) ^ (Recip(((x4 - x17) * 3.2312984044395545)) / (x28 + Recip((Abs((Abs((((x6 / x17) * (x26 / Recip(x7))) / (((x13 - x26) * x13) - ((((Abs(x26) ^ x3) + (Recip(x0) + x6)) * 1.5983490025933427) + x21)))) ^ (x13 + x17))) ^ x25)))))) ^ (Abs(x26) ^ (Abs((Abs(x11) ^ x21)) ^ x20))) + x25)) ^ ((x13 / x20) / ((x4 - x17) * x25)))) + (Abs(((0.1481026989833786 / x20) - (x23 - x4))) ^ x11))),3.2312984044395545;1.5983490025933427;0.1481026989833786,92,5.54975546668923e-2,5.54975546668923e-2,0.32175122219549596,0.7780097813324308,0.7780097813324308,-15.73749857860906,5.54975546668923e-2,5.54975546668923e-2,0.32175122219549596,253.5209787300488,253.5209787300488,253.7872323975774
