id,Expression,theta,size,MSE_train,MSE_val,MSE_test,R2_train,R2_val,R2_test,nll_train,nll_val,nll_test,mdl_train,mdl_val,mdl_test
0,(((((Abs(x18) ^ x19) - x9) - (Abs((((x23 * x14) + x14) / x14)) ^ x3)) - (-15.012956789629138 * (x3 + ((x0 / (Abs(-0.36211700381137557) ^ x8)) * Recip((Abs((x26 / (0.26154976053480955 * x0))) ^ (x13 / (Abs((-0.8301247861667062 * (x3 + (2.0471934612149867 * Recip((Abs((x26 / ((x3 + (x18 + x24)) * x0))) ^ (x13 / (Abs(x2) ^ x25)))))))) ^ x25)))))))) / ((((((x27 + (x10 - (x27 - x24))) * x23) + x14) / x14) / (x3 * Recip((Abs(x20) ^ ((Abs((Abs(((x3 / x14) + (x27 - x24))) ^ x30)) ^ x18) * x21))))) - (-0.9597418301224192 * (x3 + x30)))),-15.012956789629138;-0.36211700381137557;0.26154976053480955;-0.8301247861667062;2.0471934612149867;-0.9597418301224192,108,6.84231726394704e-2,6.84231726394704e-2,0.1077588053332941,0.7263073094421184,0.7263073094421184,-4.605613053437745,6.84231726394704e-2,6.84231726394704e-2,0.1077588053332941,315.51825400972314,315.51825400972314,315.55758964241693
