id,Expression,theta,size,MSE_train,MSE_val,MSE_test,R2_train,R2_val,R2_test,nll_train,nll_val,nll_test,mdl_train,mdl_val,mdl_test
0,(Abs((x9 * (Abs(((Abs((x3 - x6)) ^ x8) / (x9 * (Abs(((x3 + (Abs(-0.45338740409684763) ^ x20)) / x24)) ^ (2.08427384824278 * (((Abs(x6) ^ x24) * (Abs(((Abs((((Abs(x11) ^ (x14 / (-0.624265571833633 - x8))) - (Abs(((x19 * (0.6013896540485725 * (x11 * ((x11 + 0.46684128351955817) / x3)))) + (Abs(-0.1557378186348178) ^ x14))) ^ (Abs(Recip(x20)) ^ x18))) - x6)) ^ x8) / x25)) ^ -1.300582435355037)) * (((Recip(x19) * x1) + 1.1958351955970137) / x3))))))) ^ 3.0444177003349204))) ^ x25),-0.45338740409684763;2.08427384824278;-0.624265571833633;0.6013896540485725;0.46684128351955817;-0.1557378186348178;-1.300582435355037;1.1958351955970137;3.0444177003349204,85,5.7698322746241e-2,5.7698322746241e-2,Infinity,0.769206709015036,0.769206709015036,-Infinity,5.7698322746241e-2,5.7698322746241e-2,Infinity,215.00174380189637,215.00174380189637,Infinity
