id,Expression,theta,size,MSE_train,MSE_val,MSE_test,R2_train,R2_val,R2_test,nll_train,nll_val,nll_test,mdl_train,mdl_val,mdl_test
0,(Abs(((Abs((x16 / x12)) ^ ((Abs(2.419583746667446) ^ x29) / Recip((x20 - (-5.320663676103417 * (-4.469022720754527 + ((x15 - (x20 - x30)) * ((((Recip((Abs((((x8 - x24) * (x4 - (x0 * x28))) / x19)) ^ x12)) + x27) - x4) - Recip((Abs(((x28 * (Recip(Recip((x19 * x4))) - x21)) + (x9 * -1.6447687379633271))) ^ x6))) + 16.22864605443415)))))))) / Recip((Abs((Abs((x15 * (4.728125141947253 * x19))) ^ (x22 * 1.1095969915508463))) ^ (Abs((x28 + ((Abs(x10) ^ x20) - x15))) ^ (x4 / Recip((Recip(Recip((Abs(x4) ^ x15))) + x4)))))))) ^ x4),2.419583746667446;-5.320663676103417;-4.469022720754527;-1.6447687379633271;16.22864605443415;4.728125141947253;1.1095969915508463,100,9.134691108113946e-2,9.134691108113946e-2,Infinity,0.6346123556754422,0.6346123556754422,-Infinity,9.134691108113946e-2,9.134691108113946e-2,Infinity,289.7901711492192,289.7901711492192,Infinity
