id,Expression,theta,size,MSE_train,MSE_val,MSE_test,R2_train,R2_val,R2_test,nll_train,nll_val,nll_test,mdl_train,mdl_val,mdl_test
0,(Abs((((Abs(((Abs((((x4 / x23) / (x2 * x19)) * Recip((x14 / (Abs(x21) ^ x15))))) ^ (Abs((Abs((Abs(x29) ^ x13)) ^ (x29 * x19))) ^ Recip((x13 + (Recip((x14 / (x7 / x19))) + (Abs(x25) ^ x22)))))) - ((Recip((x14 / (x7 / x19))) * Recip(Recip(Recip((x14 / (Abs(x21) ^ x1)))))) - Recip(x20)))) ^ ((Abs((x29 * x24)) ^ x10) + ((((x11 / x9) * x19) - x1) * x7))) - ((Recip((x17 * x11)) / Recip((2.4743406925807574 - (x25 / x2)))) * x2)) * -5.26053486532636e-3)) ^ (Abs(x7) ^ (Abs(x25) ^ x13))),2.4743406925807574;-5.26053486532636e-3,105,0.12616761766271892,0.12616761766271892,7.161470107290698e11,0.49532952934912433,0.49532952934912433,-3.725396749812379e13,0.12616761766271892,0.12616761766271892,7.161470107290698e11,303.12914565366054,303.12914565366054,7.161470110320728e11
