id,Expression,theta,size,MSE_train,MSE_val,MSE_test,R2_train,R2_val,R2_test,nll_train,nll_val,nll_test,mdl_train,mdl_val,mdl_test
0,(Abs(((((Abs((Abs(((x19 + x7) + Recip(Recip(x0)))) ^ x7)) ^ x16) + (Abs(x25) ^ (x26 + x14))) * ((Recip(Recip(x0)) - (x18 / (Abs(x25) ^ x15))) * ((((x24 - (Abs(x25) ^ (x19 + (x24 - Recip(x28))))) * 0.4429315203054258) * (x7 - x19)) / x7))) * ((Recip(Recip(x0)) - (x18 / (Abs(x25) ^ x15))) * (((((x3 * x12) + x2) * 1.9338889256766335e-2) * (x7 - x19)) / x7)))) ^ x7),0.4429315203054258;1.9338889256766335e-2,79,0.11547734606083004,0.11547734606083004,4.130533450659658e14,0.5380906157566798,0.5380906157566798,-2.148703501033072e16,0.11547734606083004,0.11547734606083004,4.130533450659658e14,219.32109286214728,219.32109286214728,4.13053345066185e14
