id,Expression,theta,size,MSE_train,MSE_val,MSE_test,R2_train,R2_val,R2_test,nll_train,nll_val,nll_test,mdl_train,mdl_val,mdl_test
0,(x4 * (Abs((Recip(x25) / (Abs(Recip(((x29 + x2) / (Recip((-3.661930703591261 / Recip(((x28 * -0.4118393624710391) + x11)))) * (x25 / Recip((Abs(x19) ^ x29))))))) ^ (Recip((x4 + x29)) + x5)))) ^ x19)),-3.661930703591261;-0.4118393624710391,38,7.594467608943475e-2,7.594467608943475e-2,7.452233191591695,0.696221295642261,0.696221295642261,-386.66517062658517,7.594467608943475e-2,7.594467608943475e-2,7.452233191591695,92.44295121262348,92.44295121262348,99.81923972812575
