id,Expression,theta,size,MSE_train,MSE_val,MSE_test,R2_train,R2_val,R2_test,nll_train,nll_val,nll_test,mdl_train,mdl_val,mdl_test
0,((Recip(Recip(((((Abs(Recip(((((x13 - x20) + (Abs((x10 + x23)) ^ x12)) / x21) + (Abs(x6) ^ x28)))) ^ x16) + -2181.8762256253303) * (Abs((Abs(Recip(x18)) ^ x29)) ^ (Recip((((Abs(x8) ^ x18) + ((Abs((Abs((Recip((Recip(x11) / (x28 * (x10 / x21)))) + x27)) ^ ((((((x17 - x8) / x30) + -219.0165106595892) - x20) + x17) * ((x16 * x2) * x26)))) ^ x11) - (Recip(x18) / x3))) / Recip(x18))) * x27))) + 2178.9555515898924))) * (Abs(x6) ^ x28)) * x30),-2181.8762256253303;-219.0165106595892;2178.9555515898924,91,7.489607515457514e-2,7.489607515457514e-2,2.177338433824359,0.7004156993816995,0.7004156993816995,-112.26514532753883,7.489607515457514e-2,7.489607515457514e-2,2.177338433824359,267.2388121929161,267.2388121929161,269.34125455158585
