id,Expression,theta,size,MSE_train,MSE_val,MSE_test,R2_train,R2_val,R2_test,nll_train,nll_val,nll_test,mdl_train,mdl_val,mdl_test
0,(0.838589251512786 * (x4 + ((Abs(((((6.380008294332161 / (Abs(x19) ^ (((Abs(x9) ^ x2) + ((x8 * (x1 + ((x27 + x7) * x14))) - x14)) * 9.778035428781779))) * (Abs(x1) ^ x18)) / (Abs(((Recip((x12 + x4)) * (x1 + ((Recip((x23 * x19)) * (x20 + (Abs(((-0.24339286544957958 / (Abs(x19) ^ x22)) * x11)) ^ x11))) + ((Abs(((x18 / x11) + Recip(x5))) ^ Recip(x4)) * x2)))) - x14)) ^ Recip((Abs(x9) ^ (0.34697172219824596 - x3))))) * x9)) ^ x2) - x21))),0.838589251512786;6.380008294332161;9.778035428781779;-0.24339286544957958;0.34697172219824596,89,7.976167845267522e-2,7.976167845267522e-2,1.62574328279695e17,0.6809532861892991,0.6809532861892991,-8.457116557109411e18,7.976167845267522e-2,7.976167845267522e-2,1.62574328279695e17,257.5898276679087,257.5898276679087,1.6257432827969526e17
