id,Expression,theta,size,MSE_train,MSE_val,MSE_test,R2_train,R2_val,R2_test,nll_train,nll_val,nll_test,mdl_train,mdl_val,mdl_test
0,(Abs(((x18 * ((Abs(((((-0.542369706289463 * x12) * x21) + x23) / (x19 * ((Abs(x4) ^ x25) + x23)))) ^ x12) * ((Abs(x18) ^ x25) + 6.280386228277241))) * (Abs(((x18 * ((Abs((((Abs(x1) ^ x16) * ((Abs(x4) ^ (((x25 * x8) * (x14 * (((Abs(x25) ^ x12) * ((Abs(x4) ^ x25) + -0.7294528275454619)) + x3))) * (Recip((x29 - x6)) / (Abs(x14) ^ x1)))) + x8)) * Recip(((-0.32350043006648316 * x26) + (-1.344986635345137 / x24))))) ^ x16) * ((Abs(x4) ^ ((Abs((x24 + x26)) ^ x26) + 2.1910534128560477)) + x26))) * x23)) ^ (x12 * (x8 / x24))))) ^ (17.87804233689585 * x19)),-0.542369706289463;6.280386228277241;-0.7294528275454619;-0.32350043006648316;-1.344986635345137;2.1910534128560477;17.87804233689585,110,6.0059926459382885e-2,6.0059926459382885e-2,7.633672132545918e57,0.7597602941624685,0.7597602941624685,-3.9710362433502346e59,6.0059926459382885e-2,6.0059926459382885e-2,7.633672132545918e57,304.2029988715869,304.2029988715869,7.633672132545918e57
