id,Expression,theta,size,MSE_train,MSE_val,MSE_test,R2_train,R2_val,R2_test,nll_train,nll_val,nll_test,mdl_train,mdl_val,mdl_test
0,Recip(((((Recip(x11) + x26) * x26) + Recip((Abs(60.79674597905381) ^ x14))) + ((((((x29 - x27) + (Abs(x0) ^ -18.73801942792775)) + x7) * Recip((Abs(((((x1 + (Abs(x19) ^ x0)) * ((x29 + x26) * (0.4879395834499006 * x14))) - (Abs(((x30 / x10) + (x5 / x19))) ^ x21)) - (Abs(x7) ^ x6))) ^ ((x16 + (Recip(x15) - x10)) * (((Abs(x0) ^ x26) + x6) * (67.77760816695458 * x23)))))) - x26) + Recip((Abs((x8 - (Abs(x2) ^ x30))) ^ ((4.243713691473439 + x29) * ((-2.997203949458236 * x14) * x27))))))),60.79674597905381;-18.73801942792775;0.4879395834499006;67.77760816695458;4.243713691473439;-2.997203949458236,96,1.9821743918997103e-2,1.9821743918997103e-2,0.43012140714179115,0.9207130243240116,0.9207130243240116,-21.37491559951512,1.9821743918997103e-2,1.9821743918997103e-2,0.43012140714179115,283.47422055178794,283.47422055178794,283.8845202150107
