id,Expression,theta,size,MSE_train,MSE_val,MSE_test,R2_train,R2_val,R2_test,nll_train,nll_val,nll_test,mdl_train,mdl_val,mdl_test
0,(((x3 * 0.13014961181705786) * ((((x2 + (((Abs(x6) ^ 0.7667101397608823) * x3) + Recip(Recip((Recip((((Recip(x15) - (6.355442508518028e-2 / x0)) * (-0.14931424767283136 + x2)) * (x13 + (Abs((x24 + x11)) ^ x21)))) * (x13 + (x3 * x0))))))) * (0.36468919965985946 + x2)) * (x0 + (Abs(x4) ^ x21))) * (x3 / (x4 + (Recip(((((x14 / x4) + x30) + ((x6 - x25) * x25)) + x13)) + Recip(x3)))))) + Recip(((Abs(x6) ^ (x21 / Recip(x2))) + (Abs(Recip(Recip((((Recip(x15) - (0.410399766157345 / x0)) * (4.001910732694353 + x2)) * x3)))) ^ Recip(x2))))),0.13014961181705786;0.7667101397608823;6.355442508518028e-2;-0.14931424767283136;0.36468919965985946;0.410399766157345;4.001910732694353,102,3.6583274763953975e-2,3.6583274763953975e-2,0.10510437616848872,0.8536669009441841,0.8536669009441841,-4.467529648284574,3.6583274763953975e-2,3.6583274763953975e-2,0.10510437616848872,290.62261380950105,290.62261380950105,290.6911349109056
