id,Expression,theta,size,MSE_train,MSE_val,MSE_test,R2_train,R2_val,R2_test,nll_train,nll_val,nll_test,mdl_train,mdl_val,mdl_test
0,(Abs(((Recip((-0.48972804564128297 / x19)) / (Recip(Recip((x14 - x8))) / ((Abs((Abs(((x1 / Recip(x28)) / (Abs(x15) ^ x19))) ^ x16)) ^ (x8 + x13)) / ((Abs(x7) ^ x25) * x27)))) / ((Abs(x16) ^ (((Recip((Recip((x29 - x15)) / ((Abs((-0.11421970223531576 + x15)) ^ x5) * x11))) * x20) - (Abs(x19) ^ x12)) / ((Abs(Recip((x29 - (x18 / x29)))) ^ x19) * x21))) / x16))) ^ x30),-0.48972804564128297;-0.11421970223531576,77,0.11696543335933401,0.11696543335933401,0.2577858763949994,0.5321382665626639,0.5321382665626639,-12.410021290067357,0.11696543335933401,0.11696543335933401,0.2577858763949994,221.66753001882012,221.66753001882012,221.80835046185578
