id,Expression,theta,size,MSE_train,MSE_val,MSE_test,R2_train,R2_val,R2_test,nll_train,nll_val,nll_test,mdl_train,mdl_val,mdl_test
0,(((Abs(((x29 + (Recip(x6) - (Abs((Abs(Recip((x23 / Recip((Abs(x16) ^ x20))))) ^ (Abs(x3) ^ ((Abs(Recip((x26 * x12))) ^ x29) - x6)))) ^ ((x20 - x19) * -0.1546150542304024)))) / (((x20 - x19) * (((Recip((Abs(x24) ^ (x6 + -2.0862278849910453e-2))) / x24) / x4) + (x4 + -0.7992982523410526))) + (x27 + (x20 + (x26 * x12)))))) ^ ((x30 + -1.5154077416059382) * ((x24 + (x30 + 2.0139456699953437)) * x20))) + -4.941837272768809e-2) - (Abs(((Abs(x1) ^ x19) + (x14 + (Abs(x0) ^ (((x5 * 9.981371664841667) + x6) - x19))))) ^ ((x17 * x1) * (x25 + -39.01049859866242)))),-0.1546150542304024;-2.0862278849910453e-2;-0.7992982523410526;-1.5154077416059382;2.0139456699953437;-4.941837272768809e-2;9.981371664841667;-39.01049859866242,104,6.234254592910182e-2,6.234254592910182e-2,0.1387295062832215,0.7506298162835927,0.7506298162835927,-6.216708916852906,6.234254592910182e-2,6.234254592910182e-2,0.1387295062832215,306.32341711994843,306.32341711994843,306.39980408030254
