id,Expression,theta,size,MSE_train,MSE_val,MSE_test,R2_train,R2_val,R2_test,nll_train,nll_val,nll_test,mdl_train,mdl_val,mdl_test
0,((Abs(x18) ^ (Abs(x15) ^ (Abs((((Recip(((((Recip(x26) * x30) * x23) * x16) + -0.24406624500704108)) / Recip((((Abs(x9) ^ x4) * (Abs(x20) ^ x16)) * (Recip(x5) - (2.6078046003468733 + x4))))) - x2) + ((Abs((x4 * x4)) ^ (Abs(x15) ^ x4)) - (x23 * -1.8077168738543712)))) ^ -6.730131883224963))) - (x23 * x2)),-0.24406624500704108;2.6078046003468733;-1.8077168738543712;-6.730131883224963,58,7.796655942818484e-3,7.796655942818484e-3,7.832615866015978e-2,0.9688133762287261,0.9688133762287261,-3.074526773501356,7.796655942818484e-3,7.796655942818484e-3,7.832615866015978e-2,147.41675630864722,147.41675630864722,147.48728581136456
