id,Expression,theta,size,MSE_train,MSE_val,MSE_test,R2_train,R2_val,R2_test,nll_train,nll_val,nll_test,mdl_train,mdl_val,mdl_test
0,(Abs((x12 * x4)) ^ ((Abs((-0.878465951264147 * ((Abs(x24) ^ x15) - x16))) ^ (Recip((x17 + x24)) - (x19 + (Recip(Recip(x7)) / x3)))) * ((((x18 + -0.8555634060842111) + (x2 + x2)) + (Abs((x5 + x19)) ^ x30)) * ((x24 + (Recip(x19) + x28)) * Recip(x9))))),-0.878465951264147;-0.8555634060842111,52,4.516974242627191e-3,4.516974242627191e-3,0.4996860064630005,0.9819321030294912,0.9819321030294912,-24.993666056204294,4.516974242627191e-3,4.516974242627191e-3,0.4996860064630005,148.3745547354418,148.3745547354418,148.86972376766218
