id,Expression,theta,size,MSE_train,MSE_val,MSE_test,R2_train,R2_val,R2_test,nll_train,nll_val,nll_test,mdl_train,mdl_val,mdl_test
0,(Abs(x19) ^ (Abs(Recip(x0)) ^ ((x19 * (Abs((Abs(x10) ^ (Abs(x16) ^ x2))) ^ (Abs((Abs(Recip((Abs(Recip(x12)) ^ x19))) ^ Recip(((Abs(x23) ^ (Abs(x21) ^ x15)) / x17)))) ^ ((Recip((Abs(-2.66683735054521) ^ x28)) - (Abs(x11) ^ x19)) - ((((Recip(x18) + x15) * 0.7261845534601954) * x29) + (Abs((x6 + x15)) ^ (((0.13684754477222225 * x29) + (Abs(x10) ^ x21)) + x18))))))) - ((31.43659514484125 * x29) + (((-8.5231555208309 * ((Abs((Abs((x12 * x21)) ^ ((-4.210361366058593 * x29) + (Abs(x10) ^ x21)))) ^ x6) + x11)) + (Abs(x10) ^ x21)) + (x4 * x4)))))),-2.66683735054521;0.7261845534601954;0.13684754477222225;31.43659514484125;-8.5231555208309;-4.210361366058593,107,2.3168789950503116e-2,2.3168789950503116e-2,Infinity,0.9073248401979875,0.9073248401979875,-Infinity,2.3168789950503116e-2,2.3168789950503116e-2,Infinity,279.0821540076448,279.0821540076448,Infinity
