id,Expression,theta,size,MSE_train,MSE_val,MSE_test,R2_train,R2_val,R2_test,nll_train,nll_val,nll_test,mdl_train,mdl_val,mdl_test
0,(((x27 * (8.136809681181425 - x27)) / Recip((Abs((x15 / x1)) ^ ((((x22 - x20) * x27) + (Abs((x22 - x20)) ^ x12)) - (0.782520344295592 + ((x6 * x10) - (x11 * Recip(Recip(((((x11 + x25) + ((12.740024355739722 * x27) + x28)) * (((x9 / x28) / x24) - (x12 * (x6 * x28)))) / Recip(((Abs(x20) ^ x15) * ((44.79334742015913 * x25) / (x27 / x25)))))))))))))) - Recip((((-13.291531618131783 - x27) / (Abs(x28) ^ x27)) / (x16 * x27)))),8.136809681181425;0.782520344295592;12.740024355739722;44.79334742015913;-13.291531618131783,84,6.377433851289373e-2,6.377433851289373e-2,Infinity,0.7449026459484251,0.7449026459484251,-Infinity,6.377433851289373e-2,6.377433851289373e-2,Infinity,243.62556935638673,243.62556935638673,Infinity
