id,Expression,theta,size,MSE_train,MSE_val,MSE_test,R2_train,R2_val,R2_test,nll_train,nll_val,nll_test,mdl_train,mdl_val,mdl_test
0,(Recip((Abs((Abs(Recip((Abs((Abs(x18) ^ ((((x3 * (x1 + (x27 * x1))) / x12) + 4.039215025067692) * x22))) ^ x21))) ^ ((Recip(x22) + (Abs((Abs(Recip(Recip((Abs(Recip(x22)) ^ (((x22 / x10) + 62.40303187362068) * x15))))) ^ ((((x8 * -17.68924730957938) * -17.15152966390214) + 61.283163410043265) * x15))) ^ ((Recip(Recip(x22)) / x1) * x1))) * x15))) ^ (x22 / x16))) - (Recip((x15 / (x25 + x30))) * Recip(((Recip(x10) + x15) * 131.93868181913714)))),4.039215025067692;62.40303187362068;-17.68924730957938;-17.15152966390214;61.283163410043265;131.93868181913714,81,5.8810609913234904e-2,5.8810609913234904e-2,0.13270552051489976,0.7647575603470604,0.7647575603470604,-5.903341177184822,5.8810609913234904e-2,5.8810609913234904e-2,0.13270552051489976,221.74299885290856,221.74299885290856,221.81689376351022
