id,Expression,theta,size,MSE_train,MSE_val,MSE_test,R2_train,R2_val,R2_test,nll_train,nll_val,nll_test,mdl_train,mdl_val,mdl_test
0,(((((x20 / ((x16 / x21) * x20)) / (Abs(Recip(x7)) ^ x2)) / (x9 / x22)) * ((x24 * (Abs(((x12 + x21) - ((x15 + ((Abs((Abs(((7.873845937582513 * x21) + (x25 + x17))) ^ x4)) ^ (x10 - x2)) + x25)) + x7))) ^ (-4.129267941525916 - x0))) * ((15.762006319838434 + (-6.5935501145617925 * (((x1 - (x21 / x7)) * (((x26 + x28) * -0.6988395478721701) - x29)) + ((x16 * x15) + (x28 + ((x21 / x4) + x30)))))) + x28))) + x7),7.873845937582513;-4.129267941525916;15.762006319838434;-6.5935501145617925;-0.6988395478721701,84,9.202397459196845e-2,9.202397459196845e-2,0.1632861172961499,0.6319041016321262,0.6319041016321262,-7.494143821745393,9.202397459196845e-2,9.202397459196845e-2,0.1632861172961499,263.7589732549383,263.7589732549383,263.83023539764247
