id,Expression,theta,size,MSE_train,MSE_val,MSE_test,R2_train,R2_val,R2_test,nll_train,nll_val,nll_test,mdl_train,mdl_val,mdl_test
0,(Recip(Recip((Recip((Abs(Recip(x15)) ^ (Abs((x26 - x24)) ^ x15))) * (x19 - (-5.95899239375935 / (Abs((((((Abs(x14) ^ x27) + x27) - (Abs(Recip(x25)) ^ (Abs(x20) ^ x15))) * ((x12 * (((((Abs(x12) ^ ((Abs(-69.95184093690472) ^ x15) / x23)) * (x25 * (x30 * x29))) / ((x5 / (Abs(x3) ^ x15)) + (x8 / Recip(x7)))) * x16) + x9)) - Recip(x20))) + Recip(x20))) ^ x27)))))) / ((Abs(Recip(x8)) ^ (Abs(((x25 * (x30 * x29)) / (x16 * 636.435055540913))) ^ x15)) + x6)),-5.95899239375935;-69.95184093690472;636.435055540913,95,3.8495054733152505e-2,3.8495054733152505e-2,6.298758026667843e-2,0.84601978106739,0.84601978106739,-2.276613925472487,3.8495054733152505e-2,3.8495054733152505e-2,6.298758026667843e-2,273.7186042485377,273.7186042485377,273.7430967740712
