id,Expression,theta,size,MSE_train,MSE_val,MSE_test,R2_train,R2_val,R2_test,nll_train,nll_val,nll_test,mdl_train,mdl_val,mdl_test
0,(Abs(Recip(((Abs((x4 + (Abs(x6) ^ -7.936655958903631e-2))) ^ ((x6 / x24) * (x23 + (Abs((x4 + (Abs(x6) ^ -2.037097568706179))) ^ ((x25 / x24) * (x18 + (Abs((Abs((x23 + x5)) ^ (x18 + x21))) ^ ((x12 / x1) + ((x14 + x23) * (-1.7614664848126954e-3 + x13)))))))))) * (Recip(Recip((x11 + (x4 + x3)))) + (Abs((x3 + x5)) ^ (((Abs((Recip(((Abs((x24 - x6)) ^ (x18 / x5)) * (x4 * (x4 - x29)))) * x11)) ^ 0.8213052826132623) * x25) + x23)))))) ^ (x14 + x23)),-7.936655958903631e-2;-2.037097568706179;-1.7614664848126954e-3;0.8213052826132623,93,4.640208275017382e-2,4.640208275017382e-2,Infinity,0.8143916689993047,0.8143916689993047,-Infinity,4.640208275017382e-2,4.640208275017382e-2,Infinity,256.6029257114904,256.6029257114904,Infinity
