id,Expression,theta,size,MSE_train,MSE_val,MSE_test,R2_train,R2_val,R2_test,nll_train,nll_val,nll_test,mdl_train,mdl_val,mdl_test
0,(Abs(Recip((Abs(-0.29442122167331997) ^ (x6 - Recip(Recip((Abs(((Abs((Abs((Abs((Abs(x1) ^ (Abs(x13) ^ x23))) ^ x10)) ^ (Abs(((Abs(x21) ^ x3) - x10)) ^ (x21 / x7)))) ^ x3) - x10)) ^ -0.6033178025397856))))))) ^ (((Abs(x16) ^ ((-1.1047726704702467 + (x2 + (x22 * x3))) / (Abs(((x29 + -0.3044802228013827) * 0.9859743425672098)) ^ x1))) * (Abs(x30) ^ (((Recip(x11) + ((0.9509018276739948 / x10) / x0)) * x11) * x22))) + x11)),-0.29442122167331997;-0.6033178025397856;-1.1047726704702467;-0.3044802228013827;0.9859743425672098;0.9509018276739948,78,0.10023345397100851,0.10023345397100851,9.528852071043446e-2,0.5990661841159659,0.5990661841159659,-3.956908847356612,0.10023345397100851,0.10023345397100851,9.528852071043446e-2,201.01799292226156,201.01799292226156,201.01304798900097
