id,Expression,theta,size,MSE_train,MSE_val,MSE_test,R2_train,R2_val,R2_test,nll_train,nll_val,nll_test,mdl_train,mdl_val,mdl_test
0,Recip(Recip((3.701461765536642 * ((60.73727608604869 / ((Recip((x3 - x15)) - Recip((x3 * Recip(x28)))) * ((((x11 - Recip(x26)) * x14) - (Recip(x28) / (x3 + x14))) - (Abs((x11 - Recip(x26))) ^ ((x12 + (Abs(x21) ^ x3)) - x4))))) + Recip((x13 + (Abs(x25) ^ (x3 * -26.412232612497284)))))))),3.701461765536642;60.73727608604869;-26.412232612497284,55,0.11695554989059367,0.11695554989059367,0.3277620801836429,0.5321778004376253,0.5321778004376253,-16.050183411152453,0.11695554989059367,0.11695554989059367,0.3277620801836429,150.41628696049116,150.41628696049116,150.6270934907842
