id,Expression,theta,size,MSE_train,MSE_val,MSE_test,R2_train,R2_val,R2_test,nll_train,nll_val,nll_test,mdl_train,mdl_val,mdl_test
0,(-0.9390181340017256 + (((((x18 + (0.20521930864102914 + (x27 + ((Recip(((Abs((x12 / x30)) ^ (Abs(x11) ^ x23)) + 0.22675005844601553)) + ((Recip((Abs(x26) ^ x9)) * (x9 + x21)) * x10)) - (x18 * ((x7 - x5) + x12)))))) - (x5 * ((Recip(Recip(x23)) - x5) + x12))) + x27) + -0.24202136695598747) + x18)),-0.9390181340017256;0.20521930864102914;0.22675005844601553;-0.24202136695598747,56,0.16100864982449,0.16100864982449,0.2680125889816642,0.35596540070203997,0.35596540070203997,-12.942014878825637,0.16100864982449,0.16100864982449,0.2680125889816642,156.2162745456458,156.2162745456458,156.32327848480298
