id,Expression,theta,size,MSE_train,MSE_val,MSE_test,R2_train,R2_val,R2_test,nll_train,nll_val,nll_test,mdl_train,mdl_val,mdl_test
0,(Abs((x7 * x8)) ^ (Abs((((((Recip(Recip(x2)) * (x5 / x24)) * x25) - (x5 * x3)) + (Recip(x2) / ((((Abs((Abs(x9) ^ x4)) ^ (x19 - (x5 + 3.9142898871806215))) + x23) - Recip((x12 / x9))) + Recip(((x5 + x2) + (x2 + x2)))))) * (x6 * -12.496220193012052))) ^ ((x23 / x13) + ((Abs(((x6 * x2) / (Abs(-1.629471990006669) ^ Recip(x13)))) ^ (-0.9578040205721959 * x29)) - x16)))),3.9142898871806215;-12.496220193012052;-1.629471990006669;-0.9578040205721959,75,3.439219383194308e-2,3.439219383194308e-2,Infinity,0.8624312246722277,0.8624312246722277,-Infinity,3.439219383194308e-2,3.439219383194308e-2,Infinity,216.38349309294327,216.38349309294327,Infinity
