id,Expression,theta,size,MSE_train,MSE_val,MSE_test,R2_train,R2_val,R2_test,nll_train,nll_val,nll_test,mdl_train,mdl_val,mdl_test
0,((x27 / (Abs(((((Abs(x0) ^ x2) - (x12 + x7)) / (Abs((x16 + x6)) ^ (Abs(x22) ^ x0))) * Recip((x10 + x17)))) ^ ((Abs(x2) ^ x10) * x6))) + ((x6 + -6.686023877679353e-2) / (x18 / ((((x6 - x25) / Recip((Abs(x7) ^ (Abs(x10) ^ (-0.43926817534510926 + x4))))) - (Abs(((Abs(0.9550785017624387) ^ x8) * x18)) ^ x8)) * (x23 - (x22 + 1.1616235623051878)))))),-6.686023877679353e-2;-0.43926817534510926;0.9550785017624387;1.1616235623051878,70,0.11165215425996707,0.11165215425996707,0.25073198719023243,0.5533913829601318,0.5533913829601318,-12.043077973635393,0.11165215425996707,0.11165215425996707,0.25073198719023243,188.66524180911725,188.66524180911725,188.8043216420475
