id,Expression,theta,size,MSE_train,MSE_val,MSE_test,R2_train,R2_val,R2_test,nll_train,nll_val,nll_test,mdl_train,mdl_val,mdl_test
0,Recip(((x30 / Recip((x29 + (-40.68700227580565 * x21)))) + (Abs((Abs((((Abs(x21) ^ ((x4 / (x4 / x9)) * (x7 * x1))) / x7) / x18)) ^ (((x4 / x9) * (Abs((x17 / Recip((((Abs((Abs(x23) ^ (x0 * 8.726884012544856))) ^ (x15 / x8)) * ((x27 + Recip(Recip((x26 * x8)))) - (x23 * (x7 * x16)))) * (((x9 - x11) / x2) / (x21 - (x1 * x5))))))) ^ x6)) + (Abs(x16) ^ x6)))) ^ x19))),-40.68700227580565;8.726884012544856,83,7.618347664240771e-2,7.618347664240771e-2,1.49446001752059,0.6952660934303692,0.6952660934303692,-76.74181011141812,7.618347664240771e-2,7.618347664240771e-2,1.49446001752059,253.3237262499579,253.3237262499579,254.7420027908361
