id,Expression,theta,size,MSE_train,MSE_val,MSE_test,R2_train,R2_val,R2_test,nll_train,nll_val,nll_test,mdl_train,mdl_val,mdl_test
0,((Abs(((Abs(((x1 / Recip((Abs(x5) ^ 1.4436586384018864))) + Recip((x22 + ((((((x10 * (x17 * x22)) - (x12 * (x18 * x18))) / (Abs((Abs(x28) ^ Recip(x25))) ^ (Abs((Abs(Recip(((Abs(x9) ^ x0) + (x22 - x1)))) ^ (Abs(x18) ^ x25))) ^ x27))) + ((Abs((x18 * (x11 / x22))) ^ (x19 + (x25 / x20))) - ((-0.42720684679706006 + (x12 + x14)) * (x22 + (x20 - x24))))) / ((Abs(x26) ^ (Abs(x18) ^ x25)) / x6)) - Recip(((Abs(x6) ^ x17) - (x17 * 2.260448033224666)))))))) ^ Recip((x3 / x16))) * 0.20538089352036126)) ^ x0) - x4),1.4436586384018864;-0.42720684679706006;2.260448033224666;0.20538089352036126,106,9.972132479613892e-2,9.972132479613892e-2,0.23268258990638163,0.6011147008154443,0.6011147008154443,-11.10414832692951,9.972132479613892e-2,9.972132479613892e-2,0.23268258990638163,313.25823351353824,313.25823351353824,313.3911947786485
