id,Expression,theta,size,MSE_train,MSE_val,MSE_test,R2_train,R2_val,R2_test,nll_train,nll_val,nll_test,mdl_train,mdl_val,mdl_test
0,Recip(((Abs((Recip(Recip(x0)) - x9)) ^ x30) * (Recip((Abs((x12 * (x0 * (Abs(x28) ^ ((((Recip((Abs(((-147.6345264175049 - x30) / x7)) ^ (x3 * x7))) / (x29 * x6)) + Recip((Abs((Recip((Abs((x29 + (x16 / x25))) ^ (Abs((Abs(x19) ^ x8)) ^ (Abs((Abs((x11 * x19)) ^ (x11 / x5))) ^ x5)))) / (Abs((Abs((x19 * -934.5956979458531)) ^ (Abs((x2 * -391.1046299382036)) ^ x26))) ^ x17))) ^ (((Abs(((x17 - x15) - x0)) ^ x2) / x2) - x13)))) + -998.4613725669475) * (Abs((x11 * x7)) ^ (x8 / x5))))))) ^ (x3 * x7))) + ((Abs(x3) ^ x8) / x14)))),-147.6345264175049;-934.5956979458531;-391.1046299382036;-998.4613725669475,112,6.900539002016988e-2,6.900539002016988e-2,NaN,0.7239784399193205,0.7239784399193205,NaN,6.900539002016988e-2,6.900539002016988e-2,NaN,319.9606383668397,319.9606383668397,NaN
