id,Expression,theta,size,MSE_train,MSE_val,MSE_test,R2_train,R2_val,R2_test,nll_train,nll_val,nll_test,mdl_train,mdl_val,mdl_test
0,(Abs((((x23 * ((Recip((((0.4205216291398558 + x19) * x28) - (Abs((x7 * 0.5170524299486214)) ^ -0.5415063965909526))) - x21) * (((x7 * (x16 - x21)) * (x21 * x25)) * (((((((Abs((x23 + x18)) ^ (x24 + (x8 + -1.3875138719430669))) + x21) + x27) * x21) - x15) - x21) * x21)))) / x22) - x5)) ^ (((-109.50250348331062 * ((((-10.727532474507022 + x27) * x25) + x27) * x25)) * ((Recip((x21 - (Abs((x7 * x19)) ^ x8))) + (((x16 + (x1 + x21)) * (x6 + -428.29458571887216)) * (x21 * x25))) * x21)) / Recip((x27 - (x6 + x21))))),0.4205216291398558;0.5170524299486214;-0.5415063965909526;-1.3875138719430669;-109.50250348331062;-10.727532474507022;-428.29458571887216,100,7.243555884753008e-2,7.243555884753008e-2,Infinity,0.7102577646098797,0.7102577646098797,-Infinity,7.243555884753008e-2,7.243555884753008e-2,Infinity,301.0798802880459,301.0798802880459,Infinity
