id,Expression,theta,size,MSE_train,MSE_val,MSE_test,R2_train,R2_val,R2_test,nll_train,nll_val,nll_test,mdl_train,mdl_val,mdl_test
0,Recip(((((Abs(Recip(x20)) ^ (Abs(x13) ^ x10)) * (x4 / (Abs(x16) ^ x20))) * (Abs(((Abs(x2) ^ (Abs(x20) ^ x2)) - ((x4 * (-6.042823994229349 - x1)) - ((x4 + (x20 * x30)) - x15)))) ^ (x6 * x6))) + ((Abs((Abs((((Abs(19.033891294893476) ^ (x1 / x13)) - ((x20 * x27) / Recip(((Abs(x20) ^ x2) - x23)))) / x4)) ^ x27)) ^ (Recip(x14) - (-11.448006412908638 - x1))) * ((Abs(((Abs(x20) ^ x2) - (x17 - ((x23 - x13) / (2.40806808538271 * (x29 / x23)))))) ^ (-47.58066276028 * x2)) / Recip((x17 * x27)))))),-6.042823994229349;19.033891294893476;-11.448006412908638;2.40806808538271;-47.58066276028,102,8.228076085917362e-2,8.228076085917362e-2,1.038319491120063,0.6708769565633055,0.6708769565633055,-53.01337992806362,8.228076085917362e-2,8.228076085917362e-2,1.038319491120063,278.27610156310766,278.27610156310766,279.2321402933685
