id,Expression,theta,size,MSE_train,MSE_val,MSE_test,R2_train,R2_val,R2_test,nll_train,nll_val,nll_test,mdl_train,mdl_val,mdl_test
0,(Recip(((x18 * x16) + -9.05068172629943)) - ((((Abs(((x21 - x24) * (Abs(Recip((x25 * Recip(x25)))) ^ Recip((Recip(x6) / x24))))) ^ x21) - (Recip(Recip(x6)) * 10.495795030989168)) - ((x19 * 9.906106603410868e-2) / x18)) / Recip(Recip((Abs((Abs(x8) ^ x8)) ^ (Abs(Recip(((((0.9759524265920835 + x27) + (Abs(Recip((x25 * x13))) ^ x28)) + (x18 / x24)) + (x21 * ((x21 * x16) + -0.707013038453916))))) ^ (Abs((x24 + (Recip(x21) * (x28 * x4)))) ^ ((-0.968808736652439 - ((x8 * 4.548126073373801) / x18)) + -1.3186130701854386)))))))),-9.05068172629943;10.495795030989168;9.906106603410868e-2;0.9759524265920835;-0.707013038453916;-0.968808736652439;4.548126073373801;-1.3186130701854386,92,9.575976161942805e-2,9.575976161942805e-2,0.18024498168030312,0.6169609535222877,0.6169609535222877,-8.37634394700901,9.575976161942805e-2,9.575976161942805e-2,0.18024498168030312,250.37307299076684,250.37307299076684,250.4575582108277
