id,Expression,theta,size,MSE_train,MSE_val,MSE_test,R2_train,R2_val,R2_test,nll_train,nll_val,nll_test,mdl_train,mdl_val,mdl_test
0,(Recip(((x23 + x16) / (2.6821596455667764 * x3))) / ((Abs((x29 * (x24 * (Abs(Recip((Abs((Abs(((x10 - (x29 - x2)) + (x9 - (x28 + x9)))) ^ ((x8 - Recip(x4)) * ((x24 * ((x3 * (x23 + -36.60383150252671)) * 8.90029541979991)) * x11)))) ^ (Abs((((x10 * x26) * x1) + (Abs((Abs(x22) ^ x24)) ^ x15))) ^ (Abs(((x18 * x21) / x25)) ^ Recip(Recip((x28 / x23)))))))) ^ x4)))) ^ (((Abs(Recip(x24)) ^ x24) + (x23 * 1634.2681621511779)) * x26)) + ((Abs(Recip((x11 * (x16 * (x4 * x3))))) ^ x24) + (x23 / Recip(x4))))),2.6821596455667764;-36.60383150252671;8.90029541979991;1634.2681621511779,105,0.12587233320783833,0.12587233320783833,0.40200269059325866,0.49651066716864667,0.49651066716864667,-19.912179964660517,0.12587233320783833,0.12587233320783833,0.40200269059325866,309.64504344524863,309.64504344524863,309.92117380263403
