id,Expression,theta,size,MSE_train,MSE_val,MSE_test,R2_train,R2_val,R2_test,nll_train,nll_val,nll_test,mdl_train,mdl_val,mdl_test
0,(Recip((x28 - x30)) / (Recip(x29) + (((Recip((x10 + (((Abs(3.2752982818798633) ^ x10) - x12) * x21))) - (Abs(Recip(x27)) ^ (x27 * x21))) * x21) * ((Recip(Recip((x20 * (Recip((x26 + x24)) * x30)))) / (Recip(Recip(x27)) + (x23 + x19))) * ((Abs(Recip(x27)) ^ (Recip(x29) + (x20 * Recip(Recip((Abs(Recip((x20 * Recip((Abs(-24.34470720232907) ^ x10))))) ^ x26)))))) + x23))))),3.2752982818798633;-24.34470720232907,73,1.3892514878979382e-2,1.3892514878979382e-2,0.15171268237449895,0.9444299404840825,0.9444299404840825,-6.892093737121134,1.3892514878979382e-2,1.3892514878979382e-2,0.15171268237449895,200.23574309819693,200.23574309819693,200.37356326569244
