id,Expression,theta,size,MSE_train,MSE_val,MSE_test,R2_train,R2_val,R2_test,nll_train,nll_val,nll_test,mdl_train,mdl_val,mdl_test
0,Recip((x24 + Recip((Abs(((((Abs(x19) ^ x22) / x28) * Recip(((x25 / Recip(x29)) / Recip((((x5 / (x18 + Recip(x16))) / ((x11 * (x29 * x6)) * x11)) + (((x9 - x24) * x1) - x12)))))) / (Recip((Abs((x24 / ((-12.602141544870122 * (x7 * -12.526767339295667)) + (x19 + (Abs((((Abs(((x28 - x4) * x28)) ^ (x18 - x16)) + (x13 * Recip(x8))) / x23)) ^ (Abs((x8 / (x28 - x6))) ^ Recip(x6))))))) ^ (x25 * 13.322618254497396))) + x24))) ^ (x25 * (Abs(x22) ^ x26)))))),-12.602141544870122;-12.526767339295667;13.322618254497396,95,8.410781072133272e-2,8.410781072133272e-2,0.16792806069890553,0.6635687571146691,0.6635687571146691,-7.735617717556732,8.410781072133272e-2,8.410781072133272e-2,0.16792806069890553,290.1177520191023,290.1177520191023,290.20157226907986
