id,Expression,theta,size,MSE_train,MSE_val,MSE_test,R2_train,R2_val,R2_test,nll_train,nll_val,nll_test,mdl_train,mdl_val,mdl_test
0,(Abs(x25) ^ (((Abs(x26) ^ ((x20 - (x26 / x24)) + (((34.32452093177875 - (x26 / x24)) + (x7 * x23)) * x23))) / (x29 / x0)) * Recip(((Abs(x16) ^ (Abs(x16) ^ (-1.908269944958987 - x9))) + Recip((Abs((Abs(x27) ^ x9)) ^ ((x0 + x30) - ((24.13424433417628 - (x26 / x24)) + (x7 * x23))))))))),34.32452093177875;-1.908269944958987;24.13424433417628,59,4.187018101487526e-2,4.187018101487526e-2,Infinity,0.8325192759404989,0.8325192759404989,-Infinity,4.187018101487526e-2,4.187018101487526e-2,Infinity,156.0971360768362,156.0971360768362,Infinity
