id,Expression,theta,size,MSE_train,MSE_val,MSE_test,R2_train,R2_val,R2_test,nll_train,nll_val,nll_test,mdl_train,mdl_val,mdl_test
0,(Abs(2.4817188792448854e-2) ^ (Abs(0.2185580223702496) ^ (Recip(Recip((Abs((Recip((x29 + (Abs(x22) ^ ((((Recip(x30) + x15) - (Abs(x25) ^ x25)) / (Abs((Recip((((((x30 - x13) / x12) + x28) + ((x17 * x12) * (((x15 / (x2 + (Abs(x16) ^ x4))) - x21) + Recip(x30)))) / (((x17 / x18) / (x25 * x29)) - ((-0.3342542574619167 / x26) * (x22 - (x19 / x13)))))) * (Recip((x1 + (x1 * (x26 / (x14 + -0.2228554260387611))))) * (Abs(x25) ^ -0.41823972782143054)))) ^ (Abs(x8) ^ (x30 - x8)))) * x19)))) * x22)) ^ (Abs(x8) ^ (x15 - x2))))) / (x21 + x2)))),2.4817188792448854e-2;0.2185580223702496;-0.3342542574619167;-0.2228554260387611;-0.41823972782143054,108,0.11621694762196519,0.11621694762196519,0.16390943488855533,0.5351322095121392,0.5351322095121392,-7.526568802902323,0.11621694762196519,0.11621694762196519,0.16390943488855533,319.40967767372723,319.40967767372723,319.45737016099383
