id,Expression,theta,size,MSE_train,MSE_val,MSE_test,R2_train,R2_val,R2_test,nll_train,nll_val,nll_test,mdl_train,mdl_val,mdl_test
0,((x10 + ((-0.19224485739459382 * x16) * x1)) / (Abs((((x18 * ((Recip(x7) - x16) - Recip(x15))) - x10) + (((Abs(x28) ^ -0.26665952274185495) / x20) + (1.392938050175919 * ((((-1.4955235095605839 * (x20 + (Recip(((x6 / (x23 - (Recip(x16) * 0.1220166392510456))) * (Abs((x26 * 1.197820078545435e-3)) ^ (x6 * x10)))) + x1))) - (Abs(x28) ^ 0.7900148697595876)) - x10) - x9))))) ^ ((x20 / ((x6 + x30) / Recip(x15))) / Recip(x6)))),-0.19224485739459382;-0.26665952274185495;1.392938050175919;-1.4955235095605839;0.1220166392510456;1.197820078545435e-3;0.7900148697595876,75,6.744557346968545e-2,6.744557346968545e-2,8.193524036856399e9,0.7302177061212582,0.7302177061212582,-4.262271203962536e11,6.744557346968545e-2,6.744557346968545e-2,8.193524036856399e9,212.76443699580304,212.76443699580304,8.19352424955339e9
