id,Expression,theta,size,MSE_train,MSE_val,MSE_test,R2_train,R2_val,R2_test,nll_train,nll_val,nll_test,mdl_train,mdl_val,mdl_test
0,(((x15 / (((x12 - Recip(((x14 / x28) - x25))) / (Abs(((Recip((x13 - (Abs((((x12 * ((5.978079386368264 - (x19 + -4.941830695699988)) - (x19 + -5.845945710942258))) - (x19 + -75.11857531774648)) * x20)) ^ (x19 * x11)))) * x3) * Recip(((x13 / x0) - x22)))) ^ x13)) / ((Abs(x29) ^ (((x16 + x21) * (x20 + x5)) * x10)) + (Recip(x3) + -145.48703297755208)))) * x21) * ((Abs(x25) ^ x16) + (Recip((((x0 / x3) - x19) - (Abs((((-4.095856749130626 - x14) - (x19 + 3.1901070774636096)) * (Abs(x0) ^ x25))) ^ (Recip(x3) + -6.497519713263865)))) * x3))),5.978079386368264;-4.941830695699988;-5.845945710942258;-75.11857531774648;-145.48703297755208;-4.095856749130626;3.1901070774636096;-6.497519713263865,101,8.350705617184871e-2,8.350705617184871e-2,6.569143886840272,0.6659717753126051,0.6659717753126051,-340.7268649934179,8.350705617184871e-2,8.350705617184871e-2,6.569143886840272,301.9986209392267,301.9986209392267,308.4842577698951
