id,Expression,theta,size,MSE_train,MSE_val,MSE_test,R2_train,R2_val,R2_test,nll_train,nll_val,nll_test,mdl_train,mdl_val,mdl_test
0,(Abs((Abs(x17) ^ Recip((Abs((x6 - x5)) ^ ((Recip(Recip(((Recip(Recip(x27)) * -18.48130014922057) * (Recip(x16) - ((Abs(((((x6 * ((Abs(Recip(((x12 + x16) - x13))) ^ 1.4772698049163406) * (((Abs(x13) ^ x15) * (x27 * x29)) + (x22 * ((x14 * (x28 + x8)) + (Recip(x16) + x6)))))) - (-2.9775661395691735 * x21)) + ((x6 + x6) + x22)) - Recip((x28 * (((Recip(x25) + -0.8800626441225823) / x24) - ((x28 * (x28 + x23)) * x14)))))) ^ (Abs((x10 + x15)) ^ x8)) + x2))))) * x11) * x29))))) ^ Recip((Abs(((x6 + x6) + x28)) ^ 1.5433363874953732))),-18.48130014922057;1.4772698049163406;-2.9775661395691735;-0.8800626441225823;1.5433363874953732,106,8.324278723100454e-3,8.324278723100454e-3,0.20257715470573684,0.9667028851075982,0.9667028851075982,-9.538063587792028,8.324278723100454e-3,8.324278723100454e-3,0.20257715470573684,323.0003371471473,323.0003371471473,323.19459002313
