id,Expression,theta,size,MSE_train,MSE_val,MSE_test,R2_train,R2_val,R2_test,nll_train,nll_val,nll_test,mdl_train,mdl_val,mdl_test
0,((-2.5080334985325585 * (x21 - ((x9 + x18) * ((Abs((-3.2569209072713097 * (((((Abs(x18) ^ x14) + x6) + x18) * x19) + (x9 + x18)))) ^ x13) + x17)))) + (0.41562064304654456 + (-0.7502158304839114 - (x18 * ((2.834428587539854 * (((x8 * -2.40660024871036) + (-0.29699489735267076 - (x18 * -1.062519774327296))) - ((x15 * ((0.8889633759395057 - (x18 * 0.5790898912927576)) + 0.27207882872232736)) * ((x8 * 9.5361222707423e-2) + (Abs(x18) ^ ((x3 / x18) + (x27 + 1.1936542586616125e-2))))))) + ((x18 * -0.9343501714540101) + (-1.834689548002421 - (x18 * ((((x27 + Recip((x4 / x15))) * x23) + x27) + x21))))))))),-2.5080334985325585;-3.2569209072713097;0.41562064304654456;-0.7502158304839114;2.834428587539854;-2.40660024871036;-0.29699489735267076;-1.062519774327296;0.8889633759395057;0.5790898912927576;0.27207882872232736;9.5361222707423e-2;1.1936542586616125e-2;-0.9343501714540101;-1.834689548002421,93,4.593905989727639e-2,4.593905989727639e-2,6.094859129437608e-2,0.8162437604108944,0.8162437604108944,-2.170545719133323,4.593905989727639e-2,4.593905989727639e-2,6.094859129437608e-2,274.0529584550053,274.0529584550053,274.06796798640244
