id,Expression,theta,size,MSE_train,MSE_val,MSE_test,R2_train,R2_val,R2_test,nll_train,nll_val,nll_test,mdl_train,mdl_val,mdl_test
0,(Abs(Recip((x18 + ((Abs(2.5552084122994256e-2) ^ x25) / (x17 * ((x8 * x5) * x3)))))) ^ (Abs(((x2 * (Abs(((Abs((((Abs(x9) ^ x1) + x13) * x17)) ^ x7) + x13)) ^ ((x19 / x12) + x29))) - (((x24 * ((x18 * x26) + ((Recip(((x3 / x23) + (0.358187519551226 * x23))) + ((-0.7185581876521036 + x17) + (x28 * x20))) / (x20 * x19)))) * (((-2.532376533127421 + x4) * x12) + ((x7 - (x9 * x3)) + (x20 * x2)))) * x8))) ^ (Abs((Abs(x1) ^ (x13 * x23))) ^ 4.570741866457806))),2.5552084122994256e-2;0.358187519551226;-0.7185581876521036;-2.532376533127421;4.570741866457806,95,7.65962583996473e-2,7.65962583996473e-2,3.910869021996867e19,0.6936149664014108,0.6936149664014108,-2.0344340652426925e21,7.65962583996473e-2,7.65962583996473e-2,3.910869021996867e19,286.8144036007763,286.8144036007763,3.910869021996867e19
