id,Expression,theta,size,MSE_train,MSE_val,MSE_test,R2_train,R2_val,R2_test,nll_train,nll_val,nll_test,mdl_train,mdl_val,mdl_test
0,Recip(((Abs((Abs((((((x19 + x15) / (x0 / x12)) + ((x5 * 0.8462728940885674) * (x28 * x9))) - (((x26 + x6) / x6) - ((x26 / (x15 / x13)) - ((-8.356098375807498 + x0) / x15)))) + Recip(Recip(((Abs((x15 + x22)) ^ (((x29 * x26) + x23) / (x17 - x28))) + (Abs(Recip((((x4 * (x3 / (x26 - (x28 * x4)))) * ((x3 + (x26 / x0)) - (x22 / x15))) * x23))) ^ Recip(x26))))))) ^ x26)) ^ (x4 + x3)) + Recip((Abs((Abs(Recip((0.6415431148222555 + x28))) ^ (x5 / (x21 - x13)))) ^ (x23 + -38.073752720910264))))),0.8462728940885674;-8.356098375807498;0.6415431148222555;-38.073752720910264,104,9.507928604946392e-2,9.507928604946392e-2,0.16126614738173312,0.6196828558021443,0.6196828558021443,-7.389064986797436,9.507928604946392e-2,9.507928604946392e-2,0.16126614738173312,311.54435466014814,311.54435466014814,311.61054152148046
