id,Expression,theta,size,MSE_train,MSE_val,MSE_test,R2_train,R2_val,R2_test,nll_train,nll_val,nll_test,mdl_train,mdl_val,mdl_test
0,(Recip(Recip(x2)) + ((x9 - (Recip(Recip(x0)) + (((Recip(Recip(x6)) + 0.11378786836912451) - ((x22 + x30) - x26)) * ((x26 - x1) - (Abs(((x22 + x30) - x26)) ^ 0.25025787416029005))))) * (((4.285895150365619e-2 - x9) - (Abs(x0) ^ ((((-0.6439167410054014 + x9) + x23) * (x26 - ((x17 - x1) - (((((x0 + x16) - x9) * x11) * -0.31300460000245367) - x26)))) + x15))) - (Abs(x26) ^ (((x6 - (x19 / x28)) * ((x16 - x18) - (Abs((x22 + x30)) ^ Recip((((Abs((((Abs(x4) ^ x17) + x1) / x12)) ^ x16) + x17) / x9))))) + -0.466387154220832))))),0.11378786836912451;0.25025787416029005;4.285895150365619e-2;-0.6439167410054014;-0.31300460000245367;-0.466387154220832,104,2.3635578676481462e-2,2.3635578676481462e-2,7.947376010727628e-2,0.9054576852940741,0.9054576852940741,-3.1342250007803543,2.3635578676481462e-2,2.3635578676481462e-2,7.947376010727628e-2,315.47346641576013,315.47346641576013,315.5293045971909
