id,Expression,theta,size,MSE_train,MSE_val,MSE_test,R2_train,R2_val,R2_test,nll_train,nll_val,nll_test,mdl_train,mdl_val,mdl_test
0,(Abs((Recip(((((Abs((Abs(x21) ^ -102.61861784950575)) ^ x15) - x27) + x20) / (Recip((x13 * x15)) + (x19 * Recip(x18))))) * Recip(((((((1.5376273612196627 / Recip(x6)) * x26) + ((x26 / (((x16 * (Recip(x10) + (x19 * Recip(x20)))) + x17) - x2)) + x8)) + 107.48950893999506) / (Abs(((((x18 + -24.086846206966815) * x24) + x2) + ((((Recip(x18) + 32.80065521690515) / Recip(x15)) + x8) + x17))) ^ (-52.15169684080964 * x15))) * (x20 * (x4 + x12)))))) ^ (x15 + x26)),-102.61861784950575;1.5376273612196627;107.48950893999506;-24.086846206966815;32.80065521690515;-52.15169684080964,86,3.39204428766716e-2,3.39204428766716e-2,6.312866637382271e-2,0.8643182284933136,0.8643182284933136,-2.283953224766132,3.39204428766716e-2,3.39204428766716e-2,6.312866637382271e-2,260.63433453140823,260.63433453140823,260.6635427549054
