id,Expression,theta,size,MSE_train,MSE_val,MSE_test,R2_train,R2_val,R2_test,nll_train,nll_val,nll_test,mdl_train,mdl_val,mdl_test
0,(Abs((-21.413746563970506 / ((Abs((Recip((Abs(((Abs(Recip((Abs(((Recip(Recip((Abs(((x5 - (Abs(x13) ^ x23)) * x9)) ^ x13))) / x10) - (x13 + -1.3173847764598816))) ^ x9))) ^ (x17 / x28)) - x5)) ^ x9)) - (Abs(x13) ^ x4))) ^ -2.154906346037386) + x13))) ^ ((Abs(-21.814161753709833) ^ ((x11 + (x28 * (((Abs((x14 + x10)) ^ Recip(x14)) - (x4 - x13)) + 0.48595846691887506))) + (x5 * (x13 + -3.672753062755988)))) + (x5 * (x13 + -3.3913491998604917)))),-21.413746563970506;-1.3173847764598816;-2.154906346037386;-21.814161753709833;0.48595846691887506;-3.672753062755988;-3.3913491998604917,80,7.665698061726783e-2,7.665698061726783e-2,Infinity,0.6933720775309287,0.6933720775309287,-Infinity,7.665698061726783e-2,7.665698061726783e-2,Infinity,198.40159106455238,198.40159106455238,Infinity
