id,Expression,theta,size,MSE_train,MSE_val,MSE_test,R2_train,R2_val,R2_test,nll_train,nll_val,nll_test,mdl_train,mdl_val,mdl_test
0,(Abs(x27) ^ Recip((Abs(x24) ^ (((105.75246021961539 / ((Abs((x30 * x30)) ^ Recip(Recip((Abs(x21) ^ (x1 * x11))))) / x13)) / x11) * (Abs(x10) ^ ((Abs(((Abs(((x27 * x11) * x15)) ^ Recip((Recip((Abs((Recip((x2 + x27)) + x3)) ^ Recip(x11))) - (-0.5229191719987895 * (x1 - (Abs(x18) ^ x15)))))) / ((Abs(((x24 * x28) / x15)) ^ ((Abs(Recip(x10)) ^ (Abs(x13) ^ x0)) * x28)) - Recip(x10)))) ^ x18) + ((((x0 / x18) / x0) / x24) * x20))))))),105.75246021961539;-0.5229191719987895,92,7.815023027903961e-2,7.815023027903961e-2,4.360590170860379e-2,0.6873990788838416,0.6873990788838416,-1.2683790068814824,7.815023027903961e-2,7.815023027903961e-2,4.360590170860379e-2,247.36154649894434,247.36154649894434,247.3270021703739
