id,Expression,theta,size,MSE_train,MSE_val,MSE_test,R2_train,R2_val,R2_test,nll_train,nll_val,nll_test,mdl_train,mdl_val,mdl_test
0,(Abs((((1.679426970545494 * ((x24 / x13) - x24)) + x19) - (x15 + 1.5452357094395117e-2))) ^ Recip(Recip(Recip(((Abs(Recip((((Abs((Abs(x18) ^ x8)) ^ (x3 * (Abs(x6) ^ x7))) * Recip((x21 - (x30 + (x6 * x21))))) / Recip(((((Abs(x6) ^ 0.19177489278446264) + 0.9370163334092584) + x4) * x29))))) ^ Recip(Recip(Recip(Recip((6.5612629604860455 * ((Abs(x20) ^ 0.8070514570875063) - x19))))))) * x14))))),1.679426970545494;1.5452357094395117e-2;0.19177489278446264;0.9370163334092584;6.5612629604860455;0.8070514570875063,68,6.28561698947084e-2,6.28561698947084e-2,7.375608373521261e-2,0.7485753204211665,0.7485753204211665,-2.836791475905614,6.28561698947084e-2,6.28561698947084e-2,7.375608373521261e-2,188.616445824752,188.616445824752,188.6273457385925
