id,Expression,theta,size,MSE_train,MSE_val,MSE_test,R2_train,R2_val,R2_test,nll_train,nll_val,nll_test,mdl_train,mdl_val,mdl_test
0,((Recip(((Abs(((Recip((x12 * (x4 - x27))) + Recip(((x16 + x24) + x9))) / ((x24 + ((-6.021994723906344 + x2) * (((((((Abs((Abs(x19) ^ x23)) ^ x27) / Recip(x5)) - Recip(((x15 * 5.396868290896954) * -4.17971537864956))) / Recip((x9 - ((x0 / x5) * x24)))) - (x5 - x4)) * x29) - (Abs(x7) ^ x5)))) * -9.441575215496927))) ^ x17) / x17)) / x30) * 0.1442799369078275),-6.021994723906344;5.396868290896954;-4.17971537864956;-9.441575215496927;0.1442799369078275,69,3.686533812391399e-2,3.686533812391399e-2,6.486175258667483e-2,0.852538647504344,0.852538647504344,-2.3741083695586958,3.686533812391399e-2,3.686533812391399e-2,6.486175258667483e-2,203.84398937351864,203.84398937351864,203.8719857879814
