id,Expression,theta,size,MSE_train,MSE_val,MSE_test,R2_train,R2_val,R2_test,nll_train,nll_val,nll_test,mdl_train,mdl_val,mdl_test
0,(((21.22054657881514 / Recip((x28 + x12))) + ((((54.96592023856947 - x21) - (x4 + ((((x14 + x14) + Recip(x12)) + (-69.9986862035728 / Recip(x21))) / x27))) + ((Abs(((x28 + x12) - x21)) ^ x30) + x12)) - (x12 + Recip(x12)))) * -3.7309054813158453e-3),21.22054657881514;54.96592023856947;-69.9986862035728;-3.7309054813158453e-3,44,6.36350474768804e-2,6.36350474768804e-2,0.5171300899789126,0.7454598100924784,0.7454598100924784,-25.901107280702007,6.36350474768804e-2,6.36350474768804e-2,0.5171300899789126,113.54310022093298,113.54310022093298,113.99659526343501
