id,Expression,theta,size,MSE_train,MSE_val,MSE_test,R2_train,R2_val,R2_test,nll_train,nll_val,nll_test,mdl_train,mdl_val,mdl_test
0,Recip((Abs((((Abs(Recip((x0 - x11))) ^ ((x3 * (Abs(x29) ^ x24)) * (x18 - x21))) * (Abs((x18 / x10)) ^ (x13 + -101.75728914549093))) + x17)) ^ (Abs(((x10 * (x10 * -4.8717899305871205e-2)) - (((x17 * (x20 / x1)) / ((Abs((x10 - ((x17 * (x5 / x17)) / (x12 * x18)))) ^ Recip(Recip(((x17 * (x20 / x24)) - (Abs(x29) ^ x24))))) * x18)) / ((Abs(((x10 * 18.818071330430826) - ((x17 * x13) / (x12 * x18)))) ^ Recip(Recip((-5.074458248403776 - (Abs(x29) ^ x24))))) * x18)))) ^ Recip(Recip((x0 - x11)))))),-101.75728914549093;-4.8717899305871205e-2;18.818071330430826;-5.074458248403776,100,2.383703844183998e-2,2.383703844183998e-2,5.5321962920052264e56,0.9046518462326401,0.9046518462326401,-2.8778485111010086e58,2.383703844183998e-2,2.383703844183998e-2,5.5321962920052264e56,277.07537887127336,277.07537887127336,5.5321962920052264e56
