id,Expression,theta,size,MSE_train,MSE_val,MSE_test,R2_train,R2_val,R2_test,nll_train,nll_val,nll_test,mdl_train,mdl_val,mdl_test
0,((0.33687261390433326 + (Abs(-1.7798171832857677e-2) ^ ((0.13531709246330648 - ((Abs(x20) ^ x16) * x16)) + (Abs(x4) ^ (x28 * ((Abs((x13 / x26)) ^ ((Abs(x16) ^ (x28 * x8)) + x30)) * 0.34158789956564967)))))) - ((0.3981132157534594 / x15) / (((Recip(x18) + (x18 - x0)) - (x28 * x1)) + (Abs(((((Abs((Abs(x15) ^ Recip((((x0 + x9) * x17) * Recip(x14))))) ^ x19) - x26) - (x18 - x0)) + (x18 - x16))) ^ ((Abs(x4) ^ (x28 * ((Abs((x13 / x0)) ^ ((Abs(x16) ^ (x28 * x8)) + x30)) * x25))) + x27))))),0.33687261390433326;-1.7798171832857677e-2;0.13531709246330648;0.34158789956564967;0.3981132157534594,99,8.153112692942983e-2,8.153112692942983e-2,0.15502410899830357,0.6738754922822807,0.6738754922822807,-7.064354150091445,8.153112692942983e-2,8.153112692942983e-2,0.15502410899830357,283.34260371533105,283.34260371533105,283.41609669739995
