id,Expression,theta,size,MSE_train,MSE_val,MSE_test,R2_train,R2_val,R2_test,nll_train,nll_val,nll_test,mdl_train,mdl_val,mdl_test
0,((((x26 - ((Recip(((Recip(x26) + (x6 * (x16 / x13))) + x1)) * (x29 - (x16 + x6))) - ((((((x16 / x13) + (x30 * x6)) - x30) * (x10 + x23)) * (x22 - ((Abs(x0) ^ x0) * ((Abs(Recip((Abs((x9 * x17)) ^ (x13 - x16)))) ^ (x16 / x14)) * x12)))) * x13))) - (32.78121725316176 * (x15 * x6))) / (((x1 + (Abs((Abs(x28) ^ x20)) ^ -1.633499299009322)) / (-106.4048233360073 * x30)) / x0)) + ((Abs(x17) ^ (x19 * (Abs(x25) ^ Recip(((x8 + (x22 * x27)) + (x15 * x13)))))) * x27)),32.78121725316176;-1.633499299009322;-106.4048233360073,102,5.7971216576960076e-2,5.7971216576960076e-2,0.12776245445613477,0.7681151336921597,0.7681151336921597,-5.646202880807876,5.7971216576960076e-2,5.7971216576960076e-2,0.12776245445613477,319.951075065292,319.951075065292,320.0208663031712
