id,Expression,theta,size,MSE_train,MSE_val,MSE_test,R2_train,R2_val,R2_test,nll_train,nll_val,nll_test,mdl_train,mdl_val,mdl_test
0,Recip(Recip((Abs(x9) ^ (Recip(Recip(x21)) + (Abs((4.301290187169728 * x4)) ^ Recip(Recip((x28 + Recip(Recip(((x28 + Recip(Recip((x5 * (Abs(Recip(x21)) ^ 5.225351576424592))))) * (Abs(x29) ^ 9.809782444650576)))))))))))),4.301290187169728;5.225351576424592;9.809782444650576,36,6.141965267060329e-2,6.141965267060329e-2,5.2613597069646134e-2,0.7543213893175869,0.7543213893175869,-1.7369593195628874,6.141965267060329e-2,6.141965267060329e-2,5.2613597069646134e-2,76.79406838221847,76.79406838221847,76.78526232661751
