id,Expression,theta,size,MSE_train,MSE_val,MSE_test,R2_train,R2_val,R2_test,nll_train,nll_val,nll_test,mdl_train,mdl_val,mdl_test
0,((Recip(x7) / Recip((x1 - (x0 * 1.2979235025724725)))) * ((((x1 / x4) * (Abs(((((0.5488542017198644 * ((x2 / (x0 - x11)) - (x0 * 0.4386252773023988))) + (-0.6533876233546908 + ((x7 + x17) * (x15 * x16)))) * ((((Abs(((Abs(x29) ^ (x0 / x17)) - (((x15 + x25) * x21) * x8))) ^ x27) - x3) + x21) - x6)) - x5)) ^ (((x5 * Recip(x1)) / (x1 - (x6 * -0.28769183564281925))) * (0.2860743892079542 * (Abs(x6) ^ x24))))) * -0.20950465054563278) + 0.6831501053255095)),1.2979235025724725;0.5488542017198644;0.4386252773023988;-0.6533876233546908;-0.28769183564281925;0.2860743892079542;-0.20950465054563278;0.6831501053255095,84,6.142081357996638e-2,6.142081357996638e-2,Infinity,0.7543167456801345,0.7543167456801345,-Infinity,6.142081357996638e-2,6.142081357996638e-2,Infinity,257.571486803036,257.571486803036,Infinity
