id,Expression,theta,size,MSE_train,MSE_val,MSE_test,R2_train,R2_val,R2_test,nll_train,nll_val,nll_test,mdl_train,mdl_val,mdl_test
0,Recip((((x15 + Recip((((Abs(x28) ^ x13) / x27) - x3))) * ((((((x8 + (((Abs((Abs(x10) ^ (((((x26 - ((Abs(((Abs(x27) ^ x24) - x14)) ^ x19) / x13)) + x14) / x5) / x19) + x1))) ^ (Abs(x28) ^ x13)) * ((x22 * x11) * (x13 / x3))) + (((x26 / x10) + (x16 - (x19 + x14))) / ((Abs(-169678.32189844098) ^ x14) / Recip(((x2 + x26) - (x16 * (x10 - x15)))))))) / x14) - (x16 * (x10 - x15))) - ((Abs(x3) ^ x13) / x27)) * x18) * (x26 + x19))) + Recip(x14))),-169678.32189844098,103,4.0100469502394105e-2,4.0100469502394105e-2,5.051724980562269e-2,0.8395981219904236,0.8395981219904236,-1.6279073348883917,4.0100469502394105e-2,4.0100469502394105e-2,5.051724980562269e-2,305.8333038319815,305.8333038319815,305.8437206122847
