id,Expression,theta,size,MSE_train,MSE_val,MSE_test,R2_train,R2_val,R2_test,nll_train,nll_val,nll_test,mdl_train,mdl_val,mdl_test
0,(9.16053193515822 / ((Abs(Recip((12.936907553073114 + ((x9 * x15) + x19)))) ^ ((x12 + (x0 + x27)) - x8)) * (((Abs((x15 - x16)) ^ Recip(Recip(x7))) + ((x13 + x14) / x6)) * ((Abs(x6) ^ (x8 - (Abs((x15 - x16)) ^ (x27 / (Recip((Recip(x13) * 5.814449161549333e-2)) / x6))))) - (x16 + (Recip((Recip((((x8 * (Abs(x11) ^ x27)) * x9) - x12)) - Recip((Recip((x9 / x18)) - x29)))) * Recip((Recip(x13) - Recip((Recip((x9 / x18)) - (x11 - (Abs(x13) ^ (x15 - x6))))))))))))),9.16053193515822;12.936907553073114;5.814449161549333e-2,96,5.308284356348945e-2,5.308284356348945e-2,9.73728594348722e-2,0.7876686257460422,0.7876686257460422,-4.065336147801858,5.308284356348945e-2,5.308284356348945e-2,9.73728594348722e-2,278.246903645812,278.246903645812,278.29119366168334
