id,Expression,theta,size,MSE_train,MSE_val,MSE_test,R2_train,R2_val,R2_test,nll_train,nll_val,nll_test,mdl_train,mdl_val,mdl_test
0,(Abs(x3) ^ Recip((Abs(((Abs(((((Abs(x7) ^ x30) - (Abs(x6) ^ Recip((Recip(((Abs(x7) ^ x22) - ((x11 * x0) * x13))) + Recip((x26 - (Recip(x4) + x20))))))) + x24) * x29)) ^ x26) * ((((Abs((Abs((x23 * x29)) ^ ((Abs((x24 + (((x29 + (Abs(x24) ^ x5)) + (x11 / x10)) / ((x20 * x23) / x24)))) ^ x0) * -9.24151885452904))) ^ x24) - x5) + (Recip(((x7 + Recip((x14 / x12))) / (x3 + x7))) / (Abs((Abs(x20) ^ x28)) ^ (x20 + x29)))) / ((x20 * x2) / (x3 + Recip((x14 / x23))))))) ^ x24))),-9.24151885452904,109,9.082244407717999e-2,9.082244407717999e-2,0.15929742639801103,0.63671022369128,0.63671022369128,-7.286652121224217,9.082244407717999e-2,9.082244407717999e-2,0.15929742639801103,319.7869984464971,319.7869984464971,319.8554734288179
