id,Expression,theta,size,MSE_train,MSE_val,MSE_test,R2_train,R2_val,R2_test,nll_train,nll_val,nll_test,mdl_train,mdl_val,mdl_test
0,Recip((((Recip((Abs(((x13 - x3) / (Abs(-0.1950532080933545) ^ (Recip((Abs(x2) ^ (x13 - x3))) / x22)))) ^ (x23 - x3))) / ((Abs((x7 + x23)) ^ x30) - ((x10 - x24) - (x1 + x21)))) / (Abs((Abs((x8 * x28)) ^ x20)) ^ (Abs((x17 + x30)) ^ (Abs(((((x24 + x30) + x23) + (Abs(x14) ^ x10)) - x22)) ^ (Recip((((((x12 * (x27 + x14)) + (x13 * (Abs(x9) ^ x27))) - (x7 + x11)) / x16) - x19)) + (Recip((x10 - x19)) + (x22 / x13))))))) * (Recip((x22 / x13)) / (Abs(-2.744678191489681e-2) ^ x23)))),-0.1950532080933545;-2.744678191489681e-2,106,4.467259250128872e-2,4.467259250128872e-2,2.297601382721645e15,0.8213096299948451,0.8213096299948451,-1.1952122392917542e17,4.467259250128872e-2,4.467259250128872e-2,2.297601382721645e15,319.93777644121633,319.93777644121633,2.297601382721965e15
