id,Expression,theta,size,MSE_train,MSE_val,MSE_test,R2_train,R2_val,R2_test,nll_train,nll_val,nll_test,mdl_train,mdl_val,mdl_test
0,((((x8 * x25) * (x4 / Recip(x25))) * (Abs((x0 - x8)) ^ (Abs(Recip((Abs(-0.1443253593333429) ^ x22))) ^ x1))) + (Abs((x27 + x25)) ^ ((((Recip((Abs((x9 + x4)) ^ x4)) * (Abs(((x8 * x25) * -8.76103564949897)) ^ x9)) - x24) * x18) * (x8 * (((Abs(x25) ^ ((Abs((x25 * x10)) ^ (x22 / (x28 / x23))) - ((x18 - ((Abs(x8) ^ (Abs(x12) ^ (Abs((x9 + x4)) ^ x22))) - ((-4.5333155379725065 - (x21 * x9)) - x21))) + x11))) / (x8 * (Abs(Recip(x19)) ^ -16.16273680536974))) * Recip(Recip((Abs((10.36748825812302 + x25)) ^ (-4.153742508020069 + (x4 + (x11 - x25))))))))))),-0.1443253593333429;-8.76103564949897;-4.5333155379725065;-16.16273680536974;10.36748825812302;-4.153742508020069,112,2.80573229663318e-4,2.80573229663318e-4,Infinity,0.9988777070813467,0.9988777070813467,-Infinity,2.80573229663318e-4,2.80573229663318e-4,Infinity,314.6276097776763,314.6276097776763,Infinity
