id,Expression,theta,size,MSE_train,MSE_val,MSE_test,R2_train,R2_val,R2_test,nll_train,nll_val,nll_test,mdl_train,mdl_val,mdl_test
0,Recip((((Abs((((x11 + x0) - (x1 - x13)) / (Recip(Recip(x22)) - ((x11 + -1.2586181628630013) * x24)))) ^ x4) - (x9 * x30)) + (((Recip((x27 + x26)) * ((x22 - ((x18 * 14.237779832338402) - ((x14 / ((Abs((x22 / x13)) ^ (x28 - x21)) * x18)) + x14))) + (Abs((x15 * x14)) ^ ((((Abs(x22) ^ x13) * x4) + x23) + x19)))) + (x27 - (x28 - ((26.234350175684543 / (x13 + Recip(((x22 * x16) - x19)))) - (Abs(2.0676924636492475) ^ x1))))) * (x27 * (Abs(x24) ^ ((x30 + (x1 - x13)) - (x26 * 40.98765253057454))))))),-1.2586181628630013;14.237779832338402;26.234350175684543;2.0676924636492475;40.98765253057454,102,5.3063279858689354e-2,5.3063279858689354e-2,3.080454874357669,0.7877468805652426,0.7877468805652426,-159.2452625640798,5.3063279858689354e-2,5.3063279858689354e-2,3.080454874357669,312.830330929921,312.830330929921,315.85772252441996
