id,Expression,theta,size,MSE_train,MSE_val,MSE_test,R2_train,R2_val,R2_test,nll_train,nll_val,nll_test,mdl_train,mdl_val,mdl_test
0,(x2 / Recip(((-0.8631933646486742 / (Abs(x18) ^ x18)) + ((x2 / (Abs((x12 + ((((Abs(x14) ^ x18) + Recip((Recip(((Abs(x12) ^ x26) * 0.6176713320042597)) - x9))) + (Abs(Recip((x30 - x1))) ^ ((((Abs(x14) ^ (Abs(Recip(x18)) ^ ((((x15 * x0) / Recip(x0)) / x22) * x21))) + (Abs(x13) ^ x2)) + ((Abs(x14) ^ -0.3762753856117981) + (Abs(x23) ^ x17))) + x25))) / x1))) ^ (x5 - x1))) + x25)))),-0.8631933646486742;0.6176713320042597;-0.3762753856117981,79,1.3394496483603207e-2,1.3394496483603207e-2,Infinity,0.9464220140655871,0.9464220140655871,-Infinity,1.3394496483603207e-2,1.3394496483603207e-2,Infinity,219.29910879049186,219.29910879049186,Infinity
