id,Expression,theta,size,MSE_train,MSE_val,MSE_test,R2_train,R2_val,R2_test,nll_train,nll_val,nll_test,mdl_train,mdl_val,mdl_test
0,(x15 + ((x24 + x24) / ((((((((x7 * (Recip((Abs((x1 / x21)) ^ 1.8354944325538547)) * ((Abs((Abs((x1 / x21)) ^ 2.1858693592270915)) ^ ((x7 * ((0.36047016089362244 / x17) - x22)) / x15)) + (x15 + -0.27266384091813184)))) * x24) + (x24 / (-0.5457881978289807 + ((x15 + x6) + (((Abs(x15) ^ (x18 - (x20 - x28))) - x14) / ((Recip((Abs((((x24 + x24) / (x15 + (x15 + x6))) / x24)) ^ ((-0.654754577700804 / x24) - x22))) * x24) / (x24 + x24))))))) + x1) * x29) + x6) + x15) + x1))),1.8354944325538547;2.1858693592270915;0.36047016089362244;-0.27266384091813184;-0.5457881978289807;-0.654754577700804,94,0.12254847717470449,0.12254847717470449,0.1587636682867856,0.509806091301182,0.509806091301182,-7.258886024278272,0.12254847717470449,0.12254847717470449,0.1587636682867856,266.7427208234799,266.7427208234799,266.778936014592
