id,Expression,theta,size,MSE_train,MSE_val,MSE_test,R2_train,R2_val,R2_test,nll_train,nll_val,nll_test,mdl_train,mdl_val,mdl_test
0,((Recip((((x12 / x1) * (0.40634994423563175 * x8)) - ((((x21 - ((x26 + x20) - x24)) + (Abs(x22) ^ x27)) + Recip(x27)) * (Recip((x17 * x21)) / x4)))) + (Abs(x23) ^ (Abs(((Abs(x23) ^ (x13 + x26)) / (Abs(x28) ^ (x21 + 14.312144329108522)))) ^ Recip(Recip((x18 - x4)))))) * ((Abs(x23) ^ (Abs(((Abs(x23) ^ (x21 + 30.607542726658917)) / (Abs(Recip((x11 + 14.860802631755314))) ^ (x21 + 37.60780871768264)))) ^ Recip(Recip((x18 - x4))))) - ((x25 + ((x15 - x22) - x22)) * Recip(((Abs(x4) ^ x12) + (x28 / (Abs(x6) ^ x17))))))),0.40634994423563175;14.312144329108522;30.607542726658917;14.860802631755314;37.60780871768264,103,3.269885561858021e-2,3.269885561858021e-2,6.822311432201927e-2,0.8692045775256791,0.8692045775256791,-2.548966407031307,3.269885561858021e-2,3.269885561858021e-2,6.822311432201927e-2,299.77758035359494,299.77758035359494,299.81310461229833
