id,Expression,theta,size,MSE_train,MSE_val,MSE_test,R2_train,R2_val,R2_test,nll_train,nll_val,nll_test,mdl_train,mdl_val,mdl_test
0,(((Abs(x6) ^ (x30 * 3.0799651640484007)) - Recip(((((((((x6 - x0) + Recip(x30)) - x7) + (x22 * (x12 - (x1 - Recip(((x28 / x12) * (Abs((x14 * x5)) ^ (-0.9330751124533633 - x14)))))))) + (20.706760015507317 - x18)) + ((Abs(x21) ^ (Abs(x6) ^ x29)) / (Abs(((x30 / (x2 - x3)) - ((x22 * x14) + (x2 + (x28 - x14))))) ^ x30))) + (Abs(x18) ^ x27)) * x18))) * (((7.3204858296097335 / x1) + x21) / Recip((x6 * (Abs((x18 * x26)) ^ x18))))),3.0799651640484007;-0.9330751124533633;20.706760015507317;7.3204858296097335,90,0.10375101675786294,0.10375101675786294,0.20771623571548603,0.5849959329685482,0.5849959329685482,-9.805398581919171,0.10375101675786294,0.10375101675786294,0.20771623571548603,263.88221893563735,263.88221893563735,263.986184154595
