id,Expression,theta,size,MSE_train,MSE_val,MSE_test,R2_train,R2_val,R2_test,nll_train,nll_val,nll_test,mdl_train,mdl_val,mdl_test
0,(Abs((x1 + ((x20 - (Abs(x4) ^ x7)) * (((((Abs(x20) ^ x13) / x25) - (x28 * (x23 + x25))) + (x10 - (x18 * -18.701912012125387))) * x26)))) ^ (Abs((-4.280505513365804 * x29)) ^ (x9 * (((((x19 / (Abs((Abs((x8 + (x29 + x25))) ^ (x13 * x8))) ^ (Abs(-0.704154864793687) ^ (x1 + x11)))) - x18) - x30) - (-52.43920467052449 + (Recip(x24) + ((Recip(((x26 * (x16 + x23)) / 10.162583191072187)) * (x23 * x18)) / Recip((x28 + -3.131682105221753)))))) * (x10 * ((Abs((x23 * x21)) ^ x29) + (x23 * x24))))))),-18.701912012125387;-4.280505513365804;-0.704154864793687;-52.43920467052449;10.162583191072187;-3.131682105221753,98,7.149828541353337e-2,7.149828541353337e-2,0.17116012635614278,0.7140068583458665,0.7140068583458665,-7.903749773046208,7.149828541353337e-2,7.149828541353337e-2,0.17116012635614278,296.69681622580316,296.69681622580316,296.79647806674575
