id,Expression,theta,size,MSE_train,MSE_val,MSE_test,R2_train,R2_val,R2_test,nll_train,nll_val,nll_test,mdl_train,mdl_val,mdl_test
0,(Abs((((((x30 + (x2 + (x30 + (x8 + x0)))) - x30) * ((-13.884694912821583 / x4) - ((((0.11835910604333554 / x4) - (0.8713294676078315 / x4)) * ((x26 + x10) - (0.35633296328670616 * (Abs(x10) ^ x0)))) * x12))) / ((((((Abs(x18) ^ ((Recip(x26) / (x0 / x20)) + x27)) + x10) - (Abs(x27) ^ -0.39304264707886005)) + x26) * (-1.6774739016898499 + Recip(x30))) - (((Abs(((((x25 * x11) - x3) + x26) * x5)) ^ 6.374277615841913) / x22) / (Abs((Abs(x27) ^ 24.781486358645857)) ^ (Abs(x9) ^ x4))))) * x2)) ^ x4),-13.884694912821583;0.11835910604333554;0.8713294676078315;0.35633296328670616;-0.39304264707886005;-1.6774739016898499;6.374277615841913;24.781486358645857,93,0.12105640024803752,0.12105640024803752,0.19747351272310637,0.5157743990078499,0.5157743990078499,-9.2725721318556,0.12105640024803752,0.12105640024803752,0.19747351272310637,270.2556319798234,270.2556319798234,270.33204909229846
