id,Expression,theta,size,MSE_train,MSE_val,MSE_test,R2_train,R2_val,R2_test,nll_train,nll_val,nll_test,mdl_train,mdl_val,mdl_test
0,(0.9363511444283058 - (Abs(Recip((Abs(x5) ^ x17))) ^ (((x18 * (((x19 / Recip(x18)) * x11) - x27)) - (((x19 * x18) / Recip((x3 + x29))) / x15)) - (Abs(((Abs(x15) ^ -0.322945134976056) + ((((-1.109941716169319 / x15) * x25) + ((Abs(x3) ^ x18) + x26)) + x3))) ^ (((((-0.661868436758731 / x15) * x16) + x16) + x18) - (Abs((((x3 * (Abs((x9 * 3.239773033290264e-2)) ^ x15)) - (Abs(x5) ^ x4)) + x5)) ^ x2)))))),0.9363511444283058;-0.322945134976056;-1.109941716169319;-0.661868436758731;3.239773033290264e-2,80,3.712245228751996e-2,3.712245228751996e-2,0.13123004458741003,0.8515101908499202,0.8515101908499202,-5.826586919436809,3.712245228751996e-2,3.712245228751996e-2,0.13123004458741003,222.59217909408628,222.59217909408628,222.68628668638615
