id,Expression,theta,size,MSE_train,MSE_val,MSE_test,R2_train,R2_val,R2_test,nll_train,nll_val,nll_test,mdl_train,mdl_val,mdl_test
0,(Abs(((x9 + Recip((((((x26 + (x10 * 0.492111778218939)) / x28) * x10) * x5) + (Recip(x1) + (Abs(x6) ^ x18))))) / (x6 + ((x9 - Recip(x2)) / x9)))) ^ (Abs(((Recip(Recip(Recip(x17))) / ((Abs(x6) ^ x18) * x6)) * ((x9 / (x26 / x27)) * -2.0681297282809923))) ^ (Abs((Abs((x22 / (x9 + -4.166335913850867))) ^ (x6 - (x27 / x30)))) ^ ((x30 - ((-1.5044524329222464 / x9) * x28)) - x1)))),0.492111778218939;-2.0681297282809923;-4.166335913850867;-1.5044524329222464,77,0.0,0.0,2.3530908023395324e-3,1.0,1.0,0.8775922164623022,0.0,0.0,2.3530908023395324e-3,212.69699142233335,212.69699142233335,212.69934451313569
