id,Expression,theta,size,MSE_train,MSE_val,MSE_test,R2_train,R2_val,R2_test,nll_train,nll_val,nll_test,mdl_train,mdl_val,mdl_test
0,((((((x22 - x15) + x24) * (Recip(x11) * (x24 - (5.728971614862325 * x21)))) + (1.548287764008173 + x22)) / (Abs(((x27 + x12) / (x22 * (x3 / (Abs((((x22 * x20) + ((x12 / x4) + (x16 / x24))) - (Abs(((((Abs((x9 * x22)) ^ x9) - x13) * -7.510611366435531) / (Abs(x18) ^ x9))) ^ ((x14 / x12) - ((((x16 * ((x22 - x15) - (Abs(x14) ^ x30))) / x23) * x22) * x29))))) ^ (x19 * x15)))))) ^ ((Abs(((x12 / x4) + (x30 - x5))) ^ Recip((Abs(((x17 + x27) + x19)) ^ x28))) * 1.2226874522373978))) - x11),5.728971614862325;1.548287764008173;-7.510611366435531;1.2226874522373978,105,2.9301659972975302e-2,2.9301659972975302e-2,0.18252152800654384,0.8827933601080988,0.8827933601080988,-8.494769886900048,2.9301659972975302e-2,2.9301659972975302e-2,0.18252152800654384,326.65699716866095,326.65699716866095,326.8102170366945
