id,Expression,theta,size,MSE_train,MSE_val,MSE_test,R2_train,R2_val,R2_test,nll_train,nll_val,nll_test,mdl_train,mdl_val,mdl_test
0,(Recip((Abs(((((x16 + -0.6993971418333718) * x12) + 0.7540395375894156) * Recip(x26))) ^ ((((((Abs(x5) ^ x29) * x25) - ((x6 - x3) + x3)) - x12) * x28) * (((Abs(x2) ^ (Abs((Abs((x5 - (x15 / (Abs((x28 + (((Abs(x5) ^ (Abs((Abs(x23) ^ x22)) ^ x12)) + x6) * x15))) ^ x25)))) ^ Recip(x4))) ^ (Recip((Abs((x24 + (Abs(((x22 + x3) + x17)) ^ -0.12020197023952783))) ^ (x5 - (((x16 + 0.6693379201736117) * (Abs(x28) ^ x14)) + x12)))) + x0))) * -23.211431249022265) / ((Abs(x15) ^ x15) / Recip((Abs(x1) ^ x21))))))) * x11),-0.6993971418333718;0.7540395375894156;-0.12020197023952783;0.6693379201736117;-23.211431249022265,104,5.2781184801503817e-2,5.2781184801503817e-2,8.586400274911112e-2,0.7888752607939847,0.7888752607939847,-3.4666454230085897,5.2781184801503817e-2,5.2781184801503817e-2,8.586400274911112e-2,299.9511871005699,299.9511871005699,299.9842699185175
