id,Expression,theta,size,MSE_train,MSE_val,MSE_test,R2_train,R2_val,R2_test,nll_train,nll_val,nll_test,mdl_train,mdl_val,mdl_test
0,(Abs((x0 * -5.504630050890295)) ^ ((Recip(x9) - (x0 * Recip((Abs((x6 / (((x12 + (x17 / ((Recip(Recip((Abs(x19) ^ (x20 + x6)))) + (Abs(0.8657686786451553) ^ x6)) / ((x24 - x30) + (Abs((Abs((Abs(x0) ^ x10)) ^ x25)) ^ (x0 * -0.33557455465124014)))))) - (x12 - x9)) + (Abs(Recip(((x8 * x9) * x9))) ^ (x25 * x18))))) ^ x10)))) - (((x24 + x0) + x6) * 15.106152624920147))),-5.504630050890295;0.8657686786451553;-0.33557455465124014;15.106152624920147,74,2.4839548858893813e-2,2.4839548858893813e-2,Infinity,0.9006418045644248,0.9006418045644248,-Infinity,2.4839548858893813e-2,2.4839548858893813e-2,Infinity,197.7431696034223,197.7431696034223,Infinity
