id,Expression,theta,size,MSE_train,MSE_val,MSE_test,R2_train,R2_val,R2_test,nll_train,nll_val,nll_test,mdl_train,mdl_val,mdl_test
0,Recip((Abs((Abs(((x9 + ((x7 * x3) + x9)) - ((x20 * (x7 - (x26 * (Abs(x5) ^ x14)))) * (Abs(x0) ^ Recip(x19))))) ^ (Abs(Recip(((Abs(((Abs(Recip((x2 + (Abs(2.972883739941645) ^ ((x5 * x11) - ((x4 * (x6 + ((x3 + x29) * x12))) / Recip(((x21 * (x4 * (((Abs(-1.1734449490166594) ^ x7) + ((x4 + x29) * x12)) - x11))) * (x29 * ((x5 * x11) / x1)))))))))) ^ Recip(Recip((x22 * (x18 / x12))))) + (x7 - x8))) ^ 362.8554695527247) * x3))) ^ x21))) ^ Recip((x11 * Recip((((x12 + x6) * -31.224926201109618) - x14)))))),2.972883739941645;-1.1734449490166594;362.8554695527247;-31.224926201109618,107,3.0911873149541868e-2,3.0911873149541868e-2,Infinity,0.8763525074018326,0.8763525074018326,-Infinity,3.0911873149541868e-2,3.0911873149541868e-2,Infinity,323.0229247415738,323.0229247415738,Infinity
