id,Expression,theta,size,MSE_train,MSE_val,MSE_test,R2_train,R2_val,R2_test,nll_train,nll_val,nll_test,mdl_train,mdl_val,mdl_test
0,Recip((Abs(((Abs((Abs(x13) ^ Recip(((x15 * x2) + (x23 - x10))))) ^ ((x20 * 14.868838112468847) / (Abs(x27) ^ x7))) + (Abs(-6.187016033969864) ^ x19))) ^ ((Abs((((Recip(x26) + x27) - x24) * 3.549010743233009e-2)) ^ ((((x19 + x7) - x1) + 1.5830534880164184) * -0.6997941648287092)) / (Recip((Recip(x26) + x27)) - ((x3 * x30) + (x3 - ((Abs(x0) ^ x6) - (((x9 / (x13 + (((Abs(x0) ^ x7) * (x9 * (Abs(x9) ^ x9))) - Recip((Abs(x27) ^ x7))))) / x10) - (Abs((x19 + (x26 - x6))) ^ x9))))))))),14.868838112468847;-6.187016033969864;3.549010743233009e-2;1.5830534880164184;-0.6997941648287092,98,6.586138184259138e-2,6.586138184259138e-2,0.12249046237444759,0.7365544726296345,0.7365544726296345,-5.37195385271852,6.586138184259138e-2,6.586138184259138e-2,0.12249046237444759,276.55654462211385,276.55654462211385,276.6131737026457
