id,Expression,theta,size,MSE_train,MSE_val,MSE_test,R2_train,R2_val,R2_test,nll_train,nll_val,nll_test,mdl_train,mdl_val,mdl_test
0,Recip(((Abs((x7 * x20)) ^ ((-0.3033048345783187 + x2) / Recip(((x27 - (Abs((x1 + (x24 - (-0.1778365147189182 * x7)))) ^ (((((((x6 + x3) - x4) + 0.40698700562133333) - x3) * ((x1 + (Abs(x12) ^ (x23 / x25))) * x13)) + (x16 - (1.2720371855736736 / x1))) - ((x6 + (x16 - x11)) + x25)))) * -0.35412906149180223)))) / x17)),-0.3033048345783187;-0.1778365147189182;0.40698700562133333;1.2720371855736736;-0.35412906149180223,60,8.375467849833436e-3,8.375467849833436e-3,4.299757968784763e-2,0.9664981286006663,0.9664981286006663,-1.236734095361748,8.375467849833436e-3,8.375467849833436e-3,4.299757968784763e-2,178.73154577581138,178.73154577581138,178.76616788764937
