id,Expression,theta,size,MSE_train,MSE_val,MSE_test,R2_train,R2_val,R2_test,nll_train,nll_val,nll_test,mdl_train,mdl_val,mdl_test
0,((Abs((x4 / (x10 * (0.9562164782626636 / (((Recip(x3) / (x18 / ((((x11 / (x12 * (x29 / (x28 - x14)))) / (Recip(x10) / (x6 * x11))) / x23) / (x9 * (0.9589507580876047 / (Recip((x20 + x26)) + (Abs((x27 * ((((x27 / x20) * ((x10 * x22) * (Abs(x14) ^ x23))) / (x4 / x10)) + x19))) ^ 0.9871031930583031))))))) - x27) * (Abs((x27 * (x20 + ((Abs(x10) ^ Recip((x26 / x22))) * x23)))) ^ -0.7795490215174432)))))) ^ x0) * x15),0.9562164782626636;0.9589507580876047;0.9871031930583031;-0.7795490215174432,86,9.162700899294171e-2,9.162700899294171e-2,0.15515774894611428,0.6334919640282332,0.6334919640282332,-7.071306100176557,9.162700899294171e-2,9.162700899294171e-2,0.15515774894611428,263.997446588733,263.997446588733,264.0609773286862
