id,Expression,theta,size,MSE_train,MSE_val,MSE_test,R2_train,R2_val,R2_test,nll_train,nll_val,nll_test,mdl_train,mdl_val,mdl_test
0,(Abs(1.5536529376283213e-3) ^ (Abs(0.6808765978329463) ^ ((x11 * (Abs(x9) ^ x7)) + ((Recip(Recip(x24)) + -0.3791373881369197) + (Abs((((x26 + ((Abs(x1) ^ x22) - (x6 + (((Abs((Recip(Recip(x24)) + ((x26 + x12) / x21))) ^ (x19 + x9)) + Recip(((x3 / x0) / (Recip(x28) - x22)))) * x24)))) + (Abs(Recip(((x10 + 0.20071232919744073) + (x15 / x10)))) ^ (Abs((x11 / x7)) ^ (x11 - Recip(x4))))) - (x10 * x6))) ^ (Abs(x22) ^ -0.600869277601928)))))),1.5536529376283213e-3;0.6808765978329463;-0.3791373881369197;0.20071232919744073;-0.600869277601928,84,8.04126691082444e-2,8.04126691082444e-2,0.14450382100593298,0.6783493235670224,0.6783493235670224,-6.517088768728347,8.04126691082444e-2,8.04126691082444e-2,0.14450382100593298,238.4344499452042,238.4344499452042,238.49854109710188
