id,Expression,theta,size,MSE_train,MSE_val,MSE_test,R2_train,R2_val,R2_test,nll_train,nll_val,nll_test,mdl_train,mdl_val,mdl_test
0,Recip((((Abs(Recip((((x6 / x13) + Recip(x4)) * -0.8122516154586106))) ^ (((x1 + (x7 + (Recip((Abs(((((x15 + (x24 * ((Abs(7.315968850273094) ^ (x4 / x3)) - x6))) * x22) + x17) * (Abs(((((Abs((Recip(x7) - x17)) ^ x19) + 0.5582498097311057) * (x4 * x3)) + (Abs(x17) ^ x19))) ^ x17))) ^ ((Abs(3.4256038733712337) ^ x1) + (x8 - Recip((4.045316475899952 / x29)))))) + (x29 + -11.667992540776208)))) + x6) / Recip(x21))) + ((Abs(x17) ^ x19) + 0.1786916720634898)) * (x14 / x27))),-0.8122516154586106;7.315968850273094;0.5582498097311057;3.4256038733712337;4.045316475899952;-11.667992540776208;0.1786916720634898,88,5.8454794454391744e-2,5.8454794454391744e-2,2.889067304915374e-2,0.766180822182433,0.766180822182433,-0.50289281201692,5.8454794454391744e-2,5.8454794454391744e-2,2.889067304915374e-2,250.89799206878638,250.89799206878638,250.86842794738112
