id,Expression,theta,size,MSE_train,MSE_val,MSE_test,R2_train,R2_val,R2_test,nll_train,nll_val,nll_test,mdl_train,mdl_val,mdl_test
0,(Abs(x27) ^ (Abs(Recip((0.5652719526836065 - (Recip((x26 + (Abs(x5) ^ Recip(x6)))) * ((((x5 * (0.3389111508110736 + x18)) - (x22 + x6)) / Recip((Recip((((Recip(x6) * ((Abs(x14) ^ x18) / x24)) - ((Abs(Recip(x10)) ^ x1) / (x3 * ((x25 + Recip(x17)) * x19)))) / (Abs(((((Abs(x15) ^ -1.1832918385048468) - ((Abs(x7) ^ x9) - (Abs(x17) ^ x3))) - x4) + (x29 - (x0 + x7)))) ^ ((Abs((Abs(x10) ^ x1)) ^ x4) * (Abs(x18) ^ ((x15 - x4) + x7)))))) / (x16 - Recip(x6))))) + x24))))) ^ (Abs(Recip(x22)) ^ (-2.5237981599214576 - (x9 * -24.00187662069558))))),0.5652719526836065;0.3389111508110736;-1.1832918385048468;-2.5237981599214576;-24.00187662069558,110,2.4985050074462264e-2,2.4985050074462264e-2,0.10325669760251703,0.9000597997021509,0.9000597997021509,-4.371413409282731,2.4985050074462264e-2,2.4985050074462264e-2,0.10325669760251703,323.24882253706926,323.24882253706926,323.3270941845973
