id,Expression,theta,size,MSE_train,MSE_val,MSE_test,R2_train,R2_val,R2_test,nll_train,nll_val,nll_test,mdl_train,mdl_val,mdl_test
0,(Abs(x9) ^ ((Abs(x8) ^ x12) / (Abs((Abs((Recip(x2) * x5)) ^ ((6.866812810999144e-2 - x9) * (Recip((x26 * (Abs(0.3225054860556666) ^ (Recip(x14) + x7)))) + ((Recip(x22) + (((Recip((x26 * (Abs(2.1306003717658274e-2) ^ (Recip(((((x5 / (x6 + x15)) + x11) / (x29 / x17)) * Recip((x11 + ((Abs(x12) ^ x30) / (Recip(x19) / (x11 - ((x0 + (Abs(x26) ^ x27)) + Recip(x30))))))))) + x7)))) + x10) + Recip(x2)) + x22)) + x22))))) ^ ((x9 / x0) * x6)))),6.866812810999144e-2;0.3225054860556666;2.1306003717658274e-2,91,4.33048314660896e-2,4.33048314660896e-2,0.22543241747866016,0.8267806741356416,0.8267806741356416,-10.726994357239453,4.33048314660896e-2,4.33048314660896e-2,0.22543241747866016,270.46531748724914,270.46531748724914,270.6474450732617
