id,Expression,theta,size,MSE_train,MSE_val,MSE_test,R2_train,R2_val,R2_test,nll_train,nll_val,nll_test,mdl_train,mdl_val,mdl_test
0,(Recip(((Abs((Abs(((((x19 + (x8 * x10)) * x25) / x24) / x22)) ^ Recip((Abs(((Abs(((x22 / (Abs(x6) ^ (Abs(-0.3448713236335254) ^ x19))) * (Abs((x29 * (0.14751468297761877 / x10))) ^ x3))) ^ ((x0 / (Abs(x30) ^ x14)) * x23)) + (x30 * (x30 + x17)))) ^ x6)))) ^ x22) + (Abs(((((x6 * (x0 - Recip((x3 / (x3 / x30))))) * (Abs(-0.7455855711309933) ^ Recip((x22 / x1)))) + (Abs(x6) ^ (Abs(x19) ^ x19))) + (Abs((Abs(x5) ^ x26)) ^ (Abs(x12) ^ -1.300601736538474)))) ^ -4.601307315838146))) - x17),-0.3448713236335254;0.14751468297761877;-0.7455855711309933;-1.300601736538474;-4.601307315838146,98,7.768172303626829e-2,7.768172303626829e-2,0.25312570524412986,0.6892731078549268,0.6892731078549268,-12.167599186799132,7.768172303626829e-2,7.768172303626829e-2,0.25312570524412986,267.2443751870969,267.2443751870969,267.4198191693048
