id,Expression,theta,size,MSE_train,MSE_val,MSE_test,R2_train,R2_val,R2_test,nll_train,nll_val,nll_test,mdl_train,mdl_val,mdl_test
0,(x15 * ((5.374419721874146 + (((x21 * x15) + ((((x5 * 4.84555811095889) + 23.077200539184595) * (((x24 - x27) * (Abs((x29 * x12)) ^ Recip((Abs(x27) ^ x11)))) - (Abs((x7 * x27)) ^ x24))) - ((x5 * 5.844830834470846) + (((x20 - (x20 * x15)) * 1.018705810030589) - x10)))) + ((((x10 - (Abs(x11) ^ x24)) * (((x24 - (x20 * x15)) * -3.7188542342020225) + -7.293767540239172)) - x17) - x17))) - (x26 + ((((x5 - ((Abs(((x16 - x28) * x12)) ^ x8) + ((6.189479307363555 - (x15 * -10.739814849360146)) - x17))) - x26) + x7) - (x17 + x26))))),5.374419721874146;4.84555811095889;23.077200539184595;5.844830834470846;1.018705810030589;-3.7188542342020225;-7.293767540239172;6.189479307363555;-10.739814849360146,99,7.177513845308366e-2,7.177513845308366e-2,0.1280871838668238,0.7128994461876654,0.7128994461876654,-5.66309530475192,7.177513845308366e-2,7.177513845308366e-2,0.1280871838668238,290.6297657541348,290.6297657541348,290.6860777995485
