id,Expression,theta,size,MSE_train,MSE_val,MSE_test,R2_train,R2_val,R2_test,nll_train,nll_val,nll_test,mdl_train,mdl_val,mdl_test
0,Recip((Abs((Abs((((x30 + (Abs(x17) ^ (Abs(Recip((x16 * x28))) ^ x30))) + (Abs(x17) ^ x6)) / (Abs(x22) ^ x10))) ^ Recip(((x10 + Recip(x16)) + (Abs(x20) ^ (((x10 + x22) + (Abs(x16) ^ x27)) - x11)))))) ^ (Abs((Recip((x20 * x10)) + (Abs(Recip((Abs(Recip(Recip((((x22 / (x29 + 0.8847190289864404)) + x19) - (x9 + (x1 - (Abs(x28) ^ Recip(x28)))))))) ^ ((Abs(((x10 + Recip(x11)) - x6)) ^ ((x30 + x8) - (x22 / (x29 + 0.3256894584707)))) / x2)))) ^ (x22 / (x9 + (x6 * x20)))))) ^ (x11 - (x29 * x30))))),0.8847190289864404;0.3256894584707,108,4.033549294484978e-2,4.033549294484978e-2,361797.8606985628,0.8386580282206009,0.8386580282206009,-1.882072371353852e7,4.033549294484978e-2,4.033549294484978e-2,361797.8606985628,297.91228600621406,297.91228600621406,362095.7326490761
