id,Expression,theta,size,MSE_train,MSE_val,MSE_test,R2_train,R2_val,R2_test,nll_train,nll_val,nll_test,mdl_train,mdl_val,mdl_test
0,(((36.126472773411315 + (x22 - ((Abs(((Recip((x21 * x23)) - (x17 + x6)) + ((x8 * x15) + (Abs((((x7 + x24) + Recip(x1)) + 2.9560929327202032)) ^ x30)))) ^ (((x2 + x12) + ((Abs(x21) ^ (((x7 + x24) + Recip(x1)) - ((x10 - x4) + (Abs(x15) ^ x4)))) * -196.60138969933897)) - (x7 + x17))) * (Recip(Recip(((Abs(Recip(x10)) ^ x10) + (x17 - (-188.65691984927076 * x1))))) * (((Abs((x11 / x25)) ^ x6) * (Abs(((Abs(x5) ^ x21) + (Abs(x15) ^ Recip((x13 / x9))))) ^ x16)) + Recip((Recip(x15) - (x12 + x15)))))))) * x15) * x3),36.126472773411315;2.9560929327202032;-196.60138969933897;-188.65691984927076,107,4.713637324383549e-2,4.713637324383549e-2,7.136351646333158e-2,0.811454507024658,0.811454507024658,-2.7123301264223674,4.713637324383549e-2,4.713637324383549e-2,7.136351646333158e-2,330.04212771191834,330.04212771191834,330.06635485513783
