id,Expression,theta,size,MSE_train,MSE_val,MSE_test,R2_train,R2_val,R2_test,nll_train,nll_val,nll_test,mdl_train,mdl_val,mdl_test
0,(((Abs(x27) ^ (((x8 * (((76.28383320114288 + x27) * x13) * x13)) * (((x8 * (Abs((-7.068253164624185 - (5.306360076481268 + x27))) ^ (x15 + x13))) + x13) + x23)) * ((((Abs(x26) ^ x20) * x0) + x27) + ((((Abs(-0.8696120280084211) ^ (x17 * x8)) + ((-0.5315207919638394 + x27) * x13)) * (Abs((8.236340334563238 - (x23 + x18))) ^ (x23 + x13))) + x13)))) + (x8 + x11)) * (Abs((x0 - ((x15 + x13) * (Abs((x8 - (x8 * (Abs((((x23 * x23) * x25) + x25)) ^ (x26 + x19))))) ^ (x26 + x12))))) ^ (((3.054152101653766 + x27) * x13) * x13))),76.28383320114288;-7.068253164624185;5.306360076481268;-0.8696120280084211;-0.5315207919638394;8.236340334563238;3.054152101653766,105,9.474218471901553e-2,9.474218471901553e-2,Infinity,0.6210312611239379,0.6210312611239379,-Infinity,9.474218471901553e-2,9.474218471901553e-2,Infinity,285.7053231638637,285.7053231638637,Infinity
