id,Expression,theta,size,MSE_train,MSE_val,MSE_test,R2_train,R2_val,R2_test,nll_train,nll_val,nll_test,mdl_train,mdl_val,mdl_test
0,Recip(((((Recip(x7) * x0) / Recip(x30)) / (x18 / (Abs(((Abs(Recip(Recip(Recip(x15)))) ^ (((Abs(x17) ^ (x1 + ((x27 / x0) + x21))) + (x27 * (x1 + 5.270719024370546))) + (((Abs((Abs(x24) ^ (3.981263516729926e-2 - x0))) ^ ((x9 - x18) + (21.606331183858245 - x12))) + x15) + (-2.1871410271698526 - x27)))) * x10)) ^ x10))) + Recip(((x27 / x30) + x21)))),5.270719024370546;3.981263516729926e-2;21.606331183858245;-2.1871410271698526,67,6.398871995153298e-2,6.398871995153298e-2,8.078585788909252e-2,0.744045120193868,0.744045120193868,-3.2024803273904325,6.398871995153298e-2,6.398871995153298e-2,8.078585788909252e-2,185.79938968029896,185.79938968029896,185.8161868182365
