id,Expression,theta,size,MSE_train,MSE_val,MSE_test,R2_train,R2_val,R2_test,nll_train,nll_val,nll_test,mdl_train,mdl_val,mdl_test
0,(Abs((((x21 * x12) / x25) * ((x14 + x3) + (x3 * x25)))) ^ (Abs(((x0 * 0.5224289854785396) + x23)) ^ ((x26 * -40.13123950364841) * x21))),0.5224289854785396;-40.13123950364841,27,0.3922181912626279,0.3922181912626279,2.774626761582403e-2,-0.5688727650505117,-0.5688727650505117,-0.4433608413751109,0.3922181912626279,0.3922181912626279,2.774626761582403e-2,64.51595212780104,64.51595212780104,64.15148020415424
