id,Expression,theta,size,MSE_train,MSE_val,MSE_test,R2_train,R2_val,R2_test,nll_train,nll_val,nll_test,mdl_train,mdl_val,mdl_test
0,(((((((x2 * (x16 * Recip(x5))) - (x2 / x11)) + (x30 * Recip(x26))) - ((Abs(x3) ^ x2) - (x25 - x1))) + (Recip(((Abs((((Recip(((x4 / ((x6 / Recip(((x6 + Recip((x18 * x16))) / Recip((Recip(x11) + ((((x24 * x23) / x9) / x12) + x18)))))) + -0.17988428248415628)) / Recip((Recip((x19 * x6)) / x12)))) + x21) - ((x27 * x5) + -0.17947837800964903)) / x11)) ^ x23) + (x13 / (x18 - x27)))) * 36.413749735727734)) + Recip(x25)) / Recip((x6 + -3.3584888443012224e-2))),-0.17988428248415628;-0.17947837800964903;36.413749735727734;-3.3584888443012224e-2,91,8.804186031820983e-2,8.804186031820983e-2,0.6548519319498872,0.6478325587271607,0.6478325587271607,-33.065397500031835,8.804186031820983e-2,8.804186031820983e-2,0.6548519319498872,293.41752293470347,293.41752293470347,293.9843330063352
