id,Expression,theta,size,MSE_train,MSE_val,MSE_test,R2_train,R2_val,R2_test,nll_train,nll_val,nll_test,mdl_train,mdl_val,mdl_test
0,Recip(Recip((Abs(Recip((((Recip((x16 * 3.394045202086996e-2)) * x16) * Recip((Abs((x3 - x4)) ^ (x10 + -1.2707235403662809)))) + Recip((Abs((Abs((x28 - x18)) ^ x0)) ^ x10))))) ^ (x2 / x30)))),3.394045202086996e-2;-1.2707235403662809,35,9.376512867253249e-2,9.376512867253249e-2,0.18934478661164167,0.62493948530987,0.62493948530987,-8.849715799537222,9.376512867253249e-2,9.376512867253249e-2,0.18934478661164167,86.04401551810575,86.04401551810575,86.13959517604486
