id,Expression,theta,size,MSE_train,MSE_val,MSE_test,R2_train,R2_val,R2_test,nll_train,nll_val,nll_test,mdl_train,mdl_val,mdl_test
0,(Abs(((((Abs(x24) ^ ((x24 + x7) / (Abs(x25) ^ (Abs(0.9335616708654761) ^ ((Abs((((x1 + x19) + (Abs((Abs(x14) ^ (x21 * x29))) ^ x4)) / x2)) ^ x9) * (Abs((Abs((x21 * (((((x7 + x30) - x20) * ((x20 * x26) * x24)) + (Abs((Abs((x20 - x28)) ^ (Abs(x25) ^ x14))) ^ ((x20 + x15) - x20))) + (Abs((Abs(((Abs(x29) ^ x17) + Recip(x0))) ^ (-0.6484877201407234 + ((x1 / x8) - x15)))) ^ ((Abs((x13 + x18)) ^ (x6 - x13)) - x13))))) ^ x29)) ^ x18)))))) * (x17 + x5)) * (x14 - (Abs(x9) ^ x14))) * -29.026473089427693)) ^ x14),0.9335616708654761;-0.6484877201407234;-29.026473089427693,113,0.1281485625431152,0.1281485625431152,15353.137947955032,0.48740574982753915,0.48740574982753915,-798669.2360525903,0.1281485625431152,0.1281485625431152,15353.137947955032,326.64309720211,326.64309720211,15679.6528965946
