id,Expression,theta,size,MSE_train,MSE_val,MSE_test,R2_train,R2_val,R2_test,nll_train,nll_val,nll_test,mdl_train,mdl_val,mdl_test
0,Recip(((((Recip(x25) - (x15 / x1)) * (((x1 * 0.8100230090045879) + (Abs((x17 / x15)) ^ (Abs(((x22 / ((x17 + (Abs(((-0.11678313795752103 + x3) * (x27 * x11))) ^ x23)) * (x19 + x27))) * 1.833743247022583)) ^ (((x22 / x4) / x19) - x1)))) * (x10 + x27))) - ((Abs((x30 * (x27 * x4))) ^ x23) / (x18 * -11.704707037960333))) + x24)),0.8100230090045879;-0.11678313795752103;1.833743247022583;-11.704707037960333,65,5.907212480318339e-2,5.907212480318339e-2,0.15803247037241702,0.7637115007872665,0.7637115007872665,-7.2208491087728195,5.907212480318339e-2,5.907212480318339e-2,0.15803247037241702,188.61266177966047,188.61266177966047,188.7116221252297
