id,Expression,theta,size,MSE_train,MSE_val,MSE_test,R2_train,R2_val,R2_test,nll_train,nll_val,nll_test,mdl_train,mdl_val,mdl_test
0,(Abs((x8 * (((((Recip((Recip(x26) * (x13 / x11))) * ((x23 * x5) / x12)) * x23) / ((Abs((Recip(x30) * (Abs(x26) ^ (Recip(x0) - Recip(x15))))) ^ Recip((Abs(((Abs((((Recip(x0) - Recip(x15)) + x26) * x22)) ^ (x1 * (x30 + 6.588238928621073))) * x8)) ^ x9))) - ((x0 + x16) / (Abs(x28) ^ (x19 + -11.986825831119667))))) * x12) / (-41.57101170933619 - Recip((Abs(((Abs((x22 * ((x12 - (Abs(x6) ^ (x8 * x7))) * x16))) ^ (x1 * (x30 + (x25 - x8)))) * (((-3.1146349994948217 + x26) * x3) / x10))) ^ x9)))))) ^ x12),6.588238928621073;-11.986825831119667;-41.57101170933619;-3.1146349994948217,105,5.8266289602051956e-2,5.8266289602051956e-2,0.11864029646762674,0.7669348415917921,0.7669348415917921,-5.1716682222457075,5.8266289602051956e-2,5.8266289602051956e-2,0.11864029646762674,319.9498992664216,319.9498992664216,320.01027327328717
