id,Expression,theta,size,MSE_train,MSE_val,MSE_test,R2_train,R2_val,R2_test,nll_train,nll_val,nll_test,mdl_train,mdl_val,mdl_test
0,(x15 / (((Abs(0.4589758786979285) ^ ((Abs((x6 / x0)) ^ (Abs(x6) ^ (x30 * x30))) * Recip(x1))) / (x15 / (x15 + ((Abs(-0.8552152169342976) ^ ((Abs(Recip((Recip((Abs(x7) ^ (x15 + (x0 + (x29 + (x0 * x3)))))) - x13))) ^ (Abs((Recip((Abs(x6) ^ x29)) / (Abs(((((x26 - x8) / Recip(x4)) / x6) / x1)) ^ -0.27161192067150136))) ^ -1.0652275262778375)) * Recip(x1))) / (Abs(x0) ^ (x11 + x15)))))) + x15)),0.4589758786979285;-0.8552152169342976;-0.27161192067150136;-1.0652275262778375,79,7.45055854758844e-2,7.45055854758844e-2,0.13195695409076622,0.7019776580964624,0.7019776580964624,-5.864400751801397,7.45055854758844e-2,7.45055854758844e-2,0.13195695409076622,206.78003246070125,206.78003246070125,206.8374838293161
