id,Expression,theta,size,MSE_train,MSE_val,MSE_test,R2_train,R2_val,R2_test,nll_train,nll_val,nll_test,mdl_train,mdl_val,mdl_test
0,(((x27 + x27) / ((Abs(x2) ^ (((((Abs(((x27 - x4) * (x15 * x9))) ^ (Abs(((x26 - (x20 + x18)) - ((Recip((((x19 / x26) + x5) + x13)) + -0.4061085799116203) * x18))) ^ 0.5975241483820557)) + Recip(x19)) / ((((Abs(x0) ^ x17) + 0.4212558405494349) / x27) + (((-0.44456098521495363 / x15) - (x6 * x25)) + (Recip((Abs((Abs(x25) ^ (Abs(x21) ^ x22))) ^ x27)) * (x27 + (Abs(x25) ^ x8)))))) * Recip(Recip((Recip(x26) * x0)))) - x25)) + 0.25452567730108355)) + ((1.6711699871437953e-2 * (x18 - (x26 - x30))) + -6.860443680047851e-2)),-0.4061085799116203;0.5975241483820557;0.4212558405494349;-0.44456098521495363;0.25452567730108355;1.6711699871437953e-2;-6.860443680047851e-2,97,6.986595156410909e-2,6.986595156410909e-2,0.13784375494274378,0.7205361937435637,0.7205361937435637,-6.170632132121257,6.986595156410909e-2,6.986595156410909e-2,0.13784375494274378,290.04045783547605,290.04045783547605,290.1084356388547
