id,Expression,theta,size,MSE_train,MSE_val,MSE_test,R2_train,R2_val,R2_test,nll_train,nll_val,nll_test,mdl_train,mdl_val,mdl_test
0,(0.8131252771677658 - (Abs(((x25 * (x1 / (((Abs((Abs(Recip(x26)) ^ ((x26 - (0.30119346230622074 * x19)) * (((Recip(x17) * -27.990864174687427) - (((x26 / x30) / x7) / (x16 / x27))) - (Recip(Recip(((x25 / x1) / (x20 - x14)))) * 1.504010229920241))))) ^ (Abs(((Abs((x12 + (x23 / Recip(x25)))) ^ ((x28 - x25) * x13)) - x15)) ^ x28)) * x1) + x25))) * x13)) ^ x25)),0.8131252771677658;0.30119346230622074;-27.990864174687427;1.504010229920241,71,9.730648546529821e-2,9.730648546529821e-2,0.17236643374291466,0.6107740581388071,0.6107740581388071,-7.966501883306078,9.730648546529821e-2,9.730648546529821e-2,0.17236643374291466,207.0399247367892,207.0399247367892,207.11498468506682
