id,Expression,theta,size,MSE_train,MSE_val,MSE_test,R2_train,R2_val,R2_test,nll_train,nll_val,nll_test,mdl_train,mdl_val,mdl_test
0,(Abs(x20) ^ (Recip(Recip(((Abs(x23) ^ x10) - ((x1 * ((Abs((Abs((((x5 * (Abs(x27) ^ x21)) / (0.9111678844187175 / x7)) / x26)) ^ x24)) ^ x21) * x25)) - (x1 * -9.213173813015436e-2))))) * (Abs(((Recip(x28) + 7.601064090018565) * ((x19 * Recip(((x21 + (Abs((x10 / x13)) ^ x0)) - ((Recip(x28) - Recip((x13 / x25))) * ((Abs(Recip(Recip(x5))) ^ Recip(x13)) * (Abs(x10) ^ x28)))))) * Recip(Recip((x10 + 0.10871181089843468)))))) ^ -37.497116071058976))),0.9111678844187175;-9.213173813015436e-2;7.601064090018565;0.10871181089843468;-37.497116071058976,83,2.1049575795193894e-2,2.1049575795193894e-2,Infinity,0.9158016968192244,0.9158016968192244,-Infinity,2.1049575795193894e-2,2.1049575795193894e-2,Infinity,228.75819112431057,228.75819112431057,Infinity
