id,Expression,theta,size,MSE_train,MSE_val,MSE_test,R2_train,R2_val,R2_test,nll_train,nll_val,nll_test,mdl_train,mdl_val,mdl_test
0,((0.5409308189055507 / (Recip((Abs((Abs(((Abs(x24) ^ x10) - (Abs((Abs((x29 * (x23 * x3))) ^ (x6 * x18))) ^ x25))) ^ (Abs((x29 * (x23 * (Abs((Abs((Abs((x3 - x25)) ^ x25)) ^ x5)) ^ -0.265840731811801)))) ^ (x6 * x18)))) ^ x5)) - Recip(((Recip(Recip(x8)) - ((x1 + -1.2153498874958253) - (((x29 / x20) + Recip(Recip(((Abs((-4.140307081110116e-3 + x1)) ^ (x16 / x17)) + (Abs((x3 * 0.5056913212471335)) ^ (x13 * (Abs(x11) ^ x22))))))) - ((x8 + x6) + x9)))) + (x11 * (Abs((Abs(x4) ^ x6)) ^ ((x30 + x12) + Recip(Recip(x0))))))))) + (-1.1498769730075524 + (Abs((Abs(x5) ^ x5)) ^ 2.4700220992622035))),0.5409308189055507;-0.265840731811801;-1.2153498874958253;-4.140307081110116e-3;0.5056913212471335;-1.1498769730075524;2.4700220992622035,115,6.29762443205684e-2,6.29762443205684e-2,0.3242210037180642,0.7480950227177263,0.7480950227177263,-15.865976613413057,6.29762443205684e-2,6.29762443205684e-2,0.3242210037180642,333.4252634129815,333.4252634129815,333.686508172379
