id,Expression,theta,size,MSE_train,MSE_val,MSE_test,R2_train,R2_val,R2_test,nll_train,nll_val,nll_test,mdl_train,mdl_val,mdl_test
0,Recip((Abs(((Recip(x0) * 24.398080913168528) + Recip((Abs(x8) ^ (x25 / x4))))) ^ ((x11 * ((Abs(x8) ^ x13) + (Abs(x3) ^ (x20 + -8.93796918916114)))) / (Abs(x3) ^ ((((5.8810990762879e-2 + x11) * ((Abs(x8) ^ x27) + 62.83636143128503)) / (Abs((Abs(x26) ^ x8)) ^ (x20 + (x16 + -1.8807237293097079)))) + -18.659150919807743))))),24.398080913168528;-8.93796918916114;5.8810990762879e-2;62.83636143128503;-1.8807237293097079;-18.659150919807743,56,0.1128147262981269,0.1128147262981269,0.19818559085400536,0.5487410948074924,0.5487410948074924,-9.309614436224965,0.1128147262981269,0.1128147262981269,0.19818559085400536,136.10705524099652,136.10705524099652,136.19242610555239
