id,Expression,theta,size,MSE_train,MSE_val,MSE_test,R2_train,R2_val,R2_test,nll_train,nll_val,nll_test,mdl_train,mdl_val,mdl_test
0,(((((((x10 - Recip(x18)) * -0.4525400900978021) + 0.17150460276866658) * (Abs((x18 / (Abs(((((x13 * -1.242187844812424e-4) * (((Abs(x17) ^ 8.911369502231001e-2) / ((x9 * x19) * ((x26 - x15) / Recip((0.283523608393933 + x30))))) + x17)) / (x10 * (x26 / (((Abs(x23) ^ -0.8785949252422635) - (x25 + x4)) + ((Recip((Abs((x11 + x27)) ^ x19)) + x20) + (x13 * x27)))))) + (Recip((0.8982158819688535 + x30)) * (Recip((x13 + (Abs(x17) ^ x18))) / (Abs(x17) ^ x20))))) ^ x8))) ^ (x19 / (x12 + x9)))) / x19) - Recip(x18)) * -4.184713105007435e-2),-0.4525400900978021;0.17150460276866658;-1.242187844812424e-4;8.911369502231001e-2;0.283523608393933;-0.8785949252422635;0.8982158819688535;-4.184713105007435e-2,96,0.14392554351513487,0.14392554351513487,0.257459487889657,0.4242978259394605,0.4242978259394605,-12.393042560019447,0.14392554351513487,0.14392554351513487,0.257459487889657,282.9907164444823,282.9907164444823,283.1042503888568
