id,Expression,theta,size,MSE_train,MSE_val,MSE_test,R2_train,R2_val,R2_test,nll_train,nll_val,nll_test,mdl_train,mdl_val,mdl_test
0,(((x0 - (0.13027823824299217 - x7)) / Recip((((Abs((x8 + x27)) ^ (x10 - x7)) / (Recip(x8) / (x6 - x18))) - ((Abs(((Abs((x4 / (Abs((1.0372286010939444 - (Abs((Abs(x26) ^ x10)) ^ x18))) ^ (Abs(x12) ^ x7)))) ^ (Abs((Abs(x4) ^ x19)) ^ (Abs(Recip(((x4 - x6) + (x30 - x24)))) ^ x28))) - (Abs((x26 + x27)) ^ x8))) ^ x21) / x7)))) - (-4.862471364901975e-2 / x24)),0.13027823824299217;1.0372286010939444;-4.862471364901975e-2,75,6.082832378223501e-2,6.082832378223501e-2,0.22146782599239348,0.7566867048710599,0.7566867048710599,-10.520756308123868,6.082832378223501e-2,6.082832378223501e-2,0.22146782599239348,194.9102643380813,194.9102643380813,195.07090384029146
