id,Expression,theta,size,MSE_train,MSE_val,MSE_test,R2_train,R2_val,R2_test,nll_train,nll_val,nll_test,mdl_train,mdl_val,mdl_test
0,Recip((((Abs((x16 - x19)) ^ (Recip((x29 / Recip((((Abs(x19) ^ (x13 * (x0 - x5))) - x12) / (Abs(x18) ^ x10))))) + Recip((-0.35894258053783296 + x15)))) + Recip((Abs((x21 * x6)) ^ x10))) - Recip((Recip((Recip(x18) + -6.559663284628922)) / x18)))),-0.35894258053783296;-6.559663284628922,47,8.92929847070187e-2,8.92929847070187e-2,0.10154505950380488,0.6428280611719253,0.6428280611719253,-4.2823739953877284,8.92929847070187e-2,8.92929847070187e-2,0.10154505950380488,126.70016908886394,126.70016908886394,126.71242116366074
