id,Expression,theta,size,MSE_train,MSE_val,MSE_test,R2_train,R2_val,R2_test,nll_train,nll_val,nll_test,mdl_train,mdl_val,mdl_test
0,((Abs(-2.827133019481375e-3) ^ (Abs((((Abs((Abs(x2) ^ (Abs(x16) ^ -1.0934159392092582))) ^ ((((x20 / (x11 * Recip(x10))) * (x6 - x1)) * (x3 - x1)) + (Abs(x2) ^ x10))) / (((Recip(((Recip(x5) + x0) / x25)) + x8) / x25) * (x22 / ((x20 - x17) - ((Abs(x3) ^ x24) * (x30 * x17)))))) / (((Recip(((x13 + (x28 - x12)) + (x20 * (Abs(((Abs((Abs(Recip(x10)) ^ Recip((Abs(x15) ^ x25)))) ^ x1) + x12)) ^ ((Abs(x3) ^ x24) * x5))))) * x12) / (x8 / (x12 + (Abs(x16) ^ -1.886441973323765)))) + (Abs(x24) ^ x20)))) ^ x2)) * 1.1097174836862436),-2.827133019481375e-3;-1.0934159392092582;-1.886441973323765;1.1097174836862436,111,0.10497803287688566,0.10497803287688566,0.11143019534947242,0.5800878684924573,0.5800878684924573,-4.796598762079333,0.10497803287688566,0.10497803287688566,0.11143019534947242,319.8011540352968,319.8011540352968,319.8076061977694
