id,Expression,theta,size,MSE_train,MSE_val,MSE_test,R2_train,R2_val,R2_test,nll_train,nll_val,nll_test,mdl_train,mdl_val,mdl_test
0,(Abs(((Recip(((x12 + (((Abs((x12 - x13)) ^ x5) - (Abs((Abs(Recip((x1 * x1))) ^ x25)) ^ (Abs(x9) ^ Recip((Recip((Abs(x13) ^ x30)) - Recip((x30 * x1))))))) - (Recip(x15) + (x28 / (Abs(x9) ^ x30))))) / x12)) - x3) / ((Abs((((Abs(x1) ^ x6) * x2) * (x12 - x17))) ^ x4) * ((Abs(x30) ^ x17) * x6)))) ^ ((-11433.509571247827 / ((x1 / x6) * (Recip((((24696.801581704745 / ((x1 / x6) * (Recip(((x22 * x1) * x1)) / x0))) * x24) * x1)) / x0))) * x24)),-11433.509571247827;24696.801581704745,99,7.788092756029355e-2,7.788092756029355e-2,6.821408007457881e22,0.6884762897588258,0.6884762897588258,-3.548496445479454e24,7.788092756029355e-2,7.788092756029355e-2,6.821408007457881e22,282.92467182852744,282.92467182852744,6.821408007457881e22
