id,Expression,theta,size,MSE_train,MSE_val,MSE_test,R2_train,R2_val,R2_test,nll_train,nll_val,nll_test,mdl_train,mdl_val,mdl_test
0,(Abs((Abs(x19) ^ (Abs((Abs(x0) ^ x5)) ^ ((x13 - x12) / x9)))) ^ (((Abs((x21 * (x27 * ((x21 * (Abs((Abs((x18 * x23)) ^ x27)) ^ ((((x7 + (x18 * -2.9809145631066762)) - Recip(x14)) + (x7 * ((x25 / x13) + (x21 - (x21 - x22))))) + (((x2 * (((((x28 / x19) * x9) / x2) / (x3 / x22)) * x26)) + -13.346256304872432) - x21)))) - ((Abs((x16 - ((x23 - x5) * -1.3523067018816073))) ^ ((Abs((x18 * 0.4312025281236505)) ^ (x21 * x12)) + -3.152263691142918)) * (Abs(x30) ^ x12)))))) ^ (x14 + x11)) / x12) / (Abs(((Abs(x25) ^ x14) + x6)) ^ x20))),-2.9809145631066762;-13.346256304872432;-1.3523067018816073;0.4312025281236505;-3.152263691142918,112,2.9102798980915216e-2,2.9102798980915216e-2,5.770512482892681e25,0.8835888040763391,0.8835888040763391,-3.0018205936006576e27,2.9102798980915216e-2,2.9102798980915216e-2,5.770512482892681e25,340.1488409651965,340.1488409651965,5.770512482892681e25
