id,Expression,theta,size,MSE_train,MSE_val,MSE_test,R2_train,R2_val,R2_test,nll_train,nll_val,nll_test,mdl_train,mdl_val,mdl_test
0,((Abs(((((((((Recip((-9.749712076279812 / (Abs(x11) ^ (x26 + x14)))) - x7) / (Recip(Recip((x3 + ((x11 * x6) - (x10 * ((Abs((x11 - x10)) ^ Recip((17.883043141800268 / (Recip(Recip((x3 + ((x12 * -36.17959531014359) - x28)))) / (Abs(x20) ^ ((Abs(x3) ^ x15) + x14)))))) - (x28 * (x11 * x15)))))))) / (Abs(x11) ^ x0))) * (Abs(x18) ^ -4.277806248203337)) - (((-2.9789318977154418 - x26) * x21) * x2)) / (21.976064510819118 / (Abs(x11) ^ (x20 + Recip(x25))))) * (x11 * x28)) / x28) * (((Abs((Abs((Abs(x19) ^ x17)) ^ x4)) ^ x6) * x13) - x30))) ^ x0) - x6),-9.749712076279812;17.883043141800268;-36.17959531014359;-4.277806248203337;-2.9789318977154418;21.976064510819118,109,6.641494140498003e-2,6.641494140498003e-2,0.14501310495299027,0.7343402343800799,0.7343402343800799,-6.543581719654266,6.641494140498003e-2,6.641494140498003e-2,0.14501310495299027,326.62245693857494,326.62245693857494,326.70105510212295
