id,Expression,theta,size,MSE_train,MSE_val,MSE_test,R2_train,R2_val,R2_test,nll_train,nll_val,nll_test,mdl_train,mdl_val,mdl_test
0,(Recip(((Abs(x22) ^ 5.6636744574080786e-2) + (Abs(((Abs(((x7 - ((x20 + -0.36092262527411006) * -0.22552885049139978)) / (((x20 - x28) * ((Abs((x11 - (x6 + x5))) ^ (x12 * x11)) * x7)) - ((x9 / x2) / (((x20 + (x24 + x20)) * 0.6916644858818438) * ((x13 / x0) * x26)))))) ^ x11) / x21)) ^ 7.009375742195939))) * (Abs((x6 + x4)) ^ x1)),5.6636744574080786e-2;-0.36092262527411006;-0.22552885049139978;0.6916644858818438;7.009375742195939,63,3.977105220910171e-2,3.977105220910171e-2,7.822161392991347e-2,0.8409157911635932,0.8409157911635932,-3.0690883566339435,3.977105220910171e-2,3.977105220910171e-2,7.822161392991347e-2,184.36689321238995,184.36689321238995,184.40534377411078
