id,Expression,theta,size,MSE_train,MSE_val,MSE_test,R2_train,R2_val,R2_test,nll_train,nll_val,nll_test,mdl_train,mdl_val,mdl_test
0,(Abs(-0.13956140526770078) ^ (Abs((Abs((Abs((x1 + x8)) ^ (x0 + -0.11841082433275696))) ^ ((x5 + 12.025293396407172) - (x21 - x28)))) ^ (((Abs(x25) ^ (x14 - (x9 / (Abs(x24) ^ x6)))) + ((Abs(x18) ^ (Abs((Abs((0.8809651036747265 + x28)) ^ 0.3625339067035489)) ^ x13)) - x15)) + ((x9 + ((x5 + -2.1353000579915) - (Abs((x1 + x8)) ^ (x7 + -0.3786382233418064)))) * ((Recip(((x22 * 0.2615546522080987) - (x1 / (Abs((x9 * x8)) ^ x11)))) * (Abs(((Abs(x22) ^ (x8 - x1)) + (Abs(x12) ^ Recip(Recip((x22 + x14)))))) ^ ((Abs(x27) ^ (Abs(x22) ^ (x8 - x1))) - (x25 * (Abs(x17) ^ x14))))) - x12))))),-0.13956140526770078;-0.11841082433275696;12.025293396407172;0.8809651036747265;0.3625339067035489;-2.1353000579915;-0.3786382233418064;0.2615546522080987,113,2.5320981185615623e-2,2.5320981185615623e-2,5.629943723812577e-2,0.8987160752575375,0.8987160752575375,-1.9286967251271907,2.5320981185615623e-2,2.5320981185615623e-2,5.629943723812577e-2,316.42566011760124,316.42566011760124,316.4566385736537
