id,Expression,theta,size,MSE_train,MSE_val,MSE_test,R2_train,R2_val,R2_test,nll_train,nll_val,nll_test,mdl_train,mdl_val,mdl_test
0,(x19 * (((Abs((2.129845213931067 * x5)) ^ ((((Abs(x11) ^ x17) - (x29 + -1.458912806153491)) * (Abs(x14) ^ (x5 * (x29 + x29)))) + (x17 + 1.8503453212418495))) + -0.4756136468368669) + ((((Abs(x11) ^ x17) - (x29 + -6.4431783455393825)) * (Abs((((Abs(-7.13874972227239) ^ x17) - ((x2 / (Abs(x7) ^ -3.142984953582887)) + 1.785787294407229)) * (Abs((((Recip((Abs(Recip(((x12 + (x12 / x6)) - Recip((x12 / (Abs(x29) ^ x17)))))) ^ x20)) + x14) + -0.15442036123405162) * 2.5398407216683474e-7)) ^ (x5 * (x29 + 1.1697978695050841))))) ^ (x5 * (x29 + 20.749123994729125)))) + x15))),2.129845213931067;-1.458912806153491;1.8503453212418495;-0.4756136468368669;-6.4431783455393825;-7.13874972227239;-3.142984953582887;1.785787294407229;-0.15442036123405162;2.5398407216683474e-7;1.1697978695050841;20.749123994729125,94,6.678265523689778e-2,6.678265523689778e-2,0.6698516803394892,0.7328693790524089,0.7328693790524089,-33.845684411258894,6.678265523689778e-2,6.678265523689778e-2,0.6698516803394892,247.39965690521788,247.39965690521788,248.00272593032048
