id,Expression,theta,size,MSE_train,MSE_val,MSE_test,R2_train,R2_val,R2_test,nll_train,nll_val,nll_test,mdl_train,mdl_val,mdl_test
0,Recip(((((x5 / ((((Recip((((Abs(x5) ^ (Abs((x6 - ((x7 / x6) + x9))) ^ Recip(x10))) + (x20 + x0)) + x12)) + x24) * (x24 * x19)) / ((Abs(x27) ^ x10) * x0)) - Recip(x5))) * x18) + (x9 + ((x7 / x6) + x9))) + ((x17 * -14.134830239312677) - (x27 - ((((x10 + ((x17 / x6) + x30)) + (((x17 / x6) + x30) - (0.9175330781599903 - Recip(x10)))) - (2.0493417092953057 - x0)) + x5))))),-14.134830239312677;0.9175330781599903;2.0493417092953057,81,5.713023906570456e-2,5.713023906570456e-2,1.5195035478648025,0.7714790437371818,0.7714790437371818,-78.044574559924,5.713023906570456e-2,5.713023906570456e-2,1.5195035478648025,237.52988038149272,237.52988038149272,238.99225369029182
