id,Expression,theta,size,MSE_train,MSE_val,MSE_test,R2_train,R2_val,R2_test,nll_train,nll_val,nll_test,mdl_train,mdl_val,mdl_test
0,((Abs((x12 + (x23 * x15))) ^ (((Abs((x12 + (x23 * x26))) ^ ((x28 * ((x22 + 65.81878771990533) - ((x1 - x13) / (x20 + x8)))) - ((x8 - ((((Abs(Recip(x17)) ^ x21) + (x3 + x4)) * -21.609701517777232) / (Abs(((Abs((Recip(x17) * x18)) ^ x0) + x22)) ^ x28))) / (Abs((x8 - Recip(x22))) ^ x24)))) * ((x2 + 4.940489134586731) - x30)) - ((x8 - (Abs(Recip(x22)) ^ ((Abs((x5 - x12)) ^ Recip((x14 / (Abs(x19) ^ x28)))) + -1.284007207850715))) / (Abs((x25 - Recip(x8))) ^ x24)))) - x18),65.81878771990533;-21.609701517777232;4.940489134586731;-1.284007207850715,99,4.798670284661335e-2,4.798670284661335e-2,30.259477446189308,0.8080531886135466,0.8080531886135466,-1573.0980167507075,4.798670284661335e-2,4.798670284661335e-2,30.259477446189308,302.7545536707785,302.7545536707785,332.96604441412114
