id,Expression,theta,size,MSE_train,MSE_val,MSE_test,R2_train,R2_val,R2_test,nll_train,nll_val,nll_test,mdl_train,mdl_val,mdl_test
0,Recip((((x19 + (Recip(Recip(x12)) / (x27 / x1))) + (Abs((Abs(x1) ^ x24)) ^ Recip((3.222546036985859 * x23)))) + (((Abs(((((x4 - ((-0.2671724305613346 * x13) + 0.8315991184955077)) - x6) - Recip((8.124727462954107e-2 * (Abs(x14) ^ x27)))) * x23)) ^ (-12.318144561561144 - x15)) / (Abs((x9 + (Abs((Abs((x12 + (Abs(x4) ^ ((Abs((x4 * x6)) ^ x22) / (Recip((Abs(x21) ^ x12)) + (Recip(x11) - (0.3683829654050652 - x15))))))) ^ 0.9924062484694617)) ^ x1))) ^ ((x26 / x14) * (x27 / x24)))) + ((x2 * x28) / (x22 + (Abs(x23) ^ x17)))))),3.222546036985859;-0.2671724305613346;0.8315991184955077;8.124727462954107e-2;-12.318144561561144;0.3683829654050652;0.9924062484694617,99,4.964167816950666e-2,4.964167816950666e-2,0.11781275547103387,0.8014332873219734,0.8014332873219734,-5.128619539602948,4.964167816950666e-2,4.964167816950666e-2,0.11781275547103387,286.76213702405994,286.76213702405994,286.8303081013615
