id,Expression,theta,size,MSE_train,MSE_val,MSE_test,R2_train,R2_val,R2_test,nll_train,nll_val,nll_test,mdl_train,mdl_val,mdl_test
0,(Recip((Abs(((((Recip(x27) * (x15 + -0.12307735824263222)) * ((Abs((0.5614406049275998 / (x26 * (Abs(x22) ^ (Abs(x7) ^ x7))))) ^ x20) - x30)) + (((x12 / x16) * (Abs(x22) ^ (Abs(((x12 / x16) * (Abs(x22) ^ (Abs(x3) ^ (x19 - (((x0 + Recip(x3)) - (Recip(x19) + (x3 + x26))) + ((x25 / (x29 + x13)) * (x1 - x26)))))))) ^ ((x9 + x8) - ((x28 + x16) - ((x20 + x8) * x11)))))) * (x26 + (Abs(x21) ^ (x12 / x19))))) - ((x21 * x26) * (x1 + x16)))) ^ ((x21 * x26) + -0.5911732456215646))) - (x14 - x6)),-0.12307735824263222;0.5614406049275998;-0.5911732456215646,108,0.13223670398073262,0.13223670398073262,0.3382205239634978,0.47105318407706953,0.47105318407706953,-16.594231656580483,0.13223670398073262,0.13223670398073262,0.3382205239634978,336.8507774885341,336.8507774885341,337.0567613085169
