id,Expression,theta,size,MSE_train,MSE_val,MSE_test,R2_train,R2_val,R2_test,nll_train,nll_val,nll_test,mdl_train,mdl_val,mdl_test
0,(Abs(((Abs((Recip(((Abs(x18) ^ x30) - ((Abs(688.0929733777883) ^ (x27 + x7)) * ((((x10 - x14) - Recip(x10)) * ((x19 * (Abs(x4) ^ Recip((x25 * x11)))) - (Abs(x19) ^ Recip(x4)))) + x3)))) / Recip(x16))) ^ ((Abs(x15) ^ x26) * ((Abs(x26) ^ x30) - Recip(x27)))) + ((Abs((Recip(x25) / (x27 * x24))) ^ x6) - (x20 + x15)))) ^ (((Abs(x18) ^ x30) - x20) / ((x6 * -14.39867402611005) - (x27 + Recip((Abs((Abs((x15 + -51.12521807679642)) ^ ((Abs(-11.510972540455962) ^ (x27 + x7)) * x15))) ^ x6)))))),688.0929733777883;-14.39867402611005;-51.12521807679642;-11.510972540455962,100,7.554179690580223e-2,7.554179690580223e-2,3060.7185772025477,0.6978328123767911,0.6978328123767911,-159217.58038607048,7.554179690580223e-2,7.554179690580223e-2,3060.7185772025477,276.56622503717705,276.56622503717705,3337.209260442819
