id,Expression,theta,size,MSE_train,MSE_val,MSE_test,R2_train,R2_val,R2_test,nll_train,nll_val,nll_test,mdl_train,mdl_val,mdl_test
0,(Abs(0.9803152028083111) ^ (x21 * (Abs((x5 / (((Abs(((x1 * x6) / (Abs(((x1 * (x1 + x3)) / ((x2 / x2) + x23))) ^ (x21 + 0.7961160072644595)))) ^ (x21 + ((Abs(x5) ^ x22) * x17))) + ((x22 + ((Recip(x25) + (((Recip(x11) / (((x1 + x3) * (Recip(x11) / (((x10 + Recip(x11)) + Recip((Abs(x0) ^ x29))) * (Abs(Recip(Recip(Recip(x28)))) ^ (x11 / (x3 * x3)))))) / x21)) + (x1 + x3)) - x9)) / x25)) * Recip(x1))) - x9))) ^ (x2 - (((Abs(x5) ^ x22) + ((Abs((Abs(x5) ^ x22)) ^ x21) * 6.814577410006059e-2)) - x9))))),0.9803152028083111;0.7961160072644595;6.814577410006059e-2,110,2.6139045482684038e-2,2.6139045482684038e-2,8.890937874576157e-2,0.8954438180692639,0.8954438180692639,-3.625065882354341,2.6139045482684038e-2,2.6139045482684038e-2,8.890937874576157e-2,313.5755606383977,313.5755606383977,313.63833097166076
