id,Expression,theta,size,MSE_train,MSE_val,MSE_test,R2_train,R2_val,R2_test,nll_train,nll_val,nll_test,mdl_train,mdl_val,mdl_test
0,((x20 * x18) + (Abs(x16) ^ ((57.384310998442395 - x26) * (Recip(Recip((((Abs(((Abs(Recip((x23 / x10))) ^ Recip(x15)) * Recip(((x17 + x0) * (Abs(x19) ^ x21))))) ^ (x21 * (1.6566810419821971 - ((Abs(x21) ^ ((x21 + (-1.2866351559063591 * x17)) * (7.202487191009795e-2 + (Abs(x16) ^ x21)))) * x21)))) * x21) * (x30 * x18)))) * (Abs((Recip(((x17 + x11) / (Recip((x12 + x12)) / x6))) / (((Abs((x17 / x27)) ^ x10) - x23) / ((x25 + 6.472620204076744) - x21)))) ^ (((x17 + x11) / (Recip(((Abs(x22) ^ x6) + x12)) / x10)) * (Abs((x11 + x28)) ^ -2.366452178862081))))))),57.384310998442395;1.6566810419821971;-1.2866351559063591;7.202487191009795e-2;6.472620204076744;-2.366452178862081,109,4.557445990954043e-3,4.557445990954043e-3,Infinity,0.9817702160361839,0.9817702160361839,-Infinity,4.557445990954043e-3,4.557445990954043e-3,Infinity,322.5561147101177,322.5561147101177,Infinity
