id,Expression,theta,size,MSE_train,MSE_val,MSE_test,R2_train,R2_val,R2_test,nll_train,nll_val,nll_test,mdl_train,mdl_val,mdl_test
0,(x21 / (((Abs((((Abs((Abs((x3 + x27)) ^ (((x0 * x11) / x15) + x24))) ^ ((x12 * x16) / x9)) / ((Recip(x30) * (x4 - ((Recip(x30) * -0.33685504789516013) * x26))) * x26)) - x9)) ^ -0.5796940743399461) + (x25 + x26)) * (Abs((Abs((x3 / x5)) ^ x3)) ^ (x21 + Recip((((((Abs((Recip(((Recip(x18) - Recip(x23)) * Recip((x30 - Recip(x21))))) - (Abs((x16 - x25)) ^ (Abs(x0) ^ (Abs(x7) ^ (Abs(x7) ^ x5)))))) ^ -0.2804432252918938) / (Abs(x27) ^ x4)) - (x1 + x9)) + (x5 * ((x0 * x11) * (x0 / x17)))) - x21)))))),-0.33685504789516013;-0.5796940743399461;-0.2804432252918938,108,7.327753893173335e-2,7.327753893173335e-2,0.27389149659432643,0.7068898442730667,0.7068898442730667,-13.247835652836317,7.327753893173335e-2,7.327753893173335e-2,0.27389149659432643,319.76945354135165,319.76945354135165,319.97006749901425
