id,Expression,theta,size,MSE_train,MSE_val,MSE_test,R2_train,R2_val,R2_test,nll_train,nll_val,nll_test,mdl_train,mdl_val,mdl_test
0,Recip((Abs((Abs((Abs((x24 - x1)) ^ x19)) ^ ((x3 - (Abs(x10) ^ x19)) + x25))) ^ (((Abs(Recip(((1.212071192822671 - x9) - x0))) ^ -56.62598281883855) * 41.097340205194946) + (((x12 / x16) + -0.5701100717424481) + x17)))),1.212071192822671;-56.62598281883855;41.097340205194946;-0.5701100717424481,38,1.0636166422807401e-2,1.0636166422807401e-2,Infinity,0.9574553343087704,0.9574553343087704,-Infinity,1.0636166422807401e-2,1.0636166422807401e-2,Infinity,95.39290417699624,95.39290417699624,Infinity
