id,Expression,theta,size,MSE_train,MSE_val,MSE_test,R2_train,R2_val,R2_test,nll_train,nll_val,nll_test,mdl_train,mdl_val,mdl_test
0,((Abs((Recip((Abs((((((x3 / (Recip(x27) + (Recip(x20) + x3))) - x20) - ((x29 / (Abs(Recip(x8)) ^ x4)) * ((x9 + x15) * x1))) - (Abs((x30 * (x19 + x22))) ^ ((Abs(x16) ^ x15) - x22))) + x5)) ^ ((x30 + 2.550411861460205) + (x7 - x26)))) - (((Abs((x30 * (x19 + x21))) ^ ((Abs((((x13 / (0.5580385686641728 - ((x30 * (x19 + x22)) + (x15 * (x27 + -0.9838613831151427))))) * x27) + (Abs(0.5621375286259984) ^ (x22 + x29)))) ^ x21) - x22)) + -2.400987187190842) + x24))) ^ x20) * x22),2.550411861460205;0.5580385686641728;-0.9838613831151427;0.5621375286259984;-2.400987187190842,97,4.586445138762861e-2,4.586445138762861e-2,0.26200004383424047,0.8165421944494855,0.8165421944494855,-12.629242280256667,4.586445138762861e-2,4.586445138762861e-2,0.26200004383424047,290.01645633529955,290.01645633529955,290.23259192774617
