id,Expression,theta,size,MSE_train,MSE_val,MSE_test,R2_train,R2_val,R2_test,nll_train,nll_val,nll_test,mdl_train,mdl_val,mdl_test
0,(Abs((Abs((x5 / ((((Abs(Recip((Recip((((x0 + (x15 * x27)) + ((x24 * x10) / (((Recip(x9) - Recip(x25)) - x11) + ((x4 * (Recip(x24) + (3.86204433134549e-2 + x5))) * x15)))) + ((Abs((x23 / x18)) ^ -16.08710827222009) / (((x14 + x26) - x28) * x12)))) * x7))) ^ (x18 / x19)) / (x5 * (x26 + x21))) / Recip((((Abs(x8) ^ (Abs(x11) ^ (x5 * x26))) - x1) * (-0.8841538211496447 + x3)))) + (x4 * x24)))) ^ (Abs(x30) ^ x26))) ^ x28),3.86204433134549e-2;-16.08710827222009;-0.8841538211496447,90,4.526087177551354e-2,4.526087177551354e-2,4.5763068378123904e-2,0.8189565128979458,0.8189565128979458,-1.3805948170299147,4.526087177551354e-2,4.526087177551354e-2,4.5763068378123904e-2,282.3446435497344,282.3446435497344,282.34514574633704
