id,Expression,theta,size,MSE_train,MSE_val,MSE_test,R2_train,R2_val,R2_test,nll_train,nll_val,nll_test,mdl_train,mdl_val,mdl_test
0,(Abs(x17) ^ (Abs(((x25 * ((((x26 + x14) * ((x3 - (x20 / x18)) * (x10 * x26))) + (Abs(x11) ^ (x15 + x8))) / (Recip(x25) / Recip((Recip((((x8 - ((((x26 + x2) * 1.965892695364373) + (Abs(x14) ^ x28)) * Recip(x26))) - Recip((Abs(x11) ^ (x2 + x24)))) - ((Abs(((Abs(x16) ^ x1) / x26)) ^ (x19 + Recip(x19))) + ((x24 + ((x12 + x8) * (x20 - x10))) - (Recip((x26 + x2)) + x7))))) * -42.7726290071048))))) * (Recip(((((x3 - x1) / x10) / x10) + x27)) + x7))) ^ x14)),1.965892695364373;-42.7726290071048,102,6.4179659292220945e-3,6.4179659292220945e-3,1.0063834783594186e87,0.9743281362831117,0.9743281362831117,-5.235206854425495e88,6.4179659292220945e-3,6.4179659292220945e-3,1.0063834783594186e87,313.1109202363405,313.1109202363405,1.0063834783594186e87
