id,Expression,theta,size,MSE_train,MSE_val,MSE_test,R2_train,R2_val,R2_test,nll_train,nll_val,nll_test,mdl_train,mdl_val,mdl_test
0,(Abs((x18 + (x24 - (x9 + x19)))) ^ (Abs(((Recip((x13 * (((Recip((Abs((x19 * (Abs(x16) ^ x13))) ^ x17)) * (x3 + (x18 + -0.20861600736887967))) + (Abs(x3) ^ (Abs(x13) ^ x2))) / x7))) / (Recip((Recip(((((x27 - (x2 / x4)) / (x15 / x1)) * (Abs(x1) ^ ((x17 - x16) * x9))) / (Abs(x5) ^ x29))) * x4)) - (x9 + x19))) / (Abs((x18 + -8.758602654062439e-2)) ^ ((Abs(x18) ^ Recip((x9 + Recip(x13)))) + x13)))) ^ Recip(((Abs(x2) ^ Recip((x19 + Recip(x13)))) * Recip(((x28 - x11) / (Abs(x28) ^ Recip((x10 + Recip(x19)))))))))),-0.20861600736887967;-8.758602654062439e-2,111,8.573284857392233e-2,8.573284857392233e-2,0.9077112136407474,0.6570686057043107,0.6570686057043107,-46.21913733358988,8.573284857392233e-2,8.573284857392233e-2,0.9077112136407474,322.63729011270067,322.63729011270067,323.4592684777675
