id,Expression,theta,size,MSE_train,MSE_val,MSE_test,R2_train,R2_val,R2_test,nll_train,nll_val,nll_test,mdl_train,mdl_val,mdl_test
0,Recip((Recip((Abs((Abs(((-0.7717266553895121 * (x13 + ((x20 - x22) + (x6 + x2)))) * -1.0385679526596543)) ^ (x2 * (x14 / x29)))) ^ x25)) + (((Abs(x15) ^ x13) - x6) / (x11 / (Abs(x3) ^ (x20 + (Recip(Recip((Abs(Recip((x3 + (Recip((x3 + ((x6 + 1.4796140361005514) + (Abs(x29) ^ x17)))) + (Abs(x29) ^ x17))))) ^ ((((-17.840749868681687 * x2) + (x20 + x6)) - x16) + 0.8407088779119297)))) - ((x13 * (Abs((((x14 + x1) + ((Abs(x28) ^ x25) + x14)) + (x11 + x16))) ^ x17)) + (x20 + 7.321281358575398))))))))),-0.7717266553895121;-1.0385679526596543;1.4796140361005514;-17.840749868681687;0.8407088779119297;7.321281358575398,98,6.553656361791339e-5,6.553656361791339e-5,9.795990925322531e-2,0.9997378537455284,0.9997378537455284,-4.095874479352586,6.553656361791339e-5,6.553656361791339e-5,9.795990925322531e-2,275.10284388545375,275.10284388545375,275.20073825814336
