id,Expression,theta,size,MSE_train,MSE_val,MSE_test,R2_train,R2_val,R2_test,nll_train,nll_val,nll_test,mdl_train,mdl_val,mdl_test
0,((Abs(Recip(Recip(x22))) ^ (Abs((Abs((Abs(x27) ^ ((((-0.8537612567513833 + (((x20 / x23) * 4.235613163627022) * x20)) * (x4 - x29)) + (((x1 + x10) / x23) - (((x20 / x23) / x16) * (x25 + x1)))) - (x24 * -4.583931798882522)))) ^ x24)) ^ (x29 + x29))) + (-4.4898894650718515e-2 + (x0 * x10))),-0.8537612567513833;4.235613163627022;-4.583931798882522;-4.4898894650718515e-2,55,0.1388163474412537,0.1388163474412537,0.20648250093558537,0.4447346102349852,0.4447346102349852,-9.74121969866874,0.1388163474412537,0.1388163474412537,0.20648250093558537,150.30520428492972,150.30520428492972,150.37287043842403
