id,Expression,theta,size,MSE_train,MSE_val,MSE_test,R2_train,R2_val,R2_test,nll_train,nll_val,nll_test,mdl_train,mdl_val,mdl_test
0,(((x12 + x5) * (Abs((((Recip((Abs((x23 * -0.22957810745753815)) ^ (x24 - x21))) + ((Recip((Abs((x8 / x25)) ^ (x24 - x21))) - x12) - (x30 + x12))) + -1.4202420316016071) / (Abs(((Abs(Recip((Abs(0.3699871033791257) ^ (x24 - (x23 + x10))))) ^ (x20 * x14)) + (((x10 + x12) / Recip((x5 / x9))) + (x12 - x23)))) ^ (((x21 / x10) + 5.018689348109962) * (x5 + -1.183424078067236))))) ^ (x21 / x10))) + (x3 * x12)),-0.22957810745753815;-1.4202420316016071;0.3699871033791257;5.018689348109962;-1.183424078067236,79,7.157092645914666e-2,7.157092645914666e-2,9.354458844231524e-2,0.7137162941634134,0.7137162941634134,-3.8661894907690533,7.157092645914666e-2,7.157092645914666e-2,9.354458844231524e-2,218.76002689590047,218.76002689590047,218.78200055788363
