id,Expression,theta,size,MSE_train,MSE_val,MSE_test,R2_train,R2_val,R2_test,nll_train,nll_val,nll_test,mdl_train,mdl_val,mdl_test
0,(Abs(((((Abs(x20) ^ 2.1120971596135942) / Recip((x20 - ((x25 - (x17 * Recip(x28))) * (x14 + -9.255823954991929e-2))))) * ((x25 - x15) * (x14 + x22))) / ((x24 + x12) + (Abs((x20 + -0.7313240707833897)) ^ ((x11 - x7) * x15))))) ^ (Abs(((Recip(Recip(x22)) / ((x30 * x17) + -2.0480265111152774e-3)) * (x15 * (x15 * x20)))) ^ (Recip(Recip((x30 * x17))) + (x23 / x4)))),2.1120971596135942;-9.255823954991929e-2;-0.7313240707833897;-2.0480265111152774e-3,69,4.956115934803353e-2,4.956115934803353e-2,Infinity,0.8017553626078658,0.8017553626078658,-Infinity,4.956115934803353e-2,4.956115934803353e-2,Infinity,197.94351961137053,197.94351961137053,Infinity
