id,Expression,theta,size,MSE_train,MSE_val,MSE_test,R2_train,R2_val,R2_test,nll_train,nll_val,nll_test,mdl_train,mdl_val,mdl_test
0,(Recip(((Abs((Abs((Abs(Recip(((Abs(x6) ^ x24) * (Abs(x3) ^ (Abs(x18) ^ x21))))) ^ 2.3013337129292397)) ^ ((Abs(x15) ^ x29) * x26))) ^ 2.079365635236612) + (Abs((Abs((Abs((Abs(Recip((x29 * x25))) ^ -17.62373572595218)) ^ x15)) ^ -21.484348686432135)) ^ Recip(((x1 + (((x16 * x25) * (x24 + x15)) + ((Abs((Abs(x27) ^ x27)) ^ 6.199489381922696) - x13))) + (Abs((Abs(x26) ^ -15.178905212690836)) ^ x15)))))) / Recip((Abs((Abs((Abs(x25) ^ -4.278726765629984)) ^ (Abs(x15) ^ (x28 + x9)))) ^ x18))),2.3013337129292397;2.079365635236612;-17.62373572595218;-21.484348686432135;6.199489381922696;-15.178905212690836;-4.278726765629984,89,6.721114408113239e-2,6.721114408113239e-2,0.11177556869379882,0.7311554236754705,0.7311554236754705,-4.814565083451192,6.721114408113239e-2,6.721114408113239e-2,0.11177556869379882,216.44018287916327,216.44018287916327,216.48474730377592
