id,Expression,theta,size,MSE_train,MSE_val,MSE_test,R2_train,R2_val,R2_test,nll_train,nll_val,nll_test,mdl_train,mdl_val,mdl_test
0,((((Recip(x10) - (Abs(x6) ^ -0.3377948203354477)) - x2) + (((x22 + (Abs((x13 + x12)) ^ -1.652838528284707)) * (x7 / (Abs(x27) ^ (((Recip((Abs(((Abs(((0.878180723749863 - (x1 + x13)) - x2)) ^ x13) / x18)) ^ (((x0 + x11) * (((x22 + x29) * (((((((x0 + x12) * x14) * x14) - (Abs((x29 + -0.8935952257291381)) ^ x11)) + x12) * (((x22 + (Abs(((Recip(x10) - x13) - x2)) ^ (x22 + x29))) * (0.8321676519062716 / (Abs(x27) ^ x13))) - x19)) * x0)) - x19)) * x0))) - x13) - x2) + x22)))) - x12)) * 8.288587126012356e-2),-0.3377948203354477;-1.652838528284707;0.878180723749863;-0.8935952257291381;0.8321676519062716;8.288587126012356e-2,102,8.63414853418748e-2,8.63414853418748e-2,11919.002776241989,0.6546340586325008,0.6546340586325008,-620025.5244200845,8.63414853418748e-2,8.63414853418748e-2,11919.002776241989,290.64433210102356,290.64433210102356,12209.56076685767
