id,Expression,theta,size,MSE_train,MSE_val,MSE_test,R2_train,R2_val,R2_test,nll_train,nll_val,nll_test,mdl_train,mdl_val,mdl_test
0,(((x19 * x12) + (Abs(x8) ^ ((((x19 * x15) + (Abs(x17) ^ (((-25347.701284960625 * x15) * x15) * x12))) * x15) * x12))) - (x15 - Recip(((Recip(x2) / (x15 - Recip(((Recip(x5) / x17) / (Abs(Recip(((Abs(((x17 + -66.15284698455106) * 98.82910881780907)) ^ Recip(x9)) - (670.9510015751351 + (x4 - Recip((-12309.360916936093 * x12))))))) ^ x21))))) / (Abs((x3 * x21)) ^ x21))))),-25347.701284960625;-66.15284698455106;98.82910881780907;670.9510015751351;-12309.360916936093,69,6.447934384456827e-2,6.447934384456827e-2,Infinity,0.7420826246217269,0.7420826246217269,-Infinity,6.447934384456827e-2,6.447934384456827e-2,Infinity,185.0482718491991,185.0482718491991,Infinity
