id,Expression,theta,size,MSE_train,MSE_val,MSE_test,R2_train,R2_val,R2_test,nll_train,nll_val,nll_test,mdl_train,mdl_val,mdl_test
0,((Recip((x30 + x2)) / ((((Abs(0.803790782378101) ^ x5) / ((((x21 / (x9 * (0.7048152379207799 - x27))) / x28) * Recip(Recip(x30))) * x18)) - ((x20 * (((Recip(x12) - x21) + x14) / Recip(x30))) * (Recip(x29) * -0.16923399744466674))) + (Abs(Recip(x26)) ^ (Abs(x14) ^ x30)))) * (Recip((x27 + ((x13 + x21) / Recip(Recip((((x9 * (-0.20098838766889945 - x27)) - x15) - x0)))))) + ((0.4046808395730418 / (x12 + x3)) + -0.6154395237949302))),0.803790782378101;0.7048152379207799;-0.16923399744466674;-0.20098838766889945;0.4046808395730418;-0.6154395237949302,78,8.98536511216032e-2,8.98536511216032e-2,0.12122866089470388,0.6405853955135872,0.6405853955135872,-5.306314939742255,8.98536511216032e-2,8.98536511216032e-2,0.12122866089470388,238.44389092721755,238.44389092721755,238.47526593699064
