id,Expression,theta,size,MSE_train,MSE_val,MSE_test,R2_train,R2_val,R2_test,nll_train,nll_val,nll_test,mdl_train,mdl_val,mdl_test
0,(Abs(Recip(((Abs((((x7 - x8) + x7) - (x5 * (Abs(x10) ^ x19)))) ^ ((Recip((Recip(x0) + 5.397995861714179e-2)) * (0.28213505692500945 + x20)) - (x2 * (x19 * x21)))) / (Abs(((x10 - (((Abs(x10) ^ x19) + 0.19114341141659633) * ((x10 - (x4 * x19)) - (x24 + x18)))) / Recip((((x7 - (x19 * x25)) + x7) - x13)))) ^ (Abs((x6 * x19)) ^ (x1 + (x1 + -0.528868532968103))))))) ^ ((Abs(((x11 - x13) * Recip((x24 * x16)))) ^ ((Abs(x19) ^ x8) - (Abs((x9 + x19)) ^ (x29 - x27)))) * ((x11 - x7) + (Abs(x2) ^ (x7 + x1))))),5.397995861714179e-2;0.28213505692500945;0.19114341141659633;-0.528868532968103,108,7.315812663301555e-2,7.315812663301555e-2,0.2628832515967227,0.7073674934679378,0.7073674934679378,-12.675186748060993,7.315812663301555e-2,7.315812663301555e-2,0.2628832515967227,326.629200123803,326.629200123803,326.81892524876673
