id,Expression,theta,size,MSE_train,MSE_val,MSE_test,R2_train,R2_val,R2_test,nll_train,nll_val,nll_test,mdl_train,mdl_val,mdl_test
0,((((x15 - (x29 - (((x12 * (1.691142470778996 + (Abs((Abs(x7) ^ (((Abs(1.337389445147754) ^ Recip(((Abs((x15 + (x24 / x29))) ^ (Recip((x1 + x27)) / (Abs(x9) ^ x17))) - ((Abs(x1) ^ (x28 * x4)) / Recip((Abs(x6) ^ x3)))))) * x30) * (x12 / x14)))) ^ x25))) * (x16 + (Abs(x9) ^ (((-0.8149123513760368 / x20) * x20) + x14)))) * (Abs((Recip((Abs(-0.9647475131032748) ^ x9)) + (0.2202222763776984 + (Abs(x30) ^ x25)))) ^ (((Abs(0.41462525625604635) ^ x12) * (x23 * x8)) * (x10 + ((x14 * x12) - Recip(Recip((x2 + x0)))))))))) + 7.51882978812947) / Recip((x0 + x9))) + -1.2124483761537366),1.691142470778996;1.337389445147754;-0.8149123513760368;-0.9647475131032748;0.2202222763776984;0.41462525625604635;7.51882978812947;-1.2124483761537366,110,9.599559846402879e-2,9.599559846402879e-2,0.20724975282279862,0.6160176061438849,0.6160176061438849,-9.781132141841573,9.599559846402879e-2,9.599559846402879e-2,0.20724975282279862,333.41333900135527,333.41333900135527,333.52459315571406
