id,Expression,theta,size,MSE_train,MSE_val,MSE_test,R2_train,R2_val,R2_test,nll_train,nll_val,nll_test,mdl_train,mdl_val,mdl_test
0,(((8.100321407497102e-2 - x22) + (Abs((Abs(((Abs((x6 + x19)) ^ (x26 + x27)) + (Abs((Recip(((Abs(x0) ^ x28) / x13)) / x7)) ^ (x5 - x18)))) ^ x5)) ^ (x5 * -1314.9233784290313))) + x23),8.100321407497102e-2;-1314.9233784290313,37,0.13248915200283182,0.13248915200283182,0.16154774276525397,0.47004339198867273,0.47004339198867273,-7.4037135786481905,0.13248915200283182,0.13248915200283182,0.16154774276525397,94.35453648532892,94.35453648532892,94.38359507609134
