id,Expression,theta,size,MSE_train,MSE_val,MSE_test,R2_train,R2_val,R2_test,nll_train,nll_val,nll_test,mdl_train,mdl_val,mdl_test
0,(Abs(x18) ^ (Recip((Abs((Abs(((Abs((Abs((x20 / x30)) ^ (Recip(x28) / Recip((x8 / (Abs(Recip((Abs(x16) ^ x11))) ^ ((Recip(Recip((0.3819458034795906 + Recip(x6)))) + x27) * (x20 * (x9 / x27))))))))) ^ (Recip((Recip(Recip(Recip((x17 * x18)))) + x18)) - (x4 + x17))) / (x10 - (Abs(x27) ^ x11)))) ^ (x11 * ((x14 * Recip(x9)) * x11)))) ^ (Abs(x14) ^ ((Recip((-0.7327889413642302 - x27)) + x5) - (x23 + x26))))) * 43.178902010163725)),0.3819458034795906;-0.7327889413642302;43.178902010163725,85,3.372374423259498e-2,3.372374423259498e-2,9.340910929806247e-2,0.8651050230696201,0.8651050230696201,-3.8591418656850243,3.372374423259498e-2,3.372374423259498e-2,9.340910929806247e-2,241.56581485067647,241.56581485067647,241.62550021574194
