id,Expression,theta,size,MSE_train,MSE_val,MSE_test,R2_train,R2_val,R2_test,nll_train,nll_val,nll_test,mdl_train,mdl_val,mdl_test
0,(Recip((((0.949809493990504 / (x22 / (Abs(x22) ^ x27))) + ((x7 * (x13 - x1)) + ((((x22 + x1) + -0.36319284521016265) * (Recip((Abs((x7 + x21)) ^ (Recip((Abs((x7 + -1.050393114698927)) ^ x15)) / x2))) * x1)) + x8))) - (x4 + ((-0.15313357325718382 - (x26 + (Abs((Recip((((x25 - x26) * (Abs(x15) ^ x12)) - x18)) / x19)) ^ x22))) / x1)))) - ((((0.7490549356111504 - (Abs(0.17411286746509447) ^ x15)) * (x1 + x7)) * Recip(((Abs(Recip(x3)) ^ (Recip(((Abs(x11) ^ x4) + x30)) - x21)) + x17))) / (x4 * ((Abs(x5) ^ (3.380907532807183 * x3)) * (x0 / x6))))),0.949809493990504;-0.36319284521016265;-1.050393114698927;-0.15313357325718382;0.7490549356111504;0.17411286746509447;3.380907532807183,107,1.6489991300141792e-2,1.6489991300141792e-2,2.2955808820849063e-2,0.9340400347994329,0.9340400347994329,-0.19416117486052276,1.6489991300141792e-2,1.6489991300141792e-2,2.2955808820849063e-2,330.01148132997463,330.01148132997463,330.0179471474953
