id,Expression,theta,size,MSE_train,MSE_val,MSE_test,R2_train,R2_val,R2_test,nll_train,nll_val,nll_test,mdl_train,mdl_val,mdl_test
0,Recip((Recip(x24) / (x26 - (-10.781411910873656 / Recip((Abs((Abs((x27 + Recip((x8 + (x18 * x27))))) ^ (-6.122535599267853 - (Abs(x11) ^ x28)))) ^ (Abs(((x26 - x22) - (x16 * (((x12 / x0) * -0.8539121630036869) * x25)))) ^ (Abs(Recip(((x2 + 4.251315408477483) / x26))) ^ ((x15 * (-0.10556979524359288 - x1)) + ((x6 / x13) * x10)))))))))),-10.781411910873656;-6.122535599267853;-0.8539121630036869;4.251315408477483;-0.10556979524359288,61,8.45659105159694e-2,8.45659105159694e-2,0.13264634076446052,0.6617363579361224,0.6617363579361224,-5.900262646566973,8.45659105159694e-2,8.45659105159694e-2,0.13264634076446052,180.34161210313522,180.34161210313522,180.3896925333837
