id,Expression,theta,size,MSE_train,MSE_val,MSE_test,R2_train,R2_val,R2_test,nll_train,nll_val,nll_test,mdl_train,mdl_val,mdl_test
0,(Recip(((Abs((x3 / x28)) ^ (((x4 * -0.5217571979088378) + x13) + ((((x4 + 6.179925317262338e-2) * -1.7291730938953247) * ((x29 * ((x4 + x14) / (x4 * x27))) / x13)) * ((x29 * (x14 / x27)) / x13)))) + (x14 / Recip(x18)))) - ((x4 * (x19 / x18)) * (x0 + (x16 * ((x24 - x5) * (((x18 * x6) * x28) * (Recip(x20) - (x27 + x15)))))))),-0.5217571979088378;6.179925317262338e-2;-1.7291730938953247,69,4.029564542036482e-2,4.029564542036482e-2,9.76254752993335e-2,0.8388174183185407,0.8388174183185407,-4.0784772250711345,4.029564542036482e-2,4.029564542036482e-2,9.76254752993335e-2,213.25390232860255,213.25390232860255,213.31123215848152
