id,Expression,theta,size,MSE_train,MSE_val,MSE_test,R2_train,R2_val,R2_test,nll_train,nll_val,nll_test,mdl_train,mdl_val,mdl_test
0,(746.9542170927942 * Recip(((Recip((x6 / ((Recip((x6 / (x13 + (x28 / x6)))) - ((((Abs((x22 / (x11 / x2))) ^ (x9 * x29)) - x30) - x30) - Recip(((x5 - x4) - ((x29 / (x6 * x29)) / x2))))) + Recip((x6 / ((Abs((Recip(x15) + (x10 - x23))) ^ x17) / x24)))))) - (x10 / (x1 / x2))) + ((Abs((x0 / x1)) ^ Recip(x3)) / (((Abs(x24) ^ ((x16 - x1) + x29)) / x25) / (-115.99440669441785 + Recip((Abs(x15) ^ x27)))))))),746.9542170927942;-115.99440669441785,90,7.393423982672892e-2,7.393423982672892e-2,0.6629676151385515,0.7042630406930843,0.7042630406930843,-33.48757533950613,7.393423982672892e-2,7.393423982672892e-2,0.6629676151385515,286.29407978867704,286.29407978867704,286.88311316398887
