id,Expression,theta,size,MSE_train,MSE_val,MSE_test,R2_train,R2_val,R2_test,nll_train,nll_val,nll_test,mdl_train,mdl_val,mdl_test
0,Recip(((Abs(2.786253283610136) ^ (x2 + x4)) * (Abs((x13 - (((x30 + x6) * Recip((((Abs((x21 * x28)) ^ -3.4514008905029363) * (x30 / x16)) + (Abs(((Abs(x20) ^ (x2 + x4)) - (x11 + x7))) ^ (x10 * (Abs(((x26 * ((Abs(((Abs(x13) ^ x30) + (Abs(((x30 * x12) + x29)) ^ Recip(x20)))) ^ x30) - (x15 - x27))) - x6)) ^ ((Abs(x11) ^ (Abs(x10) ^ x4)) - x1))))))) - ((Abs((x30 * x12)) ^ (Recip(x4) - ((x17 - Recip(x30)) * -1.066986653084144))) - x12)))) ^ x3))),2.786253283610136;-3.4514008905029363;-1.066986653084144,96,0.11254896483794412,0.11254896483794412,0.11722833063241138,0.5498041406482235,0.5498041406482235,-5.098217759497807,0.11254896483794412,0.11254896483794412,0.11722833063241138,276.9628457092016,276.9628457092016,276.96752507499605
