id,Expression,theta,size,MSE_train,MSE_val,MSE_test,R2_train,R2_val,R2_test,nll_train,nll_val,nll_test,mdl_train,mdl_val,mdl_test
0,(Abs((Abs((x8 - (x9 * x12))) ^ Recip(x24))) ^ (Abs((((Recip(x5) + (x28 / x16)) / (Recip(x10) + ((x30 / x17) * (x15 * x7)))) * (0.2683336987216458 * (Abs((x7 + (x21 + -0.31345024896921675))) ^ 1.0064900716706593)))) ^ ((Abs(((0.9056449124890716 * (Abs(x3) ^ (x13 * x23))) - ((x16 * x30) - Recip(((x30 / (x15 * x7)) * (x15 * x7)))))) ^ ((Abs(((x16 * x30) + x21)) ^ (x13 * x24)) * x23)) + x7))),0.2683336987216458;-0.31345024896921675;1.0064900716706593;0.9056449124890716,80,5.0444749707652475e-2,5.0444749707652475e-2,Infinity,0.7982210011693901,0.7982210011693901,-Infinity,5.0444749707652475e-2,5.0444749707652475e-2,Infinity,228.94152251253558,228.94152251253558,Infinity
