id,Expression,theta,size,MSE_train,MSE_val,MSE_test,R2_train,R2_val,R2_test,nll_train,nll_val,nll_test,mdl_train,mdl_val,mdl_test
0,(((Abs((((x20 + x30) - (((x0 + ((Abs(Recip((x16 + x22))) ^ -0.8126336773901521) - (Abs(x7) ^ 0.9852552415325398))) * (x9 + (Abs((x12 / x23)) ^ x15))) * x6)) + (x19 * 0.9838125279061837))) ^ 0.3517466807266191) - ((2.40091191254201 * ((((x6 * x22) - x6) - (((Abs(x7) ^ x19) - Recip(((-0.27768353931375006 / x18) / (Abs(-0.5573959951052639) ^ x14)))) + (((Abs((x12 - x7)) ^ x15) + (x27 + x3)) + ((x20 + x30) - x27)))) + ((-0.44558123531143773 * x27) / (Abs((Abs(x15) ^ x15)) ^ x14)))) * x21)) + -1.0348212374222514),-0.8126336773901521;0.9852552415325398;0.9838125279061837;0.3517466807266191;2.40091191254201;-0.27768353931375006;-0.5573959951052639;-0.44558123531143773;-1.0348212374222514,92,3.5549871672919e-2,3.5549871672919e-2,5.55578367088468e-2,0.857800513308324,0.857800513308324,-1.8901186655941,3.5549871672919e-2,3.5549871672919e-2,5.55578367088468e-2,263.8140177905524,263.8140177905524,263.8340257555883
