id,Expression,theta,size,MSE_train,MSE_val,MSE_test,R2_train,R2_val,R2_test,nll_train,nll_val,nll_test,mdl_train,mdl_val,mdl_test
0,Recip((Abs((((Recip(x0) * (Abs(x17) ^ (x8 + x1))) * (Recip(x8) / (x20 - (x17 / x8)))) - (Abs((Abs(x6) ^ x17)) ^ Recip(x1)))) ^ ((Abs((Abs((x25 * x18)) ^ (Abs(x1) ^ x30))) ^ (-5.073600896136187 - (x0 * (Abs(x23) ^ x0)))) / (((Abs(x30) ^ (((x21 * (x11 + (x10 + x14))) * -355.75495890828756) * x6)) + Recip((Abs(((x18 + x30) * (x1 * x19))) ^ (Abs((x25 * x18)) ^ x29)))) / (Abs(((x20 - ((Abs(x0) ^ x17) / x11)) / (x26 + x1))) ^ (Abs(x30) ^ (((x21 * (x11 + (x10 + x27))) * 436.2641820176647) * x6))))))),-5.073600896136187;-355.75495890828756;436.2641820176647,110,8.396776414050835e-6,8.396776414050835e-6,4.977803715346303e161,0.9999664128943438,0.9999664128943438,-2.5894534927230477e163,8.396776414050835e-6,8.396776414050835e-6,4.977803715346303e161,309.01208758412366,309.01208758412366,4.977803715346303e161
