id,Expression,theta,size,MSE_train,MSE_val,MSE_test,R2_train,R2_val,R2_test,nll_train,nll_val,nll_test,mdl_train,mdl_val,mdl_test
0,((Abs(((x11 / ((Abs((x7 / x2)) ^ -0.9671107396458909) + x26)) / (x11 * x26))) ^ x15) + (x27 - (Abs((((x11 - x23) / ((x15 - x26) - Recip((x2 * x26)))) + ((Abs(Recip((x26 + (Abs(((x11 / (((x26 / ((Abs((((x26 + x6) - x8) * x25)) ^ Recip(x13)) + (Abs(-0.8543228588148833) ^ (x14 * (x8 + x23))))) * x25) + (Abs(x11) ^ (x14 * (Abs(x26) ^ x26))))) / (x11 * x26))) ^ x9)))) ^ x2) / (Abs((((x26 * x14) / (x3 + Recip(((x26 - x11) / ((x11 * 1.051522946958804e-2) / x2))))) * x7)) ^ x4)))) ^ (0.8211517176128952 * x0)))),-0.9671107396458909;-0.8543228588148833;1.051522946958804e-2;0.8211517176128952,109,0.1083266234272538,0.1083266234272538,Infinity,0.5666935062909848,0.5666935062909848,-Infinity,0.1083266234272538,0.1083266234272538,Infinity,310.5222540004131,310.5222540004131,Infinity
