id,Expression,theta,size,MSE_train,MSE_val,MSE_test,R2_train,R2_val,R2_test,nll_train,nll_val,nll_test,mdl_train,mdl_val,mdl_test
0,(((Abs((Abs(((((Abs((Recip(Recip((x27 / x15))) + x16)) ^ x24) + x28) + x29) * ((Abs(x11) ^ x17) + ((x9 - (x29 + (x24 * -0.8951822529576691))) + x12)))) ^ x19)) ^ -1.0726606571991442) - ((Abs(x16) ^ (Abs((Abs((x8 + (x3 + x8))) ^ (-9.289325576328775 - (x6 * x24)))) ^ (x8 - (Abs((Abs(x28) ^ (-2.692518620614571 - (((-1.442139612451875 - x27) * ((x10 * (-1.6498164968060929 * Recip(x28))) + (x12 / x27))) * (-1.6640433487201305 * x24))))) ^ (x6 - ((Abs(x21) ^ x27) + x29)))))) * (7.225519276696199 * x24))) - (((x10 * (-4.336390321044363 * x24)) + (x12 / x27)) - x17)),-0.8951822529576691;-1.0726606571991442;-9.289325576328775;-2.692518620614571;-1.442139612451875;-1.6498164968060929;-1.6640433487201305;7.225519276696199;-4.336390321044363,104,6.952775638836535e-2,6.952775638836535e-2,Infinity,0.7218889744465387,0.7218889744465387,-Infinity,6.952775638836535e-2,6.952775638836535e-2,Infinity,294.8059840537284,294.8059840537284,Infinity
