id,Expression,theta,size,MSE_train,MSE_val,MSE_test,R2_train,R2_val,R2_test,nll_train,nll_val,nll_test,mdl_train,mdl_val,mdl_test
0,(Abs((((x22 + (Abs((((((x28 + x20) + (x23 - (x5 + (x0 / x7)))) + (x23 - x13)) / Recip((Abs((x13 - x5)) ^ x20))) * ((-0.4878220289069502 + x16) - (Recip(x18) / Recip(x26))))) ^ 2.6340338486130146)) / (Abs((x25 * 1.0273776594064787)) ^ ((Abs((Abs((x1 + 2.3943903218869877)) ^ (x16 / (x0 - x29)))) ^ (Abs(Recip((0.7504754470699074 - x30))) ^ (Abs(x2) ^ (x18 * x19)))) + Recip(Recip((Recip((x4 + (((-7.630242843222575e-2 - x25) + (Abs(x9) ^ x26)) - x18))) - (Recip(x21) / Recip((x7 * x3))))))))) + x7)) ^ -0.546613251024104),-0.4878220289069502;2.6340338486130146;1.0273776594064787;2.3943903218869877;0.7504754470699074;-7.630242843222575e-2;-0.546613251024104,97,6.527882441497225e-2,6.527882441497225e-2,0.19600941629747856,0.738884702340111,0.738884702340111,-9.196409835794446,6.527882441497225e-2,6.527882441497225e-2,0.19600941629747856,293.2992757198329,293.2992757198329,293.43000631171543
