id,Expression,theta,size,MSE_train,MSE_val,MSE_test,R2_train,R2_val,R2_test,nll_train,nll_val,nll_test,mdl_train,mdl_val,mdl_test
0,((x9 * 0.14813979587383264) * (((Abs((Abs(x13) ^ (x23 + x14))) ^ -7.838112118159873) * (1.0159885877663546 + (x7 / (x19 + ((1.3127040237827332 + ((x19 * (x30 + (x25 * -0.9980572043329914))) + x7)) * (Abs((x19 / x20)) ^ -3.208267665173807)))))) + ((Recip((Recip((x19 + (x7 / x19))) + ((Abs(-1.5036404610027703) ^ x5) * (x9 * 3.529340545460322)))) + Recip((x19 + -1.9376367113629733))) + (x12 + x7)))),0.14813979587383264;-7.838112118159873;1.0159885877663546;1.3127040237827332;-0.9980572043329914;-3.208267665173807;-1.5036404610027703;3.529340545460322;-1.9376367113629733,64,8.745383982755149e-2,8.745383982755149e-2,871.3780798395529,0.650184640689794,0.650184640689794,-45328.087713251814,8.745383982755149e-2,8.745383982755149e-2,871.3780798395529,170.08025448320052,170.08025448320052,1041.370880482926
