id,Expression,theta,size,MSE_train,MSE_val,MSE_test,R2_train,R2_val,R2_test,nll_train,nll_val,nll_test,mdl_train,mdl_val,mdl_test
0,(((Recip(((Abs(x8) ^ x24) / x14)) + -15.194016985125455) + (Recip(x16) - (x3 + (x8 - (((Abs((x6 * (Abs(x12) ^ x3))) ^ (x24 - x18)) + ((Abs(Recip(((Abs(((8.408466564898592e-2 - x21) / (x26 / x25))) ^ (Recip(Recip(x0)) * 30.916303705310487)) + (((x23 / Recip(x0)) * x29) / Recip((Abs(x29) ^ x28)))))) ^ x0) - (((Recip(x12) * x6) * 1.0079364947473972) - (8.492001219085875 + x15)))) * (Abs(((Recip(x15) + Recip(x5)) * x11)) ^ x15)))))) * x24),-15.194016985125455;8.408466564898592e-2;30.916303705310487;1.0079364947473972;8.492001219085875,84,8.70142175747481e-2,8.70142175747481e-2,0.1827476444152341,0.6519431297010077,0.6519431297010077,-8.506532462480116,8.70142175747481e-2,8.70142175747481e-2,0.1827476444152341,247.9404527324262,247.9404527324262,248.03618615926666
