id,Expression,theta,size,MSE_train,MSE_val,MSE_test,R2_train,R2_val,R2_test,nll_train,nll_val,nll_test,mdl_train,mdl_val,mdl_test
0,(-5.876868266470563e-2 + Recip((Abs(Recip((((x25 + x27) * (x26 / Recip(((x21 + ((x27 + x16) * (x16 + x0))) + (x24 * x25))))) - ((x26 / Recip(((x24 + ((x24 + x27) * (x16 + x0))) + (x24 * x30)))) / (x1 / (x1 / x17)))))) ^ (((x1 / (x1 / x17)) / (Abs(x29) ^ x17)) * ((((Abs(((Abs(x17) ^ -9.685637711117175e-2) * x8)) ^ Recip(x26)) + x23) - ((x12 - x28) + ((x30 - x23) - (x23 + 7.814764649697123)))) - (x7 * (((Recip((x30 + x24)) * x0) - x29) / x14))))))),-5.876868266470563e-2;-9.685637711117175e-2;7.814764649697123,97,5.998539444882962e-2,5.998539444882962e-2,Infinity,0.7600584222046816,0.7600584222046816,-Infinity,5.998539444882962e-2,5.998539444882962e-2,Infinity,295.61899161680776,295.61899161680776,Infinity
