id,Expression,theta,size,MSE_train,MSE_val,MSE_test,R2_train,R2_val,R2_test,nll_train,nll_val,nll_test,mdl_train,mdl_val,mdl_test
0,Recip((Abs(((Abs((x26 * x10)) ^ x2) + (Recip((Recip(x27) - (1.9383337273904067 + x29))) + (Abs((Abs(Recip(x29)) ^ Recip((x17 + x18)))) ^ 40.587315608563785)))) ^ (Abs(x27) ^ (Recip(Recip((x2 / (x30 + (Abs(Recip((x17 + (256.2903568696413 + (Abs(((x12 / x16) - x17)) ^ x20))))) ^ x28))))) * (Abs(x17) ^ x2))))),1.9383337273904067;40.587315608563785;256.2903568696413,59,1.3497299337489985e-2,1.3497299337489985e-2,5.612556803248445e-2,0.94601080265004,0.94601080265004,-1.9196520490497297,1.3497299337489985e-2,1.3497299337489985e-2,5.612556803248445e-2,150.17988523682595,150.17988523682595,150.22251350552094
