id,Expression,theta,size,MSE_train,MSE_val,MSE_test,R2_train,R2_val,R2_test,nll_train,nll_val,nll_test,mdl_train,mdl_val,mdl_test
0,(Abs(((((x19 - x29) + x9) + (x20 * x4)) * (((((((Abs((Abs((x30 * 0.9441787701114686)) ^ x6)) ^ x29) * -1.476022098237424e-5) + (Abs(x11) ^ ((Abs((Abs((Recip(x12) - (x18 + (Abs(x14) ^ (x15 / x17))))) ^ (x5 * Recip(((Abs(x23) ^ x24) * x22))))) ^ (Abs((((x20 + x20) - x26) * (((Abs((Abs(x20) ^ x8)) ^ -0.35184080299378445) / x5) + x20))) ^ x24)) / (Abs(((x18 - ((Abs(x14) ^ (x15 / x17)) + x16)) / x23)) ^ x24)))) + x26) - x26) * (((x20 + x20) - x26) * (((Abs((Abs(x12) ^ x29)) ^ 0.3582810172422605) / x5) + x8))) * x4))) ^ x4),0.9441787701114686;-1.476022098237424e-5;-0.35184080299378445;0.3582810172422605,112,8.792988076288555e-2,8.792988076288555e-2,1.2139020874862412,0.6482804769484578,0.6482804769484578,-62.147186591031854,8.792988076288555e-2,8.792988076288555e-2,1.2139020874862412,319.7841058831828,319.7841058831828,320.91007808990616
