id,Expression,theta,size,MSE_train,MSE_val,MSE_test,R2_train,R2_val,R2_test,nll_train,nll_val,nll_test,mdl_train,mdl_val,mdl_test
0,(Abs(1.7805033007362993e-4) ^ (Abs((Abs(Recip((Abs(Recip(Recip(Recip((Abs((Abs(Recip((x12 + x25))) ^ x18)) ^ x0))))) ^ (x3 * 95.25112600181495)))) ^ (x3 * -71.01881852526519))) ^ Recip((Abs(((x0 * x4) - (x11 / Recip((Abs((x23 - (x11 / x15))) ^ ((Abs((((Abs(Recip(Recip((Abs(((x4 * (Recip(x4) - x15)) - (x11 / Recip((Abs(x23) ^ x4))))) ^ (x0 - x2))))) ^ Recip(Recip(x13))) * ((x29 / x19) + 0.472691507693109)) + x26)) ^ x4) * x27)))))) ^ (x0 - x2))))),1.7805033007362993e-4;95.25112600181495;-71.01881852526519;0.472691507693109,88,9.621138542237097e-3,9.621138542237097e-3,4.5942918959848984e-2,0.9615154458310516,0.9615154458310516,-1.389950644291253,9.621138542237097e-3,9.621138542237097e-3,4.5942918959848984e-2,234.92884759377426,234.92884759377426,234.96516937419187
