id,Expression,theta,size,MSE_train,MSE_val,MSE_test,R2_train,R2_val,R2_test,nll_train,nll_val,nll_test,mdl_train,mdl_val,mdl_test
0,((Abs((Abs(0.8031808281394163) ^ (x21 * x7))) ^ (((x19 - x11) / (Abs((x10 * (x25 + x30))) ^ x1)) * (x29 - (Abs(((x19 - x11) / x29)) ^ (((Abs(((x9 / x14) * ((x14 / Recip(x28)) + x23))) ^ -0.9105796762413755) - x28) * x28))))) * (Abs((Abs((x0 * (0.9122037290939218 / Recip(x23)))) ^ (x28 + x11))) ^ (Abs(((x19 - x11) / (Abs((x10 * x23)) ^ x1))) ^ (((Abs(((x9 / x14) * (x14 + x11))) ^ ((x11 + x29) + -0.1941002396770262)) - x28) * (x11 + 1.9206438528344791))))),0.8031808281394163;-0.9105796762413755;0.9122037290939218;-0.1941002396770262;1.9206438528344791,93,9.06398761654603e-2,9.06398761654603e-2,Infinity,0.6374404953381587,0.6374404953381587,-Infinity,9.06398761654603e-2,9.06398761654603e-2,Infinity,252.78600220720958,252.78600220720958,Infinity
