id,Expression,theta,size,MSE_train,MSE_val,MSE_test,R2_train,R2_val,R2_test,nll_train,nll_val,nll_test,mdl_train,mdl_val,mdl_test
0,(Abs(((Abs(Recip(x3)) ^ ((-163.22916423159683 * x3) * (x21 * (x3 + x27)))) - ((Abs(x3) ^ (x18 * x23)) * x14))) ^ (x14 * ((((258.2665510056434 * x1) + (x30 + (Abs((x13 * Recip((Recip(((Abs(Recip((((Abs(x26) ^ (x24 + x18)) * x28) / x20))) ^ (x11 + (Abs(x23) ^ x2))) - x9)) + ((x14 / (Abs(Recip(x20)) ^ (x1 / (x18 / (x26 - (Abs(98.71142706396247) ^ (Abs(Recip(x27)) ^ (Abs(Recip(x20)) ^ (x1 / (x18 / (Recip(Recip(x20)) - (Abs(x26) ^ -0.6749663304164598)))))))))))) / (Abs((x21 + x22)) ^ (47.29651356949719 + x15))))))) ^ x8))) * x14) + (-42.86524716451225 * x19)))),-163.22916423159683;258.2665510056434;98.71142706396247;-0.6749663304164598;47.29651356949719;-42.86524716451225,111,3.590820512031278e-2,3.590820512031278e-2,Infinity,0.8563671795187489,0.8563671795187489,-Infinity,3.590820512031278e-2,3.590820512031278e-2,Infinity,323.0279210735446,323.0279210735446,Infinity
