id,Expression,theta,size,MSE_train,MSE_val,MSE_test,R2_train,R2_val,R2_test,nll_train,nll_val,nll_test,mdl_train,mdl_val,mdl_test
0,(Abs((Recip(((x14 * x12) - x26)) - Recip((x30 * (Abs(((x23 - Recip(((((Abs((x11 * x18)) ^ x16) - x26) / x15) * x25))) * x21)) ^ x0))))) ^ (((((x30 * x12) - x26) * ((x15 * ((x11 - x0) * (x0 + x11))) - (0.22828128698527356 * (Abs(x24) ^ ((x21 + (x24 * x6)) + x30))))) - (Abs(x21) ^ (x1 / Recip((Recip((((Abs(Recip(x27)) ^ (x5 * 15.57762613185712)) / x20) * x30)) * 48.877481221229075))))) - (Abs((x1 / x8)) ^ (x7 - (Abs((x7 + Recip(((x14 * x12) - x26)))) ^ (-0.16619588328363116 / Recip(x0))))))),0.22828128698527356;15.57762613185712;48.877481221229075;-0.16619588328363116,103,7.543416855870881e-2,7.543416855870881e-2,4.113969497808718,0.6982633257651647,0.6982633257651647,-213.00869327600134,7.543416855870881e-2,7.543416855870881e-2,4.113969497808718,313.17993643897,313.17993643897,317.21847176822
