id,Expression,theta,size,MSE_train,MSE_val,MSE_test,R2_train,R2_val,R2_test,nll_train,nll_val,nll_test,mdl_train,mdl_val,mdl_test
0,(Abs(Recip(Recip(x7))) ^ (Abs(Recip(((((((((x21 / ((Abs(x7) ^ x29) + Recip((Recip(x7) - ((Abs(((x1 + x1) / (Abs(-0.2810073052086588) ^ (Abs((x28 * (x21 / x3))) ^ (x29 + x14))))) ^ (x2 - x16)) * (((((x27 + Recip((Abs(x13) ^ x23))) - (x23 + (x4 * x1))) / ((Recip(x15) - x16) / x10)) - x18) - x10)))))) + (Abs(x1) ^ x0)) * 4.621299933190666) + (Abs(x22) ^ (Abs(Recip(x12)) ^ Recip(x16)))) * x0) - x3) + -0.3434078655215343) / x21))) ^ (Recip((x12 / x29)) - (x7 + x0)))),-0.2810073052086588;4.621299933190666;-0.3434078655215343,99,7.691748009146046e-2,7.691748009146046e-2,0.10470725447919242,0.6923300796341582,0.6923300796341582,-4.446871378007382,7.691748009146046e-2,7.691748009146046e-2,0.10470725447919242,290.0475093640034,290.0475093640034,290.07529913839113
