id,Expression,theta,size,MSE_train,MSE_val,MSE_test,R2_train,R2_val,R2_test,nll_train,nll_val,nll_test,mdl_train,mdl_val,mdl_test
0,((Recip(Recip((64.34599625624539 / Recip(x15)))) + -4.976697955230851) / (Recip(x15) - (x2 * (Recip(x15) - (x2 * (Abs((((Abs(x11) ^ x21) + ((48.95744383630436 / x7) / (Recip((x13 * x0)) - (Abs(x11) ^ x28)))) - x16)) ^ (Abs(((x29 / x23) - (Abs((Recip(((x4 * (x27 * -0.7806666550797006)) + ((Recip((Abs(x24) ^ x1)) - (x27 * 17.744283113710473)) * Recip(x15)))) * Recip((Abs(((x24 * (x20 / x2)) + x15)) ^ Recip((x15 * Recip(x15))))))) ^ x19))) ^ Recip(Recip(x17))))))))),64.34599625624539;-4.976697955230851;48.95744383630436;-0.7806666550797006;17.744283113710473,88,6.000387393775864e-2,6.000387393775864e-2,0.13125657173695435,0.7599845042489655,0.7599845042489655,-5.827966861756104,6.000387393775864e-2,6.000387393775864e-2,0.13125657173695435,260.788945688262,260.788945688262,260.8601983860612
