id,Expression,theta,size,MSE_train,MSE_val,MSE_test,R2_train,R2_val,R2_test,nll_train,nll_val,nll_test,mdl_train,mdl_val,mdl_test
0,Recip((Abs((Abs(((x3 * x6) - x0)) ^ x16)) ^ ((x28 / (Abs(((x24 * -27.932434092845586) + ((21.102277514221097 / (Abs((x28 + x7)) ^ x6)) * x18))) ^ 14.11285613113346)) * ((x6 * (x3 + ((x23 * 0.43119002617368807) * (Abs((x12 + 0.3677927577889817)) ^ 0.5197287600560998)))) - ((Abs(x16) ^ x1) + ((x12 + 9.661050532411897) + ((x24 * x20) * x24))))))),-27.932434092845586;21.102277514221097;14.11285613113346;0.43119002617368807;0.3677927577889817;0.5197287600560998;9.661050532411897,60,5.2548068173838544e-2,5.2548068173838544e-2,0.16990662587779115,0.7898077273046458,0.7898077273046458,-7.838542678162359,5.2548068173838544e-2,5.2548068173838544e-2,0.16990662587779115,159.05225294316162,159.05225294316162,159.16961150086556
