id,Expression,theta,size,MSE_train,MSE_val,MSE_test,R2_train,R2_val,R2_test,nll_train,nll_val,nll_test,mdl_train,mdl_val,mdl_test
0,(Abs((x20 * x8)) ^ (((((Abs(x10) ^ Recip(Recip(((Abs((x7 - (Abs((Recip(Recip((Abs(((Recip(x23) - ((x30 / (Abs(x15) ^ (Abs((Abs(x13) ^ x21)) ^ (Abs(x15) ^ x29)))) - Recip(Recip((x26 * x15))))) / ((Abs((Abs(x21) ^ x23)) ^ x20) / ((Abs(x13) ^ ((x17 + x28) * x9)) * Recip((Abs(x26) ^ x8)))))) ^ (Abs(Recip(x11)) ^ x20)))) * x17)) ^ (((x21 / x7) * x30) * (Abs((x28 + x10)) ^ (Abs(x28) ^ Recip(Recip((x7 / x26))))))))) ^ 3.204150155152102) + (x4 + 0.8138175523781453))))) * 155.30106855673856) * x14) * ((x30 / (Abs(x30) ^ x23)) + x2)) * (Abs(x21) ^ x23))),3.204150155152102;0.8138175523781453;155.30106855673856,116,4.667258182898348e-2,4.667258182898348e-2,0.1566590911716898,0.8133096726840661,0.8133096726840661,-7.149405922750992,4.667258182898348e-2,4.667258182898348e-2,0.1566590911716898,315.49650341891265,315.49650341891265,315.6064899282553
