id,Expression,theta,size,MSE_train,MSE_val,MSE_test,R2_train,R2_val,R2_test,nll_train,nll_val,nll_test,mdl_train,mdl_val,mdl_test
0,(Abs(((x13 * 0.7030367121496099) + (Abs((Abs((x13 * -0.1066053510921955)) ^ x13)) ^ x13))) ^ ((Abs((((Recip((x21 / ((Abs(((x21 - x17) + (x8 - x23))) ^ (x5 * x3)) - x11))) / ((Abs(x23) ^ (x3 - (x19 - ((x15 / x28) + (x5 / (Abs(x12) ^ x5)))))) + x17)) + (x10 * (Recip(((Abs((Abs((x13 * 0.43184774940695436)) ^ (Abs(x3) ^ x13))) ^ -0.5727877286421621) / ((x2 * ((x0 + x21) + 0.9880354666205107)) * x6))) + (Abs(x17) ^ x13)))) - Recip((x6 - x12)))) ^ (x13 * 3.735537657013852)) - (x3 / ((Abs((x29 + (x13 - x30))) ^ x12) - x11)))),0.7030367121496099;-0.1066053510921955;0.43184774940695436;-0.5727877286421621;0.9880354666205107;3.735537657013852,106,3.673407169575153e-2,3.673407169575153e-2,Infinity,0.8530637132169938,0.8530637132169938,-Infinity,3.673407169575153e-2,3.673407169575153e-2,Infinity,302.6110616093066,302.6110616093066,Infinity
