id,Expression,theta,size,MSE_train,MSE_val,MSE_test,R2_train,R2_val,R2_test,nll_train,nll_val,nll_test,mdl_train,mdl_val,mdl_test
0,(Abs(((x30 - x29) * ((Recip(((Abs(x30) ^ x15) / x26)) * (x13 - x19)) - x15))) ^ (Abs((x17 * (x20 * x20))) ^ (Abs(x24) ^ (((Abs(Recip((x22 / (((Recip((-16.596829594005587 * (Abs(x11) ^ 0.7902702975443429))) * x24) / ((Abs(x19) ^ -4.588405718132204) * x22)) / (((x30 * (x6 / x20)) + x19) * Recip((((Recip((-3.881219213422199 * (Abs(x11) ^ 8.902422284231937e-2))) * ((0.9849329516535665 * (x29 - x17)) - x16)) / x7) / (((x30 * x18) + -3.8083520803922988) * Recip((Abs(x18) ^ ((x6 * 0.26151641099337164) - x23))))))))))) ^ x19) * x22) / ((x13 * x28) * x22))))),-16.596829594005587;0.7902702975443429;-4.588405718132204;-3.881219213422199;8.902422284231937e-2;0.9849329516535665;-3.8083520803922988;0.26151641099337164,102,2.7449406058878818e-2,2.7449406058878818e-2,6.470384427203613e-2,0.8902023757644847,0.8902023757644847,-2.365893979031191,2.7449406058878818e-2,2.7449406058878818e-2,6.470384427203613e-2,295.58645562841787,295.58645562841787,295.623710066631
