id,Expression,theta,size,MSE_train,MSE_val,MSE_test,R2_train,R2_val,R2_test,nll_train,nll_val,nll_test,mdl_train,mdl_val,mdl_test
0,(((-7.683485970178898e-2 + (Abs(1.090914094277409) ^ x6)) - ((x21 + x21) * x30)) - (Abs((Abs(((Abs(x22) ^ ((Abs(x22) ^ ((x20 - (x30 + ((x27 + x6) + -0.19777118954646508))) * 0.10915536019889513)) * 2.3506543037706007)) * (((x14 + (Abs(x22) ^ (x11 * 0.8793492477432491))) + x23) / (x21 * Recip(x30))))) ^ ((0.3745058974746413 + (Abs(((Recip(((x27 / x29) + ((x2 * x28) * x15))) / (-1.648442171734793e-3 * (x20 - x30))) + x14)) ^ x6)) - ((x21 + x30) * x2)))) ^ (Abs(Recip((-0.38868308735604806 - Recip(((x2 * x28) - x21))))) ^ (((x14 + (Abs(x28) ^ (x11 * 0.6443172584944625))) + x23) / (x6 * Recip(x30)))))),-7.683485970178898e-2;1.090914094277409;-0.19777118954646508;0.10915536019889513;2.3506543037706007;0.8793492477432491;0.3745058974746413;-1.648442171734793e-3;-0.38868308735604806;0.6443172584944625,107,7.362098817741716e-2,7.362098817741716e-2,0.22472770163619382,0.7055160472903313,0.7055160472903313,-10.690335039114357,7.362098817741716e-2,7.362098817741716e-2,0.22472770163619382,293.6553837964685,293.6553837964685,293.8064905099273
