id,Expression,theta,size,MSE_train,MSE_val,MSE_test,R2_train,R2_val,R2_test,nll_train,nll_val,nll_test,mdl_train,mdl_val,mdl_test
0,(((x13 / Recip((((-44.46912762089846 * x13) - x23) * ((x25 / ((Abs((x13 / x19)) ^ x26) / (Abs(x13) ^ x21))) * (((x21 - (x15 * x8)) / Recip(((x5 * x4) / x6))) - x22))))) + Recip(Recip(x19))) * (((x7 * 7.920965124312163) * ((Abs(-7.96076891983756) ^ x24) / x13)) * Recip((Abs(Recip((Abs((Recip((x4 + ((Abs((Abs(x19) ^ x2)) ^ (x2 + x21)) / ((Recip((Abs((x4 * x18)) ^ (x23 + x13))) * ((Abs(x19) ^ x30) / (x27 - Recip(x22)))) - x20)))) / x20)) ^ ((x21 - (x15 * (Abs(x26) ^ x13))) / Recip((x20 + x21)))))) ^ -28.212066695292794)))),-44.46912762089846;7.920965124312163;-7.96076891983756;-28.212066695292794,109,0.1304253750976751,0.1304253750976751,41221.18289245902,0.4782984996092996,0.4782984996092996,-2144324.9340656367,0.1304253750976751,0.1304253750976751,41221.18289245902,322.68198263922443,322.68198263922443,41543.734449723146
