id,Expression,theta,size,MSE_train,MSE_val,MSE_test,R2_train,R2_val,R2_test,nll_train,nll_val,nll_test,mdl_train,mdl_val,mdl_test
0,(x30 * (((x8 - ((-0.4153403796185114 / (-1.158566134527926e-2 + x10)) / x13)) + ((Abs((((((Abs(x0) ^ (Abs(x12) ^ 2.2361198448853368)) * x18) * (x12 + Recip((x29 * ((x10 * (Abs(((x21 + x30) + (Abs(x12) ^ (x18 * x27)))) ^ (Abs(x22) ^ (Recip(x19) / (((x7 * x24) - x2) + x10))))) * (Recip((((x14 - Recip(x15)) + x16) + x2)) / x2)))))) / x7) * -0.7363351689378875)) ^ ((Recip(Recip(Recip(Recip((x7 - x22))))) * x15) / x3)) - x22)) / (Abs((x15 / x2)) ^ (Abs((x15 / x2)) ^ (Abs((Abs(x22) ^ -0.4715654459825426)) ^ x25))))),-0.4153403796185114;-1.158566134527926e-2;2.2361198448853368;-0.7363351689378875;-0.4715654459825426,103,0.120459307612918,0.120459307612918,0.3178790795699202,0.518162769548328,0.518162769548328,-15.536069719226617,0.120459307612918,0.120459307612918,0.3178790795699202,306.63328784601555,306.63328784601555,306.83070761797256
