id,Expression,theta,size,MSE_train,MSE_val,MSE_test,R2_train,R2_val,R2_test,nll_train,nll_val,nll_test,mdl_train,mdl_val,mdl_test
0,(Abs(x30) ^ (Abs((x17 / ((x24 * 0.7980236431152884) - (((((0.6169054154862273 - x20) + x0) - ((x10 * -0.9065604102567512) * (((0.9706965096027356 - x20) - (Abs(x5) ^ (((-0.4570949204446778 - x20) - (Abs(x5) ^ (x14 + x12))) + ((x14 + ((0.4295429574496981 - x20) + x0)) / x14)))) + (x29 * (x0 - x17))))) * x15) * (x3 + ((x0 + x30) / ((Abs((x2 + 0.8425905713428853)) ^ x9) + x25))))))) ^ (Abs(1.0072965184391424e-4) ^ ((1.1070347879929667 * (((-0.5787038138306264 - x20) - (Abs(x5) ^ (x14 + x12))) + ((x14 + x0) / (Abs((x12 + -0.6166346760092889)) ^ x9)))) * ((x29 * (x30 - x17)) / x8))))),0.7980236431152884;0.6169054154862273;-0.9065604102567512;0.9706965096027356;-0.4570949204446778;0.4295429574496981;0.8425905713428853;1.0072965184391424e-4;1.1070347879929667;-0.5787038138306264;-0.6166346760092889,105,3.956144435222006e-2,3.956144435222006e-2,7.707625328519033e-2,0.8417542225911198,0.8417542225911198,-3.009506695895448,3.956144435222006e-2,3.956144435222006e-2,7.707625328519033e-2,299.8706794201089,299.8706794201089,299.9081942290419
