id,Expression,theta,size,MSE_train,MSE_val,MSE_test,R2_train,R2_val,R2_test,nll_train,nll_val,nll_test,mdl_train,mdl_val,mdl_test
0,((((Abs(x13) ^ -0.17727387462261127) - ((x24 * x26) / (x6 / x13))) + (((x18 * x15) * (x21 - x29)) * (Recip((x6 + Recip((Abs(Recip(x1)) ^ x16)))) + ((x20 * (x28 * (x5 - x14))) * x9)))) * (Abs(Recip((((x30 * x29) / (Abs(x13) ^ x23)) - (Recip(x20) / (x11 / x13))))) ^ (Abs(((x11 * x18) * (x19 / x30))) ^ (Recip((x15 * 9.004199063245892)) + ((Abs(Recip(x1)) ^ -4.25538955446955e-2) * -1.5364262401017013))))),-0.17727387462261127;9.004199063245892;-4.25538955446955e-2;-1.5364262401017013,80,4.731806546042106e-2,4.731806546042106e-2,0.10909057958939826,0.8107277381583158,0.8107277381583158,-4.674891950240281,4.731806546042106e-2,4.731806546042106e-2,0.10909057958939826,241.1464618790501,241.1464618790501,241.20823439317908
