id,Expression,theta,size,MSE_train,MSE_val,MSE_test,R2_train,R2_val,R2_test,nll_train,nll_val,nll_test,mdl_train,mdl_val,mdl_test
0,((Abs((((x7 * 20.005828951172923) / ((Abs(Recip((x7 * 0.16552776863176022))) ^ (x5 * x8)) / x6)) + (((x21 * 18.700805877238274) / ((Abs(Recip((Abs((((Abs(x7) ^ x6) / (x25 + x25)) * x18)) ^ x27))) ^ x21) / x6)) + ((x25 + 0.32429167567906264) - (Abs((Abs((Recip((x4 / ((Abs(x27) ^ x11) - (x13 + x12)))) - Recip(((x16 * (((x19 / x1) / (x9 / x15)) * x13)) * x0)))) ^ (x21 / x18))) ^ (x18 * x29)))))) ^ (Abs((x26 / x24)) ^ (Abs(x13) ^ x30))) / (Abs(((Abs((((Abs(x7) ^ x11) / x27) * x18)) ^ x27) / x9)) ^ Recip(Recip(x26)))),20.005828951172923;0.16552776863176022;18.700805877238274;0.32429167567906264,110,6.930170896077383e-2,6.930170896077383e-2,0.21558749590184148,0.7227931641569048,0.7227931641569048,-10.214861536813364,6.930170896077383e-2,6.930170896077383e-2,0.21558749590184148,326.69699721764874,326.69699721764874,326.8432830045898
