id,Expression,theta,size,MSE_train,MSE_val,MSE_test,R2_train,R2_val,R2_test,nll_train,nll_val,nll_test,mdl_train,mdl_val,mdl_test
0,Recip((((Abs(((x27 * x5) * -77.45399334755959)) ^ ((Recip((x23 + (Abs((x11 + (x0 - Recip(Recip(((x14 - (Abs(x13) ^ x27)) - Recip(x3))))))) ^ Recip((x23 + (Abs(x18) ^ x5)))))) + (x0 - Recip(x13))) / x11)) + (Abs(((x12 + -0.7290931274851705) / x11)) ^ ((((Abs(x13) ^ (Recip((x5 - ((((Abs(x10) ^ x3) * (x6 - x12)) + ((Abs(x19) ^ x14) + (x9 / x30))) * (Recip(((x17 * x17) + x5)) / ((x16 - x29) - (x21 / x19)))))) + x29)) / (x11 - Recip(x12))) + -0.5361823587446599) * -0.8779555206700448))) - x27)),-77.45399334755959;-0.7290931274851705;-0.5361823587446599;-0.8779555206700448,101,3.0330973645341274e-2,3.0330973645341274e-2,5.021032834666568e-2,0.878676105418635,0.878676105418635,-1.6119412805934488,3.0330973645341274e-2,3.0330973645341274e-2,5.021032834666568e-2,303.0333090096432,303.0333090096432,303.0531883643445
