id,Expression,theta,size,MSE_train,MSE_val,MSE_test,R2_train,R2_val,R2_test,nll_train,nll_val,nll_test,mdl_train,mdl_val,mdl_test
0,(x16 + (x6 * (-2164.1540406861577 / ((((x24 - (((Abs((x21 / x17)) ^ (Recip((Recip((x22 * 22934.70185455355)) / Recip(x15))) / ((Recip(x19) / x24) - (x16 * x6)))) * x5) / (x2 - Recip(x19)))) + (Recip(x15) - Recip(Recip(x15)))) * Recip((((Abs((x21 / x17)) ^ (Recip((Recip(((Recip(((x2 - Recip(x19)) + x15)) / x24) + x15)) / x24)) / (Recip((((Abs((x19 + x8)) ^ x2) - x2) + (Recip(x15) - (Abs(-5430.050642570249) ^ x23)))) - (x15 / x24)))) * x5) / (x2 - Recip(x19))))) - Recip((Recip((x22 * 6537.415675054886)) / x24)))))),-2164.1540406861577;22934.70185455355;-5430.050642570249;6537.415675054886,103,9.177676103254351e-2,9.177676103254351e-2,0.18560766275469176,0.632892955869826,0.632892955869826,-8.655310616498697,9.177676103254351e-2,9.177676103254351e-2,0.18560766275469176,291.5912356985101,291.5912356985101,291.6850666002323
