id,Expression,theta,size,MSE_train,MSE_val,MSE_test,R2_train,R2_val,R2_test,nll_train,nll_val,nll_test,mdl_train,mdl_val,mdl_test
0,Recip(((Abs((Recip((Abs(x26) ^ x3)) - (x12 * x18))) ^ (-6.413915856489061 + ((x3 * 183.2249327901402) - Recip((Abs(x26) ^ x3))))) + Recip(((Abs((x26 - ((x26 + x19) * x18))) ^ (9.774818772871289 + ((x3 * 3.6046237610683325) - Recip(x7)))) + Recip(((Recip((x3 * (x26 * x8))) - ((x16 + x19) / x12)) - ((((((x21 * x13) + x26) / (Abs(x21) ^ x6)) * (x15 * 2.1952049995411553e-2)) * 0.408868297715389) / (((((x15 / x11) * x18) - Recip((x29 + x30))) + x12) / (x17 / x13))))))))),-6.413915856489061;183.2249327901402;9.774818772871289;3.6046237610683325;2.1952049995411553e-2;0.408868297715389,90,3.904033627703278e-2,3.904033627703278e-2,5.608831464405416e-2,0.8438386548918688,0.8438386548918688,-1.917714127783586,3.904033627703278e-2,3.904033627703278e-2,5.608831464405416e-2,266.5560486902547,266.5560486902547,266.57309666862176
