id,Expression,theta,size,MSE_train,MSE_val,MSE_test,R2_train,R2_val,R2_test,nll_train,nll_val,nll_test,mdl_train,mdl_val,mdl_test
0,(Abs(x9) ^ (((Recip(x28) / (Abs(x15) ^ (x24 + x22))) / ((Abs(x18) ^ (Abs((x2 / x23)) ^ (Recip(((x25 - (((((x24 * x15) + (x18 - (x3 / x10))) * Recip((x23 * x14))) * (Recip((-12.08877259407259 - x16)) - x1)) + x23)) + (x4 * x13))) / x5))) + (((x18 / x23) / x23) / ((Abs(x16) ^ 9.549081676387642) / x18)))) / (Abs(((x4 / x10) / (x24 + x15))) ^ (-77.48717370904716 - ((x12 + (x29 - x26)) / (x5 - (x0 - x4))))))),-12.08877259407259;9.549081676387642;-77.48717370904716,89,4.184380934992265e-2,4.184380934992265e-2,0.133549626580094,0.8326247626003094,0.8326247626003094,-5.9472515746962245,4.184380934992265e-2,4.184380934992265e-2,0.133549626580094,276.61481815389186,276.61481815389186,276.706523971122
