id,Expression,theta,size,MSE_train,MSE_val,MSE_test,R2_train,R2_val,R2_test,nll_train,nll_val,nll_test,mdl_train,mdl_val,mdl_test
0,Recip((((Abs(((Abs((Abs(x15) ^ x15)) ^ (((Abs(Recip(((Recip(x10) + (x25 + (Abs(((x6 / x19) - x20)) ^ (Abs((x9 * 0.8134399224721829)) ^ 0.35271294616091825)))) * 0.8847678477213385))) ^ (x15 * (x5 * x7))) * 0.6199827867006339) * ((x2 - x12) / x18))) * 39.152775857321174)) ^ (x27 / (x25 + (Abs((((x17 - x15) / (x22 * x16)) - Recip(Recip((x12 + x4))))) ^ (((Abs((x25 * Recip((Abs(x5) ^ 0.4134736574086359)))) ^ x12) - Recip((x27 * 3.6298657735403324))) + ((x28 - (Abs((((x6 / x19) - x20) - x4)) ^ (Abs(((x4 * x25) - x5)) ^ -0.4098966173876427))) + x5)))))) + (x27 * -12.058369184863277)) + (Abs(24.488332194524006) ^ x9))),0.8134399224721829;0.35271294616091825;0.8847678477213385;0.6199827867006339;39.152775857321174;0.4134736574086359;3.6298657735403324;-0.4098966173876427;-12.058369184863277;24.488332194524006,112,0.12181278464079819,0.12181278464079819,0.2259649692761085,0.5127488614368072,0.5127488614368072,-10.754697701742716,0.12181278464079819,0.12181278464079819,0.2259649692761085,322.00939527146085,322.00939527146085,322.11354745609617
