id,Expression,theta,size,MSE_train,MSE_val,MSE_test,R2_train,R2_val,R2_test,nll_train,nll_val,nll_test,mdl_train,mdl_val,mdl_test
0,Recip((((Recip(x6) - (Recip(x6) - Recip(x2))) / ((0.16016553782893792 + (Abs(0.5340007784340931) ^ x1)) - (x14 + x1))) * x16)),0.16016553782893792;0.5340007784340931,22,4.623335147784886e-2,4.623335147784886e-2,0.46490339985018503,0.8150665940886046,0.8150665940886046,-23.1842748602057,4.623335147784886e-2,4.623335147784886e-2,0.46490339985018503,52.22927299702586,52.22927299702586,52.64794304539819
