id,Expression,theta,size,MSE_train,MSE_val,MSE_test,R2_train,R2_val,R2_test,nll_train,nll_val,nll_test,mdl_train,mdl_val,mdl_test
0,(((Abs(x1) ^ x3) - (x11 - x19)) * ((((x18 + (Abs(x18) ^ (x12 + x7))) + x25) * 0.17003164244103347) + (((Abs(x19) ^ x3) - (x11 - x27)) * ((((((((x17 * x1) + (Abs(-0.6080070790252793) ^ x19)) + (Abs((((-0.31684406073813853 * Recip(x21)) * (x25 - x17)) + 0.5740018616535263)) ^ (Abs(x25) ^ (Abs(x4) ^ (x8 / x6))))) * 0.4669089587897591) - ((Abs(x29) ^ x18) - ((((x11 - x27) - x12) / (Abs(((x14 + x22) - x22)) ^ x0)) - x26))) + x4) * -1.558069438799181) + x27)))),0.17003164244103347;-0.6080070790252793;-0.31684406073813853;0.5740018616535263;0.4669089587897591;-1.558069438799181,91,8.183617203419827e-2,8.183617203419827e-2,0.2887402039543087,0.6726553118632069,0.6726553118632069,-14.020265409702567,8.183617203419827e-2,8.183617203419827e-2,0.2887402039543087,267.2457522897957,267.2457522897957,267.45265632171584
