id,Expression,theta,size,MSE_train,MSE_val,MSE_test,R2_train,R2_val,R2_test,nll_train,nll_val,nll_test,mdl_train,mdl_val,mdl_test
0,(Abs((Recip((Abs(-0.41321330460453265) ^ Recip(x28))) * ((Recip(((x20 / x17) / (x17 / x14))) - ((x24 + x13) + (Recip((((((x18 + (x24 + x19)) - (x18 + x5)) / (((Recip(x6) * (x10 * Recip(x22))) - x15) + x12)) - x0) - (Recip((x29 * x17)) / Recip(x16)))) / (Abs(x21) ^ (x12 - (Abs(Recip(x1)) ^ x30)))))) + (x25 + Recip(x6))))) ^ (Recip((Abs(7.607006038094168e-3) ^ Recip(x28))) * (((x25 + x21) / (Abs(x21) ^ (-1.5422233402764303 + ((Recip(Recip((Abs(0.4584102895072938) ^ Recip(x28)))) - x10) / Recip(Recip(x4)))))) * (-0.26999220966965626 * x18)))),-0.41321330460453265;7.607006038094168e-3;-1.5422233402764303;0.4584102895072938;-0.26999220966965626,103,1.8784679676582777e-3,1.8784679676582777e-3,99.48536987801936,0.9924861281293669,0.9924861281293669,-5174.22894105437,1.8784679676582777e-3,1.8784679676582777e-3,99.48536987801936,323.2622781466692,323.2622781466692,422.74576955672086
