id,Expression,theta,size,MSE_train,MSE_val,MSE_test,R2_train,R2_val,R2_test,nll_train,nll_val,nll_test,mdl_train,mdl_val,mdl_test
0,Recip(((((((1.9763409970408454 + x0) + x0) - ((x13 + (x27 + -1.8484427275608237)) + (x24 + x16))) - (Recip(x18) + (Abs((Abs(x13) ^ Recip(Recip(((x13 + (x21 - Recip((Abs(((x1 / x10) * (Abs(x7) ^ x11))) ^ ((x8 * x16) + x1))))) + -0.12761214376784652))))) ^ 3.0760241753643713))) / (x21 - ((x6 + (51.65407536987818 + ((x8 + x27) * x20))) + x27))) / x9)),1.9763409970408454;-1.8484427275608237;-0.12761214376784652;3.0760241753643713;51.65407536987818,66,5.6453676143854825e-2,5.6453676143854825e-2,0.13270595248834247,0.7741852954245807,0.7741852954245807,-5.903363648443311,5.6453676143854825e-2,5.6453676143854825e-2,0.13270595248834247,191.70108578435946,191.70108578435946,191.77733806070395
